Date,MLP,LSTM,BuyAndHold
2014-01-30,1.0,1.0,1.0
2014-01-31,1.0218446206787306,0.9781553793212694,0.9781553793212694
2014-02-03,1.0497361543931651,0.9514563556260884,0.9514563556260883
2014-02-04,1.0305445362827108,0.9688511904610344,0.9688511904610344
2014-02-05,1.0395805864803604,0.9773462992921745,0.9773462992921745
2014-02-06,1.0632465025829385,0.9995954599854525,0.9995954599854526
2014-02-07,1.0778763684878672,1.0133495118475906,1.0133495118475906
2014-02-10,1.0701312177775821,1.0060680230600927,1.0060680230600925
2014-02-11,1.0873428005859391,1.0222492378513965,1.0222492378513963
2014-02-12,1.091215416976732,1.0186084548785883,1.0258900208242046
2014-02-13,1.0950880333675248,1.022223396288683,1.0295308037970128
2014-02-14,1.098530349929196,1.0190101235475395,1.0327670467552734
2014-02-18,1.1067058004686028,1.0114264761182676,1.040453075557319
2014-02-19,1.0946577335384033,1.0224372920678082,1.0291262637824654
2014-02-20,1.0882034002441823,1.0164087857564197,1.0351942096844395
2014-02-21,1.0843761836953487,1.0199835003036761,1.0315534267116313
2014-02-24,1.0733197893441802,1.0095836593807488,1.0420712356155084
2014-02-25,1.0670698841604793,1.0154624312144431,1.0360032897135343
2014-02-26,1.0620699123304052,1.020220585882603,1.031148886697084
2014-02-27,1.0583199533258136,1.016618388580633,1.0347896696698922
2014-02-28,1.0612160469137786,1.013836411365403,1.0376213726136054
2014-03-03,1.0322550321214974,1.0415044167559135,1.0093042660183533
2014-03-04,1.008258726647833,1.0657157379497484,1.0327670467552734
2014-03-05,1.0110232312021208,1.0627936942983796,1.035598749698987
2014-03-06,1.0244508893176043,1.0486784594215686,1.0493528015611249
2014-03-07,1.0149725557055747,1.058380949207846,1.0396440726863425
2014-03-10,1.009048531286844,1.0645583325786385,1.0335760496262498
2014-03-11,1.0149724803784752,1.0708081700955963,1.0275081037242757
2014-03-12,1.0173700318620782,1.0733376157372254,1.0250809407951098
2014-03-13,1.0382474146204714,1.0953635055619073,1.0040453229873556
2014-03-14,1.044103740411694,1.1015419996838802,0.9983819170999287
2014-03-17,1.0267584256240991,1.1198415153323347,1.01496767190578
2014-03-18,1.036989179105364,1.1086832699305622,1.0250809407951098
2014-03-19,1.020619989146231,1.0911823669166436,1.008899726003806
2014-03-20,1.0251214676009583,1.086369670744621,1.0133495118475906
2014-03-21,1.0357613825335537,1.097645291485571,1.0028317801018318
2014-03-24,1.0395216368083415,1.0936603723052347,1.0064724859165215
2014-03-25,1.0449532657340805,1.0879458618007816,1.0117314289475192
2014-03-26,1.0428641470350541,1.0901209332780881,1.0097087288747824
2014-03-27,1.0432819707748595,1.0896841760969371,1.0101132688893297
2014-03-28,1.0491314234404037,1.0835745564667452,1.0157767519348748
2014-03-31,1.0633371118268642,1.068902493321228,1.0295308037970128
2014-04-01,1.0783783680012056,1.0537825129795144,1.0440938585301272
2014-04-02,1.0783783680012056,1.0537825129795144,1.0440938585301272
2014-04-03,1.079214015480816,1.0529659251035344,1.044902938559222
2014-04-04,1.0783783680012056,1.053781248393268,1.0440938585301272
2014-04-07,1.0700221322802892,1.0619468837316113,1.0360032897135343
2014-04-08,1.0721112509793158,1.064020236258861,1.0339805896407974
2014-04-09,1.0582694419644527,1.0502828886796884,1.0473301014883878
2014-04-10,1.037831638431951,1.070566452091042,1.0271035637097283
2014-04-11,1.0464154784928659,1.0794210397322657,1.0186084548785883
2014-04-14,1.04849339631725,1.0815644982958807,1.0165857548058512
2014-04-15,1.058506853680508,1.0918937955783812,1.0068770259310689
2014-04-16,1.0440475326442697,1.1068091859443938,1.0206310777932068
2014-04-17,1.0548066528335744,1.0954032942719696,1.031148886697084
2014-04-21,1.0589447881261325,1.0911058933981372,1.0351942096844395
2014-04-22,1.0663934158670638,1.0834310441359383,1.0424757756300558
2014-04-23,1.0622552805745056,1.0792267943965055,1.0384304526427002
2014-04-24,1.0622552805745056,1.0792267943965055,1.0384304526427002
2014-04-25,1.053565188567297,1.0880557268682538,1.0299352666534418
2014-04-28,1.055634216749393,1.090192488776307,1.027912643738823
2014-04-29,1.03693936410182,1.070885623186138,1.046116558602864
2014-04-30,1.0365383729675255,1.0712997415575753,1.0457120185883166
2014-05-01,1.0429540781537614,1.0646688791725707,1.0521845045048381
2014-05-02,1.0393452344263487,1.0683528607465003,1.04854372153203
2014-05-05,1.0441570515566452,1.0732989733819023,1.0436893185155796
2014-05-06,1.0486088315876156,1.0778750004554534,1.0392395326717951
2014-05-07,1.0461597864895311,1.0753576036848993,1.041666695600961
2014-05-08,1.0526601906140751,1.0686757764032282,1.0481391815174825
2014-05-09,1.0433158693714093,1.0781622658211873,1.0388349926572478
2014-05-12,1.0384406050234662,1.073124169296285,1.0436893185155796
2014-05-13,1.0340131971523032,1.0776994510898645,1.0392395326717951
2014-05-14,1.032805680403755,1.0789579844825485,1.0380259126281528
2014-05-15,1.0468930687231228,1.0936748866027481,1.0238673207514677
2014-05-16,1.0448248801567568,1.0915142782623448,1.0258900208242046
2014-05-19,1.0510049007611644,1.0979704613584578,1.019821997764112
2014-05-20,1.0501710816461118,1.0970993819203119,1.0206310777932068
2014-05-21,1.0597445605375437,1.0870980993120023,1.0299352666534418
2014-05-22,1.057663397088553,1.0892329805975527,1.027912643738823
2014-05-23,1.061825803377831,1.0849463330484281,1.0319579667261787
2014-05-27,1.0776428520075316,1.0687848790172192,1.0473301014883878
2014-05-28,1.0784753491436465,1.0696105332209724,1.0481391815174825
2014-05-29,1.0793078462797614,1.0704361874247257,1.0489482615465773
2014-05-30,1.080556512592637,1.0691977848578145,1.0501618044321013
2014-06-02,1.081389009728752,1.0683740388681682,1.050970884461196
2014-06-03,1.0768104342627132,1.0728975092557038,1.0465210986174114
2014-06-04,1.07348052510955,1.069579700361214,1.0497573415756722
2014-06-05,1.086304354770425,1.0568024700665497,1.0622977733941679
2014-06-06,1.1016101981620319,1.0419123032070783,1.0772653681418296
2014-06-09,1.099541866536721,1.0438685488655874,1.075242745227211
2014-06-10,1.090854779028262,1.052115781378785,1.0667476363960708
2014-06-11,1.1003693096493568,1.0612924270802255,1.0574433703777175
2014-06-12,1.1054206923930376,1.0661644225140683,1.0525890445193855
2014-06-13,1.109244213885694,1.0698521611390466,1.0489482615465773
2014-06-16,1.1113831833986436,1.0677891518148659,1.0469255614738404
2014-06-17,1.1105242895369887,1.0686143555445382,1.0477346415029352
2014-06-18,1.1165271792347435,1.0628380081325912,1.0533981245484803
2014-06-19,1.1165271792347435,1.0628380081325912,1.0533981245484803
2014-06-20,1.1045214816213582,1.0514096148297085,1.0420712356155084
2014-06-23,1.106236616329895,1.0497769538509136,1.040453075557319
2014-06-24,1.1191398103332904,1.037532307908194,1.0283171837533704
2014-06-25,1.1433540526621653,1.0150837643966877,1.0060680230600925
2014-06-26,1.1511695037930285,1.0081451109359305,0.9991909971290236
2014-06-27,1.1488392367833455,1.0101858593098638,1.0012136200436421
2014-06-30,1.1451258205694792,1.0069206152018346,0.9979773770853814
2014-07-01,1.1307363438076008,1.019573426389253,1.010517808903877
2014-07-02,1.1357155948182032,1.0240631662313784,1.01496767190578
2014-07-03,1.144316095744496,1.031818150181533,1.0226537778659437
2014-07-07,1.125304512102769,1.0146755991519891,1.005663483045545
2014-07-08,1.1492953467550984,0.99304330828032,0.9842233252232435
2014-07-09,1.1403201420548041,1.0007982922304746,0.9919094311834072
2014-07-10,1.1207877383956966,0.9836557412009308,0.9749191363630085
2014-07-11,1.116602216989987,0.9873291505536588,0.9785599193358168
2014-07-14,1.1078319448475944,0.995084056654253,0.9862459481378621
2014-07-15,1.1037424069276456,0.9914107251510854,0.9826052423231723
2014-07-16,1.121009643342894,1.0069206152018342,0.9979773770853814
2014-07-17,1.0951087453848731,0.9836557412009307,0.9749191363630085
2014-07-18,1.0837486963387029,0.9938596387697172,0.9850324052523383
2014-07-21,1.0913149122801713,0.98692098530896,0.9781553793212694
2014-07-22,1.086350259471177,0.9914107251510853,0.9826052423231723
2014-07-23,1.0926116167185191,0.9856965674244242,0.9882686482105991
2014-07-24,1.1046871645280458,0.9748026451527865,0.9991909971290236
2014-07-25,1.1073705911619647,0.9724347246547375,1.0016181600581895
2014-07-28,1.1011092339146225,0.9779331199158895,0.9959547541707628
2014-07-29,1.1033454938633838,0.9799192195700176,0.9939320540980259
2014-07-30,1.101549204467955,0.9783238729516822,0.9955502141562154
2014-07-31,1.0729026013764846,1.003765910011564,0.9696601933320108
2014-08-01,1.0800642308060129,0.9970657682910821,0.9631877074154893
2014-08-04,1.070991837902611,0.988690551204485,0.9712783533902004
2014-08-05,1.0495809429825138,1.0084561075338294,0.9518608956406358
2014-08-06,1.0540415673607006,1.0127419550691459,0.9478155726532802
2014-08-07,1.0670877908159755,1.0002069106671991,0.9360841437057609
2014-08-08,1.0495642596587451,1.0166321355770926,0.9514563556260883
2014-08-11,1.045101809645985,1.0209545675240925,0.9474110326387328
2014-08-12,1.0500105131714366,1.025749854680498,0.9518608956406358
2014-08-13,1.0598278351081851,1.016159363515266,0.9607605444863233
2014-08-14,1.0633977780955621,1.012736514186659,0.9639967874445841
2014-08-15,1.061612849158951,1.0144364074406884,0.9623787045445129
2014-08-18,1.0571504842603454,1.0101723431727991,0.9664239503737501
2014-08-19,1.0558230156596282,1.0114408211112196,0.9652104074882263
2014-08-20,1.053167909654964,1.0139843180398382,0.9627831674009419
2014-08-21,1.0398926328364873,1.001202953939993,0.9749191363630085
2014-08-22,1.0463649770592638,0.9949714162310618,0.9809870822649828
2014-08-25,1.04722797823572,0.9941508024666745,0.9817961622940775
2014-08-26,1.05283732128204,0.988825760540078,0.9870550281669569
2014-08-27,1.0588782472169105,0.9831521174604038,0.992718511212502
2014-08-28,1.0480909794121758,0.9931679292043055,0.9826052423231723
2014-08-29,1.0455020581831296,0.990714675062793,0.9850324052523383
2014-09-02,1.0510838397909816,0.9960039548959715,0.9797734622213405
2014-09-03,1.037630601020676,0.9832557054089954,0.9923139711979546
2014-09-04,1.0397455923353707,0.9812515458602904,0.9943365941125732
2014-09-05,1.038899563536794,0.9820499787390307,0.9935275140834785
2014-09-08,1.0541276785024392,0.9964447965858453,0.9789644593503641
2014-09-09,1.0602259941031915,1.0022094064829505,0.973300976304819
2014-09-10,1.0509721073509681,0.9934619013272681,0.9817961622940775
2014-09-11,1.049239934063172,0.9950992884243052,0.9801780022358879
2014-09-12,1.0466416741314777,0.9926350983708844,0.9826052423231723
2014-09-15,1.042763621153865,0.9963130443136681,0.9789644593503641
2014-09-16,1.0393164720833776,0.9930194507178156,0.9822007023086249
2014-09-17,1.0393164720833776,0.9930194507178156,0.9822007023086249
2014-09-18,1.0534422689035814,0.9795228966112193,0.9955502141562154
2014-09-19,1.0513019471763227,0.9815130333276302,0.9935275140834785
2014-09-22,1.0465934026662054,0.985909009019577,0.9890777282396939
2014-09-23,1.0598631524404314,0.9984093418293544,0.9765372192630798
2014-09-24,1.0576678594876956,0.9963413380620597,0.9785599193358168
2014-09-25,1.069473183998604,1.0074621570544724,0.9676375704173923
2014-09-26,1.0654492396239583,1.003671532155968,0.9712783533902004
2014-09-29,1.0827555515437264,1.0199743760217286,0.9555016786134439
2014-09-30,1.084130801707206,1.018678866684123,0.9542880585698017
2014-10-01,1.0919435324325435,1.0113378118331195,0.9474110326387328
2014-10-02,1.1096607666160263,0.9949284387120187,0.9320388978765237
2014-10-03,1.109179223877461,0.9953601927935071,0.9324433607329528
2014-10-06,1.0976302050374482,1.00572410276559,0.9421521667658534
2014-10-07,1.0764222011612898,0.9862918745234099,0.9239482519018126
2014-10-08,1.0533290913245204,1.0074513661846838,0.9437702496659246
2014-10-09,1.0135978988938357,0.9694506649564407,0.9081715771250561
2014-10-10,1.020821752063051,0.9625414465513057,0.9016990912085345
2014-10-13,1.0203638559802337,0.9629732006327939,0.9021035540649636
2014-10-14,1.019448797741954,0.9621096101054372,0.9012945511939872
2014-10-15,1.033175718593104,0.9491547638225236,0.8891585822319205
2014-10-16,1.0529179337737875,0.9310180449179489,0.8721682874115219
2014-10-17,1.0245926862605756,0.9560639822276588,0.8956310681484421
2014-10-20,1.0352366704326919,0.9659960557538733,0.9049353341667953
2014-10-21,1.0542106025287699,0.9837009382125794,0.9215210889726466
2014-10-22,1.0398643898566404,0.9703142554837973,0.9089805799960325
2014-10-23,1.0565244622407441,0.9858600380775415,0.9235437118872653
2014-10-24,1.0704077970487706,0.9729052741590082,0.9356796036912135
2014-10-27,1.053747812932757,0.9880477146929465,0.9211165489580992
2014-10-28,1.0324600211247048,0.9680871949284822,0.9397249266785691
2014-10-29,1.0089041639722323,0.9901743684831846,0.9182848460143859
2014-10-30,1.0040152588726172,0.9853762234338806,0.9227346318581704
2014-10-31,0.9855283454486864,0.9672325102067759,0.9397249266785691
2014-11-03,0.9719524188021619,0.9805564066419643,0.926779954845526
2014-11-04,0.9770433508351557,0.9856924049934916,0.921925628987194
2014-11-05,0.9697552607101129,0.9783397987073712,0.9288025777601445
2014-11-06,0.9591960784433555,0.9889924537347946,0.9186893088708149
2014-11-07,0.9634196869019247,0.993347263962787,0.9146440630415776
2014-11-10,0.9600108634004438,0.9898325490939048,0.9178803059998384
2014-11-11,0.9553568331070436,0.985033946448348,0.922330091843623
2014-11-12,0.9381771765761207,1.0027472701875484,0.9057443370377718
2014-11-13,0.9339869989029949,0.9982687033152847,0.9097896600251273
2014-11-14,0.9281729655051859,0.9920545187625238,0.915453065912554
2014-11-17,0.9232511122597171,0.9867939187080979,0.9203074689290044
2014-11-18,0.9126996616881596,0.9755162639949855,0.9308252778328815
2014-11-19,0.9134929868012815,0.9746683382391518,0.9316343578619763
2014-11-20,0.9008000119582724,0.9882113439067347,0.9186893088708149
2014-11-21,0.8873137876577883,0.9734164508524633,0.9324433607329528
2014-11-24,0.8977075029192806,0.9620141560141069,0.9433657096513772
2014-11-25,0.9046366464269421,0.9545886481267979,0.9506472755969936
2014-11-26,0.9081012181807728,0.9509327705101988,0.9542880585698017
2014-11-28,0.9069463364549218,0.9521421234514656,0.9530744385261596
2014-12-01,0.9142603671141448,0.9598206336377272,0.9453884097241142
2014-12-02,0.9099570957843164,0.955302917718849,0.9498381955678988
2014-12-03,0.9099570957843164,0.955302917718849,0.9498381955678988
2014-12-04,0.917320409324937,0.9630331666965446,0.9421521667658534
2014-12-05,0.9047166205958304,0.949801294333541,0.9550971385988966
2014-12-08,0.8970527489446015,0.9578470791110433,0.9470064926241855
2014-12-09,0.9070157528559605,0.9684852876298786,0.9364886837203084
2014-12-10,0.9168107395492858,0.9789440922042711,0.9263754148309786
2014-12-11,0.9184121160069468,0.9806539958463172,0.9247573319309074
2014-12-12,0.9397051623372614,1.0033900972147858,0.9033171741086058
2014-12-15,0.958642378702452,1.0236107112235298,0.885113259244565
2014-12-16,0.9498796175287507,1.0142540873181325,0.8932039052192761
2014-12-17,0.9520305802253045,1.0165508233111884,0.8911812823046574
2014-12-18,0.9317194724154161,0.9948632076028588,0.9101942000396747
2014-12-19,0.9292349092708364,0.9975161525424988,0.9077670371105087
2014-12-22,0.9238516759604406,0.9917373530952865,0.913025902983388
2014-12-23,0.9246703492734571,0.9926161834591073,0.9122168229542933
2014-12-24,0.9209798625619837,0.9886545155657575,0.9158576059271015
2014-12-26,0.9209798625619837,0.9886545155657575,0.9158576059271015
2014-12-29,0.9303360883795067,0.9986982475507491,0.9065534170668665
2014-12-30,0.939884364859211,1.0089481423000979,0.8972492282066316
2014-12-31,0.9466644078210413,1.01622639056852,0.8907767422901101
2015-01-02,0.9458045658087165,1.015303366382309,0.8915858223192048
2015-01-05,0.9127614660638971,1.0507745108654567,0.8604369356221209
2015-01-06,0.9260645832184456,1.0354599112238478,0.8478964266455068
2015-01-07,0.9203208146010476,1.041882187002921,0.8531553696765045
2015-01-08,0.915084327453375,1.0359540339120936,0.8580096955348365
2015-01-09,0.9034355083781866,1.0491414973503945,0.8470874237745304
2015-01-12,0.9055927580518593,1.0516466680369647,0.8450647237017934
2015-01-13,0.8995236262001255,1.0445987072035727,0.8507282067473385
2015-01-14,0.8982403962639041,1.0460888963363302,0.8495145867036964
2015-01-15,0.8969571663276826,1.0445944494228858,0.8507282067473385
2015-01-16,0.9067669490630663,1.0331699968624803,0.8600323956075735
2015-01-20,0.9216949252935213,1.016161065106511,0.8741909874842588
2015-01-21,0.9302251393174057,1.006756574390305,0.8822815563008516
2015-01-22,0.9425940594757878,0.9933700390654293,0.8940129852483708
2015-01-23,0.923827458461761,1.0131475657695512,0.8762136103988774
2015-01-26,0.9097525280389722,0.9977118029919779,0.8895631222464678
2015-01-27,0.9134759417357866,1.0017952143354356,0.8859223392736597
2015-01-28,0.9364170869311839,1.0269544204163887,0.8636731785803816
2015-01-29,0.9140483318899302,1.0024229459383767,0.8843042563735884
2015-01-30,0.9320282518663259,1.0221412515483312,0.8669094215386425
2015-02-02,0.9194156870139355,1.008309242918076,0.8786407733280434
2015-02-03,0.8910543334264869,0.9772057764797676,0.9057443370377718
2015-02-04,0.8755335359430985,0.9942271997391283,0.8899676622610153
2015-02-05,0.8846868228739833,0.9838330269746327,0.8992718511212502
2015-02-06,0.893840109804868,0.994012116065985,0.8899676622610153
2015-02-09,0.9039973837799232,1.0053077082940074,0.8798543933716856
2015-02-10,0.8931909687596309,0.9932902262593815,0.8903722022755627
2015-02-11,0.9033362545328173,1.0045724867765344,0.880258933386233
2015-02-12,0.8775978580690268,0.9759496070774987,0.9053397970232243
2015-02-13,0.8858327297189693,0.9667918593947749,0.9138349830124829
2015-02-17,0.8885776620043517,0.963796058834392,0.9166666859561963
2015-02-18,0.8964203897858403,0.9552894415182878,0.9247573319309074
2015-02-19,0.892499025895096,0.9594683262958574,0.9207120089435518
2015-02-20,0.8779900767312759,0.9438706877924868,0.9356796036912135
2015-02-23,0.8867206138286902,0.953256326962366,0.9263754148309786
2015-02-24,0.8824612334637428,0.9486773409565104,0.9308252778328815
2015-02-25,0.8828447542906096,0.9490896395419172,0.9304207378183341
2015-02-26,0.8870670787174637,0.9536287890909588,0.9259708748164311
2015-02-27,0.8874546223634773,0.9540454123506137,0.9255663348018838
2015-03-02,0.8804728868427434,0.9465397973299131,0.9328479007475001
2015-03-03,0.8904001703381946,0.9572119816166046,0.922330091843623
2015-03-04,0.8904001703381946,0.9572119816166046,0.922330091843623
2015-03-05,0.8896190996541804,0.958051660495983,0.9231391718727178
2015-03-06,0.8779238737672459,0.9706465233819178,0.9110032800687695
2015-03-09,0.8732458131550452,0.9654743855632734,0.9158576059271015
2015-03-10,0.8936883585382351,0.9880759871350868,0.8944175252629182
2015-03-11,0.8961136198374766,0.9853945798755943,0.8919902851756338
2015-03-12,0.884734370969061,0.9979075580401554,0.9033171741086058
2015-03-13,0.8748291495853632,1.0090798325749704,0.8932039052192761
2015-03-16,0.86016938868632,1.0259892703556008,0.9081715771250561
2015-03-17,0.8563378847186581,1.030559395742357,0.9041262541377005
2015-03-18,0.8387130687792174,1.0517699716011932,0.9227346318581704
2015-03-19,0.8265791251058883,1.036553662153096,0.9093851200105799
2015-03-20,0.8545239799573812,1.0715973025679697,0.9401294666931165
2015-03-23,0.8611425074396193,1.0798971237120083,0.9474110326387328
2015-03-24,0.8655548824718854,1.0854303671240075,0.9522654356551832
2015-03-25,0.8626132523621601,1.0817414795507279,0.949029115538804
2015-03-26,0.8725409734531954,1.0692918357825905,0.9381068437784978
2015-03-27,0.8710359810974531,1.07113619162131,0.9397249266785691
2015-03-30,0.8665364093887178,1.076669435033309,0.9445793296950195
2015-03-31,0.8524342785215264,1.0591475708519118,0.929207117774692
2015-04-01,0.8409298899764047,1.0734417463546095,0.9417476267513061
2015-04-02,0.8488767968886629,1.0632975693718514,0.9506472755969936
2015-04-06,0.8597134943961098,1.076871546375251,0.9627831674009419
2015-04-07,0.8535726807690787,1.0691796030596603,0.955906141469873
2015-04-08,0.8542951456423865,1.0700845578735512,0.9567152214989677
2015-04-09,0.8575461686742291,1.0741567682348192,0.9530744385261596
2015-04-10,0.8615499449245493,1.0691416640749718,0.948624652682375
2015-04-13,0.8633869803962058,1.0668619922199598,0.946601952609638
2015-04-14,0.8578524624554072,1.0737008338638168,0.9526698985116122
2015-04-15,0.8527526551829345,1.080083828097261,0.9583333815571573
2015-04-16,0.8502329243143121,1.0768923744608336,0.9555016786134439
2015-04-17,0.867511206348826,1.055007959455666,0.9360841437057609
2015-04-20,0.8641371292959966,1.059111281834098,0.9397249266785691
2015-04-21,0.8607891966646551,1.06321460421253,0.9433657096513772
2015-04-22,0.8582053638231871,1.0600231505761024,0.9461974125950906
2015-04-23,0.8622414098381911,1.0650083235813554,0.9506472755969936
2015-04-24,0.8666443754893559,1.0704467019907307,0.9555016786134439
2015-04-27,0.8780186042792814,1.0844957237581525,0.9680421104319397
2015-04-28,0.8783855239154422,1.084948929162275,0.968446650446487
2015-04-29,0.8750833171727599,1.0808701669652665,0.9648058674736789
2015-04-30,0.8791193631877638,1.0758849939600137,0.9603560044717759
2015-05-01,0.8720834259461266,1.0844957237581527,0.9680421104319397
2015-05-04,0.8768210680444457,1.0903873075716501,0.9627831674009419
2015-05-05,0.8904522810289118,1.073435956644126,0.9478155726532802
2015-05-06,0.881331139720545,1.0624404645165528,0.9575243015280626
2015-05-07,0.8776077155596186,1.0579518945377577,0.961569624515418
2015-05-08,0.8580397303265264,1.034362782132979,0.9830097051796013
2015-05-11,0.8555680216369923,1.0313831491551964,0.9801780022358879
2015-05-12,0.8506246042579243,1.025423883199631,0.9745145963484612
2015-05-13,0.8414439238760761,1.01435661700436,0.9850324052523383
2015-05-14,0.8276214498189018,0.9976936907826351,1.0012136200436421
2015-05-15,0.8299621871488938,0.9948719431510055,1.0040453229873556
2015-05-18,0.8202648376703117,1.0064961123825136,0.9923139711979546
2015-05-19,0.8239431756347612,1.0110095727811848,0.9878641081960516
2015-05-20,0.8168577001228768,1.0023154251966708,0.9963592170271919
2015-05-21,0.8151994044989511,1.0002806334781784,0.9983819170999287
2015-05-22,0.808593225372876,0.9921746007644251,0.9902912711252176
2015-05-26,0.8294025825179838,0.9666407291343595,0.9648058674736789
2015-05-27,0.8175788089287807,0.9804209383648258,0.9785599193358168
2015-05-28,0.8202826634510616,0.9836633359893556,0.975323676377556
2015-05-29,0.8274274236558612,0.975095510566435,0.9668284903882974
2015-06-01,0.8357363104953544,0.9653037656672907,0.9571197615135151
2015-06-02,0.8237265693742976,0.9791754237288797,0.970873813375653
2015-06-03,0.8333367362506706,0.9677516824376091,0.9822007023086249
2015-06-04,0.8247562511530218,0.9577871884603716,0.9720874334192952
2015-06-05,0.8377986251612355,0.9426411150420592,0.9567152214989677
2015-06-08,0.8363815971453982,0.944235470569484,0.9583333815571573
2015-06-09,0.8402651971495664,0.9486198722468465,0.9538835185552543
2015-06-10,0.8185280349452905,0.9731601056198096,0.9785599193358168
2015-06-11,0.8222501110191935,0.9775853369992658,0.9830097051796013
2015-06-12,0.8141291297581932,0.9679301820817927,0.973300976304819
2015-06-15,0.8256338693462324,0.9542520267656183,0.9595469244426811
2015-06-16,0.8266780518480675,0.9530451803586532,0.9583333815571573
2015-06-17,0.8280739099390264,0.9514359495062324,0.9567152214989677
2015-06-18,0.817569760905449,0.9635049507023367,0.9688511904610344
2015-06-19,0.8144974685927657,0.9671256433879327,0.9652104074882263
2015-06-22,0.8377103149062605,0.9946883305557528,0.992718511212502
2015-06-23,0.8353207035773115,0.9918509314439424,0.9898867311106703
2015-06-24,0.8281520649212182,0.9833389660421736,0.9813916222795301
2015-06-25,0.8448789535623538,1.0032002959575215,0.961569624515418
2015-06-26,0.8399028266987589,0.997291695771386,0.9672330304028448
2015-06-29,0.8746792219936034,1.0385848181826178,0.9271844948600734
2015-06-30,0.8777322006495298,1.0349597437524125,0.9239482519018126
2015-07-01,0.8715834695972356,1.0422098926128232,0.9304207378183341
2015-07-02,0.869688751835738,1.0444755317209795,0.9283981149037155
2015-07-06,0.8969731501859411,1.011707617436286,0.8992718511212502
2015-07-07,0.8985870969744782,1.0098872259789038,0.897653768221179
2015-07-08,0.9135703314045346,0.9930481492709161,0.882686096315399
2015-07-09,0.8930547833041947,1.0153484871562317,0.9025080940795109
2015-07-10,0.935085646905109,1.0631349998863493,0.9449838697095668
2015-07-13,0.9414903368414513,1.070416739326241,0.9514563556260883
2015-07-14,0.9450929844743847,1.0745127286118275,0.9550971385988966
2015-07-15,0.9434917738153359,1.072692250349264,0.953478978540707
2015-07-16,0.9310826966074133,1.0868006096634062,0.9660194103592027
2015-07-17,0.9275736592618435,1.0827047071830007,0.9623787045445129
2015-07-20,0.9236747123517337,1.087255729229047,0.9664239503737501
2015-07-21,0.9194217603655014,1.0922618708407343,0.9619741645299654
2015-07-22,0.92174163280716,1.0950178510910067,0.9595469244426811
2015-07-23,0.923684566185803,1.0927096698638932,0.9575243015280626
2015-07-24,0.933050180201664,1.1037890982466834,0.9478155726532802
2015-07-27,0.9406165493963631,1.1127400378720456,0.9401294666931165
2015-07-28,0.9260458723213014,1.0955030715750669,0.9546925985843492
2015-07-29,0.9229067368155164,1.0992166377076575,0.9514563556260883
2015-07-30,0.9217295329347617,1.0978145436064004,0.9502427355824462
2015-07-31,0.9193752000161465,1.1006186426682127,0.9526698985116122
2015-08-03,0.9182040690348384,1.102020647628768,0.9514563556260883
2015-08-04,0.9240599473259763,1.0949924727333786,0.9453884097241142
2015-08-05,0.9181288974919811,1.102020647628768,0.9514563556260883
2015-08-06,0.9196903024479819,1.100146509361774,0.9530744385261596
2015-08-07,0.9142252734188246,1.1066838541548907,0.9474110326387328
2015-08-10,0.903685510757933,1.1194424001091214,0.9583333815571573
2015-08-11,0.8979635825675917,1.1265304511516523,0.9522654356551832
2015-08-12,0.8903342964749603,1.1169592132186819,0.9441747896804721
2015-08-13,0.8926230531994439,1.1140878783500265,0.9417476267513061
2015-08-14,0.8918562505102465,1.115044929120852,0.9425566296222825
2015-08-17,0.8941528556810688,1.117916263989507,0.9401294666931165
2015-08-18,0.8983851001234611,1.1126248925363278,0.9356796036912135
2015-08-19,0.9026575255188912,1.1073336128325495,0.931229817847429
2015-08-20,0.9269689248339729,1.0775096443001775,0.9061488770523192
2015-08-21,0.9476601958299586,1.0534580893303103,0.8859223392736597
2015-08-24,0.9801143126908141,1.017380756875509,0.8555825326056705
2015-08-25,0.966211928730417,1.03181174490707,0.8677185015677372
2015-08-26,0.9797253474319556,1.04624264118923,0.8798543933716856
2015-08-27,0.9936892248790417,1.0611545795807156,0.8923948251901812
2015-08-28,0.9842298489712088,1.0510529705330838,0.8838997163590411
2015-08-31,0.9873829742738197,1.0476857675172067,0.8810680134153277
2015-09-01,1.018663725333946,1.0144945959689575,0.8531553696765045
2015-09-02,1.0007924836271473,1.0322926952669949,0.8681229644241663
2015-09-03,1.0031242106901506,1.0298875764697686,0.8661003415095476
2015-09-04,0.9796976759437853,1.0058360214999014,0.8458738037308883
2015-09-08,0.9459634980804691,1.040470227626726,0.8749999903552352
2015-09-09,0.9424647920882647,1.0443184727519288,0.8717637473969744
2015-09-10,0.9533982587408697,1.0564335366698425,0.8818770162863041
2015-09-11,0.9577715786693273,1.0612794882925263,0.877831770457067
2015-09-14,0.9705713309695455,1.0470964462457788,0.8661003415095476
2015-09-15,0.963318119107591,1.0549215407258863,0.8725728274260692
2015-09-16,0.9552792893498727,1.0461182861151443,0.8798543933716856
2015-09-17,0.9587929569483078,1.0499660738428096,0.8830906363299463
2015-09-18,0.9280483026326678,1.0836342852637528,0.8547734525765758
2015-09-21,0.9289266567029439,1.0846598941490362,0.8539644497055994
2015-09-22,0.9526889130067817,1.1124058590444166,0.8321197518687503
2015-09-23,0.9600992233117763,1.103753220719282,0.8256472659522288
2015-09-24,0.9633920529607347,1.0999677043454836,0.8228155630085154
2015-09-25,0.9524982609492881,1.1124058590444164,0.8321197518687503
2015-09-28,0.9316609671360425,1.1367413656535128,0.8139159141628278
2015-09-29,0.9279565534590086,1.1412612075388304,0.8171521571210887
2015-09-30,0.9127968712670241,1.122616846291703,0.8305016689686792
2015-10-01,0.9150199178149131,1.125350893244873,0.8325242918832977
2015-10-02,0.9354723022314091,1.150504563262302,0.851132746761886
2015-10-05,0.9523676764852188,1.1297255352454747,0.8665048815240951
2015-10-06,0.9563692281144509,1.1344722892227102,0.8701456644969032
2015-10-07,0.9714861820907076,1.1165401298857456,0.8838997163590411
2015-10-08,0.9745984811792681,1.1201171306631588,0.8867314193027545
2015-10-09,0.9754877337199396,1.1190951025936233,0.8875404993318493
2015-10-12,0.9714861820907075,1.1236857465107666,0.8838997163590411
2015-10-13,0.9883816411483072,1.1432281619087123,0.8685275044387136
2015-10-14,0.9842384412711145,1.1480204633668014,0.8721682874115219
2015-10-15,0.9714560921892347,1.1331110697680873,0.8834951763444937
2015-10-16,0.978572979800585,1.1248098977444057,0.8899676622610153
2015-10-19,0.9745697199142014,1.1294114005821039,0.8863268792882071
2015-10-20,0.9767937154777512,1.1319887492242702,0.8843042563735884
2015-10-21,0.9888584338197435,1.1459703353148556,0.873381907455164
2015-10-22,0.9778660393728837,1.1587092244413018,0.8830906363299463
2015-10-23,0.9841372555500983,1.151278231094131,0.8887540422173731
2015-10-26,0.9801057350250568,1.14656201717934,0.885113259244565
2015-10-27,0.98503308254762,1.1407978334663762,0.8806634734007803
2015-10-28,0.981413304422,1.1449900125073644,0.8838997163590411
2015-10-29,0.9670402173543309,1.1617587286713178,0.870954744525998
2015-10-30,0.9688368960729676,1.1596002794708233,0.8693365844678085
2015-11-02,0.9553118992994285,1.1434122192286824,0.8814725534298751
2015-11-03,0.9469819422809712,1.1533823396129659,0.8737864474697113
2015-11-04,0.954435044114009,1.1443047895079899,0.8669094215386425
2015-11-05,0.9624517775141243,1.1539163251305908,0.8596278555930261
2015-11-06,0.9570167177012598,1.1604326040680397,0.8644822586094765
2015-11-09,0.9507470136084049,1.1680349467571869,0.8588187755639314
2015-11-10,0.9565687901762544,1.1608826355890962,0.853559909691052
2015-11-11,0.9524886320947274,1.1658342759896057,0.8572006926638601
2015-11-12,0.9385540980432124,1.1828899728974767,0.844660183687246
2015-11-13,0.9466450099547089,1.1726927359010588,0.837378694899748
2015-11-16,0.9374987340289287,1.18402303524867,0.8454692637163408
2015-11-17,0.9370501597663526,1.1834565040730736,0.8450647237017934
2015-11-18,0.9464700481668636,1.1953534426510541,0.853559909691052
2015-11-19,0.9540956395170707,1.2049842565266486,0.8604369356221209
2015-11-20,0.9410872425727441,1.1885551765986688,0.8487055066746017
2015-11-23,0.9464699626100712,1.1817570186010569,0.8438511808162696
2015-11-24,0.9482849033538768,1.1794908938986708,0.84223302075808
2015-11-25,0.94145289682909,1.1879886454230724,0.8483009666600542
2015-11-27,0.945044511630489,1.1834565040730733,0.851537209618315
2015-11-30,0.9436977095992465,1.1817699362935061,0.8503236667327911
2015-12-01,0.9603088959441477,1.2025717252868373,0.8652912614804529
2015-12-02,0.9445956347073091,1.2222490642714872,0.851132746761886
2015-12-03,0.9481873351395597,1.226896505283452,0.8478964266455068
2015-12-04,0.9359730686454809,1.211091990372925,0.8588187755639314
2015-12-07,0.9425861447773065,1.2196489070228569,0.8527508296619571
2015-12-08,0.9609191702483769,1.243370722373215,0.8361650748561059
2015-12-09,0.9637084608538871,1.239761550673388,0.8337379119269399
2015-12-10,0.9669815950684203,1.2355508312346728,0.8309062089832265
2015-12-11,0.9876959280425903,1.209083304391107,0.8131068341337331
2015-12-14,0.99015293927608,1.2060755656966677,0.8110841340609961
2015-12-15,0.9787945043628578,1.2199109342240884,0.8203884000793494
2015-12-16,0.9995479587232019,1.19404506985291,0.8377831577561771
2015-12-17,0.9908605111580078,1.1836671746811003,0.8305016689686792
2015-12-18,0.9812076688993572,1.1721360334202722,0.822411022993968
2015-12-21,0.9869993926658129,1.1652173266699526,0.8175566199775177
2015-12-22,0.977231919113298,1.1767484679307807,0.8256472659522288
2015-12-23,0.9911171789537744,1.1600283240994913,0.837378694899748
2015-12-24,0.9939899566944406,1.163390694986386,0.839805857828914
2015-12-28,0.9892019329106916,1.157786672249666,0.8357605348415585
2015-12-29,0.9829774745946306,1.165071933873755,0.8410194778725563
2015-12-30,0.9725755392982747,1.1774008052721079,0.8321197518687503
2015-12-31,0.9843958547300607,1.163091120989901,0.8220064829794206
2016-01-04,1.004742623445583,1.1390508470288245,0.805016188159022
2016-01-05,1.0118111338341547,1.1310374587665413,0.7993527822715952
2016-01-06,1.0312690947215175,1.1092866775200196,0.7839805703512678
2016-01-07,1.0546827688749965,1.084101711788779,0.7661812726598927
2016-01-08,1.066376772110229,1.0720815202211271,0.7576860866706341
2016-01-11,1.0589752706272744,1.0795226171854417,0.7629450297016319
2016-01-12,1.0668361341873336,1.087536005447725,0.7686084355890587
2016-01-13,1.0477453737447036,1.0680748260899855,0.7548543837269207
2016-01-14,1.0387614990771403,1.0772330152966598,0.7613268696434423
2016-01-15,1.080709373139507,1.0337315619778435,0.7305825229609058
2016-01-19,1.0890869289036804,1.0257181737155603,0.724919117073479
2016-01-20,1.1212976888187536,0.9953816037345599,0.7034789592511774
2016-01-21,1.1129152907544757,1.0028227006988746,0.7087379022821751
2016-01-22,1.0817892506006386,1.030869668791093,0.7285599000462871
2016-01-25,1.051756234585852,1.0022503002266792,0.7083333622676277
2016-01-26,1.027129170619076,1.0257181737155605,0.724919117073479
2016-01-27,1.0116534259165724,1.0102636884889626,0.7139967681550545
2016-01-28,1.0116534259165724,1.0102636884889626,0.7139967681550545
2016-01-29,1.033434127940335,0.988512907242441,0.729368980075382
2016-02-01,1.0248364191115602,0.9967368916456799,0.7233009570152894
2016-02-02,1.065531774450282,1.0363164393942836,0.6945793104054898
2016-02-03,1.0618083418860664,1.0399377808406833,0.6970064733346558
2016-02-04,1.0457856826142375,1.0242451477457928,0.7075242822385329
2016-02-05,1.0296414506689169,1.0400568494251865,0.6966019333201084
2016-02-08,1.068507105537946,1.0793156521158398,0.6703074496394749
2016-02-09,1.094945714970519,1.0526096013719028,0.6537216948336235
2016-02-10,1.065810381057528,1.0806184166005341,0.6711165296685696
2016-02-11,1.027263869344015,1.0415363517289198,0.6468446689025547
2016-02-12,0.9919295158833019,1.0773616296272577,0.669093906753951
2016-02-16,1.0099209355635432,1.096902599943835,0.6812297985578993
2016-02-17,1.037507794324801,1.1268654376610487,0.6998381762783692
2016-02-18,1.0177171869218729,1.1483605547046678,0.6864886644307787
2016-02-19,1.0129194673813646,1.15377415284731,0.683252421472518
2016-02-22,1.000925111336766,1.1401118840984605,0.6913430674472291
2016-02-23,0.9804263303149621,1.1634611872459042,0.6771844755705437
2016-02-24,0.9909685669381396,1.1759715439739706,0.6699029096249275
2016-02-25,0.9712210088444792,1.1994057548620818,0.683252421472518
2016-02-26,0.9781213842354858,1.190884162063622,0.6881068244889683
2016-02-29,0.9723710896892713,1.1978852713458201,0.6840615015016127
2016-03-01,0.9441947670583413,1.1631742415361364,0.7038834992657248
2016-03-02,0.9653578240608508,1.1371030074684316,0.7196602512005996
2016-03-03,0.9794663907285286,1.1204844094843187,0.7301779829463584
2016-03-04,0.9789238411263456,1.1211050723027394,0.7297735200899294
2016-03-07,0.9740400667027278,1.1266981777602596,0.7261327371171211
2016-03-08,0.9832649624472842,1.1373688612164383,0.7192557111860522
2016-03-09,0.9793938575741358,1.141846671683989,0.7220874141297656
2016-03-10,0.987624036951584,1.1514419972589098,0.7281553600317398
2016-03-11,1.032067089311731,1.2032568529724292,0.760922329628895
2016-03-14,1.0254829876707359,1.1955806413169663,0.7560680037705629
2016-03-15,1.0145093453991993,1.1827867925429492,0.7479773577958518
2016-03-16,1.0117658825051108,1.1859853157420457,0.7500000578685888
2016-03-17,1.0123116155094394,1.1853456111022265,0.7495955178540413
2016-03-18,1.0095801094885313,1.1885440122901387,0.75161814076866
2016-03-21,1.0041463960069563,1.1821470879031302,0.7475728177813045
2016-03-22,1.0139270595458982,1.1706326484087515,0.7402912518356881
2016-03-23,1.0327650578699883,1.148883178699633,0.7265371999735502
2016-03-24,1.046565914782165,1.133530633377523,0.7168284710987679
2016-03-28,1.0424315302644958,1.138008565856258,0.7196602512005996
2016-03-29,1.0307123002276541,1.1508022926190908,0.7277508200171924
2016-03-30,1.0318581989541398,1.1520817018987295,0.7285599000462871
2016-03-31,1.026128814600629,1.145684777511721,0.7245145770589316
2016-04-01,1.035868735217922,1.1348100426571617,0.7176375511278626
2016-04-04,1.041123997080012,1.1290528229099723,0.7139967681550545
2016-04-05,1.068258053500983,1.0996271415453909,0.6953883904345847
2016-04-06,1.0539649263536797,1.1143399822276814,0.7046925792948195
2016-04-07,1.0848215481286296,1.0817157776640034,0.6840615015016127
2016-04-08,1.0565943414555996,1.1098621717601305,0.7018608763511062
2016-04-11,1.0645111353829741,1.1181780880554124,0.7071197422239855
2016-04-12,1.0779089474750425,1.1322513461090682,0.7160194682277914
2016-04-13,1.119320039322072,1.0887525287020154,0.7435274947939489
2016-04-14,1.1181021514407314,1.0899371572835677,0.7427184919229725
2016-04-15,1.1181021514407314,1.0899371572835677,0.7427184919229725
2016-04-18,1.1266279473864056,1.0982481884220319,0.7483818978103992
2016-04-19,1.1430706534147124,1.1142767026713332,0.7593042467288237
2016-04-20,1.1546413432966247,1.125555926865161,0.7669902755308691
2016-04-21,1.1564683493515227,1.1237749430943584,0.7682038955745113
2016-04-22,1.1576863533881212,1.1225913720803442,0.769012975603606
2016-04-25,1.168039155388693,1.1326303313966433,0.7621359496725371
2016-04-26,1.1475798757155447,1.1524693929635677,0.7754854615201275
2016-04-27,1.1445867553178681,1.1494635197160725,0.773462838605509
2016-04-28,1.1529676979557657,1.1410468682230008,0.7677993555599638
2016-04-29,1.1614721646518251,1.1326303313966433,0.7621359496725371
2016-05-02,1.1577732416676614,1.1362374022269803,0.7645631126017031
2016-05-03,1.1240814738127027,1.1031723378376779,0.7423139519084251
2016-05-04,1.1381707500545897,1.0893451374324579,0.7330097630481901
2016-05-05,1.1545021320532078,1.0737143442787123,0.722491954144313
2016-05-06,1.1493307950248541,1.0785238102747328,0.7257281971025737
2016-05-09,1.1557373454438018,1.0725119491130284,0.7216828741152183
2016-05-10,1.1408371740242997,1.0863391495182484,0.7309870629754531
2016-05-11,1.1269476665990996,1.07311314669587,0.7220874141297656
2016-05-12,1.130104454936074,1.0701071587816608,0.7200647140570287
2016-05-13,1.1428021856873605,1.0580835511249664,0.7119741452404359
2016-05-16,1.1304650822273277,1.0695060758655333,0.7196602512005996
2016-05-17,1.1241105609432804,1.0634942147038289,0.715614928213244
2016-05-18,1.1094952468316606,1.0773214151090489,0.724919117073479
2016-05-19,1.1113527032542703,1.0791250078575745,0.7261327371171211
2016-05-20,1.1200205970440564,1.070708471031217,0.731796143004548
2016-05-23,1.1163058022900332,1.0671572307935175,0.729368980075382
2016-05-24,1.079776652617083,1.1020780796579215,0.7532363008268496
2016-05-25,1.1035526055095959,1.1263450949173355,0.7698220556327008
2016-05-26,1.1023927759520502,1.1251613105408051,0.769012975603606
2016-05-27,1.100653031615732,1.1233856339760095,0.7677993555599638
2016-05-31,1.1151505692627488,1.1085886679450552,0.7576860866706341
2016-06-01,1.118722829819949,1.1050374277073558,0.7552589237414682
2016-06-02,1.119921274844889,1.1038536433308255,0.7544498437123733
2016-06-03,1.124725222210945,1.0991186187165956,0.7512136007541126
2016-06-06,1.1259365856827945,1.0979348343400652,0.7504045207250178
2016-06-07,1.119259835454427,1.1044455355190905,0.7548543837269207
2016-06-08,1.1180601725793662,1.1032617511425602,0.754045303697826
2016-06-09,1.136654489518214,1.0849135448739065,0.7415048718793302
2016-06-10,1.1868830510732002,1.0369714065433437,0.7087379022821751
2016-06-13,1.2146582712285394,1.0127043912839298,0.6921521474763238
2016-06-14,1.2387952661337291,0.9925805084504803,0.678398095614186
2016-06-15,1.2328856940363568,0.9973155330647102,0.6816343385724467
2016-06-16,1.2241055775336256,1.0044180135401088,0.6864886644307787
2016-06-17,1.1858747688789153,1.0357876221668134,0.7079288222530803
2016-06-20,1.2265333582333537,1.0713003632194824,0.7322006830190954
2016-06-21,1.24415208459528,1.086689221438702,0.7427184919229725
2016-06-22,1.2102699483415968,1.057095289376793,0.722491954144313
2016-06-23,1.1560585820357405,1.1044455355190907,0.7548543837269207
2016-06-24,0.9646212174000491,0.9215550263451421,0.6298543740821559
2016-06-27,1.0203796467322506,0.8682859712120843,0.5934466215121926
2016-06-28,0.9869930236380755,0.8966961188974628,0.6128640792617573
2016-06-29,0.9707060096365888,0.9114930849284174,0.622977348151087
2016-06-30,0.9889855364377707,0.9286575632664867,0.6347087385195471
2016-07-01,0.984573255520774,0.9245144308405221,0.6318770355758337
2016-07-05,0.9335166731266676,0.8765722925099593,0.5991100659786786
2016-07-06,0.9436019811142328,0.8671021868355538,0.5926375414830979
2016-07-07,0.9468224166345762,0.8641428387861196,0.5906149185684793
2016-07-08,0.9189365937234583,0.8895935819761183,0.6080097148243662
2016-07-11,0.9348330494081426,0.9049824401953379,0.6185275237282433
2016-07-12,0.9678487336644406,0.9369438845643618,0.640372182986033
2016-07-13,0.9599005058220984,0.9446383136739718,0.6351132785340945
2016-07-14,0.9819109425570302,0.9229778377033852,0.649676371846268
2016-07-15,0.9739627730224886,0.9304489677343707,0.6444175059733886
2016-07-18,0.9764083771041475,0.9281126260832365,0.646035627452519
2016-07-19,0.9666259607775112,0.9374111781227848,0.6395631415359975
2016-07-20,0.9543979403692158,0.9255527308203458,0.6476537489316494
2016-07-21,0.9520134381417574,0.9278651651361799,0.646035627452519
2016-07-22,0.9496289359142992,0.9301891833321485,0.6444175059733886
2016-07-25,0.9508212154535371,0.9313570558442046,0.6436084259442938
2016-07-26,0.9460402207694452,0.9266739323919594,0.6468446689025547
2016-07-27,0.9560981890002164,0.9168218597552362,0.6537216948336235
2016-07-28,0.9436736433283023,0.9287360074867047,0.6452265474234242
2016-07-29,0.9235576504431029,0.9089384354649422,0.6589806378646212
2016-08-01,0.9059821977813486,0.926235682082193,0.6464401288880073
2016-08-02,0.8969110452434544,0.9355096227609212,0.6399676429714857
2016-08-03,0.8901076808400339,0.9426057700324953,0.6448220074088769
2016-08-04,0.8822899026598396,0.9508846367135814,0.6504854518753628
2016-08-05,0.8910688983357479,0.9603461664090136,0.6569579377918844
2016-08-08,0.902042695257575,0.9721731349234694,0.6650485837665955
2016-08-09,0.9119190915564427,0.9615288858185254,0.6723301497122118
2016-08-10,0.9217953832014266,0.9719424628445443,0.6796116384997097
2016-08-11,0.9256362853817846,0.9678926097071195,0.6824434186015416
2016-08-12,0.9239901844473455,0.9696138569771726,0.6812297985578993
2016-08-15,0.9223440835129064,0.9713412370975251,0.6824434186015416
2016-08-16,0.925624576038367,0.9678864768568199,0.6800161785142571
2016-08-17,0.9283777303558418,0.9650076198109224,0.6779935555996386
2016-08-18,0.9222845253688897,0.9713412370975251,0.6824434186015416
2016-08-19,0.9086170019621334,0.956946732225324,0.6723301497122118
2016-08-22,0.9042433986429684,0.9615529693915741,0.6755663926704726
2016-08-23,0.8890824982692894,0.977674744562771,0.6868932044453261
2016-08-24,0.8911769691096242,0.9799779180565745,0.6885113645035157
2016-08-25,0.8848936564584867,0.9730685073965211,0.6836569614870653
2016-08-26,0.8901297336894569,0.9788263313096729,0.6796116384997097
2016-08-29,0.8853611732434337,0.9840700529272656,0.683252421472518
2016-08-30,0.8764498960120487,0.993974848079523,0.6901294474035868
2016-08-31,0.8892935349840448,0.9794089793926007,0.7002427162929166
2016-09-01,0.9016234166384586,0.9929882941319096,0.7099514451676989
2016-09-02,0.9139533962820613,1.0065677167900189,0.7196602512005996
2016-09-06,0.9062471345075124,0.9980805506490005,0.713592228140507
2016-09-07,0.9057333771899299,0.9975147323783459,0.7139967681550545
2016-09-08,0.917536111843994,0.9845159824191594,0.7233009570152894
2016-09-09,0.9052202020469508,0.997730950066431,0.713592228140507
2016-09-12,0.9000885484953118,1.0033870429838347,0.7176375511278626
2016-09-13,0.9376345083863039,0.9615321280046465,0.6877022844744208
2016-09-14,0.926603472090091,0.9728443138394538,0.695792930449132
2016-09-15,0.9152903399867848,0.9847220118731019,0.7042880392802722
2016-09-16,0.884798189957264,1.017527221336844,0.680825258543352
2016-09-19,0.8737578751447259,1.0302236994506029,0.6893204445326104
2016-09-20,0.8711939730704039,1.0332467253427582,0.6872977444598735
2016-09-21,0.8973451874113056,1.0022310647474,0.7079288222530803
2016-09-22,0.9009345525124927,1.0062399715288668,0.7107605251967937
2016-09-23,0.888115335549474,0.9919223848896181,0.7006472563074639
2016-09-26,0.9045239176136797,0.9735958914689027,0.6877022844744208
2016-09-27,0.9071842414833091,0.9707324178348599,0.6856796615598023
2016-09-28,0.8889870281118469,0.9902043444029993,0.6994337134219402
2016-09-29,0.8622505540177953,0.9604237379770783,0.678398095614186
2016-09-30,0.8421982474816146,0.9827591381792604,0.6941747703909424
2016-10-03,0.8461245759281771,0.9873407615344393,0.6909385274326817
2016-10-04,0.842656867358926,0.9913872224421467,0.6937702303763951
2016-10-05,0.8603453217795534,0.970576726050748,0.7083333622676277
2016-10-06,0.8588712526722861,0.972239659679706,0.7071197422239855
2016-10-07,0.8539577826980402,0.9666776265335926,0.7030744192366299
2016-10-10,0.8549404017195735,0.9655653047739367,0.7022654163656535
2016-10-11,0.8677448194794941,0.9800265485190484,0.6917476074617764
2016-10-12,0.8647001279834953,0.9765878895594721,0.6941747703909424
2016-10-13,0.8808250568605145,0.9947993015295711,0.6812297985578993
2016-10-14,0.8740253824462322,0.9871197841211242,0.6864886644307787
2016-10-17,0.8740253824462322,0.9871197841211242,0.6864886644307787
2016-10-18,0.8935970142864307,0.9650156835023034,0.7018608763511062
2016-10-19,0.8972022890368964,0.9611222655276335,0.7046925792948195
2016-10-20,0.9038977852539942,0.9539497576421301,0.7099514451676989
2016-10-21,0.9038977852539942,0.9539497576421301,0.7099514451676989
2016-10-24,0.8905066945834292,0.9398171555845206,0.720469254071576
2016-10-25,0.8860066529890256,0.9445663801742838,0.7168284710987679
2016-10-26,0.8895066641473058,0.9482977210837379,0.7139967681550545
2016-10-27,0.8774114006675657,0.9611924089551773,0.7237054970298368
2016-10-28,0.8739782797968317,0.9574314711357411,0.7208737940861234
2016-10-31,0.8774114006675657,0.953670533316305,0.71804209114241
2016-11-01,0.8853204536379577,0.9450740747353453,0.7115696052258885
2016-11-02,0.8979031774292889,0.9316420953928622,0.7014563363365588
2016-11-03,0.8891002012283474,0.9407758454448655,0.7083333622676277
2016-11-04,0.8733594482901818,0.9574314711357411,0.695792930449132
2016-11-07,0.8449245178876175,0.9262593148142308,0.7184466311569574
2016-11-08,0.8482547238357825,0.9226085339285613,0.7212783341006708
2016-11-09,0.8625270609682912,0.9381319134837188,0.7334142259046191
2016-11-10,0.8825083873985875,0.9598647040780834,0.7504045207250178
2016-11-11,0.8734692828939415,0.9500332764175958,0.7427184919229725
2016-11-14,0.87156634695555,0.9479635385346868,0.7443365748230436
2016-11-15,0.8682506198049631,0.9443571711554675,0.747168277766757
2016-11-16,0.8865839833336222,0.9642975465779214,0.7313916029900005
2016-11-17,0.8821706706058172,0.9594973847030119,0.7350323859628087
2016-11-18,0.8977069581232313,0.9763955062770557,0.7220874141297656
2016-11-21,0.8891573643916265,0.9670964974808162,0.7289644400608345
2016-11-22,0.8787954205663746,0.9558262769531477,0.7374595488919747
2016-11-23,0.86819013291095,0.9673611716265503,0.7285599000462871
2016-11-25,0.86819013291095,0.9673611716265503,0.7285599000462871
2016-11-28,0.8889187290996182,0.9904575399623793,0.7111650652113412
2016-11-29,0.8712212378805817,1.0101765683082748,0.7253236570880264
2016-11-30,0.869277680444646,1.0079230234042047,0.7269417399880976
2016-12-01,0.8775012351270546,0.998387853820208,0.7338187659191665
2016-12-02,0.8760500792962372,0.9967367833743885,0.7326052230336427
2016-12-05,0.8615379673935197,1.0132481176916046,0.7447411148375911
2016-12-06,0.8896163548661535,1.04627089130254,0.769012975603606
2016-12-07,0.9190986036942422,1.080944735359295,0.7944983792551449
2016-12-08,0.9144189468310809,1.0864484434806978,0.7904531334259076
2016-12-09,0.9069312994808099,1.095344740782089,0.7839805703512678
2016-12-12,0.917694653080054,1.1083441628605413,0.7746763814910328
2016-12-13,0.9037974053062084,1.0915597854009238,0.7864078104385521
2016-12-14,0.8828761341767163,1.1168274151709894,0.7682038955745113
2016-12-15,0.8759024066921376,1.1256490943842028,0.7742718414764854
2016-12-16,0.8772752386577525,1.127413362922603,0.7730582985909615
2016-12-19,0.8887518897650076,1.1421623598733397,0.7629450297016319
2016-12-20,0.8797984627726625,1.15366868398955,0.7706310585036772
2016-12-21,0.8825694569992971,1.1573022539468212,0.7682038955745113
2016-12-22,0.8858227267937018,1.1615682258042233,0.7653721926307978
2016-12-23,0.8853545222492541,1.1609542750604034,0.7657767326453453
2016-12-27,0.8853545222492541,1.1609542750604034,0.7657767326453453
2016-12-28,0.8731943334106181,1.1768997780910886,0.7552589237414682
2016-12-29,0.8689850338431465,1.182573112808604,0.7588997067142763
2016-12-30,0.8597208541963567,1.1699657958401282,0.7669902755308691
2017-01-03,0.8769515956863763,1.193414544444849,0.7823624874511965
2017-01-04,0.8873806786222569,1.2076071399337254,0.7916666763114315
2017-01-05,0.8882875779610329,1.2088413093754213,0.7924757563405262
2017-01-06,0.8873806786222569,1.2076071399337254,0.7916666763114315
2017-01-09,0.9018907220959484,1.2273533802133583,0.7787217044783884
2017-01-10,0.9037648236330631,1.2248029771544433,0.7771035444201988
2017-01-11,0.8985896707464466,1.2318164639565485,0.7815534074221018
2017-01-12,0.9004500587463037,1.2343667454055525,0.7799353245220305
2017-01-13,0.8906422951977759,1.247811552314621,0.7884304333531706
2017-01-17,0.8856155534211109,1.240768964630154,0.7839805703512678
2017-01-18,0.8805888988053172,1.2337264990601913,0.7795307845074831
2017-01-19,0.8792180326195878,1.2356471159817701,0.7807443273930069
2017-01-20,0.8855958393437243,1.2266837892612203,0.7864078104385521
2017-01-23,0.8842291478549987,1.2247907154462132,0.7851941903949099
2017-01-24,0.8751180450433271,1.2374109668349869,0.793284836369621
2017-01-25,0.9001086428305659,1.2727475022256614,0.8159385370774465
2017-01-26,0.8920759294052802,1.2613893000468925,0.8086569711318301
2017-01-27,0.8880595726926374,1.2557101989575081,0.805016188159022
2017-01-30,0.9005548290274819,1.2380419914399894,0.7936893763841684
2017-01-31,0.8973418544857915,1.2424590433193692,0.7965210793278819
2017-02-01,0.8891386140960789,1.2311008411406001,0.8038026452734981
2017-02-02,0.8833213536706661,1.2391554167594312,0.7985437022425004
2017-02-03,0.8730293825791021,1.2535933692375933,0.8078478911027354
2017-02-06,0.855542580776168,1.228483860638272,0.7916666763114315
2017-02-07,0.8586027606687254,1.2240897115998384,0.7888349733677181
2017-02-08,0.8669686572364383,1.2121626501158176,0.7811488674075544
2017-02-09,0.8570911757150241,1.2259729696441304,0.7900485934113602
2017-02-10,0.8527025714389144,1.2322503767268562,0.7860032704240046
2017-02-13,0.8469974444739368,1.2404949218793413,0.791262136296884
2017-02-14,0.8521937842970738,1.2328844701536403,0.7961165393133344
2017-02-15,0.8595552175339233,1.2435343914309596,0.8029935652444034
2017-02-16,0.8586891471312306,1.2422814314009585,0.8021844852153086
2017-02-17,0.8487295852793223,1.227872749522481,0.7928802963550736
2017-02-21,0.8539259251024593,1.2203551088313196,0.7880258933386233
2017-02-22,0.8543642954771938,1.2197286288163192,0.7876213533240759
2017-02-23,0.8556806738461222,1.2178493082601627,0.7864078104385521
2017-02-24,0.8675651474722018,1.200934706321683,0.7754854615201275
2017-02-27,0.8666599988013517,1.2021876663516844,0.7762945415492224
2017-02-28,0.8675632607200122,1.2034406263816855,0.7754854615201275
2017-03-01,0.848555611568105,1.229807092364155,0.7924757563405262
2017-03-02,0.8416250976674376,1.2197627357744691,0.7860032704240046
2017-03-03,0.8572187952530606,1.2423625979703503,0.8005664023152373
2017-03-06,0.8502881987341506,1.232318121642489,0.7940938392405974
2017-03-07,0.8450903546177714,1.2247849140693123,0.7892395133822655
2017-03-08,0.8459566895099154,1.2235293395610578,0.7884304333531706
2017-03-09,0.8637525908793088,1.2492680182893998,0.805016188159022
2017-03-10,0.8785101797399482,1.2706123059770262,0.8187702400211598
2017-03-13,0.8737356413474452,1.2637067659198014,0.8143203770192569
2017-03-14,0.861148334841492,1.2455014145028114,0.802589025229856
2017-03-15,0.8472588589227271,1.2655901276821833,0.8155339970628991
2017-03-16,0.8628087840825521,1.2423624782321747,0.8305016689686792
2017-03-17,0.855664236872842,1.2526499457928353,0.8236246430376102
2017-03-20,0.8510412709843164,1.245882153333929,0.8191747800357072
2017-03-21,0.8455778314284792,1.2378839491686207,0.8244336459085866
2017-03-22,0.8397691766112538,1.2463875313313144,0.8187702400211598
2017-03-23,0.8397691766112538,1.2463875313313144,0.8187702400211598
2017-03-24,0.8376946005072543,1.2433084402419543,0.8207929400938968
2017-03-27,0.8409974837554394,1.2384062925891992,0.8240291830521576
2017-03-28,0.837281809004811,1.2329347958472052,0.8276698888668473
2017-03-29,0.8307341566257171,1.2425765059171896,0.8211974029503258
2017-03-30,0.8311433166020089,1.2431885098532827,0.8207929400938968
2017-03-31,0.8299144706782151,1.2450265648581478,0.8220064829794206
2017-04-03,0.8205207722915014,1.2591188652661236,0.8127022941191857
2017-04-04,0.8221544996111418,1.2566118514788736,0.8110841340609961
2017-04-05,0.8258449750840313,1.2509711899985576,0.807443351088188
2017-04-06,0.820052421329847,1.2421967612841789,0.8131068341337331
2017-04-07,0.8249482908277245,1.2496129130761229,0.8082524311172827
2017-04-10,0.8274255910286137,1.245860355061255,0.8058252681881167
2017-04-11,0.8241025998689148,1.250863805511635,0.8090615111463775
2017-04-12,0.81915794968898,1.258369040833039,0.8042071081299271
2017-04-13,0.8323435787120749,1.238113622018057,0.791262136296884
2017-04-17,0.819151980578344,1.2577361646354128,0.8038026452734981
2017-04-18,0.8257481430731881,1.2678639947747232,0.7973300821988583
2017-04-19,0.8215586386013036,1.2742966121779926,0.8013754051862138
2017-04-20,0.8302677821448072,1.2607881033619295,0.8098705911754723
2017-04-21,0.8331708036255076,1.2651964340540058,0.8127022941191857
2017-04-24,0.8812782201378622,1.3382490801118476,0.8596278555930261
2017-04-25,0.8904020132345492,1.3243943093484647,0.8685275044387136
2017-04-26,0.8845959702731486,1.3330302851701927,0.8628640985512869
2017-04-27,0.8833517843093902,1.3349051948756503,0.8616504785076448
2017-04-28,0.8841811625171598,1.3361585361805914,0.8608414756366682
2017-05-01,0.8791952230589306,1.328623874902549,0.8656958014950003
2017-05-02,0.8853577908357209,1.3193111142502998,0.8717637473969744
2017-05-03,0.8874120323355182,1.316249997411334,0.8737864474697113
2017-05-04,0.9075431288657267,1.2863906369448805,0.8936084452338234
2017-05-05,0.9186357978807298,1.270667411121483,0.9045307941522479
2017-05-08,0.9017914093888961,1.2939667595316153,0.8879450393463967
2017-05-09,0.9063106623271493,1.3004513667469113,0.8834951763444937
2017-05-10,0.8992560432490733,1.2903288012698528,0.8903722022755627
2017-05-11,0.9045674582838653,1.2979500698132678,0.885113259244565
2017-05-12,0.9016734375442833,1.2937974835284285,0.8879450393463967
2017-05-15,0.8930469869840942,1.2814195209958381,0.8964401481775368
2017-05-16,0.8982860241223811,1.2739021063938418,0.9016990912085345
2017-05-17,0.87733002930136,1.3036207986891595,0.8806634734007803
2017-05-18,0.8753150623195963,1.306614829188937,0.882686096315399
2017-05-19,0.8612747043909605,1.285656273045666,0.8968446881920842
2017-05-22,0.8616631998417682,1.2850763516676966,0.8972492282066316
2017-05-23,0.8655480802519139,1.2908702255908862,0.9012945511939872
2017-05-24,0.8647710893502986,1.2920290224773148,0.9004854711648924
2017-05-25,0.8667135666043367,1.2891268244059095,0.8984627710921554
2017-05-26,0.8737377475946413,1.2786792434714607,0.8911812823046574
2017-05-30,0.8792903764682619,1.2705531995790627,0.8855177992591123
2017-05-31,0.8788886813899863,1.2711336391933437,0.8859223392736597
2017-06-01,0.8849084516747093,1.2624272663942013,0.8919902851756338
2017-06-02,0.8877177492500767,1.2584194689188275,0.8948220652774657
2017-06-05,0.8841058717701364,1.2635396289516152,0.8911812823046574
2017-06-06,0.8921322831801218,1.2520685040347763,0.8830906363299463
2017-06-07,0.8831415140364232,1.2646866539258952,0.8919902851756338
2017-06-08,0.8871467063879475,1.2589510914674757,0.8960356081629894
2017-06-09,0.8863456526391046,1.2578143150085561,0.8952265281338947
2017-06-12,0.8915523492212033,1.2504254848435183,0.8899676622610153
2017-06-13,0.8850683383195987,1.2413314899901013,0.8964401481775368
2017-06-14,0.8790773674696297,1.2497339832775676,0.8903722022755627
2017-06-15,0.8706899473362112,1.2616578984648414,0.8818770162863041
2017-06-16,0.861104302561068,1.2477679891125657,0.8915858223192048
2017-06-19,0.8646205399920689,1.2426728473330235,0.8952265281338947
2017-06-20,0.8325830973432149,1.2887185497380176,0.8620550185221921
2017-06-21,0.8353179900785701,1.2844853302421586,0.8592233155784788
2017-06-22,0.8392507640219092,1.2784378243852543,0.8551779925911231
2017-06-23,0.8380597469965846,1.2802521107462999,0.8563916126347654
2017-06-26,0.8447895637379573,1.2699713853935366,0.8632686385658342
2017-06-27,0.8527070218477404,1.2818736929930603,0.8713592845405453
2017-06-28,0.8705211893350375,1.3086537148287618,0.8895631222464678
2017-06-29,0.8728963965653819,1.3122243617050917,0.8919902851756338
2017-06-30,0.86854186256083,1.3056781946832896,0.8875404993318493
2017-07-03,0.8808138546751648,1.3241266693046152,0.9000809311503449
2017-07-05,0.8827931814493724,1.3211511491591432,0.9021035540649636
2017-07-06,0.8891271177346082,1.3306302518275637,0.9085760399814852
2017-07-07,0.8911065200152921,1.3335925420363306,0.9105987400542221
2017-07-10,0.8922941613837024,1.3353699161615908,0.9118123600978643
2017-07-11,0.8918982809275656,1.3359623742033442,0.9114078200833169
2017-07-12,0.8895230736972212,1.3395201649946615,0.9138349830124829
2017-07-13,0.8989735089628093,1.3252888887292626,0.9235437118872653
2017-07-14,0.8981859539143311,1.3241278556792289,0.9227346318581704
2017-07-17,0.8942482537773235,1.3183228011512653,0.9186893088708149
2017-07-18,0.8966108438173748,1.321805789579161,0.9162621459416489
2017-07-19,0.8954232525846437,1.3200550133333664,0.917475765985291
2017-07-20,0.8918699797328363,1.3148166909777312,0.9211165489580992
2017-07-21,0.886386319152901,1.306732543487628,0.915453065912554
2017-07-24,0.8816860493284213,1.3136617970310382,0.9203074689290044
2017-07-25,0.8921500333689716,1.298071059160927,0.931229817847429
2017-07-26,0.8971882068402822,1.3054015606792024,0.9364886837203084
2017-07-27,0.8929251597245942,1.2991988617185608,0.9320388978765237
2017-07-28,0.896800643662471,1.3048376594003859,0.9360841437057609
2017-07-31,0.893700212160099,1.300326556723023,0.9393203866640217
2017-08-01,0.9017828106310033,1.2885664415344602,0.9478155726532802
2017-08-02,0.9010130253650575,1.287466487699466,0.9470064926241855
2017-08-03,0.9037072003851044,1.2913162212245746,0.9498381955678988
2017-08-04,0.9052467709169961,1.289116313554586,0.9514563556260883
2017-08-07,0.9071711606710972,1.2918567400386662,0.953478978540707
2017-08-08,0.9013979179980304,1.300078124031476,0.9474110326387328
2017-08-09,0.9090956238359617,1.2889757920143903,0.9393203866640217
2017-08-10,0.9278882808641359,1.2623303222290068,0.919902928914457
2017-08-11,0.931968719869485,1.256779156220464,0.9158576059271015
2017-08-14,0.9204425763831516,1.272322399868447,0.9271844948600734
2017-08-15,0.9200409779361282,1.2728775270572699,0.926779954845526
2017-08-16,0.9224504920211974,1.2762110919783594,0.929207117774692
2017-08-17,0.90437902148757,1.3012129878447074,0.9110032800687695
2017-08-18,0.8983551979763609,1.309880014835644,0.9170712259707436
2017-08-21,0.9007328262041396,1.3064132260807149,0.9146440630415776
2017-08-22,0.8999361278251455,1.307568748860873,0.915453065912554
2017-08-23,0.9031175164347903,1.3029463271185582,0.9122168229542933
2017-08-24,0.9007144879176009,1.3064132260807146,0.9146440630415776
2017-08-25,0.9082834623157209,1.317391408839195,0.922330091843623
2017-08-28,0.9078851592278522,1.3168137025527296,0.921925628987194
2017-08-29,0.9011128669885079,1.3069910425744073,0.915048603056125
2017-08-30,0.9046982026436335,1.3017908043383999,0.9114078200833169
2017-08-31,0.899076489713051,1.3098800148356438,0.9170712259707436
2017-09-01,0.9002662961509623,1.3081465653545654,0.9182848460143859
2017-09-05,0.8792468362792776,1.2776038977524211,0.8968446881920842
2017-09-06,0.8701252138543318,1.2908582193866647,0.9061488770523192
2017-09-07,0.8736212586467914,1.285671726587887,0.9025080940795109
2017-09-08,0.8787118771797785,1.2931633761487547,0.9077670371105087
2017-09-11,0.8932003998292111,1.3144855266184639,0.9227346318581704
2017-09-12,0.9018152697501135,1.3271636689781092,0.9316343578619763
2017-09-13,0.8998573108187737,1.3242822230254971,0.9296116577892394
2017-09-14,0.9022068615363815,1.3277399581686318,0.9320388978765237
2017-09-15,0.9025984533226494,1.328316247359154,0.9316343578619763
2017-09-18,0.8998550050205383,1.3323536650392633,0.9344660608056897
2017-09-19,0.9045295347898211,1.3254324090194705,0.9393203866640217
2017-09-20,0.9002445615513637,1.3191535179677236,0.9348706008202371
2017-09-21,0.8928432103666141,1.329998924727251,0.9425566296222825
2017-09-22,0.8947592268369188,1.3271447843634365,0.9445793296950195
2017-09-25,0.8805809973108837,1.3061150337862852,0.9296116577892394
2017-09-26,0.8878616406323767,1.295316075227246,0.921925628987194
2017-09-27,0.8730574868472273,1.3169141007533653,0.9372977637494031
2017-09-28,0.8779559219019281,1.3095253339283364,0.9425566296222825
2017-09-29,0.8847384257237251,1.3196418561369547,0.9498381955678988
2017-10-02,0.8775791800183835,1.308963400204164,0.9421521667658534
2017-10-03,0.8730575587171021,1.3157076768776794,0.9470064926241855
2017-10-04,0.8823811123737418,1.3297583783455729,0.9368932237348557
2017-10-05,0.8793331666857175,1.334351667184779,0.9401294666931165
2017-10-06,0.8834952659107791,1.328035853963629,0.9445793296950195
2017-10-09,0.8797115459033101,1.3337233952840664,0.9405340067076638
2017-10-10,0.8903059474905319,1.349785479863624,0.9518608956406358
2017-10-11,0.8887924306201617,1.3520801102667037,0.9502427355824462
2017-10-12,0.8846303313951002,1.345748495161436,0.9457928725805432
2017-10-13,0.8880356000165203,1.3509287777724444,0.9421521667658534
2017-10-16,0.8872729929829187,1.3520888976908405,0.9413430867367586
2017-10-17,0.8918485624583186,1.3590614717883598,0.9364886837203084
2017-10-18,0.8852993475054508,1.349081318108044,0.9433657096513772
2017-10-19,0.8841605010180995,1.3508167723638367,0.9421521667658534
2017-10-20,0.8811234563704028,1.3554567566696303,0.9453884097241142
2017-10-23,0.8728287097281086,1.3426967168592339,0.9364886837203084
2017-10-24,0.8781072044767825,1.3508167723638367,0.9421521667658534
2017-10-25,0.8815004249331275,1.3455968868175268,0.9457928725805432
2017-10-26,0.8781072044767825,1.3507765858320677,0.9421521667658534
2017-10-27,0.8690583768828036,1.364696235256264,0.9324433607329528
2017-10-30,0.8664190935519079,1.3605517265313527,0.9352751408347845
2017-10-31,0.865294893109754,1.3587863766401478,0.9364886837203084
2017-11-01,0.8630522480849264,1.3623080379045798,0.9340615207911424
2017-11-02,0.8671638233741102,1.355818011284136,0.9385113837930452
2017-11-03,0.8566980277709152,1.3721813716997244,0.9271844948600734
2017-11-06,0.8578193859295289,1.3703852816815685,0.9259708748164311
2017-11-07,0.8645650283659739,1.3596089699520613,0.9186893088708149
2017-11-08,0.866468561724723,1.3626024533156547,0.9207120089435518
2017-11-09,0.8679913157993491,1.3649971258168148,0.922330091843623
2017-11-10,0.8695141424863483,1.3673919125076894,0.9239482519018126
2017-11-13,0.864184394306597,1.359010387469057,0.9182848460143859
2017-11-14,0.8626616402319708,1.3614050599702172,0.919902928914457
2017-11-15,0.8619029054969902,1.3626024533156544,0.9207120089435518
2017-11-16,0.8649324382732811,1.3673919125076894,0.9239482519018126
2017-11-17,0.8626603067485027,1.3637998466610919,0.9215210889726466
2017-11-20,0.8607668036197216,1.3608063632974985,0.9194983888999096
2017-11-21,0.8592520011166966,1.3632011499883734,0.9211165489580992
2017-11-22,0.8641576680814116,1.3709839783542874,0.9263754148309786
2017-11-24,0.8732143338457954,1.3853523559303922,0.9360841437057609
2017-11-27,0.8667991865990259,1.3751747408736037,0.929207117774692
2017-11-28,0.861516077587816,1.3835563801019506,0.9348706008202371
2017-11-29,0.8566698480717864,1.3913392084678644,0.9401294666931165
2017-11-30,0.8566698480717864,1.3913392084678644,0.9401294666931165
2017-12-01,0.8504033273762089,1.381161593411076,0.9332524407620475
2017-12-04,0.8496660731041559,1.3823589867565131,0.9340615207911424
2017-12-05,0.8551857606745976,1.3733787650451619,0.9279935748891681
2017-12-06,0.8637600396650255,1.3596089699520613,0.9186893088708149
2017-12-07,0.8584351814209745,1.3679906091804082,0.92435279191636
2017-12-08,0.8456619609484429,1.3476353790668312,0.9381068437784978
2017-12-11,0.8474852663337296,1.3505409736868133,0.9401294666931165
2017-12-12,0.8482146163097011,1.351703255871338,0.9409385467222112
2017-12-13,0.8460266359364288,1.3551899915835826,0.9433657096513772
2017-12-14,0.8416731927980499,1.3482165201590934,0.9385113837930452
2017-12-15,0.8442127820249573,1.3441485325132565,0.9356796036912135
2017-12-18,0.8321682440323896,1.3633257451925966,0.949029115538804
2017-12-19,0.8264927624781507,1.3540277093990578,0.9425566296222825
2017-12-20,0.8229456372495592,1.3482165201590934,0.9385113837930452
2017-12-21,0.8176248817495949,1.3569334148603698,0.9445793296950195
2017-12-22,0.8200759948660031,1.3610012916648766,0.9417476267513061
2017-12-26,0.8193715133091405,1.3621704519803188,0.9425566296222825
2017-12-27,0.820778124851433,1.3645088841191018,0.9409385467222112
2017-12-28,0.8190137964062595,1.3674420054646288,0.9429611696368299
2017-12-29,0.8190137964062595,1.3674420054646288,0.9429611696368299
2018-01-02,0.8256896034540078,1.3785880679821638,0.9506472755969936
2018-01-03,0.8246355074940215,1.3768281280400034,0.9494336555533514
2018-01-04,0.8105811627585341,1.400293546369847,0.9656149475027737
2018-01-05,0.8112602766118634,1.4014667277732133,0.9664239503737501
2018-01-08,0.8088832162001144,1.3973603131329129,0.9635922474300367
2018-01-09,0.8051477985416295,1.390907311903065,0.9680421104319397
2018-01-10,0.7923623625267071,1.3688202410929162,0.9834142451941488
2018-01-11,0.8024665758514141,1.3862754514528273,0.9959547541707628
2018-01-12,0.812570727007824,1.403730554415886,1.0084951859892586
2018-01-16,0.8115928818630241,1.402041309330357,1.0072815659456162
2018-01-17,0.8161560970371262,1.4099243456659738,1.0129450489911616
2018-01-18,0.8138745205342237,1.4059828811965913,1.0157767519348748
2018-01-19,0.8106333334294369,1.4115820902504566,1.019821997764112
2018-01-22,0.8009867274573309,1.4283800378062528,1.0319579667261787
2018-01-23,0.7991028083886056,1.4250204910143203,1.0295308037970128
2018-01-24,0.7925090617037135,1.4367789581851171,1.0380259126281528
2018-01-25,0.7925090617037135,1.4367789581851171,1.0380259126281528
2018-01-26,0.7977595138375572,1.4462977630939815,1.044902938559222
2018-01-29,0.80424533528665,1.4345392959231846,1.0364078297280817
2018-01-30,0.813662763587521,1.4177413483673886,1.024271860766015
2018-01-31,0.8133414044261239,1.4183012906323886,1.0246764007805624
2018-02-01,0.806919418563296,1.4294999223362528,1.0327670467552734
2018-02-02,0.826199533118311,1.3953441917577276,1.0080906459747112
2018-02-05,0.8586905107175464,1.340471131364541,0.968446650446487
2018-02-06,0.8439844551404979,1.3634282302392022,0.9850324052523383
2018-02-07,0.8523029796944094,1.3499899362734056,0.975323676377556
2018-02-08,0.8713923358823167,1.319753694751813,0.953478978540707
2018-02-09,0.8676952816979179,1.325353010603745,0.9575243015280626
2018-02-12,0.8570644929238292,1.3415909090964742,0.9692556533174634
2018-02-13,0.855991417400088,1.3399111890995414,0.9680421104319397
2018-02-14,0.8391792413330296,1.3662278347661347,0.9870550281669569
2018-02-15,0.834708167586349,1.3735069774130666,0.9923139711979546
2018-02-16,0.833006725985912,1.370707266088067,0.9902912711252176
2018-02-20,0.8408331626378399,1.3578289143872704,0.9809870822649828
2018-02-21,0.8411799058987807,1.3572689721222704,0.9805825422504354
2018-02-22,0.8394447591023247,1.36006868344727,0.9826052423231723
2018-02-23,0.8429006336126267,1.365667892501135,0.9866504881524095
2018-02-26,0.8397902938200902,1.370707266088067,0.9902912711252176
2018-02-27,0.8511109939047274,1.352229598535338,0.9769417592776272
2018-02-28,0.8588643619049416,1.3399111890995412,0.9680421104319397
2018-03-01,0.8664014436241169,1.3281526151306773,0.9595469244426811
2018-03-02,0.8693235368532561,1.323673183808745,0.9563106814844203
2018-03-05,0.8704266944502508,1.3219934638118123,0.9550971385988966
2018-03-06,0.8623160095644352,1.3343118732476091,0.9639967874445841
2018-03-07,0.8626778793710539,1.334871815512609,0.9644013274591314
2018-03-08,0.861230400144579,1.3326320464526094,0.9627831674009419
2018-03-09,0.8586973114982478,1.3365516423076087,0.9656149475027737
2018-03-12,0.8558194012765797,1.341031073629541,0.9688511904610344
2018-03-13,0.8651101416993419,1.3264728951337443,0.9583333815571573
2018-03-14,0.8658405173202756,1.3253530106037446,0.9575243015280626
2018-03-15,0.8640115623079146,1.328152615130677,0.9595469244426811
2018-03-16,0.8607332665787223,1.3331919887176094,0.9631877074154893
2018-03-19,0.8567568052146403,1.3270328373987443,0.9587379215717047
2018-03-20,0.8553108380688276,1.3292724996606768,0.9603560044717759
2018-03-21,0.8585533867915922,1.3242331260737448,0.9567152214989677
2018-03-22,0.883239077042959,1.2861579064382873,0.929207117774692
2018-03-23,0.8943900767810486,1.2699200079455581,0.917475765985291
2018-03-26,0.8723063925393313,1.301276027199084,0.9401294666931165
2018-03-27,0.8876956133379563,1.278318928324423,0.9235437118872653
2018-03-28,0.8806966872828529,1.2883976754982873,0.9308252778328815
2018-03-29,0.8772519747469697,1.2934370490852194,0.9344660608056897
2018-04-02,0.864340035338031,1.2743994392674907,0.9207120089435518
2018-04-03,0.8582638370790008,1.283358301911355,0.9271844948600734
2018-04-04,0.8567660315761849,1.2855979641732875,0.9288025777601445
2018-04-05,0.8507954708646083,1.2945569336152192,0.9352751408347845
2018-04-06,0.844907548574838,1.2855979641732878,0.9288025777601445
2018-04-09,0.8368116992943624,1.2979164804071515,0.9377023037639505
2018-04-10,0.8465588752605778,1.313034601167948,0.948624652682375
2018-04-11,0.8418657599332541,1.3057554585210163,0.9433657096513772
2018-04-12,0.8339235859505252,1.3180739747548802,0.9522654356551832
2018-04-13,0.8335693873174675,1.3186338102218131,0.9526698985116122
2018-04-16,0.83781690448426,1.325353010603745,0.9575243015280626
2018-04-17,0.8406485600914568,1.3298324419256773,0.9607605444863233
2018-04-18,0.8431262503087545,1.3337519309826096,0.9635922474300367
2018-04-19,0.8466658366957491,1.3393512468345414,0.9676375704173923
2018-04-20,0.8448960772582493,1.336551642307609,0.9656149475027737
2018-04-23,0.8420644216510527,1.3410310736295412,0.9688511904610344
2018-04-24,0.8480414993698396,1.3315122687206769,0.9619741645299654
2018-04-25,0.8519643370418556,1.325353010603745,0.9575243015280626
2018-04-26,0.8526842219883803,1.3242331260737452,0.9567152214989677
2018-04-27,0.8537658070284626,1.3225534060768125,0.9555016786134439
2018-04-30,0.8588262776494964,1.3303924909887441,0.9498381955678988
2018-05-01,0.8628496924062277,1.3241598908462118,0.9453884097241142
2018-05-02,0.863957355320839,1.3224600318591664,0.9441747896804721
2018-05-03,0.8650678657631101,1.320760172872121,0.9429611696368299
2018-05-04,0.8672945329076348,1.3173605629696807,0.9405340067076638
2018-05-07,0.8676675713522387,1.3167939433073323,0.9401294666931165
2018-05-08,0.8706543760077473,1.312261094080195,0.9368932237348557
2018-05-09,0.8620079982336898,1.3252930220992583,0.9461974125950906
2018-05-10,0.8568484325678619,1.333225589300486,0.9518608956406358
2018-05-11,0.8586691621324486,1.336058579540578,0.9538835185552543
2018-05-14,0.8557559531552815,1.3315257303134407,0.9506472755969936
2018-05-15,0.8593974817408355,1.3258596417616066,0.946601952609638
2018-05-16,0.8693136235038132,1.3105612350931497,0.9356796036912135
2018-05-17,0.8700652453350675,1.3094281038401032,0.9348706008202371
2018-05-18,0.8768420521523292,1.299229166061132,0.9275890348746207
2018-05-21,0.8730180426217171,1.304895254612966,0.9316343578619763
2018-05-22,0.8661946885504674,1.2946964249056447,0.9389158466494743
2018-05-23,0.8497739867642363,1.2701524924871115,0.9211165489580992
2018-05-24,0.8564915789413524,1.2601117444997962,0.9138349830124829
2018-05-25,0.8674868573989313,1.2439349602101406,0.9021035540649636
2018-05-29,0.913389688649511,1.1781124799290774,0.8543689897201467
2018-05-30,0.8926308527113652,1.2048877369649758,0.8737864474697113
2018-05-31,0.898003212074129,1.197636038353953,0.8685275044387136
2018-06-01,0.8833641120816346,1.2171597031742423,0.882686096315399
2018-06-04,0.8853883658466132,1.2199488589459486,0.8847087963881359
2018-06-05,0.8736479256618941,1.203772074656293,0.8729773674406166
2018-06-06,0.8594784581765863,1.2232957394765822,0.8871359593173019
2018-06-07,0.8626138074754596,1.2188331966372659,0.8838997163590411
2018-06-08,0.8590607011623332,1.2138128226436082,0.880258933386233
2018-06-11,0.8428743614247626,1.2366833679945315,0.8968446881920842
2018-06-12,0.8390724779162616,1.2311051628465326,0.8927993652047287
2018-06-13,0.8367913768171196,1.2277582823158988,0.8903722022755627
2018-06-14,0.8421139702200832,1.2199488589459486,0.8847087963881359
2018-06-15,0.8536656458073913,1.203214243501952,0.8725728274260692
2018-06-18,0.8599978838696346,1.1942891578233192,0.8661003415095476
2018-06-19,0.8945424289560436,1.1463167425041079,0.8313106718396556
2018-06-20,0.8945424289560436,1.1463167425041079,0.8313106718396556
2018-06-21,0.9045543197983469,1.1334869451404999,0.8220064829794206
2018-06-22,0.8929802876272968,1.1479902359671317,0.8325242918832977
2018-06-25,0.8795291985462581,1.165282576170056,0.8199838600648021
2018-06-26,0.8808309488810024,1.1635578955271526,0.8187702400211598
2018-06-27,0.8969330493722323,1.1422873825133402,0.8038026452734981
2018-06-28,0.889710646504736,1.1514854599760265,0.8102751311900197
2018-06-29,0.8808269168488227,1.1629830019795182,0.8183657000066125
2018-07-02,0.8747312552801069,1.1549347116121007,0.8127022941191857
2018-07-03,0.870812591972458,1.1601086438910784,0.8163430770919938
2018-07-05,0.8854843664852737,1.17965458591172,0.8300971289541318
2018-07-06,0.8885050114191356,1.1836787310954289,0.8329288318978452
2018-07-09,0.897566946220721,1.195751166646555,0.8414239407289853
2018-07-10,0.8910941238901026,1.187127982731503,0.8353559948270111
2018-07-11,0.9074919459480958,1.20897338929295,0.8199838600648021
2018-07-12,0.9034626212434519,1.2036054668926626,0.8236246430376102
2018-07-13,0.9025751977543851,1.2024232289806838,0.8244336459085866
2018-07-16,0.8977035673947384,1.1959331752743323,0.8288835089104896
2018-07-17,0.8955130113196946,1.198851464537732,0.8268608859958709
2018-07-18,0.8972655230312159,1.196505321929619,0.8252427259376814
2018-07-19,0.9012240541829181,1.2017840309276364,0.8216019429648732
2018-07-20,0.8954554627139037,1.1940916029723128,0.8268608859958709
2018-07-23,0.8910745485494772,1.1882496454044515,0.8309062089832265
2018-07-24,0.9023538998959848,1.1732086084230933,0.8414239407289853
2018-07-25,0.9058244886361478,1.168696271759258,0.844660183687246
2018-07-26,0.8993171450915126,1.1770920572950658,0.8385922377852719
2018-07-27,0.8967141414773686,1.1804990588139876,0.8410194778725563
2018-07-30,0.9062031499772646,1.1680070448208215,0.8499191267182438
2018-07-31,0.9113789428798461,1.1746781346011876,0.8547734525765758
2018-08-01,0.9053404904042527,1.1668951611790739,0.849110046689149
2018-08-02,0.9200053740744751,1.1857967589485447,0.8353559948270111
2018-08-03,0.9182232405184031,1.1834997634587852,0.8369741548852007
2018-08-06,0.9253240416097981,1.1926520001276038,0.8305016689686792
2018-08-07,0.9185632891199725,1.1839380527785968,0.8365696148706533
2018-08-08,0.9203399631998553,1.1816480940185707,0.8381876977707245
2018-08-09,0.9158982356398871,1.1873509420043713,0.8341424519414873
2018-08-10,0.8892474466774647,1.2219004565119347,0.8098705911754723
2018-08-13,0.8959101227379395,1.2127453816783735,0.8038026452734981
2018-08-14,0.8986154994585814,1.209083258614475,0.8013754051862138
2018-08-15,0.9122239785860964,1.1907731089473526,0.7892395133822655
2018-08-16,0.9047429075626643,1.200538537624897,0.795711999298787
2018-08-17,0.9056628502286278,1.1993178299369307,0.7965210793278819
2018-08-20,0.9015231959623532,1.2047997387621237,0.80016186230069
2018-08-21,0.9151964144452873,1.2230726907283693,0.8122977541046383
2018-08-22,0.9202099684573913,1.2297728273317372,0.8167476171065412
2018-08-23,0.9092713762846034,1.2151544425234215,0.807038888231759
2018-08-24,0.9015231959623532,1.2255091462847196,0.8139159141628278
2018-08-27,0.9145172725912856,1.2078453082075615,0.8256472659522288
2018-08-28,0.9095884406993616,1.201335571700633,0.8211974029503258
2018-08-29,0.914069189195368,1.2072535037182803,0.8252427259376814
2018-08-30,0.9266151824283828,1.2238235779174949,0.8139159141628278
2018-08-31,0.9358261036861784,1.2116582877049067,0.8058252681881167
2018-09-04,0.9306583606041433,1.2049673664863025,0.8102751311900197
2018-09-05,0.9255474664905179,1.198350050314031,0.8147249170338042
2018-09-06,0.9195732660168444,1.206085130034317,0.809466051160925
2018-09-07,0.9324408893531966,1.222961924671986,0.798139162227953
2018-09-10,0.9206258752758127,1.2074657012426093,0.8082524311172827
2018-09-11,0.9169396890159885,1.2123003942451234,0.805016188159022
2018-09-12,0.9178612575523478,1.213518814511293,0.8042071081299271
2018-09-13,0.9058570247998461,1.197647829458737,0.8147249170338042
2018-09-14,0.9049575298679551,1.1988370658650302,0.8139159141628278
2018-09-17,0.9108046329745736,1.2065829806740618,0.8191747800357072
2018-09-18,0.9139530797080405,1.2024120947270356,0.8220064829794206
2018-09-19,0.9260971620703322,1.2183890544156506,0.8329288318978452
2018-09-20,0.9467870039123943,1.2456089594865238,0.851537209618315
2018-09-21,0.9440883475392426,1.2491593573511783,0.849110046689149
2018-09-24,0.9395905297248303,1.2432081227816822,0.8450647237017934
2018-09-25,0.9463372993408187,1.2342812141722588,0.851132746761886
2018-09-26,0.9422892718867214,1.2395609429164667,0.8474919637890778
2018-09-27,0.9481364607820792,1.2472527921147794,0.84223302075808
2018-09-28,0.97272785155754,1.2796022292215217,0.8203884000793494
2018-10-01,0.9794429973283636,1.2884358567198344,0.8147249170338042
2018-10-02,0.9896556159463079,1.3018703333093409,0.8062298082026641
2018-10-03,0.984689939197543,1.2953380940739383,0.8102751311900197
2018-10-04,0.9856730830176703,1.29404478986571,0.8110841340609961
2018-10-05,0.97829898864988,1.303725898704964,0.805016188159022
2018-10-08,0.9886227020114471,1.289968046927098,0.7965210793278819
2018-10-09,0.9896269125782059,1.2886577396269827,0.795711999298787
2018-10-10,0.9991861215857474,1.27621007019145,0.7880258933386233
2018-10-11,0.9796948537944428,1.2513148562781666,0.7726537585764142
2018-10-12,0.9766173057923393,1.255245653220731,0.7750809215055802
2018-10-15,0.979675579134943,1.2513148562781666,0.7726537585764142
2018-10-16,0.9689043241302492,1.265072708056033,0.7811488674075544
2018-10-17,0.9598725748369787,1.276865223841508,0.773867301461938
2018-10-18,0.9834554013331984,1.2454942983433759,0.7548543837269207
2018-10-19,0.9744957285236874,1.2568412505123714,0.7617314096579897
2018-10-22,0.9832936227811688,1.2454942983433759,0.7548543837269207
2018-10-23,0.9901439629094636,1.2368172771832349,0.7495955178540413
2018-10-24,1.021670410160034,1.1974366859678576,0.7257281971025737
2018-10-25,1.0062941826498135,1.2154582110403536,0.7366504688628799
2018-10-26,1.0134780050444196,1.2067811898802123,0.7313916029900005
2018-10-29,1.0056303113095155,1.216125693792567,0.7370550088774273
2018-10-30,1.0133575096184477,1.2254703250142394,0.7427184919229725
2018-10-31,1.019428751885916,1.2328123806699536,0.747168277766757
2018-11-01,1.0409543907712486,1.2067810625708948,0.7629450297016319
2018-11-02,1.0492334340623395,1.1971831467078466,0.769012975603606
2018-11-05,1.0409543907712486,1.2066295966370906,0.7629450297016319
2018-11-06,1.0459218378006525,1.200871545507718,0.76658581267444
2018-11-07,1.0332272977360633,1.186296353178883,0.775890001534675
2018-11-08,1.024069387587505,1.1968109760849743,0.769012975603606
2018-11-09,1.021375824162083,1.1999588939032393,0.7669902755308691
2018-11-12,1.0456172784972508,1.2284388598888234,0.7487864378249466
2018-11-13,1.0275407141598842,1.2072016877973144,0.7617314096579897
2018-11-14,1.0253579945849418,1.2097660462879785,0.7601133267579185
2018-11-15,1.0193553336090186,1.2168482707153496,0.7556634637560156
2018-11-16,1.0231751709272388,1.2214081746878274,0.7528317608123022
2018-11-19,1.0264740378460693,1.2253461739047313,0.7504045207250178
2018-11-20,0.9971462745353599,1.2603559853923847,0.7289644400608345
2018-11-21,0.9810990257407703,1.2400728568446038,0.7406957918502355
2018-11-23,0.9896722479686942,1.250909092435112,0.7342233059337139
2018-11-26,1.0180265197480893,1.2150703423327212,0.7552589237414682
2018-11-27,1.0125737591747046,1.2215785103696408,0.7512136007541126
2018-11-28,1.0256603221491736,1.2373662630734437,0.760922329628895
2018-11-29,1.0147549050051614,1.2505226609249938,0.7528317608123022
2018-11-30,1.0049399567736204,1.2626180103722433,0.7455501948666858
2018-12-03,0.9902175344263086,1.2441205912112991,0.7564725437851103
2018-12-04,0.960034349501458,1.2820430886099143,0.7334142259046191
2018-12-06,0.9404418674092964,1.3082071589559527,0.7184466311569574
2018-12-07,0.9526209888178796,1.2912653209023224,0.7091424422967225
2018-12-10,0.9640329308969197,1.3067340594917338,0.7006472563074639
2018-12-11,0.9707120835555622,1.3157875637734524,0.695792930449132
2018-12-12,0.9447512318162863,1.2805979679682917,0.7144013081696019
2018-12-13,0.9426114179672049,1.2834984577212356,0.7127832252695306
2018-12-14,0.9308420846684381,1.2674728496610754,0.7038834992657248
2018-12-17,0.9420763369589278,1.2827698694230367,0.6953883904345847
2018-12-18,0.950296877202092,1.2939632949668207,0.6893204445326104
2018-12-19,0.9592199499560046,1.3061133176585462,0.6828478814579706
2018-12-20,0.9643341748722698,1.2991495787653533,0.6792071756432807
2018-12-21,0.9781186780260606,1.280579116437697,0.66949836961038
2018-12-24,0.988165823497621,1.2674251250461235,0.6626213436793111
2018-12-26,0.9670511450544186,1.2945068893915679,0.6767799355559964
2018-12-27,0.9699412718191672,1.2906381291638225,0.6747573126413778
2018-12-28,0.9583113473104762,1.306113317658546,0.6828478814579706
2018-12-31,0.9622854784139939,1.3115297885946289,0.6856796615598023
2019-01-02,0.9577437225796884,1.3053396836799909,0.6824434186015416
2019-01-03,0.9634209444435706,1.313077351719224,0.678398095614186
2019-01-04,0.9272280780215887,1.2637489315031247,0.7038834992657248
2019-01-07,0.9282938818387344,1.2622963132455072,0.7046925792948195
2019-01-08,0.9341557011923889,1.254325396810754,0.7091424422967225
2019-01-09,0.9405503208139699,1.245739104628353,0.7139967681550545
2019-01-10,0.9469450420761972,1.2372694309030166,0.7188511711715049
2019-01-11,0.9496095516190614,1.2407508538570953,0.7168284710987679
2019-01-14,0.9474659143205177,1.2379499976483586,0.7184466311569574
2019-01-15,0.9490664001108617,1.2400411772364004,0.7172330111133153
2019-01-16,0.9351488881185428,1.2218566877706045,0.7277508200171924
2019-01-17,0.9330696758617301,1.2245733668294787,0.7261327371171211
2019-01-18,0.9211139327307392,1.2088824865044432,0.7354369259773561
2019-01-22,0.906927324957695,1.2275011840079082,0.7241100370443843
2019-01-23,0.8973006948031881,1.2144718049303567,0.731796143004548
2019-01-24,0.8953165682695952,1.2171572656086096,0.7301779829463584
2019-01-25,0.8824200296263224,1.199624790205859,0.7406957918502355
2019-01-28,0.876154935872036,1.2081420059628365,0.7354369259773561
2019-01-29,0.8785646580248393,1.2114648047468246,0.7334142259046191
2019-01-30,0.8708111062619167,1.2007733263373916,0.7398867889792591
2019-01-31,0.8579560277738232,1.2184993696152935,0.7289644400608345
2019-02-01,0.8593844000985186,1.2205279943010285,0.7277508200171924
2019-02-04,0.8608175364199977,1.2225633849827937,0.7265371999735502
2019-02-05,0.8545866230073308,1.2137140222885745,0.731796143004548
2019-02-06,0.8560038803468569,1.2117011834962692,0.7330097630481901
2019-02-07,0.8413591581526172,1.190971105488277,0.720469254071576
2019-02-08,0.8465555881880813,1.1836153906737878,0.7160194682277914
2019-02-11,0.8460773884930758,1.1842839876646074,0.7164239310842205
2019-02-12,0.8561099745984523,1.170241027480285,0.724919117073479
2019-02-13,0.8541989711034617,1.167628822553523,0.7233009570152894
2019-02-14,0.8470328902405709,1.1578333031917385,0.7172330111133153
2019-02-15,0.8255345565302369,1.1872199858338788,0.7354369259773561
2019-02-19,0.8264427561316215,1.1885260882972597,0.7362460060064508
2019-02-20,0.830983580917183,1.1950563515005916,0.7402912518356881
2019-02-21,0.8219018447353791,1.181995700537141,0.7322006830190954
2019-02-22,0.8255345565302369,1.1767714152404036,0.7354369259773561
2019-02-25,0.8318917805185677,1.167709408797946,0.7411003318647829
2019-02-26,0.8396113039089756,1.1568736723409803,0.7479773577958518
2019-02-27,0.8473308272993837,1.1462371869437427,0.7548543837269207
2019-02-28,0.8532340380977033,1.1382515460094127,0.7601133267579185
2019-03-01,0.8564126500918688,1.1340111385069302,0.7629450297016319
2019-03-04,0.8500553394928569,1.142429114385094,0.7572815466560867
2019-03-05,0.8468767274986915,1.1467009996574515,0.7544498437123733
2019-03-06,0.8473308272993838,1.1473158668258245,0.754045303697826
2019-03-07,0.8241474083073582,1.1787070349503193,0.7334142259046191
2019-03-08,0.826420256820775,1.1754563755353453,0.7313916029900005
2019-03-11,0.8145358842083474,1.1585526737671235,0.7419094118938776
2019-03-12,0.813203461328285,1.1604478414573538,0.7406957918502355
2019-03-13,0.8247508721551468,1.176926089037074,0.7512136007541126
2019-03-14,0.8296363380041492,1.1838976878663858,0.7556634637560156
2019-03-15,0.8407396078709901,1.1997421427449326,0.7657767326453453
2019-03-18,0.8469574118888286,1.2086149987941674,0.771440138532772
2019-03-19,0.8465132709288078,1.209248791495341,0.7710355985182247
2019-03-20,0.8376307058620709,1.2219375837933575,0.7629450297016319
2019-03-21,0.8451809327599719,1.2329518720090904,0.7560680037705629
2019-03-22,0.8682436645329693,1.2665958377103803,0.7354369259773561
2019-03-25,0.866333384837931,1.269382558085587,0.7370550088774273
2019-03-26,0.8687107728683591,1.2728659917757148,0.7350323859628087
2019-03-27,0.8777947304959619,1.2595558532393536,0.7427184919229725
2019-03-28,0.8658421882667279,1.2767066676642889,0.7326052230336427
2019-03-29,0.8682326602363105,1.2731818550092944,0.7346278459482614
2019-04-01,0.8883129348290503,1.2437360135592364,0.75161814076866
2019-04-02,0.8945282166643614,1.2524380931416805,0.7568770066415393
2019-04-03,0.9074369841576927,1.2705117903632668,0.7677993555599638
2019-04-04,0.909349434685887,1.2731894318821573,0.7694175156181534
2019-04-05,0.9083932094217898,1.2718506111227121,0.7686084355890587
2019-04-08,0.9098275473179356,1.27385884226188,0.7673948155454164
2019-04-09,0.9107867056064243,1.2752017695787345,0.76658581267444
2019-04-10,0.9103060683952422,1.275874714647489,0.7661812726598927
2019-04-11,0.9011742363993063,1.2630756419547593,0.773867301461938
2019-04-12,0.9167198423744252,1.2412870960182343,0.7872168133095285
2019-04-15,0.9204885612544089,1.236184051556878,0.7904531334259076
2019-04-16,0.9284968193207639,1.2254292401240354,0.7973300821988583
2019-04-17,0.9379184368183161,1.212994598097786,0.8054207281735694
2019-04-18,0.9313233584807517,1.221523905213909,0.7997573222861426
2019-04-22,0.9308522686207537,1.2221417867694948,0.7993527822715952
2019-04-23,0.9365052570895258,1.2295637522743426,0.7944983792551449
2019-04-24,0.9503334446735465,1.2477191636660552,0.7827670274657439
2019-04-25,0.9513157239266156,1.2490088253684768,0.7819579474366491
2019-04-26,0.9493471000226934,1.2464241643900151,0.7835761074948387
2019-04-29,0.9606196549513615,1.23162411406367,0.7928802963550736
2019-04-30,0.9591492851200957,1.2297389320028569,0.7916666763114315
2019-05-01,0.9527778694808571,1.2215700494471424,0.7864078104385521
2019-05-02,0.9527778694808571,1.2215700494471424,0.7864078104385521
2019-05-03,0.9625800545782593,1.2341375702908497,0.7944983792551449
2019-05-06,0.9493471000226935,1.2171714111591496,0.7835761074948387
2019-05-07,0.9714021800843976,1.1888942795164756,0.7653721926307978
2019-05-08,0.9703753043869361,1.1901510675570175,0.7661812726598927
2019-05-09,0.9790851180684566,1.1794686089202189,0.7593042467288237
2019-05-10,0.9717824374291091,1.1882658854962045,0.7649676526162504
2019-05-13,0.9974773725235189,1.1568469036060798,0.7447411148375911
2019-05-14,0.9877247254323562,1.1681577562631493,0.7520226807832073
2019-05-15,0.9855994963281819,1.1706712124903291,0.7536407636832786
2019-05-16,0.9739605751212921,1.1844956412284828,0.7625404896870844
2019-05-17,0.9625933331527434,1.1706712124903293,0.7536407636832786
2019-05-20,0.9693102591380602,1.1625023299346149,0.7483818978103992
2019-05-21,0.9619749702375576,1.1712996065106005,0.754045303697826
2019-05-22,0.9501051306430179,1.1568469036060802,0.7447411148375911
2019-05-23,0.9614588774158852,1.1430225947218309,0.7358414659919035
2019-05-24,0.9477161879794247,1.1593604796871644,0.7463592748957806
2019-05-28,0.9348745057465015,1.143650988742102,0.7362460060064508
2019-05-29,0.9302514923047084,1.1379955624135671,0.7326052230336427
2019-05-30,0.9246012187447191,1.1449076569287397,0.7370550088774273
2019-05-31,0.9124220700489416,1.1298265600039483,0.727346280002645
2019-06-03,0.9124220700489416,1.1298265600039483,0.727346280002645
2019-06-04,0.8890786291219156,1.1587320856668935,0.7459547348812332
2019-06-05,0.8847393010326448,1.1530766593383586,0.7423139519084251
2019-06-06,0.8832928276821564,1.1511914772775456,0.7411003318647829
2019-06-07,0.8755784870706071,1.161245541894073,0.7475728177813045
2019-06-10,0.879842675349342,1.166900968222608,0.7512136007541126
2019-06-11,0.8841068636280768,1.1725563945511426,0.7548543837269207
2019-06-12,0.8746308695931602,1.159988753853531,0.7467637377522096
2019-06-13,0.875104587962107,1.1593604796871644,0.7463592748957806
2019-06-14,0.8836422078201133,1.1480496270300948,0.7390777089501642
2019-06-17,0.9170145986266302,1.1046913984626294,0.7111650652113412
2019-06-18,0.907625354694902,1.116002251119699,0.7184466311569574
2019-06-19,0.8963822830596165,1.1298265600039483,0.727346280002645
2019-06-20,0.8978779496154184,1.1317117420647613,0.7285599000462871
2019-06-21,0.8963822830596165,1.1298265600039483,0.727346280002645
2019-06-24,0.8958837275410159,1.1304549540242192,0.7277508200171924
2019-06-25,0.8904058088035316,1.1235427396551423,0.7233009570152894
2019-06-26,0.8849278900660473,1.1304549540242192,0.7277508200171924
2019-06-27,0.8883711742813987,1.134853592312212,0.7305825229609058
2019-06-28,0.8927982807932668,1.140509018640747,0.7342233059337139
2019-07-01,0.8957496538603595,1.1442792629084686,0.7366504688628799
2019-07-02,0.9011605826687448,1.1511914772775456,0.7411003318647829
2019-07-03,0.9100147956924812,1.1625023299346153,0.7483818978103992
2019-07-05,0.9114905291372567,1.1643875119954283,0.7495955178540413
2019-07-08,0.9041119557358376,1.1549617215452674,0.7435274947939489
2019-07-09,0.9075552399511889,1.1505630832572746,0.7406957918502355
2019-07-10,0.9060682229571193,1.1524482653180876,0.7419094118938776
2019-07-11,0.9095264835116029,1.1568469036060802,0.7447411148375911
2019-07-12,0.909032432828029,1.1574752976263514,0.7451456548521385
2019-07-15,0.909032432828029,1.1574752976263514,0.7451456548521385
2019-07-16,0.9080454043425089,1.1562185095858093,0.7443365748230436
2019-07-17,0.9149544154847153,1.147421233009824,0.7386731689356169
2019-07-18,0.912449102114179,1.1505630832572746,0.7406957918502355
2019-07-19,0.9224157204391629,1.1379955624135674,0.7326052230336427
2019-07-22,0.9234344248033497,1.1367387743730253,0.731796143004548
2019-07-23,0.9167983994172331,1.14490765692874,0.7370550088774273
2019-07-24,0.9137793315569205,1.141137412661018,0.7346278459482614
2019-07-25,0.9238430190572114,1.1285697719634065,0.7265371999735502
2019-07-26,0.9212711121267424,1.1254279217159557,0.7245145770589316
2019-07-29,0.9233286180487256,1.122914465488776,0.7228964941588604
2019-07-30,0.9414128571848237,1.1009211541949078,0.7087379022821751
2019-07-31,0.9478609353797777,1.0933805458055599,0.7038834992657248
2019-08-01,0.9516741524870771,1.088981907517567,0.7010517963220114
2019-08-02,0.9406911428272323,1.0764142668199554,0.6929611503473002
2019-08-05,0.9621078964480125,1.0519074992989075,0.6771844755705437
2019-08-06,0.9552110173210464,1.0594481076882554,0.6820388785869941
2019-08-07,0.9603100169770575,1.0537926813597205,0.678398095614186
2019-08-08,0.9534384503002578,1.0613331698951638,0.683252421472518
2019-08-09,0.9432774545499824,1.0500223172380942,0.6759708555269016
2019-08-12,0.9573899247210086,1.034312826293032,0.6658575866375719
2019-08-13,0.9469202717315035,1.0456236789501014,0.6731391525831882
2019-08-14,0.9787877516539809,1.0104344527922549,0.6504854518753628
2019-08-15,0.9781790388685507,1.0110628468125258,0.6508899918899101
2019-08-16,0.959940818695384,1.0299141880050389,0.6630258836938585
2019-08-19,0.9575980174122959,1.0324277640861228,0.6646440437520481
2019-08-20,0.9511867962053422,1.025515549717046,0.6601941807501451
2019-08-21,0.9453584233960175,1.0317993700658519,0.6642395037375006
2019-08-22,0.9511158047922398,1.025515549717046,0.6682848267248562
2019-08-23,0.9361466570872288,1.0093754607182588,0.6577670178209791
2019-08-26,0.9292378872620953,1.0019262617359772,0.6626213436793111
2019-08-27,0.9235649705598596,1.0080429346595894,0.6585760978500739
2019-08-28,0.9201610906937779,1.0043277038325111,0.6561488577627895
2019-08-29,0.9105169808144471,1.0148539549732911,0.6630258836938585
2019-08-30,0.911628070326103,1.016092365248984,0.6638349637229533
2019-09-03,0.9055171839713233,1.009281226833978,0.6593851007210503
2019-09-04,0.8877400696628119,1.0290954369411496,0.6723301497122118
2019-09-05,0.904298368916413,1.0482903238091708,0.6848705815307075
2019-09-06,0.9064348743625011,1.0507670262592521,0.6864886644307787
2019-09-09,0.92352742732643,1.0705812363664238,0.6994337134219402
2019-09-10,0.9384832710861812,1.0879185078209057,0.7107605251967937
2019-09-11,0.9427563838574023,1.0928720308223727,0.7139967681550545
2019-09-12,0.9475636484599066,1.098444758961686,0.7176375511278626
2019-09-13,0.9310053492063057,1.079249872093665,0.7301779829463584
2019-09-16,0.9165632233162728,1.0625081181038876,0.7188511711715049
2019-09-17,0.9227527761117185,1.055332999219236,0.7139967681550545
2019-09-18,0.9232755941945461,1.0547350631417944,0.713592228140507
2019-09-19,0.9149012200844686,1.064301812291566,0.7200647140570287
2019-09-20,0.9143873168843786,1.0637039902587702,0.7196602512005996
2019-09-23,0.906677396383067,1.0547350631417944,0.713592228140507
2019-09-24,0.9169571269919632,1.042776683726903,0.7055016593239143
2019-09-25,0.9180087073662692,1.0415808115720202,0.7046925792948195
2019-09-26,0.9148468226400235,1.045168313992023,0.7071197422239855
2019-09-27,0.9174637213407685,1.04815799437923,0.7091424422967225
2019-09-30,0.9211272796973333,1.0523434328766745,0.7119741452404359
2019-10-01,0.906996326186745,1.036199500919693,0.7010517963220114
2019-10-02,0.9305479153710589,1.009292947658057,0.6828478814579706
2019-10-03,0.9250351694504756,1.0152721943878256,0.6868932044453261
2019-10-04,0.9217664190378826,1.018859810852474,0.6893204445326104
2019-10-07,0.922848329210501,1.0176639386975912,0.6885113645035157
2019-10-08,0.9364036803325618,1.0027158788954926,0.678398095614186
2019-10-09,0.9291447841334485,1.0104888198129398,0.6836569614870653
2019-10-10,0.9099021192678978,1.031416126344807,0.6978155533637506
2019-10-11,0.9462982322090575,1.0726728033311,0.7257281971025737
2019-10-14,0.9383860599893432,1.06370399025877,0.7196602512005996
2019-10-15,0.960540101961052,1.0888166212434358,0.7366504688628799
2019-10-16,0.9642325428983985,1.0846310687013456,0.7394822489647117
2019-10-17,0.9695072573057226,1.0905644082954575,0.7435274947939489
2019-10-18,0.9742545807592968,1.095904504467117,0.747168277766757
2019-10-21,0.9874415679950636,1.0810709291394403,0.7572815466560867
2019-10-22,0.9805843789003053,1.0885783179574005,0.7520226807832073
2019-10-23,0.9869140764325853,1.0815515167548402,0.7568770066415393
2019-10-24,0.9869140764325853,1.0815515167548402,0.7568770066415393
2019-10-25,0.9837492276664452,1.0850198500829973,0.7544498437123733
2019-10-28,0.981639261416533,1.0826926764499458,0.7560680037705629
2019-10-29,0.977962726009195,1.0867476874063022,0.7532363008268496
2019-10-30,0.984265429691829,1.0937514805666617,0.7483818978103992
2019-10-31,0.9895858036613775,1.0996636732850262,0.7443365748230436
2019-11-01,0.97990505635977,1.0889060754108022,0.75161814076866
2019-11-04,0.9904530520371075,1.077184759654837,0.7597087867433711
2019-11-05,0.9909804618802885,1.0766111657383983,0.7601133267579185
2019-11-06,0.9915077711303277,1.0771840398244446,0.7605177896143476
2019-11-07,0.9983639984985397,1.0697353652810004,0.7657767326453453
2019-11-08,0.9920351809735088,1.0629541112122265,0.760922329628895
2019-11-11,0.9915077711303278,1.062388997724464,0.7613268696434423
2019-11-12,0.9904540724257366,1.0612599718678153,0.7621359496725371
2019-11-13,0.9767853737292419,1.0759058228950966,0.75161814076866
2019-11-14,0.9773111044798249,1.0764849027943664,0.7512136007541126
2019-11-15,0.9736271260099182,1.0724270882592652,0.754045303697826
2019-11-18,0.974149470131403,1.0718517386512805,0.7544498437123733
2019-11-19,0.974149470131403,1.0718517386512805,0.7544498437123733
2019-11-20,0.9663145075630395,1.0804725083674878,0.7483818978103992
2019-11-21,0.9673591958060093,1.0816406134901049,0.7475728177813045
2019-11-22,0.961077598500146,1.0746169238481713,0.7524272207977548
2019-11-25,0.9672780438180553,1.0676839732889045,0.7572815466560867
2019-11-26,0.9641778211591007,1.0642619396060895,0.7548543837269207
2019-11-27,0.9600441580957274,1.068824687444673,0.7580906266851816
2019-11-29,0.9513351088900085,1.0785205401997238,0.7512136007541126
2019-12-02,0.9579949240648024,1.0860707161501622,0.7459547348812332
2019-12-03,0.9652682715702956,1.0943164484976602,0.7402912518356881
2019-12-04,0.9504991027121105,1.0775727670899424,0.75161814076866
2019-12-05,0.9494759370912137,1.0787327212720716,0.7508090607395652
2019-12-06,0.9581726497199484,1.088613359752344,0.7576860866706341
2019-12-09,0.9556148332421506,1.0857073352583875,0.7556634637560156
2019-12-10,0.956126416052599,1.0862885623287246,0.7560680037705629
2019-12-11,0.9602189809617422,1.0816388566237567,0.7593042467288237
2019-12-12,0.980681805507458,1.0585885039607088,0.7754854615201275
2019-12-13,0.9944942486662327,1.0436787815029505,0.7864078104385521
2019-12-16,1.0001214644322771,1.0377732614842716,0.7908575962823367
2019-12-17,0.9955173167126855,1.042550742585558,0.7872168133095285
2019-12-18,0.9975635503800351,1.0446936509946687,0.7855987304094573
2019-12-19,0.9996183112016183,1.0468454894252155,0.7839805703512678
2019-12-20,1.0011656450714546,1.048465927410516,0.7827670274657439
2019-12-23,1.0032352854646265,1.0506333484011536,0.7811488674075544
2019-12-24,1.0032352854646265,1.0506333484011536,0.7811488674075544
2019-12-26,1.008430723788035,1.0451924504969234,0.7851941903949099
2019-12-27,1.0110283934023674,1.0425000844218533,0.7872168133095285
2019-12-30,1.0053135004318876,1.0483928728371594,0.7827670274657439
2019-12-31,1.012587054627813,1.0408076346244755,0.7884304333531706
2020-01-02,1.0286928242451097,1.0242530007265074,0.8009708651716664
2020-01-03,1.0089502775298502,1.0439103388924722,0.7855987304094573
2020-01-06,1.008430723788035,1.0433727826473627,0.7860032704240046
2020-01-07,1.0136208141370164,1.0487427092886954,0.7819579474366491
2020-01-08,1.0073282456506756,1.0422321037143927,0.7868123504530995
2020-01-09,1.010953575574452,1.0384811563450218,0.7896440533968129
2020-01-10,0.9985238306431471,1.0257129578824955,0.7799353245220305
2020-01-13,0.9980059122564887,1.0251809369291458,0.7803398645365779
2020-01-14,1.0011102006155288,1.0283697529565212,0.7779126244492935
2020-01-15,1.0115221038505569,1.0390651652608107,0.7698220556327008
2020-01-16,1.0035490127187736,1.0308749722606292,0.775890001534675
2020-01-17,1.0051186292394796,1.0292626161457454,0.7771035444201988
2020-01-21,0.9946541531769381,1.0185467725672859,0.769012975603606
2020-01-22,0.9925612978834665,1.0206899004050447,0.7706310585036772
2020-01-23,0.9878720237711316,1.0255120657835433,0.7669902755308691
2020-01-24,0.9930822400039442,1.0201033291420363,0.7629450297016319
2020-01-27,1.015724109168676,1.0433612680946547,0.7455501948666858
2020-01-28,0.9986392515358377,1.0609109930289229,0.7580906266851816
2020-01-29,0.9965076354829634,1.058646456661127,0.7597087867433711
2020-01-30,1.001283239102203,1.0637198506522085,0.7633495697161793
2020-01-31,1.0182632193084227,1.081758644575527,0.7504045207250178
2020-02-03,1.0193609977000486,1.080592412463386,0.7495955178540413
2020-02-04,1.0023074977982784,1.0625145355960386,0.7621359496725371
2020-02-05,1.0166718014624863,1.077741680429797,0.7730582985909615
2020-02-06,1.0273119474755539,1.0890209633091354,0.7811488674075544
2020-02-07,1.0257159813836998,1.0907127965785046,0.7799353245220305
2020-02-10,1.028908015040328,1.0873184924830404,0.7823624874511965
2020-02-11,1.0198638351191143,1.0777608800104677,0.7892395133822655
2020-02-12,1.0271821494587432,1.0700271094508416,0.7949029192696923
2020-02-13,1.0235229922889288,1.073838894314418,0.7920712163259789
2020-02-14,1.0240457432709815,1.0743873434853681,0.7916666763114315
2020-02-18,1.0339879630540698,1.0848183180500202,0.7839805703512678
2020-02-19,1.0318537800325271,1.0825792196092585,0.7855987304094573
2020-02-20,1.0414178374255734,1.092613441501178,0.7783171644638409
2020-02-21,1.0468306327608554,1.0982923272729483,0.7742718414764854
2020-02-24,1.0916791608052605,1.14534558756086,0.7411003318647829
2020-02-25,1.125049234889055,1.1803561185672964,0.7184466311569574
2020-02-26,1.1206149386002304,1.1757038343883106,0.7212783341006708
2020-02-27,1.165866872968116,1.2231803322621186,0.6921521474763238
2020-02-28,1.1767691824434807,1.2117420704539321,0.6856796615598023
2020-03-02,1.1663553228258075,1.2224654238547525,0.6917476074617764
2020-03-03,1.1922744022754186,1.2496313979153229,0.676375395541449
2020-03-04,1.161611819865967,1.2817690716311134,0.6937702303763951
2020-03-05,1.210379151136592,1.3355809009011432,0.6646440437520481
2020-03-06,1.220692744517898,1.324200468309589,0.6589806378646212
2020-03-09,1.361570800660099,1.1713767632815693,0.5829288126083155
2020-03-10,1.291649767244502,1.2315307220532739,0.6128640792617573
2020-03-11,1.3564453389702664,1.1697510204213684,0.58211977115828
2020-03-12,1.5543977824253612,0.9990437563142254,0.4971682970562866
2020-03-13,1.435509802949056,1.0754555313048524,0.5351941711053804
2020-03-16,1.6503479625151933,0.9145030344524456,0.45509710001983733
2020-03-17,1.5769991641811847,0.9551476137614433,0.4753236377984968
2020-03-18,1.6937641933185803,0.8844260550665934,0.4401294666931165
2020-03-19,1.6548449797270641,0.9047483447210922,0.4502427355824462
2020-03-20,1.6370030025353826,0.8949936549897387,0.44538837114505503
2020-03-23,1.6280819430418267,0.8901162713623706,0.44296116963682985
2020-03-24,1.8228571088596879,0.9966051032622327,0.4959547155917036
2020-03-25,1.9195011874301544,1.0494430253545763,0.5222491992723373
2020-03-26,2.0012770225719345,1.09415207809915,0.5444983985446744
2020-03-27,1.9105802697320287,1.0445657192505908,0.5198220363431713
2020-03-30,1.9328828475682032,1.032372298943862,0.5137540518621379
2020-03-31,1.9587560945358238,1.0185531357769322,0.506877025931069
2020-04-01,2.0822530835972715,0.9543347035696513,0.4749190977839494
2020-04-02,2.08580027523887,0.9527089607094504,0.4741100563339138
2020-04-03,2.1196145377988977,0.937263977158937,0.46642395037375006
2020-04-06,1.9780617015294815,0.999856666506017,0.497572837070834
2020-04-07,2.0198744240632145,1.0209918663523077,0.5080906459747111
2020-04-08,2.024698921780794,1.0234305194043003,0.5093042274392942
2020-04-09,2.0681197079750415,1.045378551919,0.5202265377786595
2020-04-13,2.0472133467081752,1.0559461518421454,0.5149676333267209
2020-04-14,2.066511644314527,1.045992151138067,0.5198220363431713
2020-04-15,1.9507226255165036,1.1046002916650877,0.49069581113976507
2020-04-16,1.9651962720372587,1.1127960207549938,0.4870550281669569
2020-04-17,1.8917462761579216,1.0712048248515613,0.5052589044519386
2020-04-20,1.8432788428393705,1.0437600511663458,0.49231393261889544
2020-04-21,1.8856878469931027,1.0197458741917824,0.4809870822649827
2020-04-22,1.861898742741732,1.0326105914087578,0.4870550281669569
2020-04-23,1.8649915211169323,1.0308953339493705,0.4862459867169213
2020-04-24,1.8432695856167354,1.0429023815407135,0.4919093926043481
2020-04-27,1.8963242785618757,1.0729201641028259,0.5060679844810333
2020-04-28,1.9463472086816211,1.1012226074136735,0.5194174963286239
2020-04-29,2.055488212834888,1.1629734299972854,0.54854372153203
2020-04-30,1.9827274952119072,1.1218061876775849,0.5291262252034061
2020-05-01,2.038813806420034,1.1535392276990846,0.5141585918766852
2020-05-04,2.0484384864781275,1.1589847695951143,0.5117313903684602
2020-05-05,2.0662509399984406,1.1489066723149477,0.5072815659456164
2020-05-06,2.0942623290343834,1.1333313754614935,0.5004045400145474
2020-05-07,2.139973872506313,1.1580686424787523,0.5113268889329718
2020-05-08,2.180606247953334,1.1800572660218558,0.5210356178077542
2020-05-11,2.1467459350808165,1.1617334130692696,0.5129450104121023
2020-05-12,2.1839923599699396,1.181889695004626,0.5040453229873556
2020-05-13,2.120891517484562,1.1477420318321212,0.48948222967518207
2020-05-14,2.120891517484562,1.1477420318321212,0.48948222967518207
2020-05-15,2.136666769895983,1.1392050934238698,0.4858414467023739
2020-05-18,2.01213169055489,1.2056033726006576,0.5141585918766852
2020-05-19,1.9788863931115341,1.1856838798015712,0.5056634444664859
2020-05-20,2.016880975624783,1.208448988583241,0.5153721733412683
2020-05-21,1.9899681086003025,1.1923236805810995,0.5084951474101993
2020-05-22,1.9994666787400899,1.1866324486159325,0.5060679844810333
2020-05-26,1.8923809231211386,1.123079785421728,0.5331715481907617
2020-05-27,1.9670423130138779,1.1673894150082116,0.5542071274194568
2020-05-28,1.9569917755296236,1.1614246774951253,0.5513754244757434
2020-05-29,1.9311473797949084,1.1460866881603848,0.544093858530127
2020-06-01,1.8780228950622297,1.1776147141435538,0.559061491856848
2020-06-02,1.9269439806921969,1.2082906928130348,0.5736246237480805
2020-06-03,2.0356572163223463,1.276459353715317,0.6059870533306884
2020-06-04,2.0383751120113,1.274755096561033,0.6067961333597831
2020-06-05,2.1158333247968817,1.2263144288266725,0.6298543740821559
2020-06-08,2.155241905111911,1.203473635984668,0.6415857644506161
2020-06-09,2.092731729826375,1.238378927942146,0.622977348151087
2020-06-10,2.128063466607974,1.2592865663624613,0.612459577826269
2020-06-11,2.275650454399539,1.3466215138450477,0.5699838407752724
2020-06-12,2.2207376443673517,1.379116298460175,0.5837378926374103
2020-06-15,2.240744307001133,1.3915407802921576,0.5784789881854717
2020-06-16,2.215673066271918,1.407110452288297,0.5849514741019933
2020-06-17,2.198818067934714,1.4178145785850016,0.5805016496791495
2020-06-18,2.1834952358977247,1.4079343001917743,0.576456326691794
2020-06-19,2.2187375450017024,1.4306588085807521,0.567152137831559
2020-06-22,2.2503885486622632,1.4510676159628655,0.575242745227211
2020-06-23,2.2852045772269345,1.4286179765009759,0.5841423940728985
2020-06-24,2.2124071933457,1.4741279725386944,0.5655339777733694
2020-06-25,2.145940010196578,1.518415088504812,0.5825242725937682
2020-06-26,2.208529940188311,1.5627022044709293,0.5655339777733694
2020-06-29,2.164296040332906,1.5940010388487391,0.5768608667063414
2020-06-30,2.159742718714956,1.5973545539196756,0.5756472466626992
2020-07-01,2.152153994094589,1.5917419021321526,0.577669908156377
2020-07-02,2.192846051128861,1.5616458902096175,0.5885922570748015
2020-07-06,2.260666002456708,1.6099441956063079,0.6067961333597831
2020-07-07,2.2079170715743417,1.5723787900991624,0.5926375414830979
2020-07-08,2.230523817836473,1.5884782934697226,0.5987055259641312
2020-07-09,2.2802584583921788,1.6238970575844618,0.5853560141165407
2020-07-10,2.2298312298268494,1.5879850635786956,0.5983009859495838
2020-07-13,2.2434002055839337,1.5976482750998582,0.5946602029767757
2020-07-14,2.29071007049025,1.5639563266571996,0.6072006733743305
2020-07-15,2.315128008941616,1.5472852560503607,0.6136731592908521
2020-07-16,2.3059712092511573,1.541165429803634,0.6112459577826269
2020-07-17,2.3029190397159334,1.5391255525689505,0.6104369163325913
2020-07-20,2.2907100704902503,1.53096584908754,0.6136731592908521
2020-07-21,2.313360408987871,1.5158277942298561,0.6197411051928262
2020-07-22,2.320910569822858,1.5207750318501223,0.621763766686504
2020-07-23,2.283159909655263,1.496038938109501,0.6116504977971743
2020-07-24,2.292219987451375,1.501975547765253,0.6092233348680083
2020-07-27,2.292219987451375,1.501975547765253,0.6092233348680083
2020-07-28,2.2983082151739564,1.505964854733434,0.607605213388878
2020-07-29,2.2738255951655293,1.4899226350515564,0.6140776993053995
2020-07-30,2.194436326224674,1.541942398144497,0.5926375414830979
2020-07-31,2.22888815992029,1.517734476304046,0.5833333526228629
2020-08-03,2.18406309210256,1.5482575649241896,0.5950647429913231
2020-08-04,2.206334243007513,1.5324697985392146,0.6011326888932972
2020-08-05,2.219696990189094,1.5417512601066035,0.6047734718661053
2020-08-06,2.216727569480145,1.539688767730372,0.6039644304160697
2020-08-07,2.2211819129383548,1.5365948816414166,0.6027508103724276
2020-08-10,2.2062745945293494,1.5469076385717908,0.6067961333597831
2020-08-11,2.2386333278583717,1.524219632334811,0.6156958207845299
2020-08-12,2.2798170810136615,1.552260439335829,0.6270226711384426
2020-08-13,2.253341740992538,1.5342341585104908,0.6197411051928262
2020-08-14,2.2680501541267035,1.5442486846861705,0.6156958207845299
2020-08-17,2.2740108583352545,1.5483071529775838,0.6140776993053995
2020-08-18,2.2695166629585826,1.5513671185107625,0.6128640792617573
2020-08-19,2.268018740696379,1.5523910490161408,0.612459577826269
2020-08-20,2.2545364402930703,1.5616192807281133,0.6088187948534609
2020-08-21,2.2785049108485724,1.578221197237465,0.6023463089369394
2020-08-24,2.2417795485593435,1.5527831369703486,0.6120550378117217
2020-08-25,2.253632965049365,1.5445727911970455,0.6152912807699825
2020-08-26,2.2699313773971768,1.5557432367143744,0.6197411051928262
2020-08-27,2.246224544417134,1.5394952807453663,0.6132686192763047
2020-08-28,2.207700870172629,1.513092303873,0.6237864281801818
2020-08-31,2.1676129550578342,1.5405673647646356,0.612459577826269
2020-09-01,2.183361881256999,1.551760452384779,0.6080097148243662
2020-09-02,2.1760985071754546,1.5465982221803531,0.610032376318044
2020-09-03,2.217946550097342,1.5763404919219588,0.5983009859495838
2020-09-04,2.244939860233299,1.5571557880451008,0.6055825518952002
2020-09-08,2.1924529000834845,1.593562275025862,0.5914239600185148
2020-09-09,2.1444649202999706,1.5586826959777558,0.6043689318515579
2020-09-10,2.1214987844455133,1.575375400162821,0.5978964459350364
2020-09-11,2.1229342021586586,1.5743094925267542,0.5983009859495838
2020-09-14,2.1358526877990327,1.5647294996319996,0.6019417689223919
2020-09-15,2.1258050375849495,1.572090426151778,0.5991100659786786
2020-09-16,2.1243696198718043,1.5710288958587988,0.5987055259641312
2020-09-17,2.1415942217626474,1.58376695567525,0.59385116152674
2020-09-18,2.1751478813542695,1.558953115236584,0.584546934087446
2020-09-21,2.277507685386399,1.4855906846916125,0.5570388689422293
2020-09-22,2.300663229850781,1.4704866034294621,0.5513754244757434
2020-09-23,2.3529894632082415,1.5039313180498892,0.5388349540781885
2020-09-24,2.3406237881250207,1.4960277016855692,0.541666695600961
2020-09-25,2.32489141376499,1.506083169794243,0.5380259126281529
2020-09-28,2.2252532650927326,1.441536783715193,0.5610841533505257
2020-09-29,2.1947704107233976,1.4612838194954991,0.5533980859694212
2020-09-30,2.2043965108383023,1.4676929018642184,0.5558252488985872
2020-10-01,2.2027921098177843,1.4666246875125895,0.5562297889131346
2020-10-02,2.185169827940599,1.4548917266325343,0.5606796133359783
2020-10-05,2.1378717484738776,1.4234005429168073,0.5728155437189858
2020-10-06,2.1393815794791835,1.4223952935260524,0.5732200837335332
2020-10-07,2.1499501085455055,1.4153686713714906,0.5760517866772465
2020-10-08,2.1741068286887617,1.3994656675027246,0.5825242725937682
2020-10-09,2.1741068286887617,1.3994656675027246,0.5825242725937682
2020-10-12,2.184675501740493,1.392662646192185,0.5853560141165407
2020-10-13,2.24959679511455,1.434047950395259,0.5679611792815946
2020-10-14,2.260812684684594,1.4411977309624748,0.5651294763378812
2020-10-15,2.2947977055115047,1.4628621241403155,0.5566343289276819
2020-10-16,2.2714495752212223,1.47774583061654,0.5622977348151087
2020-10-19,2.2698154013889096,1.4788089814755978,0.5627022748296561
2020-10-20,2.3057147543644287,1.5021977934366388,0.5716019622544029
2020-10-21,2.2877651556863268,1.4905034381499414,0.567152137831559
2020-10-22,2.269815557008225,1.4788090828632439,0.5716019622544029
2020-10-23,2.2409006603595927,1.4599707188111404,0.5788835282000192
2020-10-26,2.200185449492355,1.433444323987887,0.568365719296142
2020-10-27,2.2518623904613984,1.3997762449038156,0.5550162074485515
2020-10-28,2.3388513547432623,1.345703186849149,0.5335760496262499
2020-10-29,2.3370781136809344,1.3467234552573089,0.5339805896407973
2020-10-30,2.3282255111707206,1.34162221051466,0.5360032511344751
2020-11-02,2.2807823448467093,1.3689609736078574,0.5469256000528996
2020-11-03,2.3803133885444967,1.4287010513020693,0.570792882225308
2020-11-04,2.3718786715857396,1.4236384032304301,0.5687702593106895
2020-11-05,2.435983357058242,1.4621150307067623,0.5841423940728985
2020-11-06,2.441044380291792,1.459077325987192,0.5853560141165407
2020-11-09,2.656976384250621,1.3300090085592056,0.6371359400277723
2020-11-10,2.7210810697231236,1.2979199731900297,0.6525080747899814
2020-11-11,2.7227680774676406,1.297115292627257,0.6529126148045288
2020-11-12,2.6654112620912915,1.3244398389140843,0.6391586015214501
2020-11-13,2.581062966330328,1.2825272662318947,0.6593851007210503
2020-11-16,2.530391535459533,1.2573486895917534,0.6723301497122118
2020-11-17,2.5410489738665047,1.2520530205114435,0.6751618526559252
2020-11-18,2.5440937488446274,1.250552766188389,0.6759708555269016
2020-11-19,2.5501838795877068,1.2475591540816553,0.6775890155850912
2020-11-20,2.5593187853089088,1.252027982916069,0.6751618526559252
2020-11-23,2.5301835522975664,1.2377749218170087,0.6828478814579706
2020-11-24,2.6201190482717274,1.193778152730076,0.7071197422239855
2020-11-25,2.597635245752452,1.2040222186459024,0.7010517963220114
2020-11-27,2.603630793005631,1.2068011969946035,0.6994337134219402
2020-11-30,2.6638653930565934,1.2347203580512593,0.683252421472518
2020-12-01,2.5629253475746077,1.1879339365511021,0.7091424422967225
2020-12-02,2.58777973933486,1.176413751044224,0.7160194682277914
2020-12-03,2.592165628031078,1.1744199106511053,0.7172330111133153
2020-12-04,2.614095908088091,1.164484065014315,0.7233009570152894
2020-12-07,2.568773292122446,1.184673631859763,0.7107605251967937
2020-12-08,2.5702353479740654,1.1853479066278134,0.7103559851822463
2020-12-09,2.571699069075525,1.1860229493801706,0.7099514451676989
2020-12-10,2.5585108457884167,1.1921051289275946,0.7063106621948908
2020-12-11,2.6010060145512237,1.211905204710027,0.6945793104054898
2020-12-14,2.6010060145512237,1.211905204710027,0.6945793104054898
2020-12-15,2.667659714633014,1.1808487728562005,0.7123786852549833
2020-12-16,2.6631150456721,1.1828604862453167,0.7111650652113412
2020-12-17,2.649481327725014,1.1768048761933103,0.7148058481841493
2020-12-18,2.6224916590499214,1.1887927220299,0.7075242822385329
2020-12-21,2.6809690838510654,1.2153009234065386,0.6917476074617764
2020-12-22,2.6872404999599655,1.2124580492256605,0.6901294474035868
2020-12-23,2.6147825085214738,1.1797656739240705,0.7087379022821751
2020-12-24,2.6222446733096834,1.1831325336309884,0.7107605251967937
2020-12-28,2.635676797659132,1.1891929838534123,0.7144013081696019
2020-12-29,2.625229653090303,1.1844793288887414,0.7115696052258885
2020-12-30,2.628214632870923,1.1831325336309881,0.7123786852549833
2020-12-31,2.617767488302094,1.1878354815821708,0.7095469823112699
2021-01-04,2.6311996126515425,1.1939304285041554,0.7059061993384618
2021-01-05,2.653817315856058,1.1836674427736527,0.7119741452404359
2021-01-06,2.5346972589257692,1.1305369833681438,0.7439320348084962
2021-01-07,2.5374539259814175,1.1293074424254264,0.7447411148375911
2021-01-08,2.5250491871212395,1.1348282378072478,0.7411003318647829
2021-01-11,2.5581284031183014,1.1496949693503227,0.7313916029900005
2021-01-12,2.5340751937413692,1.1388847794538033,0.7382686289210695
2021-01-13,2.509081533017434,1.1501176346791038,0.7309870629754531
2021-01-14,2.4868650045610265,1.1399339794957923,0.7374595488919747
2021-01-15,2.5387029989879366,1.163695579408844,0.7220874141297656
2021-01-19,2.530169619667467,1.1597840325297455,0.7245145770589316
2021-01-20,2.5372330787235775,1.1565462705378118,0.7265371999735502
2021-01-21,2.5273438588098545,1.1520384700894988,0.729368980075382
2021-01-22,2.490898492380092,1.1686513516478343,0.7188511711715049
2021-01-25,2.5441648999933517,1.1936422773901274,0.7034789592511774
2021-01-26,2.5178307726506612,1.2059974229762067,0.7107605251967937
2021-01-27,2.441880444866987,1.2423763172912055,0.6893204445326104
2021-01-28,2.398889703605604,1.26424908297808,0.7014563363365588
2021-01-29,2.4708287885549947,1.3021620066280712,0.6804207185288046
2021-02-01,2.4370422546297377,1.3199679918168912,0.6897249073890395
2021-02-02,2.3798680221309847,1.2890008812911373,0.7059061993384618
2021-02-03,2.3812316143746246,1.2897394397269113,0.7063106621948908
2021-02-04,2.4180548480307045,1.309683898912583,0.7172330111133153
2021-02-05,2.4330569639931614,1.3178094506310027,0.7216828741152183
2021-02-08,2.448059079955618,1.3259350023494223,0.7261327371171211
2021-02-09,2.4753353470085258,1.3407085662372418,0.7342233059337139
2021-02-10,2.469880197649241,1.3436632226578096,0.7326052230336427
2021-02-11,2.473971494636644,1.3414374769312856,0.7338187659191665
2021-02-12,2.4903374629709822,1.332563517260551,0.7386731689356169
2021-02-16,2.4180548480307045,1.2938855561272453,0.7601133267579185
2021-02-17,2.396177812979127,1.3055918165072276,0.7532363008268496
2021-02-18,2.4154812669009287,1.3161095799779172,0.747168277766757
2021-02-19,2.394556705531209,1.304708532885196,0.7536407636832786
2021-02-22,2.4176925593783753,1.2921026314002753,0.760922329628895
2021-02-23,2.4318311912085138,1.2845464335200871,0.7653721926307978
2021-02-24,2.466534971979264,1.2662151373429966,0.7762945415492224
2021-02-25,2.434401896115069,1.2827109046971426,0.7661812726598927
2021-02-26,2.406124632454793,1.297610480034278,0.7572815466560867
2021-03-01,2.3675647943242115,1.2768153602005974,0.7694175156181534
2021-03-02,2.351382805422257,1.2680884978827665,0.7746763814910328
2021-03-03,2.369800901028415,1.258155714867931,0.7807443273930069
2021-03-04,2.336648422616847,1.2757567631912095,0.7698220556327008
2021-03-05,2.3108631356079843,1.2616785843886222,0.7783171644638409
2021-03-08,2.3288791747421014,1.2518422377868825,0.7843851103658152
2021-03-09,2.331281374383015,1.2505509836047393,0.7851941903949099
2021-03-10,2.3192706052648147,1.2441081409261758,0.7892395133822655
2021-03-11,2.3299694625645415,1.249847245037176,0.7855987304094573
2021-03-12,2.3095732223563834,1.2389062498684136,0.7924757563405262
2021-03-15,2.3284364873020604,1.2490249231401271,0.7860032704240046
2021-03-16,2.3308332858037706,1.2503106189624984,0.7851941903949099
2021-03-17,2.3140215784390077,1.2412924466337105,0.7908575962823367
2021-03-18,2.3128379085502626,1.2406574998787205,0.791262136296884
2021-03-19,2.3033784575645577,1.2457317589812558,0.7880258933386233
2021-03-22,2.323479819100568,1.2566031398357285,0.7811488674075544
2021-03-23,2.3571707321540103,1.2748241318059865,0.7698220556327008
2021-03-24,2.350977524903531,1.2714746713920726,0.7718446785473194
2021-03-25,2.3324950441216195,1.2614788267148012,0.7779126244492935
2021-03-26,2.3543281085915764,1.2496708922797157,0.7851941903949099
2021-03-29,2.3312820703898347,1.2619036660456084,0.7775080844347462
2021-03-30,2.3070230584563087,1.2487724639133664,0.7855987304094573
2021-03-31,2.2892036672436684,1.2584179527126569,0.7795307845074831
2021-04-01,2.315338759249818,1.244051005181101,0.7884304333531706
2021-04-05,2.3604814586800837,1.2197954527793406,0.8038026452734981
2021-04-06,2.3355341297137047,1.206903744471157,0.7953074592842396
2021-04-07,2.3212784807920803,1.199537037282218,0.80016186230069
2021-04-08,2.3177577555189908,1.2013563969144694,0.7989482422570477
2021-04-09,2.3189313306100208,1.2019646925568899,0.7985437022425004
2021-04-12,2.31305750985616,1.1989201327360128,0.8005664023152373
2021-04-13,2.3189016491803938,1.2019493078708643,0.7985437022425004
2021-04-14,2.315377401837666,1.200122595359855,0.7997573222861426
2021-04-15,2.3130350342676023,1.201336707687824,0.7989482422570477
2021-04-16,2.286098477353266,1.1873464852655509,0.8082524311172827
2021-04-19,2.2975404555840178,1.1814037873584615,0.8122977541046383
2021-04-20,2.233465683024427,1.1484563026723689,0.7896440533968129
2021-04-21,2.227744803027843,1.1455146050502176,0.7916666763114315
2021-04-22,2.25620347494618,1.1601481592519733,0.7815534074221018
2021-04-23,2.2281761288728696,1.1745599241112774,0.791262136296884
2021-04-26,2.2042538788835198,1.1619495582753077,0.7997573222861426
2021-04-27,2.222093043077389,1.1713532885595732,0.8062298082026641
2021-04-28,2.2477368150236243,1.1848711368305416,0.8155339970628991
2021-04-29,2.266690953562062,1.1948626142702372,0.822411022993968
2021-04-30,2.235472309892985,1.1784060302221187,0.8110841340609961
2021-05-03,2.2142882226654113,1.167239058471563,0.8187702400211598
2021-05-04,2.1727157090377722,1.1891535776241828,0.8033981052589507
2021-05-05,2.1388012735520414,1.1705917970271154,0.8159385370774465
2021-05-06,2.1653109570604934,1.156082726717258,0.8260518059667762
2021-05-07,2.192881052179624,1.1708026959841424,0.8365696148706533
2021-05-10,2.1907602289582675,1.1719350262319694,0.8357605348415585
2021-05-11,2.1663713686711716,1.1849817116896093,0.8264563459813236
2021-05-12,2.1918206405689458,1.198902188211221,0.8167476171065412
2021-05-13,2.164680712602232,1.1840569411025244,0.8268608859958709
2021-05-14,2.114905838728841,1.1568306233554408,0.8458738037308883
2021-05-17,2.104791472770507,1.1512981745522084,0.8418284807435327
2021-05-18,2.1098487522074163,1.14853189738925,0.8438511808162696
2021-05-19,2.0845629337693237,1.1622966608574172,0.8337379119269399
2021-05-20,2.069391481289565,1.1538374638373037,0.839805857828914
2021-05-21,2.0803565257735954,1.1477236476586303,0.844255720830817
2021-05-24,2.0903245406197732,1.1532229580976985,0.8483009666600542
2021-05-25,2.0793596862634387,1.159272220559198,0.8438511808162696
2021-05-26,2.068394641779408,1.1653853868149002,0.8394013178143667
2021-05-27,2.0394868663679437,1.1490980215561768,0.851132746761886
2021-05-28,2.047241561548994,1.144728831914772,0.8543689897201467
2021-06-01,2.058873511877311,1.1512329148536462,0.8592233155784788
2021-06-02,2.0617815919026485,1.152858987278632,0.8604369356221209
2021-06-03,2.0714750071005907,1.1582791253147167,0.8563916126347654
2021-06-04,2.0685394533755996,1.156637690786546,0.8576052326784075
2021-06-07,2.062685148752166,1.153364217143218,0.8600323956075735
2021-06-08,2.0549234059133483,1.14902418664541,0.8567961526493127
2021-06-09,2.081119357389813,1.1636718283784455,0.8458738037308883
2021-06-10,2.115954009436002,1.1831498573985382,0.8317152118542029
2021-06-11,2.113895641250453,1.1819989070402859,0.8325242918832977
2021-06-14,2.1149228249396264,1.1825732636803394,0.8321197518687503
2021-06-15,2.1293169867790938,1.1906218556874393,0.8377831577561771
2021-06-16,2.15399277683493,1.2044194889798285,0.8280744288813948
2021-06-17,2.1813517721340423,1.189121523503093,0.8175566199775177
2021-06-18,2.24071554575025,1.156760516064876,0.7953074592842396
2021-06-21,2.208802936581541,1.1732352740148468,0.8066343482172115
2021-06-22,2.2165569750643117,1.1773539354460627,0.8038026452734981
2021-06-23,2.226596756521273,1.1720211710089885,0.80016186230069
2021-06-24,2.2569899757199687,1.1880193513043922,0.8110841340609961
2021-06-25,2.2693725335420982,1.1815015029888971,0.8155339970628991
2021-06-28,2.2367279011563648,1.1645057556366263,0.8038026452734981
2021-06-29,2.2468590457914566,1.1592311863729032,0.80016186230069
2021-06-30,2.272985477520755,1.1457516694864416,0.7908575962823367
2021-07-01,2.250895018621122,1.156886883685691,0.7985437022425004
2021-07-02,2.260017178289203,1.161575377277611,0.7953074592842396
2021-07-06,2.278409976177379,1.1521220769437075,0.7888349733677181
2021-07-07,2.2842519638963537,1.1491679628489486,0.7868123504530995
2021-07-08,2.3312290453981404,1.1255345993219612,0.7706310585036772
2021-07-09,2.2639230771987036,1.1580304178254546,0.7928802963550736
2021-07-12,2.273163570562341,1.153303767658503,0.7961165393133344
2021-07-13,2.2419768228435357,1.1374809759725462,0.7851941903949099
2021-07-14,2.2327363294798976,1.1421691981266038,0.7884304333531706
2021-07-15,2.2545024197822525,1.1533037676585032,0.7807443273930069
2021-07-16,2.275528680896242,1.1425476620319333,0.773462838605509
2021-07-19,2.3564575579635787,1.1831822187661234,0.7459547348812332
2021-07-20,2.3245099238839138,1.1992231919832994,0.7560680037705629
2021-07-21,2.2561055018323395,1.1639330998586772,0.7783171644638409
2021-07-22,2.2549328629722414,1.1633281311715569,0.7779126244492935
2021-07-23,2.271349583355622,1.1717975774052647,0.7835761074948387
2021-07-26,2.3077004933866903,1.1905511451620838,0.7961165393133344
2021-07-27,2.2971469673038003,1.1851065423639784,0.7924757563405262
2021-07-28,2.2959743284437018,1.1845015736768578,0.7928802963550736
2021-07-29,2.2666889421712813,1.1693931355311535,0.8029935652444034
2021-07-30,2.247276484453473,1.1593781774234706,0.7961165393133344
2021-08-02,2.2507022891572555,1.1611455626300335,0.7949029192696923
2021-08-03,2.231230555401552,1.1511000237970792,0.8017799452007612
2021-08-04,2.2267274642641715,1.1487768625698136,0.8033981052589507
2021-08-05,2.24242436639558,1.1406787732113373,0.8090615111463775
2021-08-06,2.2637274577555284,1.1515152520162544,0.8167476171065412
2021-08-09,2.265969719592692,1.152655848113926,0.8175566199775177
2021-08-10,2.2704546709755244,1.154937257876479,0.8191747800357072
2021-08-11,2.241303128549872,1.1697660949822588,0.8296925889395843
2021-08-12,2.2391175074841527,1.1686253901009822,0.8288835089104896
2021-08-13,2.2533238359790295,1.1760398630456745,0.8341424519414873
2021-08-16,2.2336536632521518,1.1657737366813956,0.8268608859958709
2021-08-17,2.2740868192387667,1.1868763418505914,0.8118932140900909
2021-08-18,2.2740868192387667,1.1868763418505914,0.8118932140900909
2021-08-19,2.3046799677950744,1.2028433154669975,0.8009708651716664
2021-08-20,2.2918761186591636,1.1961608152671486,0.8054207281735694
2021-08-23,2.2677025243980613,1.1835442929412323,0.8139159141628278
2021-08-24,2.272210767342237,1.1811913806212233,0.8155339970628991
2021-08-25,2.2575584940796785,1.188808252758699,0.8207929400938968
2021-08-26,2.2353054925605487,1.1770900395101966,0.8127022941191857
2021-08-27,2.2130524910414184,1.1888082527586992,0.8207929400938968
2021-08-30,2.2315945844541223,1.1987687004939773,0.8139159141628278
2021-08-31,2.2338129200093064,1.197577054283114,0.8131068341337331
2021-09-01,2.211586053386074,1.185660933099392,0.8211974029503258
2021-09-02,2.211586053386074,1.185660933099392,0.8211974029503258
2021-09-03,2.211586053386074,1.185660933099392,0.8211974029503258
2021-09-07,2.221391131698718,1.1909175670356942,0.8175566199775177
2021-09-08,2.244473275441654,1.203292213749659,0.8090615111463775
2021-09-09,2.2467178000890122,1.2044955335045817,0.8082524311172827
2021-09-10,2.262460499184667,1.2129354055460422,0.802589025229856
2021-09-13,2.231670914217229,1.1964286962609376,0.8135113741482805
2021-09-14,2.209476191595317,1.2083275846146093,0.8054207281735694
2021-09-15,2.225012370431918,1.1998310941255146,0.8110841340609961
2021-09-16,2.22612212772947,1.1992326609076907,0.8114886740755435
2021-09-17,2.197269072986809,1.1836892524022247,0.8009708651716664
2021-09-20,2.105161333935629,1.134069958107172,0.7673948155454164
2021-09-21,2.0962834872197766,1.1388525365684181,0.7706310585036772
2021-09-22,2.138099235047531,1.1615698697785857,0.7860032704240046
2021-09-23,2.18101520949835,1.1848849255239522,0.8017799452007612
2021-09-24,2.176613673345683,1.1824936933061616,0.80016186230069
2021-09-27,2.1447018541067364,1.1998304974685543,0.8118932140900909
2021-09-28,2.096614490150252,1.1729285363836692,0.7936893763841684
2021-09-29,2.1030260979135162,1.1765154417231876,0.7961165393133344
2021-09-30,2.10943770567678,1.1729285363836692,0.7936893763841684
2021-10-01,2.129865343294679,1.184287088963088,0.8013754051862138
2021-10-04,2.1427669875725166,1.1771132782840514,0.7965210793278819
2021-10-05,2.184120447953969,1.199830497468554,0.8118932140900909
2021-10-06,2.195003003075659,1.205808749051528,0.8159385370774465
2021-10-07,2.19173817426891,1.2076022587341195,0.8171521571210887
2021-10-08,2.202588197279897,1.2135803962914287,0.8211974029503258
2021-10-11,2.204758284662464,1.2147760694131564,0.8220064829794206
2021-10-12,2.2069283720450303,1.2159717425348842,0.8228155630085154
2021-10-13,2.2069283720450303,1.2159717425348842,0.8228155630085154
2021-10-14,2.2253737008950005,1.2261347360182402,0.8296925889395843
2021-10-15,2.252499172324314,1.2410803079628423,0.839805857828914
2021-10-18,2.2459891171275377,1.237493402623324,0.837378694899748
2021-10-19,2.2275437882775675,1.24765639610668,0.844255720830817
2021-10-20,2.235015152873485,1.2518411380070624,0.8470874237745304
2021-10-21,2.227543788277568,1.2476563961066802,0.844255720830817
2021-10-22,2.2158031597323053,1.2410804219885074,0.8487055066746017
2021-10-25,2.213690810901238,1.2422635572174348,0.8478964266455068
2021-10-26,2.2242523536119028,1.2363367044009328,0.8519417496328624
2021-10-27,2.210522489099309,1.243968363378749,0.846682883759983
2021-10-28,2.2316453730759664,1.255855236070548,0.8547734525765758
2021-10-29,2.223196179196369,1.2606100078198075,0.851537209618315
2021-11-01,2.252768458497296,1.2438417569611422,0.8628640985512869
2021-11-02,2.2432630902021646,1.2385934705887978,0.8592233155784788
2021-11-03,2.267554497425423,1.252005708551234,0.8685275044387136
2021-11-04,2.2210840318099736,1.2776638738988082,0.8507282067473385
2021-11-05,2.2369262451536347,1.2867770021649634,0.8567961526493127
2021-11-08,2.234813896322567,1.2855618874948858,0.8559870726202179
2021-11-09,2.22002785739444,1.2770563165637692,0.8503236667327911
2021-11-10,2.203129469635245,1.2673356309625752,0.8438511808162696
2021-11-11,2.1957364501711814,1.2715884164281333,0.846682883759983
2021-11-12,2.196785559905808,1.2721959737631718,0.8470874237745304
2021-11-15,2.1946873404365546,1.2709808590930944,0.8462783437454356
2021-11-16,2.1852455529221353,1.2655129589574587,0.8426375607726274
2021-11-17,2.182098223718255,1.2636902869523425,0.8414239407289853
2021-11-18,2.175803765407716,1.260045058821823,0.8389967777998193
2021-11-19,2.2282580515557244,1.229667887348164,0.8187702400211598
2021-11-22,2.2282580515557244,1.229667887348164,0.8187702400211598
2021-11-23,2.2249552218953483,1.2314905593532801,0.8199838600648021
2021-11-24,2.216173956775404,1.2266302165526832,0.8167476171065412
2021-11-26,2.3072796609055297,1.1762041165415973,0.7831715674802913
2021-11-29,2.2977454568238276,1.1810644593421942,0.7864078104385521
2021-11-30,2.31783891835845,1.1707362164059614,0.7795307845074831
2021-12-01,2.320244618321521,1.1719513310760388,0.7803398645365779
2021-12-02,2.3671546205005294,1.1956454877439848,0.7961165393133344
2021-12-03,2.332272659296525,1.1780266726670001,0.7843851103658152
2021-12-06,2.374371490969567,1.199290715874504,0.7985437022425004
2021-12-07,2.4080506021920356,1.21630197361645,0.8098705911754723
2021-12-08,2.412861772698002,1.2187320870768918,0.8114886740755435
2021-12-09,2.385196911383211,1.2047586160101396,0.8021844852153086
2021-12-10,2.3912109318707135,1.2077962868056202,0.8042071081299271
2021-12-13,2.477814065759693,1.1640532016002474,0.7750809215055802
2021-12-14,2.471348052510606,1.167090872395728,0.7771035444201988
2021-12-15,2.455910059045067,1.159800300254976,0.7819579474366491
2021-12-16,2.471156374064744,1.167000352501384,0.7868123504530995
2021-12-17,2.438122893465408,1.1514003346682902,0.7762945415492224
2021-12-20,2.4241471248917,1.1448002963124952,0.7718446785473194
2021-12-21,2.3809495150565643,1.165200310829545,0.7855987304094573
2021-12-22,2.405470200826948,1.1532002618991812,0.7936893763841684
2021-12-23,2.4299906527507416,1.1649555484833525,0.8017799452007612
2021-12-27,2.4594153353672477,1.1790619596490322,0.8114886740755435
2021-12-28,2.456963453867482,1.1778865094660684,0.8106796712045671
2021-12-29,2.465545623733139,1.182000865375918,0.8135113741482805
2021-12-30,2.479032024291509,1.17553538488456,0.8090615111463775
2021-12-31,2.472834538798347,1.1784741785036552,0.8110841340609961
2022-01-03,2.4975013125241303,1.190229577195617,0.8191747800357072
2022-01-04,2.555467924967996,1.2178546183815997,0.8381876977707245
2022-01-05,2.535734600083285,1.2084503442711465,0.8317152118542029
2022-01-06,2.5616347360193363,1.2207935241084855,0.8402103978434614
2022-01-07,2.5937014477669393,1.2360754975649197,0.8507282067473385
2022-01-10,2.5924680855566713,1.2354877164195426,0.8503236667327911
2022-01-11,2.6159012618323985,1.2466552218583369,0.8580096955348365
2022-01-12,2.6479679735800015,1.261937195314771,0.8685275044387136
2022-01-13,2.6590679982326253,1.267227113515375,0.8721682874115219
2022-01-14,2.6590679982326253,1.267227113515375,0.8721682874115219
2022-01-18,2.6183679862529345,1.2478307841490914,0.8588187755639314
2022-01-19,2.6405680355581813,1.237250947747884,0.851537209618315
2022-01-20,2.6117162796705613,1.2237323177275812,0.84223302075808
2022-01-21,2.638059124803719,1.2113892499980328,0.8337379119269399
2022-01-24,2.6854188560612933,1.1896417960502406,0.8187702400211598
2022-01-25,2.6655170868637463,1.1984582890153166,0.824838185923134
2022-01-26,2.681204399124138,1.2055115506520517,0.8296925889395843
2022-01-27,2.683818992724431,1.2066871129428058,0.8305016689686792
2022-01-28,2.683818992724431,1.2066871129428058,0.8305016689686792
2022-01-31,2.716500664703992,1.221381305253863,0.8406149378580089
2022-02-01,2.767483993202869,1.2443042093846188,0.8563916126347654
2022-02-02,2.7844783529220383,1.2519451400589405,0.8616504785076448
2022-02-03,2.7714058836033093,1.24606755282075,0.8576052326784075
2022-02-04,2.7674839932028688,1.2443042093846186,0.8563916126347654
2022-02-07,2.742645852682819,1.2554718269312033,0.8640777185949291
2022-02-08,2.7863022188701305,1.2354877164195426,0.877831770457067
2022-02-09,2.804278283215903,1.2434585698820124,0.8834951763444937
2022-02-10,2.7747461075319886,1.2303635653094591,0.8741909874842588
2022-02-11,2.6912852489997405,1.193355783160028,0.8478964266455068
2022-02-14,2.716965305935771,1.1819688651557472,0.839805857828914
2022-02-15,2.655454139552389,1.2087282364902778,0.8588187755639314
2022-02-16,2.6542033081933063,1.2092975986797019,0.8584142355493839
2022-02-17,2.587910916163733,1.1790937215898696,0.8369741548852007
2022-02-18,2.600418991182873,1.1733948419908355,0.8329288318978452
2022-02-22,2.650937038622581,1.1505994322917865,0.8167476171065412
2022-02-23,2.6824488893253515,1.136922186472357,0.807038888231759
2022-02-24,2.792705145108546,1.090191460717947,0.773867301461938
2022-02-25,2.7255516065318686,1.116406263394669,0.7924757563405262
2022-02-28,2.6017262238175025,1.0656864632271488,0.7564725437851103
2022-03-01,2.74363862119713,1.007558086971758,0.7152103881986966
2022-03-02,2.6769098076200484,1.0320631931596436,0.7326052230336427
2022-03-03,2.736035592909982,1.009267674763507,0.7164239310842205
2022-03-04,2.5568260483385017,0.9431609322877208,0.66949836961038
2022-03-07,2.6634247783563287,0.9038388369697252,0.6415857644506161
2022-03-08,2.5374745156168177,0.9465803252653939,0.6719256096976643
2022-03-09,2.6978806689915373,0.886742361218254,0.7144013081696019
2022-03-10,2.648994995253779,0.8706745646480786,0.7014563363365588
2022-03-11,2.6276075858389096,0.8636449275915323,0.695792930449132
2022-03-14,2.7207957921334116,0.8330157262939936,0.720469254071576
2022-03-15,2.743710915275286,0.8400315626174455,0.7265371999735502
2022-03-16,2.879674523162726,0.881659024664165,0.7625404896870844
2022-03-17,2.8766190957087163,0.8807235560313851,0.7617314096579897
2022-03-18,2.8689808184552916,0.883062138402136,0.7637540325726083
2022-03-21,2.8492263102331883,0.8891425060928079,0.7584951666997289
2022-03-22,2.9160882354680475,0.9100077422279632,0.7762945415492224
2022-03-23,2.8461870659410833,0.8881940657120615,0.7576860866706341
2022-03-24,2.841628199502926,0.8896167262831811,0.7588997067142763
2022-03-25,2.83405467923366,0.8872457157795682,0.760922329628895
2022-03-28,2.835561388232099,0.8877174149015319,0.7605177896143476
2022-03-29,2.737523127387874,0.8570249841753754,0.7868123504530995
2022-03-30,2.7121886811654097,0.8490936344250568,0.7795307845074831
2022-03-31,2.661519788720481,0.8332309349244196,0.7649676526162504
2022-04-01,2.6291481156375536,0.8230964698183297,0.7742718414764854
2022-04-04,2.6442579846002006,0.8278268536748347,0.7698220556327008
2022-04-05,2.687333317074416,0.8143414384238268,0.7572815466560867
2022-04-06,2.724657425148645,0.8256517465511949,0.7467637377522096
2022-04-07,2.714325334434026,0.822520817625851,0.7495955178540413
2022-04-08,2.698212422655727,0.8176381290247136,0.754045303697826
2022-04-11,2.6822896824927986,0.812813068044915,0.7495955178540413
2022-04-12,2.711240570946343,0.8040400929929875,0.7415048718793302
2022-04-13,2.6816579094646933,0.79526711794106,0.7495955178540413
2022-04-14,2.6816579094646933,0.79526711794106,0.7495955178540413
2022-04-18,2.674421754072438,0.793121178138872,0.7475728177813045
2022-04-19,2.664291412554385,0.7901169442750422,0.7504045207250178
2022-04-20,2.6326931706579773,0.7807462327177367,0.7593042467288237
2022-04-21,2.610251482042357,0.7740909703279721,0.7528317608123022
2022-04-22,2.562562826852657,0.7599485179154761,0.7390777089501642
2022-04-25,2.599030637734547,0.7491336966978625,0.7285599000462871
2022-04-26,2.69860490232523,0.7204328280563869,0.7006472563074639
2022-04-27,2.7079533351070966,0.7179371244944717,0.698220093378298
2022-04-28,2.662454854750114,0.7299997578245502,0.7099514451676989
2022-04-29,2.7079667897846464,0.7424783549711123,0.6978155533637506
2022-05-02,2.7111065332863578,0.7433392191438103,0.6986246333928454
2022-05-03,2.756631616371484,0.7308570170257939,0.7103559851822463
2022-05-04,2.783318837291186,0.7379325154559234,0.7172330111133153
2022-05-05,2.679709697114089,0.710462951994225,0.6905339874181343
2022-05-06,2.7252347801992154,0.6983930307810152,0.6788026356287333
2022-05-09,2.801567534727386,0.6788313166233473,0.6597896407355978
2022-05-10,2.7569073125257813,0.6896526718332465,0.6703074496394749
2022-05-11,2.7535796475120184,0.6904851020920661,0.66949836961038
2022-05-12,2.760234660195942,0.6888162972268664,0.6678802867103089
2022-05-13,2.6850013215508333,0.7075907697385115,0.6860841244162313
2022-05-16,2.692917191012207,0.7055046641860243,0.6881068244889683
2022-05-17,2.7720740738686755,0.7262426023016313,0.7083333622676277
2022-05-18,2.707165454083135,0.70923749937555,0.6917476074617764
2022-05-19,2.680252101833554,0.7162884014992147,0.6986246333928454
2022-05-20,2.677148090974387,0.715458864988441,0.6994337134219402
2022-05-23,2.5981810024494463,0.7365625550375532,0.7200647140570287
2022-05-24,2.627374160034688,0.7448385707271175,0.7281553600317398
2022-05-25,2.6259144743147673,0.7444247620500458,0.7277508200171924
2022-05-26,2.5865037950966667,0.755597359553177,0.7386731689356169
2022-05-27,2.612000589544638,0.7630457578885977,0.7459547348812332
2022-05-31,2.5893368322960626,0.7564249769073204,0.7394822489647117
2022-06-01,2.6318315797671143,0.7440109533729741,0.727346280002645
2022-06-02,2.586454971047969,0.7568387855843921,0.7398867889792591
2022-06-03,2.627465046063186,0.7688390004416668,0.7281553600317398
2022-06-06,2.5938919484056036,0.7786630347836123,0.7374595488919747
2022-06-07,2.5938919484056036,0.7786630347836123,0.7374595488919747
2022-06-08,2.64938379163623,0.7620048825108253,0.7216828741152183
2022-06-09,2.8082873692301895,0.8077080767242442,0.678398095614186
2022-06-10,2.9238341630085416,0.7744749825626773,0.6504854518753628
2022-06-13,3.0056578459637273,0.7528012514627147,0.6322815755903811
2022-06-14,3.0171959605294094,0.7499113992141528,0.6298543740821559
2022-06-15,2.9009262904735804,0.7788097379691986,0.654126234848171
2022-06-16,2.827371600873323,0.7590625597240628,0.6375404800423197
2022-06-17,2.827371600873323,0.7590625597240628,0.6375404800423197
2022-06-21,2.7556109698220568,0.7397970311757945,0.6537216948336235
2022-06-22,2.738558856532062,0.7352190617434744,0.649676371846268
2022-06-23,2.7914201150132376,0.7210274350890358,0.6371359400277723
2022-06-24,2.7134374901633964,0.7411704482007417,0.6549353148772658
2022-06-27,2.706733353026129,0.7430016709006716,0.6533171548190762
2022-06-28,2.6882976152403506,0.737941037955869,0.6488673689752916
2022-06-29,2.6648334549307684,0.731500096776048,0.6432038859297464
2022-06-30,2.669861397948292,0.7301199201660997,0.6419903044651635
2022-07-01,2.6917317375688046,0.7241390963562926,0.6367314000132249
2022-07-05,2.7994694330816254,0.6951551242972385,0.6112459577826269
2022-07-06,2.817996590447588,0.690554520972403,0.6072006733743305
2022-07-07,2.7597968952613554,0.704816448316923,0.6197411051928262
2022-07-08,2.772407050368461,0.7080369189068335,0.6225728467155988
2022-07-11,2.7129597407717028,0.6928548445723323,0.6092233348680083
2022-07-12,2.7129597407717028,0.6928548445723323,0.6092233348680083
2022-07-13,2.7237684206066306,0.6900944474774123,0.6067961333597831
2022-07-14,2.809113212940614,0.6684714758381135,0.5877831770457067
2022-07-15,2.772380038783983,0.6772126967428406,0.5954692830058704
2022-07-18,2.7365953217679206,0.668471519713137,0.603155350386975
2022-07-19,2.8430490504120045,0.6944751035093223,0.6266181311238952
2022-07-20,2.778809827975486,0.6787833092912469,0.612459577826269
2022-07-21,2.7274184150186156,0.6913367532170703,0.6237864281801818
2022-07-22,2.7627934578260764,0.6823700075557678,0.6156958207845299
2022-07-25,2.815435375258432,0.6953717994538604,0.6274272111529899
2022-07-26,2.748271561507817,0.6787833092912468,0.612459577826269
2022-07-27,2.679292467438755,0.6958201474261295,0.6278317511675373
2022-07-28,2.6913768520736614,0.6989584977183814,0.6306634541112507
2022-07-29,2.7431673306534496,0.7124086375887431,0.6427993844942582
2022-08-01,2.750072716821595,0.7142019867210034,0.6444175059733886
2022-08-02,2.7000086259431915,0.7012001948229108,0.6326861156049285
2022-08-03,2.6413129258326506,0.7164436410687172,0.6464401288880073
2022-08-04,2.6594947807947316,0.7213753832500455,0.6508899918899101
2022-08-05,2.6578418562288038,0.7209270352777764,0.6504854518753628
2022-08-08,2.6446187749645067,0.7245137335422973,0.6537216948336235
2022-08-09,2.652801257780891,0.7267553878900109,0.6557443177482422
2022-08-10,2.7084430149290957,0.7419988768926331,0.66949836961038
2022-08-11,2.713352691903953,0.7433439208094405,0.6707119896540222
2022-08-12,2.7379004524948174,0.7500689693662134,0.6767799355559964
2022-08-15,2.7788134908601614,0.7388605266003813,0.6666666666666666
2022-08-16,2.7720686433600585,0.7406539184894578,0.6682848267248562
2022-08-17,2.8106627415049448,0.730342171668164,0.6589806378646212
2022-08-18,2.829642152166809,0.7254104294868355,0.6545307748627184
2022-08-19,2.8926009211805956,0.741550614433996,0.6399676429714857
2022-08-22,2.9602533883393067,0.7242071474447638,0.6250000096447648
2022-08-23,2.9583373228508223,0.7246759006694704,0.6254045496593121
2022-08-24,2.964077900438484,0.7260821156408221,0.6241909681947292
2022-08-25,2.937184245952125,0.7326699996987547,0.6298543740821559
2022-08-26,3.0220739297261328,0.7114945747417248,0.6116504977971743
2022-08-29,3.040062495656415,0.7157296687084497,0.6152912807699825
2022-08-30,3.038063723750077,0.7152590927395704,0.6156958207845299
2022-08-31,3.034071433071749,0.7161990079185085,0.614886740755435
2022-09-01,2.9881612324483613,0.7270362083157716,0.6055825518952002
2022-09-02,2.990157377787525,0.7275218815528359,0.6051780118806528
2022-09-06,3.0081463229463794,0.7231450713801205,0.6088187948534609
2022-09-07,3.0381277711328702,0.7159376638402959,0.614886740755435
2022-09-08,3.010144946372719,0.7093434848933832,0.6205501852219211
2022-09-09,3.096485396185131,0.7296896930156864,0.6383495214923552
2022-09-12,3.180863516262745,0.749573476292213,0.6557443177482422
2022-09-13,3.0886362643840024,0.7713069148525854,0.6367314000132249
2022-09-14,3.07490014337848,0.7678766743814162,0.6395631415359975
2022-09-15,3.0554511714173946,0.7630197973404574,0.6436084259442938
2022-09-16,3.034326181909323,0.7682952163568219,0.6391586015214501
2022-09-19,3.024723847351364,0.765863893135633,0.6411812630151279
2022-09-20,3.0876991542809957,0.7818093202789317,0.6278317511675373
2022-09-21,3.1394261171129925,0.7949066525095368,0.6173139422636602
2022-09-22,3.159999105618794,0.8001157591472502,0.6132686192763047
2022-09-23,3.0224266156107005,0.8349492871330274,0.5865695955811236
2022-09-26,3.0870440996865627,0.8527999512275035,0.5740291251835689
2022-09-27,3.1283786381580114,0.8642186712892097,0.5663430578024643
2022-09-28,3.101563989689123,0.8568110897425864,0.5711974222398555
2022-09-29,3.152085116008306,0.870767616656255,0.5618932333796205
2022-09-30,3.1475465891825736,0.8720213906000812,0.5627022748296561
2022-10-03,3.2109047641756145,0.8544681368839342,0.5740291251835689
2022-10-04,3.3896654911821984,0.8068973253614224,0.6059870533306884
2022-10-05,3.3217818401595154,0.8230567772567384,0.59385116152674
2022-10-06,3.414556364634255,0.8460440487875018,0.5772654067208888
2022-10-07,3.460020100586511,0.8573088571931973,0.569579300760725
2022-10-10,3.479679287061526,0.8621799256264083,0.5663430578024643
2022-10-11,3.5542438906197127,0.8806552214932435,0.5542071274194568
2022-10-12,3.5724041819436567,0.8851549001507711,0.5513754244757434
2022-10-13,3.4125241154578774,0.8455405068518242,0.5760517866772465
2022-10-14,3.3598026987251983,0.858603592098363,0.567152137831559
2022-10-17,3.4772279840051206,0.8886118338867188,0.5869741355956711
2022-10-18,3.534742381463625,0.8739139266929477,0.5966828644704534
2022-10-19,3.489210207277784,0.8851710981751703,0.5889967970893488
2022-10-20,3.4868139454567713,0.8845631950734318,0.5894012985248371
2022-10-21,3.568180952892058,0.8639213537832472,0.603155350386975
2022-10-24,3.5466426005441045,0.85870652786372,0.6067961333597831
2022-10-25,3.6081177930710067,0.8438222682779272,0.6173139422636602
2022-10-26,3.6175754976528793,0.8416104165062627,0.6189320637427906
2022-10-27,3.610482275588841,0.8432606183001328,0.6177184822782077
2022-10-28,3.5797449048148535,0.83608162881747,0.622977348151087
2022-10-31,3.6192615880619843,0.8453111057140741,0.6161003222200181
2022-11-01,3.588368322482109,0.8380957055969396,0.6213592266719566
2022-11-02,3.522955419190767,0.8533734776683362,0.610032376318044
2022-11-03,3.525291650007123,0.8539393881551761,0.6096278363034965
2022-11-04,3.356863582272569,0.8131406754843782,0.6387540615069027
2022-11-07,3.369619327935581,0.8100508222953764,0.6411812630151279
2022-11-08,3.407886362178919,0.8192501530027452,0.6484628289607441
2022-11-09,3.3526118022153644,0.8325380643045611,0.637945020056867
2022-11-10,3.1889141137261534,0.791887799750853,0.669093906753951
2022-11-11,3.267962132327569,0.772258183118815,0.6856796615598023
2022-11-14,3.2409698658691797,0.7786367755900099,0.6800161785142571
2022-11-15,3.2428979111688534,0.7781735664157626,0.6804207185288046
2022-11-16,3.256393860529528,0.7749350460139972,0.683252421472518
2022-11-17,3.264106041728222,0.7730997522049411,0.6848705815307075
2022-11-18,3.2448259564685267,0.7685332862426806,0.6889159045180631
2022-11-21,3.2257722970224543,0.7730461235120716,0.6848705815307075
2022-11-22,3.189570380416749,0.7643704487530132,0.6925566874908712
2022-11-23,3.22124252886508,0.7567803185991021,0.6994337134219402
2022-11-25,3.2491884585896598,0.7502148615088634,0.7055016593239143
2022-11-28,3.180254833607371,0.7661311527854362,0.6905339874181343
2022-11-29,3.133678165615812,0.7549107197672428,0.7006472563074639
2022-11-30,3.168054639953142,0.746629343182435,0.7083333622676277
2022-12-01,3.1825288904488573,0.7432181330333469,0.7115696052258885
2022-12-02,3.1879568637947573,0.7419505347317568,0.7127832252695306
2022-12-05,3.2169057098795406,0.7486879570841111,0.7063106621948908
2022-12-06,3.218747843860978,0.7491166869418131,0.7059061993384618
2022-12-07,3.237193459801842,0.7534096354337477,0.7018608763511062
2022-12-08,3.2297303747973616,0.7516727110817565,0.7034789592511774
2022-12-09,3.21301523754885,0.7477825063049938,0.7071197422239855
2022-12-12,3.220367843639869,0.7460712943112374,0.7087379022821751
2022-12-13,3.2571298223203002,0.7375545476700985,0.7168284710987679
2022-12-14,3.236910856753107,0.7421329927480552,0.7123786852549833
2022-12-15,3.1597102457551802,0.7598329304409146,0.6953883904345847
2022-12-16,3.170739154891709,0.7624851129820299,0.6929611503473002
2022-12-19,3.172589830380423,0.7629301551126411,0.6925566874908712
2022-12-20,3.2040933634864537,0.7553543269456895,0.6994337134219402
2022-12-21,3.261540857929229,0.7418112716795591,0.7119741452404359
2022-12-22,3.2448624960813324,0.7456046311224865,0.7083333622676277
2022-12-23,3.2318905154129602,0.7426239288977081,0.7111650652113412
2022-12-27,3.226375217628758,0.7413566235573781,0.7123786852549833
2022-12-28,3.2098860494386283,0.7451455052683184,0.7087379022821751
2022-12-29,3.2428643858188884,0.7374898879826907,0.7160194682277914
2022-12-30,3.211718218065358,0.7445731270685092,0.7091424422967225
2023-01-03,3.261185373185313,0.7331051489103773,0.7200647140570287
2023-01-04,3.361952550952822,0.7104529754185117,0.7423139519084251
2023-01-05,3.3399668768825044,0.7150990218225313,0.7374595488919747
2023-01-06,3.4132518746995073,0.6994084379979035,0.7536407636832786
2023-01-09,3.4297410428896375,0.6960296473926075,0.7572815466560867
2023-01-10,3.4517267169599557,0.6915678875164276,0.7621359496725371
2023-01-11,3.464551547896627,0.6889983789875368,0.7649676526162504
2023-01-12,3.4095878868964835,0.67806770792989,0.7771035444201988
2023-01-13,3.427336981409445,0.6745379300700826,0.7811488674075544
2023-01-17,3.4237874333355087,0.6752365204985885,0.7803398645365779
2023-01-18,3.416687660115996,0.6766367318897503,0.7787217044783884
2023-01-19,3.404263395517669,0.6790972183697056,0.775890001534675
2023-01-20,3.363440715112932,0.6709537331312384,0.7851941903949099
2023-01-23,3.372104778532616,0.6692253882047462,0.7872168133095285
2023-01-24,3.382502051251637,0.6671619532498321,0.7896440533968129
2023-01-25,3.408494572023521,0.6620352095951932,0.795711999298787
2023-01-26,3.4448840350015923,0.654967248875091,0.8042071081299271
2023-01-27,3.4310213352223986,0.6576029295668375,0.8009708651716664
2023-01-30,3.4084945720235216,0.6619204968524633,0.795711999298787
2023-01-31,3.44141860794142,0.6555267374514544,0.8033981052589507
2023-02-01,3.384234930038141,0.6446343020688741,0.8167476171065412
2023-02-02,3.3590920902612798,0.6494235490646209,0.8106796712045671
2023-02-03,3.3121585548915333,0.6584973530244282,0.7993527822715952
2023-02-06,3.3490346985836923,0.6658287783196253,0.7904531334259076
2023-02-07,3.307900229624268,0.6576507462360334,0.80016186230069
2023-02-08,3.307900229624268,0.6576507462360334,0.80016186230069
2023-02-09,3.324623433063314,0.6543259702580122,0.8042071081299271
2023-02-10,3.28783193893289,0.6615669798276135,0.7953074592842396
2023-02-13,3.2493680606636293,0.653827401816424,0.8046116481444746
2023-02-14,3.268972228900093,0.6498827140668307,0.809466051160925
2023-02-15,3.2477343540107833,0.6541048752868178,0.8042071081299271
2023-02-16,3.2379321140937094,0.6521306704351892,0.8066343482172115
2023-02-17,3.241179553757193,0.6514766249115888,0.807443351088188
2023-02-21,3.263913180013719,0.6560460805248808,0.8017799452007612
2023-02-22,3.306729435660565,0.664652141762008,0.791262136296884
2023-02-23,3.2813711448898752,0.6595551289582386,0.7973300821988583
2023-02-24,3.3179971942186004,0.6669169596142612,0.7884304333531706
2023-02-27,3.251603305260322,0.653571797466995,0.8042071081299271
2023-02-28,3.264688216091533,0.6509417322687542,0.807443351088188
2023-03-01,3.2728664803415914,0.6493110793103355,0.809466051160925
2023-03-02,3.243425352979146,0.6551519684204306,0.8021844852153086
2023-03-03,3.194357015354326,0.6452404660784724,0.8143203770192569
2023-03-06,3.207051914915788,0.6426761744634513,0.8175566199775177
2023-03-07,3.129295617268048,0.6582581236299969,0.7977346222134056
2023-03-08,3.1451643173874455,0.6549200878409203,0.8017799452007612
2023-03-09,3.2054650146368204,0.6674765503828308,0.7864078104385521
2023-03-10,3.1296153723799636,0.6832707822119729,0.7677993555599638
2023-03-13,3.2236027195979693,0.7037904948956561,0.7447411148375911
2023-03-14,3.164068475946136,0.716788261198629,0.7584951666997289
2023-03-15,2.9835056864173204,0.7576929663045552,0.7152103881986966
2023-03-16,2.936255803170566,0.7696925761453421,0.7265371999735502
2023-03-17,3.031079201201402,0.794549015911387,0.7030744192366299
2023-03-20,2.964806854272957,0.8119212535003166,0.7184466311569574
2023-03-21,3.0883404334000377,0.7780912121707488,0.7483818978103992
2023-03-22,3.0449366918027923,0.7671558665893791,0.7378640889065221
2023-03-23,2.9881779772839074,0.7528558054615222,0.7241100370443843
2023-03-24,2.976492415778432,0.7557999215370552,0.7212783341006708
2023-03-27,2.9431048242704985,0.7473220437140714,0.729368980075382
2023-03-28,2.944737199242494,0.7469075461433022,0.7297735200899294
2023-03-29,3.0100306414038562,0.7634686724388976,0.7459547348812332
2023-03-30,3.0443095817846872,0.7721632341304554,0.7544498437123733
2023-03-31,3.0524714566446645,0.7742334242734544,0.7564725437851103
2023-04-03,3.0736917085932234,0.7796157607058932,0.7617314096579897
2023-04-04,3.063897770104942,0.7771316115039738,0.7641585725871557
2023-04-05,3.0525440424284085,0.7742518350401725,0.7613268696434423
2023-04-06,2.992531084096319,0.78947361152201,0.7762945415492224
2023-04-10,2.9862932529459005,0.7911192429116242,0.7746763814910328
2023-04-11,2.970698972506015,0.7952504297343462,0.7787217044783884
2023-04-12,2.9953904728856657,0.7886405623363248,0.7851941903949099
2023-04-13,3.0308844678881752,0.7792955355587724,0.7944983792551449
2023-04-14,3.0540330070467627,0.7733436250151271,0.8005664023152373
2023-04-17,3.004649711941559,0.7858484854287935,0.7876213533240759
2023-04-18,2.9660692058051175,0.7757579806375353,0.7977346222134056
2023-04-19,2.948019976275991,0.7710373106598509,0.802589025229856
2023-04-20,2.9361328103802165,0.7741463290848969,0.7993527822715952
2023-04-21,2.9405906038707785,0.7729709788233772,0.8005664023152373
2023-04-24,2.9212740655697913,0.7678933853976418,0.8058252681881167
2023-04-25,2.836216900476136,0.7902517239136665,0.7823624874511965
2023-04-26,2.803953934307252,0.7812623322246003,0.791262136296884
2023-04-27,2.763815434902105,0.7700785901261381,0.802589025229856
2023-04-28,2.7540641125479883,0.7727955894146922,0.7997573222861426
2023-05-01,2.7554571965562347,0.7731864914174277,0.7993527822715952
2023-05-02,2.8028689301810745,0.7864903133817909,0.7855987304094573
2023-05-03,2.804312253081048,0.7868953125123916,0.7851941903949099
2023-05-04,2.8259838538800564,0.7929764046106925,0.7791262444929358
2023-05-05,2.764358027289711,0.7756840813252361,0.7961165393133344
2023-05-08,2.76154865609504,0.7764723961863095,0.7953074592842396
2023-05-09,2.7460973824407335,0.7808168742211289,0.7908575962823367
2023-05-10,2.7573345993030345,0.7840120298632671,0.7876213533240759
2023-05-11,2.7714963487789306,0.7880387381038336,0.7835761074948387
2023-05-12,2.7815123103909594,0.7908866457884738,0.7807443273930069
2023-05-15,2.810336383250788,0.7826908976636459,0.7888349733677181
2023-05-16,2.774306429619368,0.7927253963516413,0.7787217044783884
2023-05-17,2.795924346820874,0.7865483310502384,0.7847896503803625
2023-05-18,2.7916006534258804,0.7853319913350124,0.7860032704240046
2023-05-19,2.8160253737867036,0.7784608386666584,0.7928802963550736
2023-05-22,2.8260825632227142,0.7756806335606019,0.795711999298787
2023-05-23,2.7987842818693567,0.7831732484087476,0.7880258933386233
2023-05-24,2.741314432207967,0.7992548196596806,0.7718446785473194
2023-05-25,2.7427512127042335,0.7996737259051453,0.771440138532772
2023-05-26,2.7154243011394463,0.7917063196426765,0.7791262444929358
2023-05-30,2.6956861007096258,0.7974611690826352,0.773462838605509
2023-05-31,2.64916015047304,0.8112248779427214,0.7601133267579185
2023-06-01,2.602634200236454,0.7969777180286242,0.773462838605509
2023-06-02,2.6461928881684016,0.7836391921208457,0.7864078104385521
2023-06-05,2.621691061299116,0.7763832615727814,0.7791262444929358
2023-06-06,2.6434704052650897,0.7828329605296216,0.7855987304094573
2023-06-07,2.746922418918594,0.8134690690178505,0.7548543837269207
2023-06-08,2.717480479796853,0.804750181785181,0.7629450297016319
2023-06-09,2.7390937462509344,0.8111506988219009,0.7568770066415393
2023-06-12,2.7390937462509344,0.8111506988219009,0.7568770066415393
2023-06-13,2.7537335342204456,0.8068152961879723,0.760922329628895
2023-06-14,2.7771570832793717,0.8136781525380516,0.7673948155454164
2023-06-15,2.8035086457783462,0.8059574186912872,0.7746763814910328
2023-06-16,2.7991169048490043,0.8046948735629519,0.773462838605509
2023-06-20,2.78008509671942,0.7992235770944194,0.7682038955745113
2023-06-21,2.781549103439444,0.799644452228439,0.7677993555599638
2023-06-22,2.813790352521497,0.8089132211779065,0.7588997067142763
2023-06-23,2.85128755825433,0.8196929814565411,0.7487864378249466
2023-06-26,2.838964339221169,0.8161502815555118,0.7520226807832073
2023-06-27,2.794677258216802,0.8034185564219365,0.7637540325726083
2023-06-28,2.7872762128273685,0.8012908913452951,0.7617314096579897
2023-06-29,2.7991180548495325,0.8046952041670533,0.7649676526162504
2023-06-30,2.7591517321503094,0.7932056179566616,0.775890001534675
2023-07-03,2.773537353701808,0.7973412208303586,0.7799353245220305
2023-07-05,2.7116793730984003,0.7795581836895059,0.7625404896870844
2023-07-06,2.753397648159455,0.7915514241352211,0.7508090607395652
2023-07-07,2.723727300845163,0.7830217423847794,0.7588997067142763
2023-07-10,2.7179199240192626,0.7813522278487646,0.7605177896143476
2023-07-11,2.754062477667103,0.7917425504492634,0.7706310585036772
2023-07-12,2.8191191845315355,0.8104451628389094,0.7888349733677181
2023-07-13,2.871164550023082,0.8254072527506263,0.8033981052589507
2023-07-14,2.8480333377481286,0.8187574526280567,0.7969256193424292
2023-07-17,2.8668273443168526,0.824160385500693,0.8021844852153086
2023-07-18,2.889958556591806,0.8175105853781235,0.8086569711318301
2023-07-19,2.891404291827216,0.8171016162405191,0.8090615111463775
2023-07-20,2.895741497533445,0.8183272967178375,0.8102751311900197
2023-07-21,2.898632692258463,0.8175102543245079,0.8110841340609961
2023-07-24,2.897187232768854,0.8179179216906153,0.8106796712045671
2023-07-25,2.8914045675730162,0.8162853915436796,0.8122977541046383
2023-07-26,2.907244023171362,0.8118136837930804,0.8167476171065412
2023-07-27,2.946122537105171,0.8226700513237896,0.8058252681881167
2023-07-28,2.9801389443497026,0.8131713698734223,0.8151294570483517
2023-07-31,2.9697861492833244,0.8159962705587098,0.8122977541046383
2023-08-01,2.937248753061491,0.8249364408726951,0.8033981052589507
2023-08-02,3.002323827597667,0.8432129999559,0.7855987304094573
2023-08-03,2.9915019042779103,0.8401736254740854,0.7884304333531706
2023-08-04,2.9761529389054986,0.8358628156210901,0.7924757563405262
2023-08-07,3.0156527060966978,0.824769169797581,0.8029935652444034
2023-08-08,2.968556952424553,0.8118886661578091,0.7904531334259076
2023-08-09,2.9609609659436074,0.8098111936918924,0.7924757563405262
2023-08-10,2.929220328518176,0.801130254031535,0.8009708651716664
2023-08-11,2.90998819725147,0.7958703416728569,0.795711999298787
2023-08-14,2.914426511624081,0.7946564801254054,0.7944983792551449
2023-08-15,2.9604280742620097,0.8071994074218476,0.7819579474366491
2023-08-16,2.977274887317159,0.8117929111902014,0.7775080844347462
2023-08-17,3.0113538911817557,0.8210849970085291,0.7686084355890587
2023-08-18,3.0176937286882874,0.8228136365667453,0.7669902755308691
2023-08-21,3.008143845954313,0.8202097362217812,0.7694175156181534
2023-08-22,2.989164888154028,0.8253845971221575,0.7645631126017031
2023-08-23,3.009725450909362,0.8197073018101226,0.7698220556327008
2023-08-24,3.041356946689737,0.8283222298097898,0.7617314096579897
2023-08-25,3.0284356336422666,0.8248030733861412,0.7649676526162504
2023-08-28,3.066871586301447,0.8143349321683969,0.7746763814910328
2023-08-29,3.1117136838013897,0.8024281778755175,0.7860032704240046
2023-08-30,3.1101121475911992,0.8020151842927098,0.7855987304094573
2023-08-31,3.079683570521174,0.7941684637603064,0.7779126244492935
2023-09-01,3.0844878736899477,0.7929295617823549,0.7766990815637698
2023-09-05,3.1246504746160335,0.803254165041133,0.76658581267444
2023-09-06,3.15103272153037,0.8100362515142412,0.7601133267579185
2023-09-07,3.16947952864679,0.814778373799069,0.7556634637560156
2023-09-08,3.1626928029766903,0.8130337096499792,0.7572815466560867
2023-09-11,3.115387451002102,0.8008729187676025,0.7686084355890587
2023-09-12,3.1219463115422323,0.8025590056082214,0.7702265956472482
2023-09-13,3.126865144203646,0.8038234903416399,0.771440138532772
2023-09-14,3.174415944888541,0.8160473787449904,0.7831715674802913
2023-09-15,3.169496799483443,0.8147828136145262,0.7819579474366491
2023-09-18,3.139982552540223,0.8071955836258322,0.7746763814910328
2023-09-19,3.115387451002101,0.8008729187676024,0.7807443273930069
2023-09-20,3.115387451002101,0.8008729187676024,0.7807443273930069
2023-09-21,3.094403110582264,0.8062673649560026,0.7754854615201275
2023-09-22,3.1105450766880436,0.8104732618647823,0.771440138532772
2023-09-25,3.126856335168662,0.8147232690307231,0.7673948155454164
2023-09-26,3.1482843116643435,0.8203064711954409,0.7621359496725371
2023-09-27,3.170008320153302,0.8259668064700452,0.7568770066415393
2023-09-28,3.127651178581017,0.8149303707820884,0.7669902755308691
2023-09-29,3.1194032787776544,0.8170794160755527,0.7649676526162504
2023-10-02,3.0583680651034713,0.8010921863742073,0.7500000578685888
2023-10-03,3.0864113649269957,0.8084376947926045,0.7431230319375198
2023-10-04,3.076330634109683,0.8057972033544304,0.7455501948666858
2023-10-05,3.0496235031332115,0.798801683688291,0.7520226807832073
2023-10-06,3.107039822696129,0.7837623672969654,0.7661812726598927
2023-10-09,3.0824329179959555,0.7775551839391018,0.7601133267579185
2023-10-10,3.0315786065630945,0.7903833734025023,0.7726537585764142
2023-10-11,3.0585612549460137,0.7974182022557126,0.7795307845074831
2023-10-12,3.0220554079388364,0.7879005158450806,0.7702265956472482
2023-10-13,3.0696720065341783,0.8003149614894264,0.7580906266851816
2023-10-16,3.02380699692352,0.7883571844623916,0.7694175156181534
2023-10-17,3.02380699692352,0.7883571844623916,0.7694175156181534
2023-10-18,3.071501294384973,0.8007918875039143,0.7572815466560867
2023-10-19,3.101034698882424,0.8084917412448732,0.7500000578685888
2023-10-20,3.1445228160164795,0.8198298225497502,0.7394822489647117
2023-10-23,3.1428025782318447,0.8193813277159595,0.7398867889792591
2023-10-24,3.153112718266686,0.8220693540938169,0.7374595488919747
2023-10-25,3.1773274120206443,0.8283825307647857,0.731796143004548
2023-10-26,3.186109277424325,0.8306721103216216,0.7297735200899294
2023-10-27,3.2126015850172385,0.8375790991093023,0.7237054970298368
2023-10-30,3.1623203843234156,0.8244699470203295,0.7350323859628087
2023-10-31,3.1640608316271113,0.8240161832260653,0.7354369259773561
2023-11-01,3.19016687726978,0.8308149792146162,0.7415048718793302
2023-11-02,3.2354175112967165,0.8190303591571502,0.7520226807832073
2023-11-03,3.273706356108872,0.828722995797929,0.760922329628895
2023-11-06,3.2615235569393857,0.8256389788682793,0.7580906266851816
2023-11-07,3.2476003104662037,0.8221143760867998,0.7548543837269207
2023-11-08,3.2267152747782406,0.8168274298980013,0.7597087867433711
2023-11-09,3.235306299832687,0.8190022065106961,0.7576860866706341
2023-11-10,3.257761894330154,0.8133176809240814,0.7629450297016319
2023-11-13,3.2802171593638083,0.8077116039073746,0.7682038955745113
2023-11-14,3.363129363361042,0.7872955320375812,0.7876213533240759
2023-11-15,3.375221014724807,0.7901261406955052,0.7904531334259076
2023-11-16,3.3717662571923026,0.7909348860263408,0.7896440533968129
2023-11-17,3.3113093182287234,0.7767531490727009,0.8038026452734981
2023-11-20,3.321308149747214,0.7744076648177931,0.8062298082026641
2023-11-21,3.304643218644981,0.7782933176381169,0.8021844852153086
2023-11-22,3.302976693749045,0.7786858093851431,0.8017799452007612
2023-11-24,3.256314950234218,0.7676851754463904,0.8131068341337331
2023-11-27,3.244974599565465,0.7703586942017365,0.8102751311900197
2023-11-28,3.254694855995627,0.768051100160215,0.8127022941191857
2023-11-29,3.270895489380152,0.7642280338376212,0.8167476171065412
2023-11-30,3.272515583618742,0.7638495070890261,0.8171521571210887
2023-12-01,3.2368744373738925,0.7555303803207706,0.8260518059667762
2023-12-04,3.2527259886617284,0.7592303473120418,0.8220064829794206
2023-12-05,3.2591288339066877,0.7607248582041554,0.8203884000793494
2023-12-06,3.2446652203749413,0.7573488547032847,0.8240291830521576
2023-12-07,3.2653723258358753,0.7525155355347677,0.8292880489250369
2023-12-08,3.2462578175671037,0.748110535739629,0.8341424519414873
2023-12-11,3.239960674613161,0.7466593389297485,0.8357605348415585
2023-12-12,3.250938228346967,0.7441295264298087,0.8385922377852719
2023-12-13,3.2164370033368277,0.736232304635749,0.8474919637890778
2023-12-14,3.204154678491882,0.7334209191438217,0.8507282067473385
2023-12-15,3.161493457341002,0.743185938366615,0.8394013178143667
2023-12-18,3.1508282247047306,0.7406788160107926,0.84223302075808
2023-12-19,3.1160208731211694,0.732496501355477,0.851537209618315
2023-12-20,3.036085089656288,0.7512873516434871,0.8296925889395843
2023-12-21,2.997597385638432,0.7417634666506304,0.8402103978434614
2023-12-22,2.98172199722832,0.7378350594542779,0.844660183687246
2023-12-26,3.000286511598164,0.7332412208682038,0.8499191267182438
2023-12-27,3.0174226930745034,0.7290533026216769,0.8547734525765758
2023-12-28,2.990290360341184,0.7356088696731402,0.8470874237745304
2023-12-29,2.987434511678256,0.734906333345981,0.8478964266455068
2024-01-02,3.0088139991166822,0.7401656689601243,0.8418284807435327
2024-01-03,3.0464061350373726,0.7494133022267689,0.8313106718396556
2024-01-04,3.016757299326853,0.7421197140142679,0.8394013178143667
2024-01-05,3.029842051965892,0.7389008760624719,0.8430421007871748
2024-01-08,3.0647346332361325,0.7303914691605732,0.8527508296619571
2024-01-09,3.0182111915424783,0.7414789951605498,0.839805857828914
2024-01-10,3.0123958999815645,0.7400503620167742,0.8414239407289853
2024-01-11,3.041361080495097,0.747166190425999,0.8333333719123925
2024-01-12,3.039884657856551,0.7468034800969374,0.8337379119269399
2024-01-16,2.9794114793528292,0.7616598267160051,0.8171521571210887
2024-01-17,2.997111076602346,0.7661845700310635,0.8122977541046383
2024-01-18,2.971737116760727,0.7596979447394592,0.8191747800357072
2024-01-19,2.987879975854459,0.7555711675738213,0.8236246430376102
2024-01-22,3.0025549969490313,0.7518601674961071,0.8276698888668473
2024-01-23,2.990814812128522,0.7489203454663516,0.8244336459085866
2024-01-24,2.9643993263053554,0.7555349625560229,0.8317152118542029
2024-01-25,2.9629574648009656,0.7551674760409427,0.8313106718396556
2024-01-26,2.9817013893510684,0.7599447306460991,0.8365696148706533
2024-01-29,2.97449208182912,0.7617821632215,0.8345469147979163
2024-01-30,2.955748157279017,0.7569817512525909,0.839805857828914
2024-01-31,2.9799522712820634,0.7631805448001475,0.8329288318978452
2024-02-01,2.982846900184339,0.7639218736072974,0.8321197518687503
2024-02-02,2.9944476550692127,0.7668928844246357,0.8288835089104896
2024-02-05,3.013445980421428,0.7717584496997318,0.8236246430376102
2024-02-06,3.0075258013053383,0.770242262488724,0.8252427259376814
2024-02-07,3.02079432023137,0.7736403959421511,0.8216019429648732
2024-02-08,3.0252561688033417,0.7747830974735781,0.8203884000793494
2024-02-09,3.0222728977993096,0.7740190669848735,0.8211974029503258
2024-02-12,3.0401386760140277,0.7694435526443969,0.8260518059667762
2024-02-13,2.9954746564275987,0.7807477876048293,0.8139159141628278
2024-02-14,2.959743383965074,0.7714347019929845,0.8236246430376102
2024-02-15,2.9292157129300027,0.7634778956917805,0.8321197518687503
2024-02-16,2.9391838319879238,0.7608797809374613,0.8349514548124637
2024-02-20,2.97336035659117,0.7697272120747419,0.844660183687246
2024-02-21,2.953424118475328,0.7748881959932059,0.8389967777998193
2024-02-22,2.9178235380622537,0.7655476920811435,0.849110046689149
2024-02-23,2.9261640743131756,0.7633593903575058,0.851537209618315
2024-02-26,2.9247742058887445,0.7637219705431025,0.851132746761886
2024-02-27,2.9178238032031207,0.7619070696784664,0.8531553696765045
2024-02-28,2.9192073454344056,0.762268342557952,0.8527508296619571
2024-02-29,2.90258935052851,0.7579290237173889,0.8576052326784075
2024-03-01,2.9176497775293617,0.7539964196335752,0.8620550185221921
2024-03-04,2.9162806003213118,0.754350250556212,0.8616504785076448
2024-03-05,2.9094347142810606,0.7525794347269075,0.8636731785803816
2024-03-06,2.943503035853624,0.7437670293254995,0.8737864474697113
2024-03-07,2.976208593372805,0.7355029592490706,0.8834951763444937
2024-03-08,2.980296885532952,0.7344926298693495,0.8847087963881359
2024-03-11,2.9911987380393454,0.7318058739435428,0.8879450393463967
2024-03-12,2.9516796201739184,0.7221374014949541,0.8996763911357976
2024-03-13,2.959642713818975,0.7201892064017605,0.9021035540649636
2024-03-14,2.926462861632026,0.7282630767049135,0.8919902851756338
2024-03-15,2.895937205231974,0.7206666336610604,0.9012945511939872
2024-03-18,2.87903976724848,0.72487163497361,0.8960356081629894
2024-03-19,2.89723702722422,0.7202900110097074,0.9016990912085345
2024-03-20,2.928432011291022,0.712534540813176,0.9114078200833169
2024-03-21,2.9336310513443076,0.7112695308683475,0.913025902983388
2024-03-22,2.927132189298776,0.7128452036361227,0.9110032800687695
2024-03-25,2.933631051344307,0.7112625342045247,0.913025902983388
2024-03-26,2.9219329013297943,0.7084263030359821,0.9166666859561963
2024-03-27,2.937406617247903,0.7046746811705018,0.9215210889726466
2024-03-28,2.932248629959743,0.7059120662252039,0.919902928914457
2024-04-01,2.939985364945612,0.7077746144838714,0.917475765985291
2024-04-02,2.9451706429285216,0.7090229227812881,0.9158576059271015
2024-04-03,2.913949781653677,0.701506785688862,0.9255663348018838
2024-04-04,2.8935725291391488,0.7064124230483791,0.9190938488853623
2024-04-05,2.8986669637257867,0.7051687107017324,0.9207120089435518
2024-04-08,2.8782897112112584,0.7002114661948147,0.9271844948600734
2024-04-09,2.848150580774826,0.7075435164156558,0.917475765985291
2024-04-10,2.874522469609527,0.7140948761248574,0.9089805799960325
2024-04-11,2.901387049287343,0.7207686311224248,0.9004854711648924
2024-04-12,2.9496132681615173,0.7327490891487634,0.8855177992591123
2024-04-15,2.94557076355435,0.7317448417103771,0.8867314193027545
2024-04-16,2.9012259586337077,0.7427610707749871,0.873381907455164
2024-04-17,2.8716628407886557,0.7351924313862858,0.8822815563008516
2024-04-18,2.8795630571249817,0.7331698474066197,0.8847087963881359
2024-04-19,2.890096427771384,0.7358517646268006,0.8879450393463967
2024-04-22,2.847962945185775,0.7251240957460772,0.9008900111794398
2024-04-23,2.8991162486544115,0.7381483146829216,0.9170712259707436
2024-04-24,2.8671454034967394,0.7462884592814962,0.9069579570814139
2024-04-25,2.8773760641904667,0.7489513950353796,0.9037217141231532
2024-04-26,2.861920287468207,0.7449284153207872,0.9085760399814852
2024-04-29,2.8657430647277176,0.7439333857182784,0.9097896600251273
2024-04-30,2.835161575771841,0.7518721960391587,0.9000809311503449
2024-05-01,2.8377100939448487,0.7525480516841278,0.8992718511212502
2024-05-02,2.7917551957506332,0.7403610177883138,0.9138349830124829
2024-05-03,2.7979342851222357,0.7387223508653945,0.9158576059271015
2024-05-06,2.8411886178749017,0.727302160424872,0.9300161978037867
2024-05-07,2.873320401184964,0.7190769003091985,0.9405340067076638
2024-05-08,2.8819712205920673,0.7169119470370785,0.9433657096513772
2024-05-09,2.8869146806630694,0.7156822242836799,0.9449838697095668
2024-05-10,2.8646695817778607,0.7101675404046538,0.9522654356551832
2024-05-13,2.8658863144223403,0.7098659056070644,0.9526698985116122
2024-05-14,2.893876039603542,0.7029329887242636,0.9619741645299654
2024-05-15,2.919431603158903,0.6967254496235342,0.9704692733611057
2024-05-16,2.914563976244103,0.6978871139513246,0.9688511904610344
2024-05-17,2.9364686455291436,0.6926420801987648,0.9761326792485324
2024-05-20,2.9242994621859966,0.6955124968394979,0.9720874334192952
2024-05-21,2.9340349481278905,0.6931970184752093,0.975323676377556
2024-05-22,2.958373779038772,0.6989473266068015,0.9672330304028448
2024-05-23,2.9818824616630537,0.7045015033605003,0.9595469244426811
2024-05-24,2.9454259410513366,0.6958882619237726,0.9712783533902004
2024-05-28,2.9429723855924257,0.696467940543438,0.9704692733611057
2024-05-29,2.9012628787266515,0.7063386870343333,0.9567152214989677
2024-05-30,2.868140581983138,0.69827476433194,0.9676375704173923
2024-05-31,2.901714216171669,0.6901009594466322,0.9789644593503641
2024-06-03,2.9077094018081304,0.6886751528193892,0.9809870822649828
2024-06-04,2.8645433333802583,0.6988988012873866,0.9664239503737501
2024-06-05,2.8621451676450045,0.6983136905166308,0.9672330304028448
2024-06-06,2.837007010899804,0.6921804170516898,0.9757282163921034
2024-06-07,2.8170115137390024,0.6970589709328553,0.9688511904610344
2024-06-10,2.844064403551853,0.7037531074110823,0.9595469244426811
2024-06-11,2.992742283464948,0.740542893135154,0.9093851200105799
2024-06-12,2.9408217587364502,0.7276953533359631,0.9251618719454547
2024-06-13,2.867526041522968,0.7458321046291101,0.9021035540649636
2024-06-14,2.909960275034289,0.7568690797881091,0.8887540422173731
2024-06-17,2.8609530935345573,0.7441225070314506,0.9037217141231532
2024-06-18,2.881443337728477,0.7387930761107817,0.9101942000396747
2024-06-20,2.9019335819223975,0.7440467107528639,0.9166666859561963
2024-06-21,2.859672422739566,0.7332110814750364,0.9033171741086058
2024-06-24,2.8135692511717574,0.7450317907338537,0.9178803059998384
2024-06-25,2.791249140465548,0.7509421453632624,0.9105987400542221
2024-06-26,2.8098491538833885,0.7459381011963384,0.9045307941522479
2024-06-27,2.8098491538833885,0.7459381011963384,0.9045307941522479
2024-06-28,2.8098491538833885,0.7459381011963384,0.9045307941522479
2024-07-01,2.777176461432973,0.7372643949463956,0.915048603056125
2024-07-02,2.7612155466259067,0.741501581297871,0.9097896600251273
2024-07-03,2.728066170496051,0.7325995907055893,0.9207120089435518
2024-07-05,2.7508400731378013,0.7264838476438726,0.9283981149037155
2024-07-08,2.7400524470769305,0.7293328086446135,0.9247573319309074
2024-07-09,2.722072917896006,0.7341185055496564,0.9186893088708149
2024-07-10,2.6933057626542105,0.7263602633379286,0.9283981149037155
2024-07-11,2.668661243021965,0.7197138587528533,0.9368932237348557
2024-07-12,2.6870975726632125,0.7147417469938065,0.9433657096513772
2024-07-15,2.6686612430219654,0.7196456308683614,0.9368932237348557
2024-07-16,2.6525295095304706,0.7152954603265429,0.9425566296222825
2024-07-17,2.6604984478248563,0.7174444073467799,0.9397249266785691
2024-07-18,2.671951347735525,0.7205328583081136,0.9356796036912135
2024-07-19,2.6800376333262266,0.7227134498352393,0.9328479007475001
2024-07-22,2.639360520761555,0.7117442395579703,0.9470064926241855
2024-07-23,2.6235762890495824,0.7160007008895974,0.9413430867367586
2024-07-24,2.6506350641461194,0.72338531631519,0.9316343578619763
2024-07-25,2.6540879894435623,0.7243276548107037,0.9304207378183341
2024-07-26,2.6183155607787105,0.7145649945429379,0.9429611696368299
2024-07-29,2.596973803068009,0.7203893776732694,0.9352751408347845
2024-07-30,2.6228086977143703,0.7132228888721271,0.9445793296950195
2024-07-31,2.6216854134804555,0.7135283446329822,0.9441747896804721
2024-08-01,2.5228385433415483,0.6866257867365592,0.9085760399814852
2024-08-02,2.570015195698611,0.6994655723525504,0.8915858223192048
2024-08-05,2.6283186233061846,0.6835974792650458,0.8713592845405453
2024-08-06,2.6234379300080657,0.6848668952354211,0.8729773674406166
2024-08-07,2.6027713567999777,0.6902620493064516,0.8798543933716856
2024-08-08,2.636278380574012,0.6991482032269639,0.8911812823046574
2024-08-09,2.6554251860883387,0.7042259881724077,0.897653768221179
2024-08-12,2.6554251860883387,0.7042259881724077,0.897653768221179
2024-08-13,2.694915500992628,0.7146989271888818,0.9110032800687695
2024-08-14,2.7164557142582275,0.7204114503854989,0.9182848460143859
2024-08-15,2.7535526214112447,0.7302496511507999,0.9308252778328815
2024-08-16,2.783469533558371,0.7381836976945523,0.9409385467222112
2024-08-19,2.818173032960116,0.7473871602086799,0.9526698985116122
2024-08-20,2.80500974682397,0.7438962208911694,0.9482201126678276
2024-08-21,2.830139843468552,0.7505607909325751,0.9567152214989677
2024-08-22,2.8277464357172795,0.7499260526814018,0.955906141469873
2024-08-23,2.8839903766325494,0.7648420989241178,0.9749191363630085
2024-08-26,2.8756136777510224,0.7626205755769826,0.9720874334192952
2024-08-27,2.8947604832653493,0.7676983605224265,0.9785599193358168
2024-08-28,2.8815969688812775,0.7642073606729446,0.9741100563339138
2024-08-29,2.8863837843838223,0.7654768371752912,0.9757282163921034
2024-08-30,2.889973667762805,0.7645247903305026,0.9769417592776272
2024-09-03,2.8301398434685527,0.7803534611877866,0.9567152214989677
2024-09-04,2.8241563240903718,0.7787036274993123,0.9587379215717047
2024-09-05,2.7979406096555772,0.7714751778013531,0.9676375704173923
2024-09-06,2.744133943627421,0.7863112708541217,0.949029115538804
2024-09-09,2.7803950401413604,0.775920922034359,0.961569624515418
2024-09-10,2.7546613299567557,0.7831023922375242,0.9526698985116122
2024-09-11,2.7733766338524566,0.7884228282173642,0.9591423844281337
2024-09-12,2.7499823924308195,0.7817722515302643,0.9672330304028448
2024-09-13,2.7695347646392556,0.7873306514990129,0.9741100563339138
2024-09-16,2.7994384056269577,0.7958317374726013,0.9846278652377909
2024-09-17,2.7902373021977884,0.7932160235086926,0.9813916222795301
2024-09-18,2.7902373021977884,0.7932160235086926,0.9813916222795301
2024-09-19,2.8454439227728034,0.7775217397252402,1.0008090800290947
2024-09-20,2.8258915505643674,0.7721790252427687,0.9939320540980259
2024-09-23,2.8178406124852957,0.7699790945635656,0.9911003511543125
2024-09-24,2.8431435920726083,0.7768931709758634,1.0
2024-09-25,2.8120900051064184,0.7853786093179878,0.9890777282396939
2024-09-26,2.876497729110603,0.7673904053074874,1.0117314289475192
2024-09-27,2.8661464603313362,0.7701519108228851,1.0080906459747112
2024-09-30,2.8442937574227054,0.776023872055383,1.0004045400145474
2024-10-01,2.901800708697915,0.7917138010165625,0.9801780022358879
2024-10-02,2.910183918268162,0.7940010369020885,0.9773462992921745
2024-10-03,2.9342749367956356,0.8005739182828037,0.9692556533174634
2024-10-04,2.8963104420219468,0.8109319743584181,0.9817961622940775
2024-10-07,2.8879568844103365,0.8085930790284788,0.9789644593503641
2024-10-08,2.8772165310190165,0.8055859096813801,0.975323676377556
2024-10-09,2.883183292850917,0.8072565309941603,0.9773462992921745
2024-10-10,2.8772165310190165,0.8055859096813801,0.9793689222067932
2024-10-11,2.8974200439593014,0.8112426495114529,0.9862459481378621
2024-10-14,2.9057393241982967,0.8135719475906807,0.9890777282396939
2024-10-15,2.8914779276086566,0.8095789286360304,0.9842233252232435
2024-10-16,2.8997969811704434,0.8119081632483752,0.9870550281669569
2024-10-17,2.9093045033378004,0.814570154729181,0.9902912711252176
2024-10-18,2.9342618907003684,0.8215579220330982,0.9987864571144762
2024-10-21,2.897420043959302,0.8112426495114529,0.9862459481378621
2024-10-22,2.8891009903975156,0.8089134148991082,0.9834142451941488
2024-10-23,2.915246619688446,0.8015929541936129,0.9745145963484612
2024-10-24,2.8970944454209024,0.7966017281004624,0.9805825422504354
2024-10-25,2.8672151707429303,0.8048175050767642,0.9704692733611057
2024-10-28,2.906655804199423,0.8158883561733271,0.9838187852086961
2024-10-29,2.89231388001203,0.8199140853059986,0.9789644593503641
2024-10-30,2.8791669262062745,0.8161871825383912,0.9745145963484612
2024-10-31,2.8899234833272063,0.8131379102053297,0.970873813375653
2024-11-01,2.9079854591639043,0.8080558111910254,0.9769417592776272
2024-11-04,2.9200268529451976,0.8047098115784239,0.9809870822649828
2024-11-05,2.957354966963772,0.7944228172762422,0.9935275140834785
2024-11-06,2.909189621509082,0.7814843469679307,0.9773462992921745
2024-11-07,2.8935357406922555,0.7856893883778151,0.9826052423231723
2024-11-08,2.8363557778430026,0.8012156144432818,0.9631877074154893
2024-11-11,2.820869457433721,0.7968410286388085,0.968446650446487
2024-11-12,2.8821415282956377,0.8141492028415442,0.9474110326387328
2024-11-13,2.8981396486486886,0.8096300434579655,0.9421521667658534
2024-11-14,2.881962933006846,0.8141492028415442,0.9474110326387328
2024-11-15,2.907804503264917,0.8214493986854344,0.955906141469873
2024-11-18,2.933646308232981,0.828749660834464,0.9644013274591314
2024-11-19,2.9102656722542553,0.8221446743767972,0.9567152214989677
2024-11-20,2.9164183600176075,0.8204065514535298,0.9546925985843492
2024-11-21,2.9102396019416226,0.8221446743767972,0.9567152214989677
2024-11-22,2.8843982631736944,0.814844478532907,0.9482201126678276
2024-11-25,2.8659401305240473,0.8200589136078483,0.9542880585698017
2024-11-26,2.841642114036721,0.8131062893045002,0.9461974125950906
2024-11-27,2.862295358534031,0.8190160000708044,0.9530744385261596
2024-11-29,2.823418717532756,0.83014014591205,0.9660194103592027
2024-12-02,2.8210542165465875,0.8294449365258267,0.9652104074882263
2024-12-03,2.8269658072811064,0.8311830594490941,0.9672330304028448
2024-12-04,2.8423363040112255,0.8357022851378123,0.9724919734338426
2024-12-05,2.9038176143935073,0.8537789889772666,0.9935275140834785
2024-12-06,2.8943589339106386,0.8509979525169552,0.9902912711252176
2024-12-09,2.876623936194351,0.8457835174420139,0.9842233252232435
2024-12-10,2.869529982210382,0.8436977566730652,0.9817961622940775
2024-12-11,2.8825355269288693,0.8398738729808493,0.9862459481378621
2024-12-12,2.8541594854802628,0.8481416967799535,0.9765372192630798
2024-12-13,2.831695034766175,0.8548172303101584,0.9842233252232435
2024-12-16,2.832858931131158,0.8544658793861121,0.9846278652377909
2024-12-17,2.7525518578716466,0.878688636551861,0.9567152214989677
2024-12-18,2.8235477602112997,0.9013524393969182,0.9320388978765237
2024-12-19,2.8210969416354286,0.9021348066488593,0.9328479007475001
2024-12-20,2.824767143166335,0.9033084694534161,0.9340615207911424
2024-12-23,2.8174269734443103,0.9056557204447663,0.9364886837203084
2024-12-24,2.8429847474640453,0.9138712108411371,0.9449838697095668
2024-12-26,2.8478527511966893,0.9154360199627826,0.946601952609638
2024-12-27,2.855154872860787,0.9130887689714324,0.9441747896804721
2024-12-30,2.8576015054259143,0.9123063271017279,0.9433657096513772
2024-12-31,2.855150676139353,0.9115238852320233,0.9425566296222825
2025-01-02,2.8220654156665548,0.900961218462066,0.9316343578619763
2025-01-03,2.791430750756373,0.9107415179800824,0.9417476267513061
2025-01-06,2.8309999907739973,0.9236515103591535,0.9550971385988966
2025-01-07,2.832199086375028,0.9240427312940057,0.9555016786134439
2025-01-08,2.8369952400750518,0.9256075404156512,0.9571197615135151
2025-01-10,2.8046203449595133,0.9150447990279302,0.9461974125950906
2025-01-13,2.8070183074574744,0.9142624317759893,0.9453884097241142
2025-01-14,2.7709847892541495,0.9259987613505036,0.9575243015280626
2025-01-15,2.8224944970364683,0.9432121093951864,0.975323676377556
2025-01-16,2.8353717565158236,0.9475153904430342,0.9797734622213405
2025-01-17,2.8470785387329367,0.9514275251737935,0.9838187852086961
2025-01-21,2.907953627631286,0.9717705660795308,1.0048544030164503
2025-01-22,2.896246845414173,0.9756827008102902,1.0008090800290947
2025-01-23,2.950097954297574,0.95754143103552,1.019417534907683
2025-01-24,2.952439132110358,0.9567815326226907,1.0202265377786595
2025-01-27,2.977023397095125,0.9488146382421401,1.028721723767918
2025-01-28,2.9676580159790946,0.9517995024875058,1.0254854808096572
2025-01-29,2.973511295443502,0.9499222145883793,1.0275081037242757
2025-01-30,2.987559478761697,0.9454343616486537,1.032362506740726
2025-01-31,2.9582926348630636,0.9546960617337827,1.0222492378513963
2025-02-03,2.9067829270807453,0.9713192025891884,1.004449863001903
2025-02-04,2.8634678998639163,0.9568452226767521,1.019417534907683
2025-02-05,2.837333126600509,0.9481121291631074,1.028721723767918
2025-02-06,2.885310086713846,0.9320803360058726,1.046116558602864
2025-02-07,2.86522668826538,0.9385681450147495,1.0388349926572478
2025-02-10,2.877499923497439,0.9345477763394677,1.0432848556591505
2025-02-11,2.908740576363064,0.9244015092871035,1.0546116674340043
2025-02-12,2.942212978047502,0.9137639368311757,1.0667476363960708
2025-02-13,2.9466758372521684,0.9123779053552744,1.068365719296142
2025-02-14,2.9578333044803147,0.9089232238290638,1.0724110422834976
2025-02-18,3.012504659806145,0.8921230666131085,1.0922330400476097
2025-02-19,2.9634119316888947,0.9066613860855116,1.0744336651981161
2025-02-20,2.981263794129534,0.9011995756056526,1.0809061511146378
2025-02-21,2.990189725349853,0.9038977754239567,1.077669908156377
2025-02-24,2.9958020718848966,0.9022012317214193,1.0796926082291138
2025-02-25,3.0597813237604883,0.8829335503253463,1.1027508489514868
2025-02-26,3.0878424141683185,0.8748362140917438,1.1128641178408165
2025-02-27,3.066515925513411,0.8808783568219307,1.1051780118806527
2025-02-28,3.079985343108387,0.8770091714902342,1.110032414897103
2025-03-03,3.13386258531003,0.8616679181134389,1.1294498726466677
2025-03-04,3.126005514250098,0.8638282508907648,1.1266181697029543
2025-03-05,3.2348824679603925,0.833741615388319,1.165857625216631
2025-03-06,3.2000867757996394,0.842709674314105,1.1533171933981354
2025-03-07,3.2573314259223083,0.8276348892095527,1.1739482711913423
2025-03-10,3.1563115432719457,0.8533023968877503,1.137540518621379
2025-03-11,3.157434012578954,0.8536058541786331,1.1371359786068316
2025-03-12,3.1315994924165054,0.8466215442729608,1.1464401674670663
2025-03-13,3.102869196706885,0.8543887211996399,1.1359223585631892
2025-03-14,3.184639941066262,0.8318727860197431,1.165857625216631
2025-03-17,3.2200002401660996,0.8226361780919957,1.1788025970496743
2025-03-18,3.2564655749583085,0.8133201217538258,1.1921521088972646
2025-03-19,3.24873053587572,0.8152519901502857,1.1893204059535514
2025-03-20,3.196795122918334,0.8282849112575368,1.170307488218534
2025-03-21,3.2067402333856645,0.8308616747422606,1.1666667052457258
2025-03-24,3.1845020055828734,0.8250997826491119,1.174757351220437
2025-03-25,3.2294622430212416,0.8134506513019768,1.1913431060262882
2025-03-26,3.1834053889187373,0.8250516471171663,1.1743528112058896
2025-03-27,3.1954677539077494,0.8219254118795947,1.1788025970496743
2025-03-28,3.2272688005347265,0.8301051496707572,1.1670712452602732
2025-03-31,3.186997787619687,0.840463498252596,1.1525081133690405
2025-04-01,3.1724553825723043,0.8366284279345026,1.1577670564000384
2025-04-02,3.1968417552259663,0.8301973421804406,1.1666667052457258
2025-04-03,3.0970790525566723,0.856105015110886,1.1302589526757625
2025-04-04,3.3553537060368126,0.9274981640645252,1.0360032897135343
2025-04-07,3.448376134870119,0.9017845912139233,1.0072815659456162
2025-04-08,3.466379589103391,0.8970765092120738,1.0020227000727369
2025-04-09,3.768655699122154,0.975303601953517,1.0894013371038962
2025-04-10,3.7378681445428352,0.9673359829206761,1.0805016111000905
2025-04-11,3.8330291915708585,0.9919630434276144,1.1080097148243662
2025-04-14,3.887607007907183,1.0060874275871898,1.123786466759241
2025-04-15,3.9575783346137374,1.0241955521861723,1.1440130045379004
2025-04-16,3.9547794174848123,1.0234712106237298,1.1432039245088057
2025-04-17,3.993963456531478,1.033611785266885,1.1545308134417775
2025-04-21,3.967374277645547,1.040492891956062,1.1468447074816137
2025-04-22,4.0835266693016505,1.0100304930382582,1.1804207571078638
2025-04-23,4.108716389623119,1.0037999997180957,1.18770232305348
2025-04-24,4.140903135847471,0.9959364596761181,1.197006511913715
2025-04-25,4.164693397604476,0.9902146187414856,1.2038835378447839
2025-04-28,4.138104218718545,0.9838926662903579,1.2115696438049477
2025-04-29,4.169882584387543,0.9763369114625823,1.2208738326651827
2025-04-30,4.129814004040096,0.985718574660867,1.2091424037176632
2025-05-01,4.145012203884994,0.9893461346124455,1.2046926178738788
2025-05-02,4.217389648068177,0.972070830918853,1.2257281585235147
2025-05-05,4.252186593235338,0.9640504443231838,1.2358414274128444
2025-05-06,4.253578502899579,0.9637348722990389,1.2362459674273918
2025-05-07,4.241051581401031,0.9665731015882064,1.2326051844545836
2025-05-08,4.243835400729513,0.9659386445836293,1.2334142644836783
2025-05-09,4.2828080748894,0.9570680809309182,1.2447411534166501
2025-05-12,4.278632345896676,0.9580012203253695,1.243527533373008
2025-05-13,4.288375448066741,0.9558197045946176,1.2463592363167215
2025-05-14,4.3162131103923205,0.9496150738427476,1.2544498822914325
2025-05-15,4.3440505072382765,0.943490535738312,1.2625404511080254
2025-05-16,4.351010055559483,0.9419789814957611,1.2645631511807622
2025-05-19,4.419212036229565,0.9272134830328217,1.2843851489448743
2025-05-20,4.440090150233937,0.9228329580327886,1.2904530948468484
2025-05-21,4.41086084372374,0.9289080075194822,1.2819579860157082
2025-05-22,4.419212036229565,0.9271492828927383,1.2843851489448743
2025-05-23,4.3969420125609515,0.9318215267916701,1.2779126630283528
2025-05-27,4.364928886722272,0.9250371480777471,1.2872168518885876
2025-05-28,4.323776298777615,0.933758406447876,1.2750809600846393
2025-05-29,4.353954845827579,0.9272410776003467,1.283980608930327
2025-05-30,4.3484676945593455,0.9260725050645546,1.2855987689885164
2025-06-02,4.403199770752971,0.9144164748331628,1.3017799837798203
2025-06-03,4.35941410979807,0.9235094826055021,1.2888350119467773
2025-06-04,4.35941410979807,0.9235094826055021,1.2888350119467773
2025-06-05,4.332047941209694,0.9177121631590326,1.2969256579214883
2025-06-06,4.360423676162207,0.9117009745808133,1.3054207667526285
2025-06-09,4.353667622428827,0.9131135668494765,1.30339814383801
2025-06-10,4.295564632504811,0.9252997585791383,1.2860033090030638
2025-06-11,4.294213627939678,0.9250087411449,1.2864077718594928
2025-06-12,4.263154911197947,0.9183184395055218,1.2957119607197278
2025-06-13,4.187288626746452,0.9346606577452532,1.272653719997355
2025-06-16,4.232541990600069,0.9447618336122418,1.2588997452933355
2025-06-17,4.327747085159646,0.9660129257231036,1.230582561539965
2025-06-18,4.307829861328101,0.9615671262604293,1.2362459674273918
2025-06-20,4.327564598299133,0.9659721921352663,1.230582561539965
2025-06-23,4.344635978388883,0.9697827599670098,1.2354369645564154
2025-06-24,4.255011979103744,0.9497774454093897,1.260922368207954
2025-06-25,4.238630682754986,0.946120913800307,1.2560679651915037
2025-06-26,4.267297886272345,0.9525198295865522,1.2645631511807622
2025-06-27,4.3123461257665925,0.9424644403098225,1.2779126630283528
2025-06-30,4.317806384301597,0.941271099294501,1.279530745928424
2025-07-01,4.300060218597991,0.945139719471827,1.2742718800555446
2025-07-02,4.308250736586434,0.943339469363597,1.2766990429847105
2025-07-03,4.279583533069074,0.9370624659560304,1.285194228973969
2025-07-07,4.267460046590032,0.9397170383106184,1.2815534460011608
2025-07-08,4.314606652975487,0.9293351088173736,1.2957119607197278
2025-07-09,4.379265076243886,0.9154081514705996,1.3151294184692925
2025-07-10,4.342895130666231,0.9230106473393546,1.3042072238671047
2025-07-11,4.282277698271024,0.9358938816408392,1.2860033090030638
2025-07-14,4.264766138317817,0.9320667216636126,1.2912621748759432
2025-07-15,4.334242339410538,0.9472507793319369,1.270226557068189
2025-07-16,4.283169940604633,0.9360888816384582,1.285194228973969
2025-07-17,4.276429140285301,0.9346156764376901,1.2872168518885876
2025-07-18,4.279117089412262,0.9352031290316917,1.2864077718594928
2025-07-21,4.307375287295506,0.9290272860881568,1.294902880690633
2025-07-22,4.327560007679974,0.9246737866253774,1.3009709037507255
2025-07-23,4.439247904054838,0.9008093295461248,1.334547030535094
2025-07-24,4.402915715354054,0.9081818339098937,1.3236246816166695
2025-07-25,4.413680523125344,0.9104022722501791,1.3268608474168118
2025-07-28,4.339670737246902,0.9256681431892865,1.3046116867235338
2025-07-29,4.307375287295506,0.9187794018538237,1.3143204927564345
2025-07-30,4.266276728189355,0.9275458795888788,1.3017799837798203
2025-07-31,4.280860104186217,0.9307165014632186,1.2973301207779173
2025-08-01,4.327579863579465,0.9408740048511862,1.2831715289012322
2025-08-04,4.244356828602262,0.9227801989173299,1.307848006839913
2025-08-05,4.260110563743744,0.9193551252407758,1.3127023326982448
2025-08-06,4.332315725677935,0.9037728569639867,1.334951493391523
2025-08-07,4.394018564451874,0.8909009070848527,1.3539644882846584
2025-08-08,4.425526034734839,0.8845126696563329,1.3636731400013224
2025-08-11,4.4268391381312515,0.8842502247895351,1.3640777571739882
2025-08-12,4.459659711810629,0.8776943959581395,1.3741910260633179
2025-08-13,4.492480285490008,0.8712350615129052,1.3843042949526476
2025-08-14,4.5226751531787714,0.8653793146344692,1.3936084838128826
2025-08-15,4.520049447188156,0.8658817234022078,1.3927994037837879
2025-08-18,4.491167182093596,0.860348902186857,1.383899677779982
2025-08-19,4.496418594074828,0.861354887123467,1.3822815177217924
2025-08-20,4.534579717245767,0.8540445646404305,1.3940129466693116
2025-08-21,4.518789098062001,0.8570185761976455,1.3891586208109796
2025-08-22,4.571425164640864,0.8470357941166212,1.4053399127604018
2025-08-25,4.4990504476012445,0.8604460488432641,1.3830905977508872
2025-08-26,4.464837355707298,0.8669893228255673,1.3725728660051284
2025-08-27,4.520105275812577,0.8777213367397589,1.3555824940266115
2025-08-28,4.510662624408141,0.875887747452045,1.3584143512865614
2025-08-29,4.530811708371575,0.8798003290914821,1.352346328226469
2025-09-02,4.593155986527212,0.8919064416313066,1.3337379505059992
2025-09-03,4.590369658989777,0.8913653880536746,1.334547030535094
2025-09-04,4.5374952190430875,0.8810981439791365,1.3499190881391847
2025-09-05,4.529337033727317,0.8795139743893161,1.347492002368137
2025-09-08,4.561970812399521,0.8858508541943748,1.357200654084801
2025-09-09,4.564690380406298,0.8853227640901384,1.3580097341138957
2025-09-10,4.583726837749177,0.889014889432445,1.3636731400013224
2025-09-11,4.636757117119928,0.8993001244868337,1.379449814778079
2025-09-12,4.636757117119928,0.8993001244868337,1.379449814778079
2025-09-15,4.681629211174909,0.9080030775961598,1.3927994037837879
2025-09-16,4.628598931804158,0.8977178425417712,1.3770227290070314
2025-09-17,4.6381171604755975,0.8995639052129246,1.3741910260633179
2025-09-18,4.632656129181428,0.8985047369195196,1.3758090318052707
2025-09-19,4.627207942664094,0.8995614139654612,1.3741910260633179
2025-09-22,4.617672966737238,0.8977077483136964,1.3770227290070314
2025-09-23,4.613602985436047,0.8984989809921233,1.3758090318052707
2025-09-24,4.589185685029598,0.9032542491855565,1.3685276201758911
2025-09-25,4.625812411859481,0.9104632071387664,1.3576052712574667
2025-09-26,4.545867182028374,0.894728200210931,1.3810679748362686
2025-09-29,4.548530316949256,0.8942040357733735,1.3818770548653634
2025-09-30,4.572498023296133,0.8894921798000833,1.3891586208109796
2025-10-01,4.585813189959488,0.8869019683752896,1.393203866640217
2025-10-02,4.568503574885336,0.8902496694361824,1.3879450779254559
2025-10-03,4.537878285206782,0.884281817257495,1.3972492667856908
2025-10-06,4.506346774602853,0.8904262618074099,1.3875404607527901
2025-10-07,4.465619178994212,0.8984737828980173,1.3750001060924126
2025-10-08,4.42620516662157,0.8905437612422942,1.387135997896361
2025-10-09,4.355210433471448,0.904827761714003,1.3648868372030831
2025-10-10,4.399098167267196,0.9139457688789184,1.3511327853409452
2025-10-13,4.368805037970774,0.9076521431643175,1.3604369742011801
2025-10-14,4.405179109893645,0.9000951558303756,1.3717637859760337
2025-10-15,4.377898555951492,0.9056692979569814,1.3632686771448934
2025-10-16,4.368805037970774,0.9075505019045601,1.3604369742011801
2025-10-17,4.316841653315619,0.9183450774039399,1.3442556822517577
2025-10-20,4.299953478968758,0.9147523647164437,1.3495146252827557
2025-10-21,4.336044057599354,0.9224301087450233,1.338187813507902
2025-10-22,4.355705383119961,0.9182474486066283,1.3442556822517577
2025-10-23,4.375367208661563,0.9141024434810539,1.3503237053118504
2025-10-24,4.397650144255784,0.9094470888780654,1.357200654084801
2025-10-27,4.448770290638755,0.9200188867214525,1.3729773288615574
2025-10-28,4.461878341006821,0.9227296704029774,1.3770227290070314
2025-10-29,4.464499951080434,0.9232718271392825,1.3778318090361261
2025-10-30,4.452702955759672,0.9257114807497429,1.3741910260633179
2025-10-31,4.46843261620135,0.9289816578542636,1.3693365458887492
2025-11-03,4.473712508607822,0.9300793410068019,1.3677185401467964
2025-11-04,4.5067923099010425,0.9369565911046203,1.3576052712574667
2025-11-05,4.447704635703352,0.924672336143294,1.3754045689488417
2025-11-06,4.45293734915698,0.9235844614371604,1.3770227290070314
2025-11-07,4.464710704918132,0.9211425477996307,1.3806635119798396
2025-11-10,4.539275125065755,0.9057586932815039,1.4037217527022123
2025-11-11,4.5811358346567355,0.8974058835102713,1.4166667245352553
2025-11-12,4.628229257701344,0.8881806790107333,1.431229856426488
2025-11-13,4.594217119271784,0.8947077809590013,1.4207119703644926
2025-11-14,4.53273448275823,0.9066813102577798,1.4016991297875938
2025-11-17,4.619072258667005,0.9239514256998993,1.3750001060924126
2025-11-18,4.685661050898226,0.9372711587701557,1.3551780311701824
2025-11-19,4.698249415362584,0.9397892049583809,1.3515372481973742
2025-11-20,4.7601238032744995,0.9521659173638328,1.3337379505059992
2025-11-21,4.848194119253836,0.9345492425308586,1.3584143512865614
2025-11-24,4.8424188901636125,0.935662489203527,1.356796191228372
2025-11-25,4.737023437669768,0.9560272229590967,1.3863269178672664
2025-11-26,4.803372111474035,0.9694177284524189,1.4057443756168309
2025-11-28,4.837928745369531,0.9763919567146665,1.4158576445061606
2025-12-01,4.814430487420939,0.9716495325771115,1.40898069573321
2025-12-02,4.866956191291575,0.9610487822396552,1.4243527533373008
2025-12-03,4.854515781997501,0.9635053155908339,1.4207119703644926
2025-12-04,4.865574157944406,0.9613104923612633,1.4239482904808718
2025-12-05,4.853133748650331,0.9637683926204004,1.4203075075080636
2025-12-08,4.858662936623783,0.9626703687699033,1.4219256675662533
2025-12-09,4.875249973251752,0.9593838990403232,1.426779993424585
2025-12-10,4.960950277670715,0.942519226940737,1.4518608570615765
2025-12-11,5.032828139448434,0.9288633217360798,1.4728964748693307
2025-12-12,4.992742317579485,0.9362615973425648,1.4611650459218115
2025-12-15,5.049415176076405,0.9256340468608449,1.4777508007276627
2025-12-16,4.988595690245591,0.9367831769748233,1.4599515030362877
2025-12-17,4.977537841591073,0.9347066794520154,1.46318766883643
2025-12-18,5.022951075901915,0.92617875765679,1.476537257842139
2025-12-19,5.061483135346311,0.91907385569639,1.4878640696169925
2025-12-22,5.087630339934955,0.9238217154628581,1.4955502527352746
2025-12-23,5.116529384518252,0.9185741712903543,1.5040453615664147
2025-12-24,5.13304304928586,0.9156094612713382,1.5088996874247467
2025-12-26,5.14542842910155,0.9134002121316369,1.512540470397555
2025-12-29,5.098639274793381,0.92170607510484,1.498786418535417
2025-12-30,5.066987865255494,0.9159842942758002,1.508090607395652
2025-12-31,5.041163810334004,0.9206526355767137,1.5004045785936067
2026-01-02,4.9813604901820305,0.909730934480374,1.5182038762849817
