Date,MLP,LSTM,BuyAndHold
2014-01-30,1.0,1.0,1.0
2014-01-31,1.0218446206787306,1.0218446206787306,0.9781553793212694
2014-02-03,1.0497361543931651,1.0497361543931651,0.9514563556260883
2014-02-04,1.0305445362827108,1.0305445362827108,0.9688511904610344
2014-02-05,1.0395805864803604,1.0215084860850612,0.9773462992921745
2014-02-06,1.0632465025829385,0.9982539789846467,0.9995954599854526
2014-02-07,1.0778763684878672,0.9845183853888733,1.0133495118475906
2014-02-10,1.0701312177775821,0.9915927062431108,1.0060680230600925
2014-02-11,1.0873428005859391,0.9756443069326879,1.0222492378513963
2014-02-12,1.091215416976732,0.9721695093503842,1.0258900208242046
2014-02-13,1.0950880333675248,0.9687193751990816,1.0295308037970128
2014-02-14,1.098530349929196,0.9656742878204849,1.0327670467552734
2014-02-18,1.1067058004686028,0.9584875747927002,1.040453075557319
2014-02-19,1.0946577335384033,0.9689220754955766,1.0291262637824654
2014-02-20,1.0882034002441823,0.9632091062086725,1.0351942096844395
2014-02-21,1.0843761836953487,0.9665967172292244,1.0315534267116313
2014-02-24,1.0733197893441802,0.9567412126129096,1.0420712356155084
2014-02-25,1.0670698841604793,0.9623122846489737,1.0360032897135343
2014-02-26,1.0720698559905535,0.9668213935521499,1.031148886697084
2014-02-27,1.0682845891608006,0.9634077382470793,1.0347896696698922
2014-02-28,1.0712079509844796,0.9607713720285599,1.0376213726136054
2014-03-03,1.0419742530920548,0.9869912110502553,1.0093042660183533
2014-03-04,1.017752009852898,0.9640471305050549,1.0327670467552734
2014-03-05,1.0205425436633302,0.9614038479701343,1.035598749698987
2014-03-06,1.0340966302022947,0.9486351975741353,1.0493528015611249
2014-03-07,1.0245290531223803,0.9574120759706298,1.0396440726863425
2014-03-10,1.0305088553291273,0.9630001408744091,1.0335760496262498
2014-03-11,1.036558794264829,0.9686537478446292,1.0275081037242757
2014-03-12,1.0390073365879713,0.9709418859716614,1.0250809407951098
2014-03-13,1.060328737037544,0.9908665198361811,1.0040453229873556
2014-03-14,1.0663096144685342,0.9964555895261805,0.9983819170999287
2014-03-17,1.0485954015908916,0.9799018360980251,1.01496767190578
2014-03-18,1.0590437415192868,0.9701379677227895,1.0250809407951098
2014-03-19,1.0423264135767563,0.9854518909538127,1.008899726003806
2014-03-20,1.0377291982141277,0.9811055225674659,1.0133495118475906
2014-03-21,1.0484999709869467,0.9912885883113205,1.0028317801018318
2014-03-24,1.0446934702190047,0.9876897891915576,1.0064724859165215
2014-03-25,1.0501521226129986,0.9825289880704752,1.0117314289475192
2014-03-26,1.0480526101198424,0.9844933052783568,1.0097087288747824
2014-03-27,1.047632707621211,0.9840988678285756,1.0101132688893297
2014-03-28,1.0535065539118307,0.9785812418110346,1.0157767519348748
2014-03-31,1.0677714834369498,0.9653308330715685,1.0295308037970128
2014-04-01,1.0828754652686745,0.9516759082206206,1.0440938585301272
2014-04-02,1.0828754652686745,0.9516759082206206,1.0440938585301272
2014-04-03,1.0837145975993434,0.9509384438966796,1.044902938559222
2014-04-04,1.0828754652686745,0.9516747661668763,1.0440938585301272
2014-04-07,1.074484382034175,0.9590491895712313,1.0360032897135343
2014-04-08,1.0765822128608475,0.9609216439203295,1.0339805896407974
2014-04-09,1.0626826801718599,0.9485153811735821,1.0473301014883878
2014-04-10,1.0421596460810065,0.9668335620066187,1.0271035637097283
2014-04-11,1.0507792828203673,0.9748301814528407,1.0186084548785883
2014-04-14,1.0528658660620551,0.9767659488907479,1.0165857548058512
2014-04-15,1.0629210819518957,0.9860943855003194,1.0068770259310689
2014-04-16,1.0484014620678215,0.9726242268117815,1.0206310777932068
2014-04-17,1.0592054503771104,0.9626011381801808,1.031148886697084
2014-04-21,1.0633608426895318,0.9588247363800411,1.0351942096844395
2014-04-22,1.070840533000387,0.9520803540381347,1.0424757756300558
2014-04-23,1.0666851406879656,0.955774897961395,1.0384304526427002
2014-04-24,1.0666851406879656,0.955774897961395,1.0384304526427002
2014-04-25,1.0579588089061294,0.9635938958551714,1.0299352666534418
2014-04-28,1.0600364654335819,0.9654862352644977,1.027912643738823
2014-04-29,1.0412636507522257,0.9483878667054434,1.046116558602864
2014-04-30,1.040860987388417,0.9487546144050555,1.0457120185883166
2014-05-01,1.0473034476089877,0.9428822511053955,1.0521845045048381
2014-05-02,1.0436795541348936,0.9461448249510376,1.04854372153203
2014-05-05,1.0485114377004137,0.9505251556877763,1.0436893185155796
2014-05-06,1.0529817827252737,0.9545777346563495,1.0392395326717951
2014-05-07,1.0505225245198557,0.9523483009043362,1.041666695600961
2014-05-08,1.057050036893687,0.9464308025420887,1.0481391815174825
2014-05-09,1.047666747583065,0.9548321399648978,1.0388349926572478
2014-05-12,1.0427711522097343,0.9503703473027716,1.0436893185155796
2014-05-13,1.0383252809824524,0.9544222662433577,1.0392395326717951
2014-05-14,1.0395378333663872,0.955536837000143,1.0380259126281528
2014-05-15,1.0537170477231301,0.9685702843675308,1.0238673207514677
2014-05-16,1.0516353780518006,0.9666568263003242,1.0258900208242046
2014-05-19,1.0578556819784346,0.9723744917363071,1.019821997764112
2014-05-20,1.0570164277675724,0.9716030543837201,1.0206310777932068
2014-05-21,1.0666523096119551,0.9627458105550163,1.0299352666534418
2014-05-22,1.0645575804836263,0.9646364844647553,1.027912643738823
2014-05-23,1.0687471186490778,0.9608401831264883,1.0319579667261787
2014-05-27,1.0846672677872409,0.9465274249946591,1.0473301014883878
2014-05-28,1.08550519140209,0.9457962167199563,1.0481391815174825
2014-05-29,1.086343115016939,0.9450661373144392,1.0489482615465773
2014-05-30,1.0875999205304185,0.9439727771084779,1.0501618044321013
2014-06-02,1.0884378441452676,0.943245508683037,1.050970884461196
2014-06-03,1.0838294240811857,0.9472391878361021,1.0465210986174114
2014-06-04,1.0804778095305834,0.9443099624669499,1.0497573415756722
2014-06-05,1.0933852289552268,0.9330292081146456,1.0622977733941679
2014-06-06,1.1087908406584237,0.9198829854409679,1.0772653681418296
2014-06-09,1.1067090269956459,0.9216101145775241,1.075242745227211
2014-06-10,1.0979653143126586,0.9288914268746475,1.0667476363960708
2014-06-11,1.107541863643298,0.9369932989978501,1.0574433703777175
2014-06-12,1.1126261728918856,0.9412946837602174,1.0525890445193855
2014-06-13,1.1164746173027953,0.9445505124949671,1.0489482615465773
2014-06-16,1.1186275292932282,0.946371901080435,1.0469255614738404
2014-06-17,1.1177630368906617,0.945640530452534,1.0477346415029352
2014-06-18,1.1238050553155623,0.9405289125874267,1.0533981245484803
2014-06-19,1.1238050553155623,0.9405289125874267,1.0533981245484803
2014-06-20,1.111721100780967,0.9506421511463932,1.0420712356155084
2014-06-23,1.1134474152781402,0.9521183373283367,1.040453075557319
2014-06-24,1.126434716367104,0.9632238887441779,1.0283171837533704
2014-06-25,1.150806794759747,0.9840646598825638,1.0060680230600925
2014-06-26,1.1586731894644917,0.9907912807757283,0.9991909971290236
2014-06-27,1.1563277330399453,0.9887856610755315,1.0012136200436421
2014-06-30,1.1525901116087376,0.9919817328915996,0.9979773770853814
2014-07-01,1.1381068397017982,0.979516641425447,1.010517808903877
2014-07-02,1.1431185470399352,0.9752032935319,1.01496767190578
2014-07-03,1.151775108742122,0.9678183136411489,1.0226537778659437
2014-07-07,1.1326396016058147,0.9838975760828897,1.005663483045545
2014-07-08,1.156786816080259,1.0048736974871526,0.9842233252232435
2014-07-09,1.1477531081667662,0.9970263263493919,0.9919094311834072
2014-07-10,1.1674128301894884,1.0141042678386316,0.9749191363630085
2014-07-11,1.1630531898912708,1.010317150104157,0.9785599193358168
2014-07-14,1.1539180719090398,1.002381686407492,0.9862459481378621
2014-07-15,1.1496584080371557,1.006081956954745,0.9826052423231723
2014-07-16,1.131672849628094,0.9903425462962288,0.9979773770853814
2014-07-17,1.1055255785728046,1.0132243844565265,0.9749191363630085
2014-07-18,1.0940574710927855,1.002713758228118,0.9850324052523383
2014-07-21,1.101695657977467,1.0097142269233665,0.9781553793212694
2014-07-22,1.0966837806710286,1.0051207951681795,0.9826052423231723
2014-07-23,1.1030046968564675,0.9993276172125318,0.9882686482105991
2014-07-24,1.115195109027835,0.9882830445259692,0.9991909971290236
2014-07-25,1.1179040608050197,0.9858823784109931,1.0016181600581895
2014-07-28,1.1115831446195807,0.9914568101544019,0.9959547541707628
2014-07-29,1.113840676197255,0.9934703752823526,0.9939320540980259
2014-07-30,1.1120273002366168,0.991852966855239,0.9955502141562154
2014-07-31,1.0831082065024937,1.0176468380244554,0.9696601933320108
2014-08-01,1.0903379583896644,1.0244396349984886,0.9631877074154893
2014-08-04,1.0811792675693768,1.0158344811479736,0.9712783533902004
2014-08-05,1.0595647091120035,1.0361426894482952,0.9518608956406358
2014-08-06,1.0640677635961113,1.0405462024605452,0.9478155726532802
2014-08-07,1.077238084620727,1.0534253892907477,0.9360841437057609
2014-08-08,1.05954786709404,1.0707245588529244,0.9514563556260883
2014-08-11,1.0550429696096582,1.0752769764656098,0.9474110326387328
2014-08-12,1.0500875737844608,1.0803274087168004,0.9518608956406358
2014-08-13,1.059905616217659,1.0904281856475306,0.9607605444863233
2014-08-14,1.063475821204313,1.0941012034015825,0.9639967874445841
2014-08-15,1.0616907612711866,1.0922647383103818,0.9623787045445129
2014-08-18,1.0661534536642032,1.0968559448242088,0.9664239503737501
2014-08-19,1.0648146799944587,1.095478617898721,0.9652104074882263
2014-08-20,1.0621369624141674,1.0982334468929982,0.9627831674009419
2014-08-21,1.0487486298739142,1.084390114898966,0.9749191363630085
2014-08-22,1.0552760942691508,1.0776408161023605,0.9809870822649828
2014-08-25,1.0561464449888391,1.0767520198290876,0.9817961622940775
2014-08-26,1.0618035586643875,1.0709845350210374,0.9870550281669569
2014-08-27,1.067895930700993,1.0648394847623939,0.992718511212502
2014-08-28,1.0570167957085275,1.0756874823687084,0.9826052423231723
2014-08-29,1.0544058265506755,1.073030394183019,0.9850324052523383
2014-09-02,1.060035144067353,1.0787591455250543,0.9797734622213405
2014-09-03,1.0464673340048471,1.064951679544714,0.9923139711979546
2014-09-04,1.0486003371375179,1.0627809999689661,0.9943365941125732
2014-09-05,1.0477471033369081,1.0636457724086688,0.9935275140834785
2014-09-08,1.0631049049036148,1.0792366155213755,0.9789644593503641
2014-09-09,1.0692551553514735,1.0854801907765923,0.973300976304819
2014-09-10,1.0599224600847224,1.076005879815442,0.9817961622940775
2014-09-11,1.0581755351571696,1.0777793128394886,0.9801780022358879
2014-09-12,1.0607959225484986,1.0751103801074722,0.9826052423231723
2014-09-15,1.0568654247594702,1.0790939163203772,0.9789644593503641
2014-09-16,1.05337165820233,1.0755266672189019,0.9822007023086249
2014-09-17,1.05337165820233,1.0755266672189019,0.9822007023086249
2014-09-18,1.0676884850973178,1.060908722075215,0.9955502141562154
2014-09-19,1.065519218750168,1.063064213700645,0.9935275140834785
2014-09-22,1.060746998284539,1.0678254387518937,0.9890777282396939
2014-09-23,1.074196201389717,1.0813643893497984,0.9765372192630798
2014-09-24,1.0719712204142613,1.0791245609174078,0.9785599193358168
2014-09-25,1.083936194115433,1.0911693777425047,0.9676375704173923
2014-09-26,1.0798578319684944,1.0870638003937243,0.9712783533902004
2014-09-29,1.0623174783091804,1.1047212020855612,0.9555016786134439
2014-09-30,1.0636667692766837,1.106124351680686,0.9542880585698017
2014-10-01,1.0713320270451765,1.1140955777493589,0.9474110326387328
2014-10-02,1.088714831052578,1.1321722380046704,0.9320388978765237
2014-10-03,1.0882423779056036,1.1316809263025553,0.9324433607329528
2014-10-06,1.076911358125954,1.1198976147714739,0.9421521667658534
2014-10-07,1.0561036761283225,1.1415358612828879,0.9239482519018126
2014-10-08,1.0334464713944034,1.1660258922380065,0.9437702496659246
2014-10-09,0.9944652441977333,1.2100079672468849,0.9081715771250561
2014-10-10,1.0015527400516733,1.2013843109641404,0.9016990912085345
2014-10-13,1.001103487206622,1.2019231995299815,0.9021035540649636
2014-10-14,1.0020012728229686,1.2008453195962074,0.9012945511939872
2014-10-15,1.0154932620187556,1.1846758869644929,0.8891585822319205
2014-10-16,1.0348975957952096,1.2073130104072196,0.8721682874115219
2014-10-17,1.0070571254114797,1.1748342779734984,0.8956310681484421
2014-10-20,1.0175189413575,1.1626295085785026,0.9049353341667953
2014-10-21,1.0361681409571637,1.1413207064671507,0.9215210889726466
2014-10-22,1.0220674589126093,1.1568523559713453,0.9089805799960325
2014-10-23,1.0384423997347183,1.1383179738190141,0.9235437118872653
2014-10-24,1.0520881259148684,1.1233598255571118,0.9356796036912135
2014-10-27,1.0357132718501707,1.1408439628195168,0.9211165489580992
2014-10-28,1.0147898134729525,1.1177966563692352,0.9397249266785691
2014-10-29,0.9916371069304628,1.1432994921441855,0.9182848460143859
2014-10-30,0.986831873805096,1.1377593398511032,0.9227346318581704
2014-10-31,0.9686613577160323,1.1168097992667159,0.9397249266785691
2014-11-03,0.9553177785096031,1.132194164397342,0.926779954845526
2014-11-04,0.9603215809450112,1.1381244171829699,0.921925628987194
2014-11-05,0.953158224042814,1.129634770005236,0.9288025777601445
2014-11-06,0.9427797586459293,1.1419348006569052,0.9186893088708149
2014-11-07,0.9469310814595576,1.1469630587905457,0.9146440630415776
2014-11-10,0.9435805988312214,1.142904812230619,0.9178803059998384
2014-11-11,0.9390062207083839,1.1373641315764922,0.922330091843623
2014-11-12,0.9221205882482008,1.1578167252608107,0.9057443370377718
2014-11-13,0.9180021240633137,1.1526455721855837,0.9097896600251273
2014-11-14,0.9122875959008955,1.1454703975199891,0.915453065912554
2014-11-17,0.9171252132756289,1.1393962740503902,0.9203074689290044
2014-11-18,0.9276066535114514,1.1263745908837877,0.9308252778328815
2014-11-19,0.928412935889127,1.1253955379847456,0.9316343578619763
2014-11-20,0.9155126485202778,1.1410328964083658,0.9186893088708149
2014-11-21,0.9018061556650727,1.1239500529681872,0.9324433607329528
2014-11-24,0.9123696299775654,1.1107844547534598,0.9433657096513772
2014-11-25,0.919411946185894,1.1022106321352496,0.9506472755969936
2014-11-26,0.9229331042900583,1.0979893927703062,0.9542880585698017
2014-11-28,0.9217593600476898,1.0993857656189505,0.9530744385261596
2014-12-01,0.9291928497138666,1.108251715976588,0.9453884097241142
2014-12-02,0.9248192936745989,1.1030353596659137,0.9498381955678988
2014-12-03,0.9248192936745989,1.1030353596659137,0.9498381955678988
2014-12-04,0.9173357161968366,1.1119610499399268,0.9421521667658534
2014-12-05,0.9047317171545421,1.0966829399077385,0.9550971385988966
2014-12-08,0.8970677176200782,1.1059729618905445,0.9470064926241855
2014-12-09,0.9070308877791551,1.1182563119590176,0.9364886837203084
2014-12-10,0.916826037916578,1.130332514231003,0.9263754148309786
2014-12-11,0.9184274410956158,1.1323068452456115,0.9247573319309074
2014-12-12,0.9397208427324615,1.158558962019477,0.9033171741086058
2014-12-15,0.9586583750936138,1.1819065848855936,0.885113259244565
2014-12-16,0.9498954677000515,1.1711030095763157,0.8932039052192761
2014-12-17,0.9520464662886559,1.1737549233988,0.8911812823046574
2014-12-18,0.9317350195573587,1.1487134349353745,0.9101942000396747
2014-12-19,0.9292504149541029,1.1517766434961285,0.9077670371105087
2014-12-22,0.93463373809185,1.1451041838935618,0.913025902983388
2014-12-23,0.9338055102293793,1.1461189206314724,0.9122168229542933
2014-12-24,0.9375324566263411,1.1415446021733515,0.9158576059271015
2014-12-26,0.9375324566263411,1.1415446021733515,0.9158576059271015
2014-12-29,0.9280080731603967,1.1299476612272192,0.9065534170668665
2014-12-30,0.9375324566263411,1.118350720281087,0.8972492282066316
2014-12-31,0.9442955336299564,1.1102832747384266,0.8907767422901101
2015-01-02,0.9434378432328552,1.1112917294741433,0.8915858223192048
2015-01-05,0.976398257978078,1.1501163712554072,0.8604369356221209
2015-01-06,0.9906288547969737,1.1668788370222343,0.8478964266455068
2015-01-07,0.9844846365310111,1.159641456211167,0.8531553696765045
2015-01-08,0.9788830668778129,1.1530432705730527,0.8580096955348365
2015-01-09,0.9664221041012363,1.1383652873076762,0.8470874237745304
2015-01-12,0.9687297550064404,1.1356470654514497,0.8450647237017934
2015-01-13,0.9622374895156256,1.1432579829593221,0.8507282067473385
2015-01-14,0.9608647941062598,1.1416270498455863,0.8495145867036964
2015-01-15,0.959492098696894,1.1432579829593221,0.8507282067473385
2015-01-16,0.9699858094089341,1.1557614924292792,0.8600323956075735
2015-01-20,0.9859545488096112,1.174788630664618,0.8741909874842588
2015-01-21,0.9950794805938348,1.1856612070208392,0.8822815563008516
2015-01-22,1.0083107491615075,1.2014265827182677,0.8940129852483708
2015-01-23,0.9882357600000099,1.177506748831283,0.8762136103988774
2015-01-26,0.9731795398845439,1.1954465983241311,0.8895631222464678
2015-01-27,0.969196533609116,1.1905539026724852,0.8859223392736597
2015-01-28,0.9448560147355127,1.1606541880809254,0.8636731785803816
2015-01-29,0.9222856739783422,1.1883794288770657,0.8843042563735884
2015-01-30,0.9041437201724425,1.1650032393613263,0.8669094215386425
2015-02-02,0.8919084995300194,1.1807685113691935,0.8786407733280434
2015-02-03,0.8643956642803003,1.2171918547261353,0.9057443370377718
2015-02-04,0.8493392198553876,1.195990242695377,0.8899676622610153
2015-02-05,0.8582186576631193,1.2084937521653338,0.8992718511212502
2015-02-06,0.8493392198553875,1.1959902426953768,0.8899676622610153
2015-02-09,0.8589908018991986,1.1823994444829293,0.8798543933716856
2015-02-10,0.8487223970669604,1.196533887066622,0.8903722022755627
2015-02-11,0.8390822063781701,1.1829430888541745,0.880258933386233
2015-02-12,0.8151745746573081,1.21664821035489,0.9053397970232243
2015-02-13,0.8228237022535966,1.2280645347719177,0.9138349830124829
2015-02-17,0.825373388294448,1.231869941681073,0.9166666859561963
2015-02-18,0.8326582651029384,1.2427426217268556,0.9247573319309074
2015-02-19,0.8290158266986931,1.2373062817039644,0.9207120089435518
2015-02-20,0.8424927584785462,1.257420604992232,0.9356796036912135
2015-02-23,0.834115198780396,1.244917095522275,0.9263754148309786
2015-02-24,0.8381218879724391,1.2508970799164116,0.9308252778328815
2015-02-25,0.8377576371846411,1.2503534355451662,0.9304207378183341
2015-02-26,0.833750947992598,1.2443734511510296,0.9259708748164311
2015-02-27,0.8341151987803958,1.2438298067797844,0.9255663348018838
2015-03-02,0.8275530923188849,1.2536151980830765,0.9328479007475001
2015-03-03,0.8182224766034526,1.2394807554993839,0.922330091843623
2015-03-04,0.8182224766034526,1.2394807554993839,0.922330091843623
2015-03-05,0.8175047211371281,1.2405680442418743,0.9231391718727178
2015-03-06,0.8067575346378154,1.224259127862762,0.9110032800687695
2015-03-09,0.8024586873696685,1.2307826529385821,0.9158576059271015
2015-03-10,0.8212441174141831,1.201970227089513,0.8944175252629182
2015-03-11,0.8234727819773561,1.1987083608620412,0.8919902851756338
2015-03-12,0.8130159587408269,1.2139300921882246,0.9033171741086058
2015-03-13,0.8039136752486793,1.200339293975777,0.8932039052192761
2015-03-16,0.7904422651245396,1.2204537209536064,0.9081715771250561
2015-03-17,0.7869213508547844,1.2150173809307152,0.9041262541377005
2015-03-18,0.8031174624774629,1.240024399870629,0.9227346318581704
2015-03-19,0.7914984923963685,1.2220845503777809,0.9093851200105799
2015-03-20,0.8182573468283124,1.2634005893863685,0.9401294666931165
2015-03-23,0.8245949790827011,1.2731859806896606,0.9474110326387328
2015-03-24,0.8288200896375783,1.2797096094550426,0.9522654356551832
2015-03-25,0.8260033044970909,1.2753604544850803,0.949029115538804
2015-03-26,0.816496923271362,1.2606824712197038,0.9381068437784978
2015-03-27,0.8150885978569723,1.2628569450151235,0.9397249266785691
2015-03-30,0.8108780374729925,1.2693805737805053,0.9445793296950195
2015-03-31,0.7976816984872572,1.2487225024314306,0.929207117774692
2015-04-01,0.7869162466208137,1.2655751668713497,0.9417476267513061
2015-04-02,0.7943527169308591,1.2775350319700616,0.9506472755969936
2015-04-06,0.8044933641238902,1.2612261155909492,0.9627831674009419
2015-04-07,0.7987469801884626,1.270234877891265,0.955906141469873
2015-04-08,0.7994230405273747,1.2691597496675033,0.9567152214989677
2015-04-09,0.7963808334749328,1.2739895413364632,0.9530744385261596
2015-04-10,0.8000990363936242,1.2799376398238544,0.948624652682375
2015-04-13,0.8018050434792866,1.2826667803219953,0.946601952609638
2015-04-14,0.7966652805468847,1.2744445781473683,0.9526698985116122
2015-04-15,0.8014013389826564,1.2668681917494133,0.9583333815571573
2015-04-16,0.7990333420263095,1.2706115596179568,0.9555016786134439
2015-04-17,0.8152711552698332,1.2964327013963675,0.9360841437057609
2015-04-20,0.8121002594050902,1.2913903874800672,0.9397249266785691
2015-04-21,0.8089539335891885,1.2963936304509687,0.9433657096513772
2015-04-22,0.8113821724064757,1.300285018087812,0.9461974125950906
2015-04-23,0.8151980140705243,1.306400116392772,0.9506472755969936
2015-04-24,0.8193607564462632,1.3130711423647612,0.9555016786134439
2015-04-27,0.8301144138504825,1.3303044759132219,0.9680421104319397
2015-04-28,0.8304613145621729,1.3308604035802512,0.968446650446487
2015-04-29,0.8273392743215051,1.3258571606093494,0.9648058674736789
2015-04-30,0.8311551159855536,1.3197420623043896,0.9603560044717759
2015-05-01,0.8245030554360796,1.330304475913222,0.9680421104319397
2015-05-04,0.8200238963677957,1.323077522274204,0.9627831674009419
2015-05-05,0.8072756621029974,1.302508728755929,0.9478155726532802
2015-05-06,0.7990065211891927,1.3158506746675465,0.9575243015280626
2015-05-07,0.7956308998686106,1.3214098453054772,0.961569624515418
2015-05-08,0.8133710512182294,1.3508732694314969,0.9830097051796013
2015-05-11,0.8110280171790638,1.3469818817946535,0.9801780022358879
2015-05-12,0.8063419491007326,1.3391991065209667,0.9745145963484612
2015-05-13,0.797639205638911,1.3536529077666426,0.9850324052523383
2015-05-14,0.8107420956997734,1.375889484286005,1.0012136200436421
2015-05-15,0.8130350936504859,1.3797808719228484,1.0040453229873556
2015-05-18,0.8035355217861763,1.363659393708446,0.9923139711979546
2015-05-19,0.8071388399827291,1.3575442954034862,0.9878641081960516
2015-05-20,0.8001978728693325,1.3692184583140161,0.9963592170271919
2015-05-21,0.8018223475246541,1.3664388199788704,0.9983819170999287
2015-05-22,0.7953245728381115,1.3553655297387341,0.9902912711252176
2015-05-26,0.8157924577561882,1.3204848450069329,0.9648058674736789
2015-05-27,0.8041627069938923,1.3393093750535312,0.9785599193358168
2015-05-28,0.8068221924749359,1.3348800800780212,0.975323676377556
2015-05-29,0.8138497103660147,1.323253114765606,0.9668284903882974
2015-06-01,0.8220222520953036,1.3099652298390758,0.9571197615135151
2015-06-02,0.8102095854450281,1.3287897598856742,0.970873813375653
2015-06-03,0.8196620537888356,1.3442923451013205,0.9822007023086249
2015-06-04,0.8112223706071165,1.3304507851025114,0.9720874334192952
2015-06-05,0.8240507251015462,1.3514900154382254,0.9567152214989677
2015-06-08,0.8226569498805434,1.3492041448751988,0.9583333815571573
2015-06-09,0.8264768217487066,1.3554689518013012,0.9538835185552543
2015-06-10,0.8050963566367757,1.3905341295191405,0.9785599193358168
2015-06-11,0.8087573551099979,1.384210981633589,0.9830097051796013
2015-06-12,0.8007696355128507,1.3978821885966184,0.973300976304819
2015-06-15,0.8120855874789973,1.4176361440401966,0.9595469244426811
2015-06-16,0.8131126354138276,1.4194290342189242,0.9583333815571573
2015-06-17,0.814485588098934,1.4218257610916496,0.9567152214989677
2015-06-18,0.8041538074445692,1.4037898472498693,0.9688511904610344
2015-06-19,0.8011319300721836,1.4090650579567232,0.9652104074882263
2015-06-22,0.8239638639782876,1.3689072773652422,0.992718511212502
2015-06-23,0.8216134651005712,1.3728121550778185,0.9898867311106703
2015-06-24,0.8145624605928856,1.3845934915636737,0.9813916222795301
2015-06-25,0.8310148684859732,1.4125592989650353,0.961569624515418
2015-06-26,0.8261203976346353,1.4042396760837184,0.9672330304028448
2015-06-29,0.8603261278644019,1.4623825856106876,0.9271844948600734
2015-06-30,0.8633290085084846,1.4674868829443912,0.9239482519018126
2015-07-01,0.8572811753777937,1.4572067745476418,0.9304207378183341
2015-07-02,0.855417549085826,1.4603745670244612,0.9283981149037155
2015-07-06,0.882254222683992,1.5061903158692003,0.8992718511212502
2015-07-07,0.8838416853288649,1.5089004427249693,0.897653768221179
2015-07-08,0.8985790515952253,1.5340601730850927,0.882686096315399
2015-07-09,0.8784001544471343,1.4996106247713277,0.9025080940795109
2015-07-10,0.9197413104084632,1.4290327265252174,0.9449838697095668
2015-07-13,0.9260409022525985,1.4192448407282614,0.9514563556260883
2015-07-14,0.9295844320520569,1.4138140477971772,0.9550971385988966
2015-07-15,0.9280094965424938,1.4162093826059579,0.953478978540707
2015-07-16,0.9158040467316138,1.3975829864262903,0.9660194103592027
2015-07-17,0.9123525911166458,1.4028501564754945,0.9623787045445129
2015-07-20,0.9161875580549004,1.396953440642393,0.9664239503737501
2015-07-21,0.9119690797933594,1.4033855490790608,0.9619741645299654
2015-07-22,0.9142701477330788,1.40692655234946,0.9595469244426811
2015-07-23,0.9161973320154221,1.4098922039621942,0.9575243015280626
2015-07-24,0.9254870299146203,1.424187675240671,0.9478155726532802
2015-07-27,0.9329920673732981,1.435736818022126,0.9401294666931165
2015-07-28,0.9185394977943186,1.4134964507294157,0.9546925985843492
2015-07-29,0.9154258076012354,1.4182879594747257,0.9514563556260883
2015-07-30,0.9142581459402429,1.4200970416098093,0.9502427355824462
2015-07-31,0.911922896854488,1.416469750638623,0.9526698985116122
2015-08-03,0.9107612588670246,1.4182740973395451,0.9514563556260883
2015-08-04,0.9049528473558288,1.4273191895772912,0.9453884097241142
2015-08-05,0.899144435844633,1.4181579860570026,0.9514563556260883
2015-08-06,0.9006735551024229,1.420569759516993,0.9530744385261596
2015-08-07,0.8953215283263143,1.4121283798992685,0.9474110326387328
2015-08-10,0.8849996999016224,1.428408282023599,0.9583333815571573
2015-08-11,0.8793960859551472,1.419363930289584,0.9522654356551832
2015-08-12,0.8719245531906354,1.4073047179741158,0.9441747896804721
2015-08-13,0.8741659845184621,1.403687000281544,0.9417476267513061
2015-08-14,0.8734150372677374,1.4048928295089533,0.9425566296222825
2015-08-17,0.8711659197785506,1.4012751118163818,0.9401294666931165
2015-08-18,0.8752893614238563,1.3946425335423571,0.9356796036912135
2015-08-19,0.8794519510478196,1.3880100702735043,0.931229817847429
2015-08-20,0.9031383514332376,1.3506266040996908,0.9061488770523192
2015-08-21,0.923297689978184,1.3204786883161925,0.8859223392736597
2015-08-24,0.9549174744323223,1.2752568146409449,0.8555825326056705
2015-08-25,0.9413724938028651,1.293345633114147,0.8677185015677372
2015-08-26,0.9545385087159547,1.3114343365821772,0.8798543933716856
2015-08-27,0.9681434019538114,1.330126012166498,0.8923948251901812
2015-08-28,0.958927208256145,1.317463942739911,0.8838997163590411
2015-08-31,0.9619992728220338,1.313243252931049,0.8810680134153277
2015-09-01,0.9924758564346892,1.271639096948373,0.8531553696765045
2015-09-02,0.9750640496947449,1.2939484902252656,0.8681229644241663
2015-09-03,0.9773358325768411,1.2909337446489846,0.8661003415095476
2015-09-04,0.9545115486080822,1.2607858288654863,0.8458738037308883
2015-09-08,0.9216446110374534,1.3041987861918618,0.8749999903552352
2015-09-09,0.9182358499913212,1.2993751242667089,0.8717637473969744
2015-09-10,0.9288882384193934,1.3144490821584578,0.8818770162863041
2015-09-11,0.9246273480651838,1.3084195910058958,0.877831770457067
2015-09-14,0.9369841576519591,1.2909337446489841,0.8661003415095476
2015-09-15,0.9299819473147182,1.2812864207986785,0.8725728274260692
2015-09-16,0.9377425887932985,1.2705941653501682,0.8798543933716856
2015-09-17,0.9411917536466033,1.2659207200035305,0.8830906363299463
2015-09-18,0.9110114995042528,1.3065137329636924,0.8547734525765758
2015-09-21,0.9118737290416464,1.30775028676371,0.8539644497055994
2015-09-22,0.9351997657205068,1.3412029789340392,0.8321197518687503
2015-09-23,0.9424740400051472,1.330770685537744,0.8256472659522288
2015-09-24,0.9457064209788528,1.3353347983532797,0.8228155630085154
2015-09-25,0.9350126135902911,1.3202351724904737,0.8321197518687503
2015-09-28,0.9145578439101301,1.3491172495709585,0.8139159141628278
2015-09-29,0.9109214346315124,1.3437529716119965,0.8171521571210887
2015-09-30,0.8960400488603733,1.3218005774850958,0.8305016689686792
2015-10-01,0.8982222854565881,1.3185814338801258,0.8325242918832977
2015-10-02,0.9182992117791228,1.2891087045491936,0.851132746761886
2015-10-05,0.9348844263525296,1.2658263754356003,0.8665048815240951
2015-10-06,0.9388125188233083,1.260507768221165,0.8701456644969032
2015-10-07,0.9536519607691413,1.2405834154097706,0.8838997163590411
2015-10-08,0.956707125302638,1.236609023695054,0.8867314193027545
2015-10-09,0.9575800532399199,1.2354807049695748,0.8875404993318493
2015-10-12,0.9536519607691412,1.24054877467149,0.8838997163590411
2015-10-13,0.970237258589538,1.262123596236436,0.8685275044387136
2015-10-14,0.9661701182023839,1.2568328966612665,0.8721682874115219
2015-10-15,0.953622423248106,1.2405103510777322,0.8834951763444937
2015-10-16,0.9606086613956539,1.2314223718882238,0.8899676622610153
2015-10-19,0.9566788920273422,1.2364600174050455,0.8863268792882071
2015-10-20,0.9544957238371815,1.233638380802733,0.8843042563735884
2015-10-21,0.9662850319421167,1.2184012848177563,0.873381907455164
2015-10-22,0.9555435690027002,1.2319453342582234,0.8830906363299463
2015-10-23,0.9616716274960764,1.2398460028555283,0.8887540422173731
2015-10-26,0.957732137467896,1.2347669708605362,0.885113259244565
2015-10-27,0.9529172701467584,1.2285593488077409,0.8806634734007803
2015-10-28,0.9494155105093242,1.2330740319545632,0.8838997163590411
2015-10-29,0.9633199804553302,1.215015299367274,0.870954744525998
2015-10-30,0.9651097472892854,1.2127579039745946,0.8693365844678085
2015-11-02,0.9516367816424284,1.229688046504081,0.8814725534298751
2015-11-03,0.9433388702544536,1.2189656336659267,0.8737864474697113
2015-11-04,0.9507632997489954,1.2093719185241123,0.8669094215386425
2015-11-05,0.9587491925006357,1.199213854534128,0.8596278555930261
2015-11-06,0.953335041549369,1.2059859330736298,0.8644822586094765
2015-11-09,0.9595806258754414,1.1980851568377882,0.8588187755639314
2015-11-10,0.9654564939273235,1.1907488370886532,0.853559909691052
2015-11-11,0.9613384261453561,1.1958278690836452,0.8572006926638601
2015-11-12,0.9472744230877113,1.1783333777059892,0.844660183687246
2015-11-13,0.9554405095489984,1.1681754213545417,0.837378694899748
2015-11-16,0.946209253440205,1.1794620754023293,0.8454692637163408
2015-11-17,0.9466619955108856,1.1788977265541594,0.8450647237017934
2015-11-18,0.956178508856277,1.1907488370886534,0.853559909691052
2015-11-19,0.9638823200656337,1.2003425522304678,0.8604369356221209
2015-11-20,0.9507404888825682,1.1839767585491514,0.8487055066746017
2015-11-23,0.9561784224218818,1.1772047876481864,0.8438511808162696
2015-11-24,0.9580119800050676,1.1749473922555067,0.84223302075808
2015-11-25,0.9511098938545132,1.1834124097009815,0.8483009666600542
2015-11-27,0.9547383498123528,1.1879270928478038,0.851537209618315
2015-11-30,0.9533777328964216,1.1862341539418308,0.8503236667327911
2015-12-01,0.9701593092604749,1.2071145231314326,0.8652912614804529
2015-12-02,0.9542848685131851,1.1873628516381705,0.851132746761886
2015-12-03,0.9579134109802386,1.1828480608528114,0.8478964266455068
2015-12-04,0.9455738560775754,1.1980851568377877,0.8588187755639314
2015-12-07,0.9388929460087052,1.189620139392313,0.8527508296619571
2015-12-08,0.9571541398413947,1.1664823748100315,0.8361650748561059
2015-12-09,0.9599325015735211,1.163096389359549,0.8337379119269399
2015-12-10,0.9631928111403364,1.1591460550608965,0.8309062089832265
2015-12-11,0.9838259821438404,1.1343152439341053,0.8131068341337331
2015-12-14,0.9862733664260829,1.131493499693256,0.8110841340609961
2015-12-15,0.9749594356232458,1.1444733079240896,0.8203884000793494
2015-12-16,0.9956315747292628,1.168739662564174,0.8377831577561771
2015-12-17,0.9869781659315892,1.1585817062127264,0.8305016689686792
2015-12-18,0.9773631450066603,1.1472949445264022,0.822411022993968
2015-12-21,0.9831321759007448,1.1405228659869004,0.8175566199775177
2015-12-22,0.9734029728251473,1.1518096276732246,0.8256472659522288
2015-12-23,0.9872338280631068,1.168175421354541,0.837378694899748
2015-12-24,0.9900953498148397,1.1715614068050235,0.839805857828914
2015-12-28,0.9853260862511939,1.1659180259618616,0.8357605348415585
2015-12-29,0.9791260163286134,1.1732544533495333,0.8410194778725563
2015-12-30,0.9687648374287317,1.1608389939668693,0.8321197518687503
2015-12-31,0.9805388390305946,1.1467305956782325,0.8220064829794206
2016-01-04,1.000805885949248,1.1230284822477814,0.805016188159022
2016-01-05,1.0078467008173544,1.1151278136504765,0.7993527822715952
2016-01-06,1.0272284223948285,1.093682987974168,0.7839805703512678
2016-01-07,1.0505503581400661,1.0688522844859139,0.7661812726598927
2016-01-08,1.0621985424561604,1.0570011739514198,0.7576860866706341
2016-01-11,1.0548260412044461,1.0643376013390915,0.7629450297016319
2016-01-12,1.046995977727521,1.0722382699363964,0.7686084355890587
2016-01-13,1.0282602518229809,1.0530508396527674,0.7548543837269207
2016-01-14,1.0194434519978495,1.062080205946412,0.7613268696434423
2016-01-15,0.978275690604977,1.0191906622323317,0.7305825229609058
2016-01-19,0.9858591902529629,1.0112899936350268,0.724919117073479
2016-01-20,1.0150168936874104,0.9813801505132436,0.7034789592511774
2016-01-21,1.0074290107106625,0.9887165779009154,0.7087379022821751
2016-01-22,0.9792532132353104,1.016369025630019,0.7285599000462871
2016-01-25,0.9520668389768325,0.9881522290527455,0.7083333622676277
2016-01-26,0.9297740203815036,1.011289993635027,0.724919117073479
2016-01-27,0.9157651247313372,0.9960528976500505,0.7139967681550545
2016-01-28,0.9157651247313372,0.9960528976500505,0.7139967681550545
2016-01-29,0.8960488792320885,1.017497723326359,0.729368980075382
2016-02-01,0.8885941541057356,1.0090325982423474,0.7233009570152894
2016-02-02,0.9238794485965311,0.9689647987691165,0.6945793104054898
2016-02-03,0.9206510110155979,0.972350784219599,0.6970064733346558
2016-02-04,0.9067584120635446,0.9870235313564057,0.7075242822385329
2016-02-05,0.892760402369885,0.9717864353714292,0.6966019333201084
2016-02-08,0.926459237684549,0.9351046213486809,0.6703074496394749
2016-02-09,0.9493830851848511,0.9119668567663994,0.6537216948336235
2016-02-10,0.9241210171023698,0.9362333190450207,0.6711165296685696
2016-02-11,0.8906988978928579,0.902373141624585,0.6468446689025547
2016-02-12,0.8600619110149769,0.9334116824427081,0.669093906753951
2016-02-16,0.8756615423842294,0.9503417173336575,0.6812297985578993
2016-02-17,0.8995809903744221,0.9763011185182516,0.6998381762783692
2016-02-18,0.8824213561962292,0.9576780370827925,0.6864886644307787
2016-02-19,0.8782614478857593,0.9531633539359702,0.683252421472518
2016-02-22,0.867861627519566,0.9644501156222942,0.6913430674472291
2016-02-23,0.8500879646768077,0.9446983364904954,0.6771844755705437
2016-02-24,0.8592287111021503,0.934540272500511,0.6699029096249275
2016-02-25,0.8421064032365669,0.95316335393597,0.683252421472518
2016-02-26,0.8480894392794304,0.9599354324754719,0.6881068244889683
2016-02-29,0.8431035917598995,0.9542920516323098,0.6840615015016127
2016-03-01,0.8675341399987556,0.9819444993614134,0.7038834992657248
2016-03-02,0.8869789358152127,1.0039536738858919,0.7196602512005996
2016-03-03,0.8999420062300084,1.0186263133841618,0.7301779829463584
2016-03-04,0.8994435070654738,1.0180620721745286,0.7297735200899294
2016-03-07,0.8949562538076092,1.0129830401795366,0.7261327371171211
2016-03-08,0.9034321660616722,1.003389325037722,0.7192557111860522
2016-03-09,0.8998753621541111,1.0073396593363744,0.7220874141297656
2016-03-10,0.9074373205946294,1.0158046767818492,0.7281553600317398
2016-03-11,0.9482719730978427,1.0615158570982421,0.760922329628895
2016-03-14,0.9422224448076355,1.054743886197277,0.7560680037705629
2016-03-15,0.9321397694499323,1.043457124510953,0.7479773577958518
2016-03-16,0.9296190525327471,1.0462788687518025,0.7500000578685888
2016-03-17,0.9301204766341051,1.0457145199036326,0.7495955178540413
2016-03-18,0.9326302074750551,1.0485361565059452,0.75161814076866
2016-03-21,0.9276106500530605,1.042892775662783,0.7475728177813045
2016-03-22,0.9366458342646318,1.0327347116727987,0.7402912518356881
2016-03-23,0.9540480058410027,1.0135472813891697,0.7265371999735502
2016-03-24,0.9667969654573502,1.0000032319487029,0.7168284710987679
2016-03-28,0.9629777025239222,1.0039536738858919,0.7196602512005996
2016-03-29,0.9521517087885221,1.0152403279336792,0.7277508200171924
2016-03-30,0.9532102674476948,1.016369025630019,0.7285599000462871
2016-03-31,0.9479175751015411,1.0107256447868571,0.7245145770589316
2016-04-01,0.9569151218050894,1.0011319296450427,0.7176375511278626
2016-04-04,0.9617698291380811,0.9960528976500506,0.7139967681550545
2016-04-05,0.9868357356785242,0.9700934964654565,0.6953883904345847
2016-04-06,0.9736320265210509,0.9830731970577534,0.7046925792948195
2016-04-07,1.00213676556799,0.9542920516323099,0.6840615015016127
2016-04-08,0.9760610283694372,0.9791228627591009,0.7018608763511062
2016-04-11,0.983374406568583,0.9864591825082357,0.7071197422239855
2016-04-12,0.9957510413236673,0.9988746418908997,0.7160194682277914
2016-04-13,1.0340057918066476,1.0372493948196209,0.7435274947939489
2016-04-14,1.032880730985044,1.0361208047618178,0.7427184919229725
2016-04-15,1.032880730985044,1.0361208047618178,0.7427184919229725
2016-04-18,1.0407566932459609,1.0440214733591227,0.7483818978103992
2016-04-19,1.0559461410079616,1.0592585693440992,0.7593042467288237
2016-04-20,1.0666349162757949,1.0699808745437167,0.7669902755308691
2016-04-21,1.0683226684611078,1.0716739210882265,0.7682038955745113
2016-04-22,1.0694478365846496,1.0728026187845663,0.769012975603606
2016-04-25,1.05988412213842,1.063208903642752,0.7621359496725371
2016-04-26,1.0413192773077318,1.081831985078211,0.7754854615201275
2016-04-27,1.038603306040407,1.0790103484758984,0.773462838605509
2016-04-28,1.0309983999981052,1.0711095722400568,0.7677993555599638
2016-04-29,1.0386032024327443,1.063208903642752,0.7621359496725371
2016-05-02,1.0352955783898934,1.0665948890932344,0.7645631126017031
2016-05-03,1.0654231863126111,1.035556455913648,0.7423139519084251
2016-05-04,1.0787772375412599,1.0225767553213512,0.7330097630481901
2016-05-05,1.0942563940358854,1.0079040081845445,0.722491954144313
2016-05-06,1.089354914470034,1.0124186913313666,0.7257281971025737
2016-05-09,1.0954271499081611,1.0067753104882047,0.7216828741152183
2016-05-10,1.0813045186930728,1.0197550110805016,0.7309870629754531
2016-05-11,1.0681398116838234,1.0073396593363744,0.7220874141297656
2016-05-12,1.0711318683690794,1.004517915095525,0.7200647140570287
2016-05-13,1.083166989551256,0.9932312610477376,0.7119741452404359
2016-05-16,1.0714736769360471,1.0039536738858919,0.7196602512005996
2016-05-17,1.0774965982915403,0.9983102930427298,0.715614928213244
2016-05-18,1.063487343521246,1.0112899936350268,0.724919117073479
2016-05-19,1.0652677760217264,1.0129830401795366,0.7261327371171211
2016-05-20,1.07357623463545,1.0208837087768414,0.731796143004548
2016-05-23,1.0700154828287483,1.017497723326359,0.729368980075382
2016-05-24,1.1050298629783821,1.0507935518986247,0.7532363008268496
2016-05-25,1.1293618745136518,1.073931316480906,0.7698220556327008
2016-05-26,1.1281749195133315,1.072802618784566,0.769012975603606
2016-05-27,1.1263944870128513,1.0711095722400565,0.7677993555599638
2016-05-31,1.1115578890916253,1.0570011739514198,0.7576860866706341
2016-06-01,1.1151186408983271,1.0536151885009373,0.7552589237414682
2016-06-02,1.1163132248933796,1.0524864908045974,0.7544498437123733
2016-06-03,1.1211016953840065,1.047971807657775,0.7512136007541126
2016-06-06,1.1223091562066128,1.0468431099614353,0.7504045207250178
2016-06-07,1.115653916461954,1.0530508396527671,0.7548543837269207
2016-06-08,1.1144581185403284,1.0519221419564275,0.754045303697826
2016-06-09,1.0959237069053949,1.0344277582173083,0.7415048718793302
2016-06-10,1.1443523823555737,0.9887165779009154,0.7087379022821751
2016-06-13,1.1711323075777536,0.9655788133186339,0.6921521474763238
2016-06-14,1.1944043794113537,0.9463913830350049,0.678398095614186
2016-06-15,1.1887065704299085,0.9509060661818273,0.6816343385724467
2016-06-16,1.1802410798930145,0.9576780370827923,0.6864886644307787
2016-06-17,1.2171019289242975,0.9875878802045757,0.7079288222530803
2016-06-20,1.2588311644467043,1.0214480576250113,0.7322006830190954
2016-06-21,1.2769138375948665,1.036120804761818,0.7427184919229725
2016-06-22,1.242139496768458,1.0079040081845445,0.722491954144313
2016-06-23,1.1865006045076376,1.0530508396527676,0.7548543837269207
2016-06-24,0.990022197275352,0.8786710281941339,0.6298543740821559
2016-06-27,1.0472488907466764,0.8278808158827488,0.5934466215121926
2016-06-28,1.0129831112271377,0.8549689147636825,0.6128640792617573
2016-06-29,0.9962672178816993,0.8690773130523194,0.622977348151087
2016-06-30,1.0150280920594796,0.8854430529143673,0.6347087385195471
2016-07-01,1.0104996243359363,0.8814927186157149,0.6318770355758337
2016-07-05,0.9580985896340215,0.835781538299322,0.5991100659786786
2016-07-06,0.9684494699525777,0.826752118186409,0.5926375414830979
2016-07-07,0.9717547078972991,0.8239304815840963,0.5906149185684793
2016-07-08,0.9431345789043798,0.8481968900434492,0.6080097148243662
2016-07-11,0.9594496295190239,0.8628696371802559,0.6185275237282433
2016-07-12,0.9933347024184869,0.8933437753309407,0.640372182986033
2016-07-13,0.9851771771111648,0.8860074017625373,0.6351132785340945
2016-07-14,1.0077672057630747,0.9063234759232377,0.649676371846268
2016-07-15,0.9996097402989489,0.8989871561741027,0.6444175059733886
2016-07-18,1.0021197434824944,0.9012444977475138,0.646035627452519
2016-07-19,1.0121597562166764,0.8922151314538692,0.6395631415359975
2016-07-20,0.9993557237804718,0.903501839320925,0.6476537489316494
2016-07-21,0.9968588974058717,0.9012444977475138,0.646035627452519
2016-07-22,0.9943620710312718,0.8989871561741026,0.6444175059733886
2016-07-25,0.99561051398309,0.8978584584777629,0.6436084259442938
2016-07-26,0.9906043061940591,0.9023731416245853,0.6468446689025547
2016-07-27,0.9800725482177847,0.9119668567663998,0.6537216948336235
2016-07-28,0.9673364545014537,0.9001158000511741,0.6452265474234242
2016-07-29,0.9467160489471411,0.9193032841540715,0.6589806378646212
2016-08-01,0.9286998881861853,0.9018087927764155,0.6464401288880073
2016-08-02,0.9194012746281127,0.8927794264827708,0.6399676429714857
2016-08-03,0.9124273144595583,0.8995514512030042,0.6448220074088769
2016-08-04,0.9044135038796256,0.9074521736195775,0.6504854518753628
2016-08-05,0.913412634682161,0.9164815399132221,0.6569579377918844
2016-08-08,0.9246616018243812,0.9277683015995464,0.6650485837665955
2016-08-09,0.934785650796759,0.9379263655895308,0.6723301497122118
2016-08-10,0.9449095924910355,0.9480843219409784,0.6796116384997097
2016-08-11,0.9488468060854833,0.9520347638781674,0.6824434186015416
2016-08-12,0.94715942883072,0.9503417173336578,0.6812297985578993
2016-08-15,0.9488468060854833,0.9520347638781673,0.6824434186015416
2016-08-16,0.9454720515759566,0.948648670789148,0.6800161785142571
2016-08-17,0.9426598634294523,0.9458270341868354,0.6779935555996386
2016-08-18,0.9364729207734213,0.9520347638781673,0.6824434186015416
2016-08-19,0.9225951366272058,0.9379263655895306,0.6723301497122118
2016-08-22,0.9181542499355805,0.9424410487363528,0.6755663926704726
2016-08-23,0.9027601147593285,0.9582423859309626,0.6868932044453261
2016-08-24,0.9048868068715468,0.9604997813236422,0.6885113645035157
2016-08-25,0.8985068319411534,0.9537277027841403,0.6836569614870653
2016-08-26,0.9038234608154377,0.9480843219409782,0.6796116384997097
2016-08-29,0.8989815409892475,0.9531633539359704,0.683252421472518
2016-08-30,0.8899331729562276,0.9627570690777848,0.6901294474035868
2016-08-31,0.9029743980561,0.9768654673664215,0.7002427162929166
2016-09-01,0.9154939622123793,0.9904095168068885,0.7099514451676989
2016-09-02,0.9280136258653102,1.0039536738858923,0.7196602512005996
2016-09-06,0.9201888112080656,0.9954885488018809,0.713592228140507
2016-09-07,0.9207104721516587,0.9960528976500508,0.7139967681550545
2016-09-08,0.9087125689389726,1.0090325982423478,0.7233009570152894
2016-09-09,0.8965150958520554,0.9954885488018809,0.713592228140507
2016-09-12,0.9015974005391624,1.001131929645043,0.7176375511278626
2016-09-13,0.9392063001247151,0.9593710836273024,0.6877022844744208
2016-09-14,0.9281567720904513,0.9706578453136265,0.695792930449132
2016-09-15,0.9168246753613591,0.9825088482095837,0.7042880392802722
2016-09-16,0.8862814102021432,0.9497773684854878,0.680825258543352
2016-09-19,0.8752225880976309,0.9616284790199818,0.6893204445326104
2016-09-20,0.8777907881367383,0.9588067347791325,0.6872977444598735
2016-09-21,0.90414002350407,0.987587880204576,0.7079288222530803
2016-09-22,0.9077565678311355,0.9915382145032284,0.7107605251967937
2016-09-23,0.8948402817810773,0.9774298162145916,0.7006472563074639
2016-09-26,0.911373112158201,0.9593710836273023,0.6877022844744208
2016-09-27,0.9140535804102837,0.9565494470249897,0.6856796615598023
2016-09-28,0.8957185749339117,0.9757368773086187,0.6994337134219402
2016-09-29,0.8687796481363563,0.9463913830350054,0.678398095614186
2016-09-30,0.888983793828869,0.968400449920947,0.6941747703909424
2016-10-03,0.8931282365045462,0.9638857667741247,0.6909385274326817
2016-10-04,0.8967885821880048,0.9678361010727772,0.6937702303763951
2016-10-05,0.9156133311165802,0.9881522290527459,0.7083333622676277
2016-10-06,0.9140445687935523,0.9864591825082363,0.7071197422239855
2016-10-07,0.908815460787066,0.9808158016650742,0.7030744192366299
2016-10-10,0.9098612025988115,0.9796872116072712,0.7022654163656535
2016-10-11,0.9234881676108595,0.9650144644704646,0.6917476074617764
2016-10-12,0.9202478871649711,0.9684004499209471,0.6941747703909424
2016-10-13,0.9374086707124041,0.9503417173336578,0.6812297985578993
2016-10-14,0.9301721897513738,0.9576780370827928,0.6864886644307787
2016-10-17,0.9301721897513738,0.9576780370827928,0.6864886644307787
2016-10-18,0.9510010901602531,0.9791228627591013,0.7018608763511062
2016-10-19,0.9548379653547814,0.9830731970577536,0.7046925792948195
2016-10-20,0.9619635757807613,0.9904095168068886,0.7099514451676989
2016-10-21,0.9619635757807613,0.9904095168068886,0.7099514451676989
2016-10-24,0.9762149011797292,1.0050822639436954,0.720469254071576
2016-10-25,0.9712817460590477,1.000003231948703,0.7168284710987679
2016-10-26,0.9674448708645195,0.9960528976500507,0.7139967681550545
2016-10-27,0.9542898253917048,1.0095969470905175,0.7237054970298368
2016-10-28,0.9505558958874964,1.005646612791865,0.7208737940861234
2016-10-31,0.9468219663832882,1.0016962784932126,0.71804209114241
2016-11-01,0.9553566914620353,0.992666912199568,0.7115696052258885
2016-11-02,0.9689348137356936,0.9785585139109313,0.7014563363365588
2016-11-03,0.95943544863711,0.9881522290527457,0.7083333622676277
2016-11-04,0.9764214265237984,0.9706578453136263,0.695792930449132
2016-11-07,0.9446309932020629,1.0022606273413823,0.7184466311569574
2016-11-08,0.9483541846656593,1.0062109616400348,0.7212783341006708
2016-11-09,0.964310748495175,1.0231409965309841,0.7334142259046191
2016-11-10,0.986649998726112,1.0468431099614355,0.7504045207250178
2016-11-11,0.9765442223104528,1.036120804761818,0.7427184919229725
2016-11-14,0.9786717168113542,1.038378092515961,0.7443365748230436
2016-11-15,0.9749485253477578,1.0423284268146134,0.747168277766757
2016-11-16,0.9543622046136065,1.0203193599286717,0.7313916029900005
2016-11-17,0.9496114997241271,1.0253983919236638,0.7350323859628087
2016-11-18,0.9663355167212293,1.0073396593363746,0.7220874141297656
2016-11-21,0.9571323173902815,1.0169333744781892,0.7289644400608345
2016-11-22,0.9459782160992045,1.0287843773741465,0.7374595488919747
2016-11-23,0.9345621676507139,1.0163690256300193,0.7285599000462871
2016-11-25,0.9345621676507139,1.0163690256300193,0.7285599000462871
2016-11-28,0.9568754387328041,0.9921025633513981,0.7111650652113412
2016-11-29,0.9378249967516364,1.011854342483197,0.7253236570880264
2016-11-30,0.9357328568142801,1.0141116302373399,0.7269417399880976
2016-12-01,0.9445850918241592,1.0237053453791545,0.7338187659191665
2016-12-02,0.9430229969702354,1.0220124064731817,0.7326052230336427
2016-12-05,0.9586445414256185,1.0389424413641313,0.7447411148375911
2016-12-06,0.9898877296557421,1.072802618784567,0.769012975603606
2016-12-07,1.0226930127397893,1.1083557351109754,0.7944983792551449
2016-12-08,1.0174858974675665,1.1139990083156006,0.7904531334259076
2016-12-09,1.0091542945294238,1.1231209012419507,0.7839805703512678
2016-12-12,1.0211308185665082,1.1364499675137723,0.7746763814910328
2016-12-13,1.0056671695766186,1.1536599694769634,0.7864078104385521
2016-12-14,0.9823877981187938,1.1803651059057318,0.7682038955745113
2016-12-15,0.9746280405230761,1.1710415504688547,0.7742718414764854
2016-12-16,0.9761556085699178,1.1728769641647916,0.7730582985909615
2016-12-19,0.9633853890854512,1.1882207230175448,0.7629450297016319
2016-12-20,0.9536800924261674,1.1762503996721372,0.7706310585036772
2016-12-21,0.956683782637038,1.1799550925131501,0.7682038955745113
2016-12-22,0.9531573174640514,1.1843045657821192,0.7653721926307978
2016-12-23,0.9526535229980576,1.1836785976702868,0.7657767326453453
2016-12-27,0.9526535229980576,1.1836785976702868,0.7657767326453453
2016-12-28,0.9657380517900016,1.1999362152801851,0.7552589237414682
2016-12-29,0.9610826382031856,1.1941518316685278,0.7588997067142763
2016-12-30,0.9508366133938192,1.1814210749083174,0.7669902755308691
2017-01-03,0.969893519835794,1.1577427367207027,0.7823624874511965
2017-01-04,0.9814279078306339,1.1439743656052783,0.7916666763114315
2017-01-05,0.9824309230439578,1.142805228592565,0.7924757563405262
2017-01-06,0.9814279078306338,1.1439719783387894,0.7916666763114315
2017-01-09,0.9653800470286311,1.1626776855265462,0.7787217044783884
2017-01-10,0.9673860774552793,1.1650936944555994,0.7771035444201988
2017-01-11,0.9618466155064394,1.1584221159228099,0.7815534074221018
2017-01-12,0.9598552639925667,1.1608204459653104,0.7799353245220305
2017-01-13,0.9703100730945351,1.1481767103736045,0.7884304333531706
2017-01-17,0.9648336902559453,1.154656963858251,0.7839805703512678
2017-01-18,0.9593574023747499,1.1612106673638132,0.7795307845074831
2017-01-19,0.957863912478694,1.159402940238753,0.7807443273930069
2017-01-20,0.9509156121991686,1.1678131952538906,0.7864078104385521
2017-01-23,0.9494481162874309,1.1660109731978818,0.7851941903949099
2017-01-24,0.9592312357681984,1.178025557745467,0.793284836369621
2017-01-25,0.9866238396961088,1.211666234067308,0.8159385370774465
2017-01-26,0.9778190508231664,1.2224793372442206,0.8086569711318301
2017-01-27,0.9734166563866953,1.2279832556107673,0.805016188159022
2017-01-30,0.9871129117012797,1.2452613369755454,0.7936893763841684
2017-01-31,0.983591117632955,1.2408185281153958,0.7965210793278819
2017-02-01,0.9745994113587025,1.2294753230534043,0.8038026452734981
2017-02-02,0.968223016838832,1.2375192635902699,0.7985437022425004
2017-02-03,0.9795042150778225,1.2231003746624773,0.8078478911027354
2017-02-06,0.9598847195419405,1.2475991077676938,0.7916666763114315
2017-02-07,0.9633181195665781,1.2520616299020095,0.7888349733677181
2017-02-08,0.9727043224991436,1.2642612390483905,0.7811488674075544
2017-02-09,0.9616221814193137,1.24985735382981,0.7900485934113602
2017-02-10,0.9566983421161519,1.2562570572487244,0.7860032704240046
2017-02-13,0.9630992674701658,1.2478518920102064,0.791262136296884
2017-02-14,0.9690078934168447,1.240196305181539,0.7961165393133344
2017-02-15,0.9773783920578927,1.2294832227002912,0.8029935652444034
2017-02-16,0.9763936054143757,1.228244420342901,0.8021844852153086
2017-02-17,0.9650688407571999,1.2424902930368025,0.7928802963550736
2017-02-21,0.9709774667038787,1.25009742951649,0.7880258933386233
2017-02-22,0.9714759265157021,1.2507391780130777,0.7876213533240759
2017-02-23,0.9729727469029419,1.2526662786747318,0.7864078104385521
2017-02-24,0.9864862798164381,1.2700644504533156,0.7754854615201275
2017-02-27,0.9854570582673828,1.2687393659307626,0.7762945415492224
2017-02-28,0.9864841344384756,1.2700616883588611,0.7754854615201275
2017-03-01,0.9648710196717579,1.2422356057357116,0.7924757563405262
2017-03-02,0.9569905084559653,1.2523814712701409,0.7860032704240046
2017-03-03,0.9747217056630507,1.2291772465162103,0.8005664023152373
2017-03-06,0.9668411005041542,1.23911511954583,0.7940938392405974
2017-03-07,0.9609307640638617,1.2466898774258481,0.7892395133822655
2017-03-08,0.9619158514516117,1.247967907561437,0.7884304333531706
2017-03-09,0.941680584291533,1.2217151288193036,0.805016188159022
2017-03-10,0.9577696068285003,1.200841594237388,0.8187702400211598
2017-03-13,0.9525643082850859,1.2073679435355804,0.8143203770192569
2017-03-14,0.9388413715664639,1.2247616604123552,0.802589025229856
2017-03-15,0.9236987833568346,1.2050074590741442,0.8155339970628991
2017-03-16,0.9406516269891609,1.1828916964494152,0.8305016689686792
2017-03-17,0.9328624967891701,1.1926867121297937,0.8236246430376102
2017-03-20,0.9278224456622207,1.199130536410711,0.8191747800357072
2017-03-21,0.9218660931053564,1.1914324641448841,0.8244336459085866
2017-03-22,0.9155333798724337,1.199616950143722,0.8187702400211598
2017-03-23,0.9155333798724337,1.199616950143722,0.8187702400211598
2017-03-24,0.9132716349487133,1.1966534016734582,0.8207929400938968
2017-03-27,0.9168725052208723,1.191935206675093,0.8240291830521576
2017-03-28,0.9209234091569717,1.1866690273613918,0.8276698888668473
2017-03-29,0.9137216686126537,1.19594893311909,0.8211974029503258
2017-03-30,0.9141717022765943,1.196537971661948,0.8207929400938968
2017-03-31,0.9128200988316157,1.1947688895075579,0.8220064829794206
2017-04-03,0.9024880019798197,1.2082923295563752,0.8127022941191857
2017-04-04,0.9042849330926841,1.2106981433463118,0.8110841340609961
2017-04-05,0.9083440744920932,1.2161327080238822,0.807443351088188
2017-04-06,0.9019728643527387,1.2076026396745128,0.8131068341337331
2017-04-07,0.8965879141719484,1.21481225795666,0.8082524311172827
2017-04-10,0.8992803464669039,1.2184603104275114,0.8058252681881167
2017-04-11,0.8956687822685019,1.2135669002116618,0.8090615111463775
2017-04-12,0.9010428325458707,1.2062854478870981,0.8042071081299271
2017-04-13,0.9155465268924609,1.186868396001273,0.791262136296884
2017-04-17,0.9010362667494243,1.2056787662835797,0.8038026452734981
2017-04-18,0.8937807369208439,1.1959701246059087,0.7973300821988583
2017-04-19,0.8892460632123713,1.2020379822539187,0.8013754051862138
2017-04-20,0.898672744700618,1.2147804948882155,0.8098705911754723
2017-04-21,0.9018149433238699,1.219027960521395,0.8127022941191857
2017-04-24,0.9538858835281633,1.2894148314748906,0.8596278555930261
2017-04-25,0.9637613771467393,1.2760656372370753,0.8685275044387136
2017-04-26,0.9574769799002356,1.2843864763650679,0.8628640985512869
2017-04-27,0.9561302866537744,1.2861929684582223,0.8616504785076448
2017-04-28,0.9570279965329243,1.2874005738969319,0.8608414756366682
2017-05-01,0.9624247227388515,1.2801408610778238,0.8656958014950003
2017-05-02,0.9691706733859687,1.271167933776441,0.8717637473969744
2017-05-03,0.9714193807879522,1.268218520612854,0.8737864474697113
2017-05-04,0.9934561986508904,1.239448762564089,0.8936084452338234
2017-05-05,1.0055989612833514,1.224299295341124,0.9045307941522479
2017-05-08,0.98715998948417,1.2467484237210327,0.8879450393463967
2017-05-09,0.992107059989117,1.2529964001582687,0.8834951763444937
2017-05-10,0.984384611513313,1.2432432187418436,0.8903722022755627
2017-05-11,0.9785703884509703,1.250586378427566,0.885113259244565
2017-05-12,0.9754396070223628,1.2465853247939602,0.8879450393463967
2017-05-15,0.9847717900434639,1.234659048355475,0.8964401481775368
2017-05-16,0.990548928375455,1.2274159528613613,0.9016990912085345
2017-05-17,0.9674405445694346,1.256050175882399,0.8806634734007803
2017-05-18,0.9652186204484978,1.253165401000298,0.882686096315399
2017-05-19,0.9497361781898579,1.2330641922684387,0.8968446881920842
2017-05-22,0.9501645759853732,1.2325079936168262,0.8972492282066316
2017-05-23,0.9544484722320016,1.226951128520778,0.9012945511939872
2017-05-24,0.9535916766409709,1.2280525460911453,0.9004854711648924
2017-05-25,0.9514496876633943,1.2308110380977848,0.8984627710921554
2017-05-26,0.9591606028570956,1.2407860054106135,0.8911812823046574
2017-05-30,0.9652560964677649,1.2486712366697577,0.8855177992591123
2017-05-31,0.9648151288038358,1.2481007936129724,0.8859223392736597
2017-06-01,0.9714234349131363,1.2395521796316795,0.8919902851756338
2017-06-02,0.974507389524703,1.2356170031439984,0.8948220652774657
2017-06-05,0.9705423890532884,1.2406443862635286,0.8911812823046574
2017-06-06,0.9617312582214402,1.251907655262865,0.8830906363299463
2017-06-07,0.9520390815297444,1.2392911263804267,0.8919902851756338
2017-06-08,0.9563567357075752,1.2336707368258641,0.8960356081629894
2017-06-09,0.9554931884015283,1.2347846862566136,0.8952265281338947
2017-06-12,0.9498802956170308,1.2420382325299182,0.8899676622610153
2017-06-13,0.9429720818734629,1.233005235816973,0.8964401481775368
2017-06-14,0.9365891642949578,1.2413513692236469,0.8903722022755627
2017-06-15,0.9276530147544901,1.2531953045269102,0.8818770162863041
2017-06-16,0.9174402492330413,1.2393985620012566,0.8915858223192048
2017-06-19,0.9211865291383509,1.2343375959804435,0.8952265281338947
2017-06-20,0.8870531038597453,1.2800744459758306,0.8620550185221921
2017-06-21,0.8899669212280797,1.2842792710727904,0.8592233155784788
2017-06-22,0.8941569886752209,1.290325806779235,0.8551779925911231
2017-06-23,0.8928880518538569,1.2884946496686651,0.8563916126347654
2017-06-26,0.8857179509379347,1.278147734791074,0.8632686385658342
2017-06-27,0.8940189942683058,1.266168797570844,0.8713592845405453
2017-06-28,0.9126962230147161,1.2397168715878253,0.8895631222464678
2017-06-29,0.9151865043479809,1.2363343181094608,0.8919902851756338
2017-06-30,0.9106210017644315,1.2425018997954267,0.8875404993318493
2017-07-03,0.9234875476783518,1.2249460695313816,0.9000809311503449
2017-07-05,0.9255627689286364,1.2221934237373644,0.9021035540649636
2017-07-06,0.9322035719270867,1.2134243310021022,0.9085760399814852
2017-07-07,0.9342788723419875,1.2107229682382012,0.9105987400542221
2017-07-10,0.935524052590928,1.2091093511784365,0.9118123600978643
2017-07-11,0.9351089925079478,1.2096457917180916,0.9114078200833169
2017-07-12,0.9375992738412127,1.2064243936146481,0.9138349830124829
2017-07-13,0.9475604783388881,1.1936071480908266,0.9235437118872653
2017-07-14,0.9467303581729278,1.194652819988837,0.9227346318581704
2017-07-17,0.9425798365077422,1.1998902483325395,0.9186893088708149
2017-07-18,0.9450701178410071,1.203060339789683,0.9162621459416489
2017-07-19,0.9438183406692238,1.201466845887805,0.917475765985291
2017-07-20,0.9400730234940694,1.1966991122897364,0.9211165489580992
2017-07-21,0.9342929866071464,1.2040570141108882,0.915453065912554
2017-07-24,0.9293386805249301,1.1976722214667654,0.9203074689290044
2017-07-25,0.9403682132352255,1.1834580655086617,0.931229817847429
2017-07-26,0.9456786856983544,1.1767748095460535,0.9364886837203084
2017-07-27,0.9411852329727194,1.182366330276489,0.9320388978765237
2017-07-28,0.9452701758296076,1.1772346104769413,0.9360841437057609
2017-07-31,0.9420021747949229,1.17316465881288,0.9393203866640217
2017-08-01,0.9505216147972735,1.1625545920942861,0.9478155726532802
2017-08-02,0.9497102248202102,1.163546978936552,0.9470064926241855
2017-08-03,0.9525500123615247,1.1600677848327465,0.9498381955678988
2017-08-04,0.9541727923156513,1.1580914741695536,0.9514563556260883
2017-08-07,0.9562011898799024,1.1556295826292544,0.953478978540707
2017-08-08,0.9501159198087419,1.1629840161804246,0.9474110326387328
2017-08-09,0.9582296648225607,1.1729155998595344,0.9393203866640217
2017-08-10,0.9780380116818808,1.1971618947631966,0.919902928914457
2017-08-11,0.9823389868465464,1.2024264790799208,0.9158576059271015
2017-08-14,0.970189887983874,1.1875554433529034,0.9271844948600734
2017-08-15,0.9697665842794069,1.1880735858574352,0.926779954845526
2017-08-16,0.9723063257692832,1.184962115707873,0.929207117774692
2017-08-17,0.9532581434898213,1.20817637830809,0.9110032800687695
2017-08-18,0.9469087493966674,1.2001290429537508,0.9170712259707436
2017-08-21,0.94941488168907,1.2033053597334964,0.9146440630415776
2017-08-22,0.9485751240215026,1.2022410358833546,0.915453065912554
2017-08-23,0.9519284576655773,1.2064911107712806,0.9122168229542933
2017-08-24,0.9493955522701367,1.203280861283081,0.9146440630415776
2017-08-25,0.9573736082748038,1.1931693307648412,0.922330091843623
2017-08-28,0.9569537780343108,1.1936925628267598,0.921925628987194
2017-08-29,0.9498154626003359,1.20259681111987,0.915048603056125
2017-08-30,0.9535945754824229,1.2073816870034626,0.9114078200833169
2017-08-31,0.9476690249067083,1.199879126235527,0.9170712259707436
2017-09-01,0.9489231370092315,1.1982912480900691,0.9182848460143859
2017-09-05,0.9267676349261744,1.2262690085721704,0.8968446881920842
2017-09-06,0.9171530146709229,1.2135472535130996,0.9061488770523192
2017-09-07,0.9208380107723755,1.2184231213634917,0.9025080940795109
2017-09-08,0.9262037628040715,1.2113233315389624,0.9077670371105087
2017-09-11,0.9414753490246262,1.1913505896419074,0.9227346318581704
2017-09-12,0.9505558282397432,1.1798600771411094,0.9316343578619763
2017-09-13,0.9484920471793995,1.1824217077247319,0.9296116577892394
2017-09-14,0.950968584451812,1.1793343740569397,0.9320388978765237
2017-09-15,0.9513813406638807,1.179846249629863,0.9316343578619763
2017-09-18,0.9542730645684546,1.1762601065577318,0.9344660608056897
2017-09-19,0.9592302830352766,1.1701497189354522,0.9393203866640217
2017-09-20,0.9546861792396176,1.17569299866019,0.9348706008202371
2017-09-21,0.9468372368682217,1.1660270510497541,0.9425566296222825
2017-09-22,0.9488691230039661,1.163524789724706,0.9445793296950195
2017-09-25,0.9338334756335814,1.1819618407582746,0.9296116577892394
2017-09-26,0.9415544104238174,1.1917343007687173,0.921925628987194
2017-09-27,0.9258549864920976,1.1718633917754515,0.9372977637494031
2017-09-28,0.9310496507492934,1.165288456213851,0.9425566296222825
2017-09-29,0.9382423214255271,1.1562862122394102,0.9498381955678988
2017-10-02,0.9306501256816373,1.1656428049434617,0.9421521667658534
2017-10-03,0.9258550627082494,1.159636970419895,0.9470064926241855
2017-10-04,0.9159676741056967,1.1720209620685333,0.9368932237348557
2017-10-05,0.9128037127702713,1.1679725342548406,0.9401294666931165
2017-10-06,0.908483189253714,1.1624442342158035,0.9445793296950195
2017-10-09,0.9045924541787672,1.1674226010235023,0.9405340067076638
2017-10-10,0.9154864975466983,1.15336328360879,0.9518608956406358
2017-10-11,0.9139301738328799,1.155323996993136,0.9502427355824462
2017-10-12,0.9096503578294785,1.1607342288390854,0.9457928725805432
2017-10-13,0.9131519377663716,1.1652023232588646,0.9421521667658534
2017-10-16,0.9139361136377833,1.1662029492329467,0.9413430867367586
2017-10-17,0.9186491819009881,1.1722169298892182,0.9364886837203084
2017-10-18,0.9119031588520057,1.1636088533968665,0.9433657096513772
2017-10-19,0.9107300892996679,1.1651057164173533,0.9421521667658534
2017-10-20,0.9138583990805493,1.1611036397853711,0.9453884097241142
2017-10-23,0.9052554912445341,1.1720340723460232,0.9364886837203084
2017-10-24,0.8997808931894002,1.1649461115271444,0.9421521667658534
2017-10-25,0.8963039203124747,1.1604444755583008,0.9457928725805432
2017-10-26,0.8928537157391335,1.164911454610768,0.9421521667658534
2017-10-27,0.8836529264742501,1.1769157780706865,0.9324433607329528
2017-10-30,0.8809693202848639,1.1733415484475032,0.9352751408347845
2017-10-31,0.8798262405596374,1.1718191084443004,0.9364886837203084
2017-11-01,0.8775459336298084,1.174856193621246,0.9340615207911424
2017-11-02,0.8817265567425367,1.1692591863661739,0.9385113837930452
2017-11-03,0.871085003587251,1.183370969309392,0.9271844948600734
2017-11-06,0.8722251932969907,1.184919919637379,0.9259708748164311
2017-11-07,0.8790841188173846,1.1942377856413442,0.9186893088708149
2017-11-08,0.8771486184323204,1.1916084039422679,0.9207120089435518
2017-11-09,0.8756070949521011,1.1895142407693422,0.922330091843623
2017-11-10,0.874070906942788,1.1874273258458432,0.9239482519018126
2017-11-13,0.8687132277543497,1.1947057452749017,0.9182848460143859
2017-11-14,0.8671824935546121,1.1926005891836993,0.919902928914457
2017-11-15,0.8664197826042909,1.1915516640318533,0.9207120089435518
2017-11-16,0.8694651919104737,1.1873634372631467,0.9239482519018126
2017-11-17,0.8671811530829079,1.1904825778778299,0.9215210889726466
2017-11-20,0.8652777268863654,1.1930956371183408,0.9194983888999096
2017-11-21,0.8637549859291314,1.1909959926503444,0.9211165489580992
2017-11-22,0.8686863614680577,1.184196323067196,0.9263754148309786
2017-11-24,0.8777904894767369,1.1717855435375262,0.9360841437057609
2017-11-27,0.8713417230931085,1.1803941708951668,0.929207117774692
2017-11-28,0.876652518696388,1.173199712043049,0.9348706008202371
2017-11-29,0.8717211431574619,1.1666001891547244,0.9401294666931165
2017-11-30,0.8717211431574619,1.1666001891547244,0.9401294666931165
2017-12-01,0.8653445225764246,1.1751338433334693,0.9332524407620475
2017-12-04,0.8645943150860146,1.174115065045166,0.9340615207911424
2017-12-05,0.8702109810275177,1.1817424713121027,0.9279935748891681
2017-12-06,0.8789359061548702,1.1935908791198693,0.9186893088708149
2017-12-07,0.8735174926013834,1.1862326986752516,0.92435279191636
2017-12-08,0.8605198525219763,1.1685819638034307,0.9381068437784978
2017-12-11,0.8623751925439984,1.1660624206690062,0.9401294666931165
2017-12-12,0.8631173568634813,1.1650589016318253,0.9409385467222112
2017-12-13,0.865343779045245,1.1620536174013236,0.9433657096513772
2017-12-14,0.8608909346817177,1.1680332569684688,0.9385113837930452
2017-12-15,0.863488509799908,1.1715575757913193,0.9356796036912135
2017-12-18,0.8511689614776425,1.1548427498226195,0.949029115538804
2017-12-19,0.8453638928811785,1.1627189080053748,0.9425566296222825
2017-12-20,0.8417357769097958,1.1677090419298146,0.9385113837930452
2017-12-21,0.8362935337508455,1.1601592184348248,0.9445793296950195
2017-12-22,0.8337864548990402,1.1636371965894798,0.9417476267513061
2017-12-26,0.8330701954505068,1.1626375807623996,0.9425566296222825
2017-12-27,0.8316400674396756,1.1646334756819077,0.9409385467222112
2017-12-28,0.8298523903772594,1.1621300025664187,0.9429611696368299
2017-12-29,0.8298523903772594,1.1621300025664187,0.9429611696368299
2018-01-02,0.836616543143159,1.1526574446002715,0.9506472755969936
2018-01-03,0.8355484975791894,1.1541289558685721,0.9494336555533514
2018-01-04,0.8497888334869681,1.1344590216157076,0.9656149475027737
2018-01-05,0.8505007959599937,1.1335085593140772,0.9664239503737501
2018-01-08,0.8480087575470187,1.136829834126123,0.9635922474300367
2018-01-09,0.844092658382084,1.1315799610269677,0.9680421104319397
2018-01-10,0.8574965237270029,1.1136109083714376,0.9834142451941488
2018-01-11,0.8684313285722296,1.0994101301529664,0.9959547541707628
2018-01-12,0.8793660661387701,1.085567053728048,1.0084951859892586
2018-01-16,0.8783078396857426,1.0868734218232308,1.0072815659456162
2018-01-17,0.8832461625211852,1.0807624302144736,1.0129450489911616
2018-01-18,0.8857152902995634,1.0777411427733226,1.0157767519348748
2018-01-19,0.8892425772522832,1.0734491289479453,1.019821997764112
2018-01-22,0.8998246399465006,1.0606749925399923,1.0319579667261787
2018-01-23,0.8977082543191316,1.063169697852413,1.0295308037970128
2018-01-24,0.9051156376542663,1.0543970197975976,1.0380259126281528
2018-01-25,0.9051156376542663,1.0543970197975976,1.0380259126281528
2018-01-26,0.9111121196640503,1.0474115336372078,1.044902938559222
2018-01-29,0.9037047363289156,1.0559270374614276,1.0364078297280817
2018-01-30,0.9142867990231329,1.0682915694393469,1.024271860766015
2018-01-31,0.9139256980213923,1.067869643675694,1.0246764007805624
2018-02-01,0.906709518099371,1.0594379522387296,1.0327670467552734
2018-02-02,0.8850450706032333,1.0847516138178022,1.0080906459747112
2018-02-05,0.9198501974649615,1.1274103650909546,0.968446650446487
2018-02-06,0.9040967124111033,1.1081021751433173,0.9850324052523383
2018-02-07,0.9130077185978825,1.1190239108412077,0.975323676377556
2018-02-08,0.9334567020672031,1.1440871178529817,0.953478978540707
2018-02-09,0.9294963275444706,1.1392331021677364,0.9575243015280626
2018-02-12,0.9181083675856697,1.1252754989295397,0.9692556533174634
2018-02-13,0.9169588629386656,1.1266843842647,0.9680421104319397
2018-02-14,0.9349684755780049,1.1045556387478392,0.9870550281669569
2018-02-15,0.9399499060033933,1.0986706627201808,0.9923139711979546
2018-02-16,0.9380339431142012,1.1009101567653117,0.9902912711252176
2018-02-20,0.9292207330834508,1.1112536550020036,0.9809870822649828
2018-02-21,0.9296039256612891,1.1117119144203869,0.9805825422504354
2018-02-22,0.9276863819084333,1.10941872677603,0.9826052423231723
2018-02-23,0.931505534611489,1.1048514078934666,0.9866504881524095
2018-02-26,0.9280682389022042,1.100774458414757,0.9902912711252176
2018-02-27,0.9155575177519308,1.1156133266372708,0.9769417592776272
2018-02-28,0.9238979744154339,1.1257762322151654,0.9680421104319397
2018-03-01,0.9320057674992042,1.1356556355715828,0.9595469244426811
2018-03-02,0.935149122998863,1.1394858365341487,0.9563106814844203
2018-03-05,0.9363358122067651,1.140931825747544,0.9550971385988966
2018-03-06,0.92761098245541,1.1303005588369157,0.9639967874445841
2018-03-07,0.9280002532135954,1.129826229658157,0.9644013274591314
2018-03-08,0.9264431701808538,1.1317219546281179,0.9627831674009419
2018-03-09,0.923718274873556,1.1283932843517424,0.9656149475027737
2018-03-12,0.9268141018076846,1.124611492416897,0.9688511904610344
2018-03-13,0.9167526458191824,1.1368202287892146,0.9583333815571573
2018-03-14,0.9175266210052987,1.1377799976561718,0.9575243015280626
2018-03-15,0.9155884870431045,1.1353766122889477,0.9595469244426811
2018-03-16,0.9121144943817638,1.1310686834816648,0.9631877074154893
2018-03-19,0.9079006592863166,1.1362940547954348,0.9587379215717047
2018-03-20,0.9063683755425525,1.134376306536867,0.9603560044717759
2018-03-21,0.9098044872900728,1.1386768137678998,0.9567152214989677
2018-03-22,0.9359637828074734,1.1714167965733149,0.929207117774692
2018-03-23,0.947780438306786,1.1862060747328766,0.917475765985291
2018-03-26,0.9243784748085176,1.1569170641768922,0.9401294666931165
2018-03-27,0.9080705988465939,1.1773273836455902,0.9235437118872653
2018-03-28,0.900911028743231,1.168044891790303,0.9308252778328815
2018-03-29,0.9044348066332125,1.1634762600021695,0.9344660608056897
2018-04-02,0.8911227734218292,1.1806010262099853,0.9207120089435518
2018-04-03,0.8848582959904091,1.1723015542350916,0.9271844948600734
2018-04-04,0.8833140789703172,1.1702557034803063,0.9288025777601445
2018-04-05,0.8894696455328481,1.162100521705833,0.9352751408347845
2018-04-06,0.8833140789703172,1.1701428277582524,0.9288025777601445
2018-04-09,0.8917779371317552,1.1589305951463653,0.9377023037639505
2018-04-10,0.9021653593957383,1.1454313808630947,0.948624652682375
2018-04-11,0.8971639753222945,1.1517813722541501,0.9433657096513772
2018-04-12,0.9056278334837327,1.1409154498186849,0.9522654356551832
2018-04-13,0.9060124876008281,1.1404308602237048,0.9526698985116122
2018-04-16,0.9106291441779095,1.1346197067312178,0.9575243015280626
2018-04-17,0.9137068907695416,1.1307849162926324,0.9607605444863233
2018-04-18,0.9163999098648112,1.127452091069377,0.9635922474300367
2018-04-19,0.9202471114491679,1.1227188567855717,0.9676375704173923
2018-04-20,0.918323547346623,1.1250656413212625,0.9656149475027737
2018-04-23,0.915245800754991,1.1212950019284866,0.9688511904610344
2018-04-24,0.9087492725295377,1.129254092943249,0.9619741645299654
2018-04-25,0.9129529298780814,1.1344777529886216,0.9575243015280626
2018-04-26,0.9137243484017568,1.1354363535086613,0.9567152214989677
2018-04-27,0.9148833596283111,1.1368765947401185,0.9555016786134439
2018-04-30,0.9203060883496518,1.1436151295468089,0.9498381955678988
2018-05-01,0.9246175226791995,1.1489727182792273,0.9453884097241142
2018-05-02,0.9258044785871462,1.1504476848709044,0.9441747896804721
2018-05-03,0.926994485865446,1.1519264432372376,0.9429611696368299
2018-05-04,0.9293805508743587,1.154891478543228,0.9405340067076638
2018-05-07,0.9297802935938025,1.1553882174300716,0.9401294666931165
2018-05-08,0.9329809112049668,1.1593654536674036,0.9368932237348557
2018-05-09,0.9237155751123004,1.1478519163019052,0.9461974125950906
2018-05-10,0.9292444926816334,1.14098142629608,0.9518608956406358
2018-05-11,0.9312190576761499,1.1385569384443888,0.9538835185552543
2018-05-14,0.928059708490028,1.1424197233682758,0.9506472755969936
2018-05-15,0.9241105031761689,1.147281102437866,0.946601952609638
2018-05-16,0.9347733349261402,1.1605189839716985,0.9356796036912135
2018-05-17,0.9355815542233059,1.1615223864036337,0.9348706008202371
2018-05-18,0.9428686576776257,1.1705693088830518,0.9275890348746207
2018-05-21,0.9387566984892811,1.1654643208382571,0.9316343578619763
2018-05-22,0.946093854226995,1.1563552585620567,0.9389158466494743
2018-05-23,0.9281584809819277,1.178276617710037,0.9211165489580992
2018-05-24,0.9354957144676332,1.1875910729803696,0.9138349830124829
2018-05-25,0.9475052147702014,1.2028368674075536,0.9021035540649636
2018-05-29,0.9976421956497166,1.2664846532796499,0.8543689897201467
2018-05-30,0.974968531909233,1.2377009397537355,0.8737864474697113
2018-05-31,0.9808364461818493,1.2451501268525123,0.8685275044387136
2018-06-01,0.9648470124928819,1.2248518952119372,0.882686096315399
2018-06-04,0.9670579866211659,1.2220451125653327,0.8847087963881359
2018-06-05,0.9542345896972361,1.238249693628901,0.8729773674406166
2018-06-06,0.9387581081594046,1.2181668453130026,0.8871359593173019
2018-06-07,0.9353335492909094,1.2226106781141943,0.8838997163590411
2018-06-08,0.9314809103578617,1.227646611554231,0.880258933386233
2018-06-11,0.9139300359508333,1.204515411273031,0.8968446881920842
2018-06-12,0.9098076475017034,1.2099485190853427,0.8927993652047287
2018-06-13,0.9073342458834333,1.2132378831980175,0.8903722022755627
2018-06-14,0.9131055425354033,1.220954946413819,0.8847087963881359
2018-06-15,0.9256310430939386,1.2377033628354177,0.8725728274260692
2018-06-18,0.932497099086071,1.2468842785515473,0.8661003415095476
2018-06-19,0.9699538053018825,1.2969693438590892,0.8313106718396556
2018-06-20,0.9699538053018825,1.2969693438590892,0.8313106718396556
2018-06-21,0.9808097147662241,1.311485274100302,0.8220064829794206
2018-06-22,0.9682599729277092,1.2947044435608168,0.8325242918832977
2018-06-25,0.9536749352399674,1.3142067607398737,0.8199838600648021
2018-06-26,0.9550864252373863,1.3161518571545738,0.8187702400211598
2018-06-27,0.9725459588930997,1.3402118762678268,0.8038026452734981
2018-06-28,0.9647146957601404,1.329420045032503,0.8102751311900197
2018-06-29,0.9550820532983599,1.3161458324268458,0.8183657000066125
2018-07-02,0.948472517581526,1.3252540685809493,0.8127022941191857
2018-07-03,0.9442235046069412,1.3193171314239507,0.8163430770919938
2018-07-05,0.9601321334864508,1.297088785575962,0.8300971289541318
2018-07-06,0.9634074236831208,1.2926640381527288,0.8329288318978452
2018-07-09,0.9732332942731308,1.2794800525999808,0.8414239407289853
2018-07-10,0.9662148025309858,1.2887070490829966,0.8353559948270111
2018-07-11,0.9839949875607507,1.3124217031349077,0.8199838600648021
2018-07-12,0.97962598425408,1.306594463328578,0.8236246430376102
2018-07-13,0.9786637495268361,1.3053110647792872,0.8244336459085866
2018-07-16,0.9839460662201628,1.3123564533826775,0.8288835089104896
2018-07-17,0.9815450631372306,1.309154070651902,0.8268608859958709
2018-07-18,0.9796241873969675,1.3065920667368254,0.8252427259376814
2018-07-19,0.9839460662201628,1.3008276800909735,0.8216019429648732
2018-07-20,0.977647984342273,1.309154070651902,0.8268608859958709
2018-07-23,0.9824310160850772,1.315558958276523,0.8309062089832265
2018-07-24,0.9948667708961291,1.3322114950722392,0.8414239407289853
2018-07-25,0.9986931780446242,1.3373353807393222,0.844660183687246
2018-07-26,0.9915186760447888,1.3277281103839258,0.8385922377852719
2018-07-27,0.9886488022618607,1.3315711162565407,0.8410194778725563
2018-07-30,0.9991106612358017,1.3456617713002508,0.8499191267182438
2018-07-31,1.0048170967844396,1.3533475387193399,0.8547734525765758
2018-08-01,0.9981595584103097,1.3443807693427126,0.849110046689149
2018-08-02,1.014327943635046,1.3226042247168428,0.8353559948270111
2018-08-03,1.01236309873723,1.3251662286319195,0.8369741548852007
2018-08-06,1.0201919018857355,1.3149184572977537,0.8305016689686792
2018-08-07,1.0127380104589283,1.3245257276531501,0.8365696148706533
2018-08-08,1.0146968361535826,1.3270876094051565,0.8381876977707245
2018-08-09,1.009799725213745,1.3206828439436058,0.8341424519414873
2018-08-10,1.0391828578847908,1.2822536403589493,0.8098705911754723
2018-08-13,1.0469689232545079,1.2726463700035529,0.8038026452734981
2018-08-14,1.0501304517162606,1.2688033641309377,0.8013754051862138
2018-08-15,1.0660334473155562,1.2495888234201447,0.7892395133822655
2018-08-16,1.0572909979610865,1.2598365947543102,0.795711999298787
2018-08-17,1.0583660515384434,1.2611175967118484,0.7965210793278819
2018-08-20,1.0632036901137978,1.2668819833577005,0.80016186230069
2018-08-21,1.079329083683144,1.2860965240684934,0.8122977541046383
2018-08-22,1.0852417758358552,1.2931419126718837,0.8167476171065412
2018-08-23,1.0723414404758278,1.2777702556706352,0.807038888231759
2018-08-24,1.0632036901137976,1.28865852798357,0.8139159141628278
2018-08-27,1.0785281435314988,1.3072325677155938,0.8256472659522288
2018-08-28,1.0727153676884433,1.3001871791122035,0.8211974029503258
2018-08-29,1.0779997002011974,1.3065920667368245,0.8252427259376814
2018-08-30,1.0632036901137973,1.2886585279835698,0.8139159141628278
2018-08-31,1.0737723551393055,1.2758487527343274,0.8058252681881167
2018-09-04,1.0678428564449494,1.282894141337718,0.8102751311900197
2018-09-05,1.061978586590071,1.2899394077780377,0.8147249170338042
2018-09-06,1.0551237539588563,1.2816131393801797,0.809466051160925
2018-09-07,1.040359367540807,1.2636794784638545,0.798139162227953
2018-09-10,1.0271769119949554,1.2796916364438722,0.8082524311172827
2018-09-11,1.0230640953545693,1.2745677507767894,0.805016188159022
2018-09-12,1.022035866680152,1.273286748819251,0.8042071081299271
2018-09-13,1.008669188084576,1.2899394077780377,0.8147249170338042
2018-09-14,1.0076676030686214,1.2886585279835698,0.8139159141628278
2018-09-17,1.0141783355371397,1.2969847963814278,0.8191747800357072
2018-09-18,1.017684121906766,1.3014681810697415,0.8220064829794206
2018-09-19,1.0312065226400513,1.3187613410072974,0.8329288318978452
2018-09-20,1.054244601940747,1.348223653052256,0.851537209618315
2018-09-21,1.051239655841855,1.3443807693427117,0.849110046689149
2018-09-24,1.0462313486600257,1.3379758817180905,0.8450647237017934
2018-09-25,1.0387188401245242,1.3475832742365577,0.851132746761886
2018-09-26,1.0342756438298828,1.3418188875907056,0.8474919637890778
2018-09-27,1.0406936358836734,1.333492497029777,0.84223302075808
2018-09-28,1.0676856406594846,1.2989062993177356,0.8203884000793494
2018-10-01,1.0750563196247918,1.2899394077780377,0.8147249170338042
2018-10-02,1.0862658950825639,1.2764892537130967,0.8062298082026641
2018-10-03,1.0808154684783253,1.282894141337718,0.8102751311900197
2018-10-04,1.0797363500612138,1.2841750211321856,0.8110841340609961
2018-10-05,1.0716585422414966,1.2745677507767892,0.805016188159022
2018-10-08,1.0829674526461208,1.2611175967118482,0.7965210793278819
2018-10-09,1.084067495521113,1.25983659475431,0.795711999298787
2018-10-10,1.0945389445452414,1.2476673204838369,0.7880258933386233
2018-10-11,1.1158902736072238,1.223328894105961,0.7726537585764142
2018-10-12,1.1123848904067246,1.2271717778155056,0.7750809215055802
2018-10-15,1.1158683194191625,1.223328894105961,0.7726537585764142
2018-10-16,1.103599663880422,1.236779048170902,0.7811488674075544
2018-10-17,1.093312337014322,1.225250274879198,0.773867301461938
2018-10-18,1.1201736057138307,1.1951474618554703,0.7548543837269207
2018-10-19,1.10996837527487,1.2060357341684051,0.7617314096579897
2018-10-22,1.1199893369979252,1.1951474618554703,0.7548543837269207
2018-10-23,1.1277919991130305,1.1868211934576123,0.7495955178540413
2018-10-24,1.1637011964636619,1.149032490851725,0.7257281971025737
2018-10-25,1.1461873934085862,1.1663255286262106,0.7366504688628799
2018-10-26,1.1543698978959933,1.1579992602283524,0.7313916029900005
2018-10-29,1.1454312318663509,1.1669660296049797,0.7370550088774273
2018-10-30,1.1542326514122179,1.1759329211446776,0.7427184919229725
2018-10-31,1.1611479068805317,1.1829781875849976,0.747168277766757
2018-11-01,1.1856660014405793,1.2079572371047131,0.7629450297016319
2018-11-02,1.1950959824673448,1.2175645074601096,0.769012975603606
2018-11-05,1.1856660014405793,1.2079572371047131,0.7629450297016319
2018-11-06,1.180007988842777,1.2137216237505652,0.76658581267444
2018-11-07,1.1656860212257714,1.2284527797730447,0.775890001534675
2018-11-08,1.1553540760020953,1.2175645074601098,0.769012975603606
2018-11-09,1.1523152003943955,1.214362002566264,0.7669902755308691
2018-11-12,1.1796643853361841,1.1855401915000745,0.7487864378249466
2018-11-13,1.1592704232273363,1.2060357341684058,0.7617314096579897
2018-11-14,1.1568078811493818,1.2034738524163997,0.7601133267579185
2018-11-15,1.1500356849393873,1.1964284638130094,0.7556634637560156
2018-11-16,1.1543452216453591,1.1919450791246957,0.7528317608123022
2018-11-19,1.1580670000590643,1.1881020732520806,0.7504045207250178
2018-11-20,1.1249794463329672,1.1541563765188083,0.7289644400608345
2018-11-21,1.1068749560238431,1.172730416250832,0.7406957918502355
2018-11-23,1.1165472569104442,1.1624826449166663,0.7342233059337139
2018-11-26,1.0845579953726405,1.1957879628342398,0.7552589237414682
2018-11-27,1.078748878456727,1.1893830752096186,0.7512136007541126
2018-11-28,1.0926906925751056,1.204754732210867,0.760922329628895
2018-11-29,1.081072569542968,1.191945079124695,0.7528317608123022
2018-11-30,1.0706161812542616,1.180416305832991,0.7455501948666858
2018-12-03,1.0549315988212018,1.1977094657705472,0.7564725437851103
2018-12-04,1.0227758406940384,1.1612016429591276,0.7334142259046191
2018-12-06,1.0436487577448705,1.137503717560021,0.7184466311569574
2018-12-07,1.0571644521955088,1.122772561537542,0.7091424422967225
2018-12-10,1.0698287747729969,1.1093222853095304,0.7006472563074639
2018-12-11,1.077240917529022,1.1016365178904413,0.695792930449132
2018-12-12,1.0484310446313683,1.1310988299354,0.7144013081696019
2018-12-13,1.046056401240011,1.1285369481833938,0.7127832252695306
2018-12-14,1.0329954662663479,1.1144461709766131,0.7038834992657248
2018-12-17,1.0454625988488866,1.1009960169116721,0.6953883904345847
2018-12-18,1.0545852856518512,1.0913887465562757,0.6893204445326104
2018-12-19,1.0644876029748154,1.0811408530590396,0.6828478814579706
2018-12-20,1.0701630781590408,1.075376588576258,0.6792071756432807
2018-12-21,1.0854603337270161,1.060004809411939,0.66949836961038
2018-12-24,1.0966100828541598,1.049116537099004,0.6626213436793111
2018-12-26,1.0731782167377186,1.0715335827036427,0.6767799355559964
2018-12-27,1.0763855146178782,1.0683311999728673,0.6747573126413778
2018-12-28,1.0892917416658066,1.0811408530590392,0.6828478814579706
2018-12-31,1.0938090503708622,1.0856243599104234,0.6856796615598023
2019-01-02,1.0886465349348755,1.0805004742433406,0.6824434186015416
2019-01-03,1.0950997100008781,1.0740955866187194,0.678398095614186
2019-01-04,1.0539600630465509,1.114446170976613,0.7038834992657248
2019-01-07,1.0551715391492924,1.1157271729341514,0.7046925792948195
2019-01-08,1.0618345421816502,1.1227725615375417,0.7091424422967225
2019-01-09,1.0691031677326588,1.1304583289566308,0.7139967681550545
2019-01-10,1.0763719088163872,1.1381442185387902,0.7188511711715049
2019-01-11,1.0733432185595335,1.1349417136449444,0.7168284710987679
2019-01-14,1.0757661707650163,1.137503717560021,0.7184466311569574
2019-01-15,1.0739489566109042,1.1355822146237136,0.7172330111133153
2019-01-16,1.0896977993483825,1.1522348735825003,0.7277508200171924
2019-01-17,1.0872749626756197,1.1496729918304942,0.7261327371171211
2019-01-18,1.101206591258986,1.1644041478529734,0.7354369259773561
2019-01-22,1.084246272418766,1.1464704869366482,0.7241100370443843
2019-01-23,1.0727374805081626,1.1586397612071213,0.731796143004548
2019-01-24,1.0703654251748915,1.1560777572920446,0.7301779829463584
2019-01-25,1.0857834455236834,1.1727304162508316,0.7406957918502355
2019-01-28,1.0780744919021994,1.1644041478529734,0.7354369259773561
2019-01-29,1.0751094227356104,1.1612016429591276,0.7334142259046191
2019-01-30,1.0656213145083493,1.171449536456364,0.7398867889792591
2019-01-31,1.049890410827764,1.154156376518808,0.7289644400608345
2019-02-01,1.0516383260568003,1.1522348735825005,0.7277508200171924
2019-02-04,1.0533920710421163,1.150313370646193,0.7265371999735502
2019-02-05,1.0457672324363065,1.1586397612071218,0.731796143004548
2019-02-06,1.047501546133367,1.160561264143429,0.7330097630481901
2019-02-07,1.0295806353835888,1.1407061002907963,0.720469254071576
2019-02-08,1.035939565081801,1.1336608338504766,0.7160194682277914
2019-02-11,1.0353543867533153,1.1343012126661751,0.7164239310842205
2019-02-12,1.0230773986480282,1.1477514888941864,0.724919117073479
2019-02-13,1.0207936914813418,1.1451894849791098,0.7233009570152894
2019-02-14,1.0122300073925699,1.1355822146237133,0.7172330111133153
2019-02-15,0.9865388462331031,1.1644041478529734,0.7354369259773561
2019-02-19,0.9876241723164413,1.1656851498105116,0.7362460060064508
2019-02-20,0.993050595728349,1.1720899152720623,0.7402912518356881
2019-02-21,0.9821976454021415,1.1592802621858904,0.7322006830190954
2019-02-22,0.9778564445711802,1.1644041478529732,0.7354369259773561
2019-02-25,0.9703262298788965,1.1733709172296005,0.7411003318647829
2019-02-26,0.9793303530152103,1.1842591895425354,0.7479773577958518
2019-02-27,0.9883344761515241,1.1951474618554703,0.7548543837269207
2019-02-28,0.9952200355623205,1.2034738524163988,0.7601133267579185
2019-03-01,0.9989275978495977,1.2079572371047125,0.7629450297016319
2019-03-04,0.9915123722515481,1.1989903455650146,0.7572815466560867
2019-03-05,0.9952199345388253,1.194506960876701,0.7544498437123733
2019-03-06,0.9957535767552715,1.1938664598979318,0.754045303697826
2019-03-07,0.9685092329417672,1.1612016429591274,0.7334142259046191
2019-03-08,0.9711802050859897,1.157999260228352,0.7313916029900005
2019-03-11,0.9572141057124613,1.1746519191871387,0.7419094118938776
2019-03-12,0.9556482889077059,1.1727304162508312,0.7406957918502355
2019-03-13,0.9692184025665678,1.189383075209618,0.7512136007541126
2019-03-14,0.9749596313009982,1.1964284638130083,0.7556634637560156
2019-03-15,0.9880078060249416,1.212440621793026,0.7657767326453453
2019-03-18,0.9953147520144545,1.221407391169653,0.771440138532772
2019-03-19,0.994792813079536,1.220766890190884,0.7710355985182247
2019-03-20,0.9843543330301852,1.2079572371047123,0.7629450297016319
2019-03-21,0.9932270958244537,1.1970689647917774,0.7560680037705629
2019-03-22,1.0203296122357863,1.164404147852973,0.7354369259773561
2019-03-25,1.0180847182963082,1.166966029604979,0.7370550088774273
2019-03-26,1.0208785416276025,1.1637636468742039,0.7350323859628087
2019-03-27,1.010203392078744,1.1759329211446772,0.7427184919229725
2019-03-28,0.9964478997244958,1.1599207631646595,0.7326052230336427
2019-03-29,0.9936968432320774,1.1631231458954348,0.7346278459482614
2019-04-01,0.9707148634150455,1.1900235761883873,0.75161814076866
2019-04-02,0.9775066889320421,1.1983498445862453,0.7568770066415393
2019-04-03,0.991612903063166,1.2156430045238011,0.7677993555599638
2019-04-04,0.9937027568528346,1.2182050084388778,0.7694175156181534
2019-04-05,0.9926578299580002,1.2169240064813396,0.7686084355890587
2019-04-08,0.9910904396157487,1.215002503545032,0.7673948155454164
2019-04-09,0.9900456123706277,1.2137216237505641,0.76658581267444
2019-04-10,0.990568075818045,1.2130811227717948,0.7661812726598927
2019-04-11,1.0005050646649438,1.2252502748791974,0.773867301461938
2019-04-12,1.0177641660497514,1.2463863185262978,0.7872168133095285
2019-04-15,1.0219482873599521,1.251510326356451,0.7904531334259076
2019-04-16,1.0308392458793008,1.2623984765063154,0.7973300821988583
2019-04-17,1.0412993496449172,1.2752082517555576,0.8054207281735694
2019-04-18,1.0339773368619511,1.2662414823789303,0.7997573222861426
2019-04-22,1.033454321698176,1.265600981400161,0.7993527822715952
2019-04-23,1.0397304039085344,1.2579150918180015,0.7944983792551449
2019-04-24,1.0550827865601167,1.2393410520859778,0.7827670274657439
2019-04-25,1.05617333634274,1.2380600501284393,0.7819579474366491
2019-04-26,1.0539877232762098,1.240622054043516,0.7835761074948387
2019-04-29,1.0665027817879902,1.2553532100659954,0.7928802963550736
2019-04-30,1.0648703422400179,1.2534317071296879,0.7916666763114315
2019-05-01,1.0577966451028096,1.2617579755275459,0.7864078104385521
2019-05-02,1.0577966451028096,1.2617579755275459,0.7864078104385521
2019-05-03,1.0469140261390018,1.274738950023714,0.7944983792551449
2019-05-06,1.0613063519155335,1.2572146282640404,0.7835761074948387
2019-05-07,1.0859624514190056,1.2280072190030376,0.7653721926307978
2019-05-08,1.0848144732977079,1.2293053535917327,0.7661812726598927
2019-05-09,1.0945514605218511,1.218271457181679,0.7593042467288237
2019-05-10,1.0863875536132348,1.2091847626546683,0.7649676526162504
2019-05-13,1.1151127667909047,1.1772126639658325,0.7447411148375911
2019-05-14,1.1042099617940873,1.1887226390080337,0.7520226807832073
2019-05-15,1.1018340982690582,1.1912803434819244,0.7536407636832786
2019-05-16,1.088822565389228,1.205348144961894,0.7625404896870844
2019-05-17,1.076114751666836,1.1912803434819246,0.7536407636832786
2019-05-20,1.083623824179295,1.1829676514869334,0.7483818978103992
2019-05-21,1.0754234634228839,1.1919198000913667,0.754045303697826
2019-05-22,1.0886931475643347,1.1772126639658327,0.7447411148375911
2019-05-23,1.1017030197480957,1.1631449844497408,0.7358414659919035
2019-05-24,1.0859557394355965,1.1797704904036008,0.7463592748957806
2019-05-28,1.0712408926262544,1.1637844410591827,0.7362460060064508
2019-05-29,1.0765382464588473,1.158029453538082,0.7326052230336427
2019-05-30,1.0699994387916716,1.1650632323141892,0.7370550088774273
2019-05-31,1.0840938202452615,1.149716639579213,0.727346280002645
2019-06-03,1.0840938202452615,1.149716639579213,0.727346280002645
2019-06-04,1.0563583227348914,1.1791310337941585,0.7459547348812332
2019-06-05,1.0512025522641675,1.1733760462730578,0.7423139519084251
2019-06-06,1.049483925685648,1.1714576764447318,0.7411003318647829
2019-06-07,1.0403181357965465,1.181688738268049,0.7475728177813045
2019-06-10,1.0453846289394522,1.1874437257891497,0.7512136007541126
2019-06-11,1.0504511220823578,1.1931987133102504,0.7548543837269207
2019-06-12,1.0391922245708334,1.180409825049165,0.7467637377522096
2019-06-13,1.0397550728108857,1.1797704904036006,0.7463592748957806
2019-06-14,1.0498990415195464,1.1682605153613992,0.7390777089501642
2019-06-17,1.089550430748014,1.1241389850209198,0.7111650652113412
2019-06-18,1.0783946053276403,1.135648960063121,0.7184466311569574
2019-06-19,1.0650361554605365,1.1497166395792129,0.727346280002645
2019-06-20,1.0668132309210254,1.151635009407539,0.7285599000462871
2019-06-21,1.0650361554605368,1.1497166395792129,0.727346280002645
2019-06-24,1.064443796973707,1.150356096188655,0.7277508200171924
2019-06-25,1.0709523833462329,1.1433221954486703,0.7233009570152894
2019-06-26,1.0643637132480797,1.1503560961886552,0.7277508200171924
2019-06-27,1.0602222382032076,1.154832170490872,0.7305825229609058
2019-06-28,1.0655057468431335,1.1605871580119727,0.7342233059337139
2019-07-01,1.0690280486124326,1.1644237757047473,0.7366504688628799
2019-07-02,1.0754856951661098,1.1714576764447322,0.7411003318647829
2019-07-03,1.0860527124459618,1.1829676514869336,0.7483818978103992
2019-07-05,1.0878139193165886,1.1848860213152597,0.7495955178540413
2019-07-08,1.0790079969354092,1.1752942941375069,0.7435274947939489
2019-07-09,1.083117367661584,1.17081821983529,0.7406957918502355
2019-07-10,1.0813426944941729,1.172736589663616,0.7419094118938776
2019-07-11,1.0854699386591249,1.1772126639658325,0.7447411148375911
2019-07-12,1.086059561033971,1.1778521205752746,0.7451456548521385
2019-07-15,1.086059561033971,1.1778521205752746,0.7451456548521385
2019-07-16,1.0872388057836628,1.1765732073563906,0.7443365748230436
2019-07-17,1.0955112390645048,1.1676210587519573,0.7386731689356169
2019-07-18,1.092511527922232,1.1708182198352899,0.7406957918502355
2019-07-19,1.104444955649013,1.158029453538082,0.7326052230336427
2019-07-22,1.1056646908198187,1.156750540319198,0.731796143004548
2019-07-23,1.0977191142204021,1.1650632323141894,0.7370550088774273
2019-07-24,1.0941042644349965,1.1612266146214147,0.7346278459482614
2019-07-25,1.1061539169383523,1.1484377263603294,0.7265371999735502
2019-07-26,1.1092333631932394,1.1452405652769968,0.7245145770589316
2019-07-29,1.1117106515653483,1.142682860803106,0.7228964941588604
2019-07-30,1.133484525871922,1.1203023673281454,0.7087379022821751
2019-07-31,1.1412481726075832,1.1126290099787186,0.7038834992657248
2019-08-01,1.1458393809726772,1.1081529356765019,0.7010517963220114
2019-08-02,1.1590631981342179,1.0953640474154165,0.6929611503473002
2019-08-05,1.1854516372458566,1.0704258494665653,0.6771844755705437
2019-08-06,1.1769537165000303,1.078099206815992,0.6820388785869941
2019-08-07,1.1832363980088825,1.0723442192948913,0.678398095614186
2019-08-08,1.1747696657457651,1.0800174546804404,0.683252421472518
2019-08-09,1.1622498962971595,1.068507479638239,0.6759708555269016
2019-08-12,1.179638435494884,1.0525214302938208,0.6658575866375719
2019-08-13,1.1667383571111334,1.0640314053360223,0.6731391525831882
2019-08-14,1.2060035542771372,1.0282226889544115,0.6504854518753628
2019-08-15,1.205253534897019,1.0288621455638534,0.6508899918899101
2019-08-16,1.182781494032838,1.048045355991604,0.6630258836938585
2019-08-19,1.1856681532391826,1.050603182429372,0.6646440437520481
2019-08-20,1.1777299780652215,1.0435692816893873,0.6601941807501451
2019-08-21,1.1705134676928466,1.0499637258199301,0.6642395037375006
2019-08-22,1.1633848566854854,1.056358169950473,0.6682848267248562
2019-08-23,1.1450749099158573,1.039732663996613,0.6577670178209791
2019-08-26,1.1366242479119368,1.0474058993821622,0.6626213436793111
2019-08-27,1.1435632403578262,1.0410115772154969,0.6585760978500739
2019-08-28,1.1477779431816952,1.0371748375588448,0.6561488577627895
2019-08-29,1.1357482054400454,1.048045355991604,0.6630258836938585
2019-08-30,1.1371341410629239,1.0493242692104883,0.6638349637229533
2019-09-03,1.1295116273071881,1.0422903684705036,0.6593851007210503
2019-09-04,1.1073370538514198,1.0627526140810157,0.6723301497122118
2019-09-05,1.127991318471059,1.0825752811182086,0.6848705815307075
2019-09-06,1.1306563233830345,1.085132985592099,0.6864886644307787
2019-09-09,1.1519769980812775,1.1055952312026112,0.6994337134219402
2019-09-10,1.1706324137065691,1.1234995284114777,0.7107605251967937
2019-09-11,1.175962550611008,1.1286150593231365,0.7139967681550545
2019-09-12,1.1819589705135627,1.1343700468442373,0.7176375511278626
2019-09-13,1.2026132351332017,1.1541927138814299,0.7301779829463584
2019-09-16,1.18395781950791,1.136288416672563,0.7188511711715049
2019-09-17,1.191953088404812,1.1286150593231363,0.7139967681550545
2019-09-18,1.19262843140527,1.1279756027136942,0.713592228140507
2019-09-19,1.1818109499060265,1.1382066645370117,0.7200647140570287
2019-09-20,1.1811471225815837,1.137567329891447,0.7196602512005996
2019-09-23,1.1711879398071705,1.1279756027136942,0.713592228140507
2019-09-24,1.184466639112606,1.1151868364164863,0.7055016593239143
2019-09-25,1.185825003462526,1.1139079231976023,0.7046925792948195
2019-09-26,1.1817406827623385,1.1177445408903768,0.7071197422239855
2019-09-27,1.17836034019481,1.1209418239375868,0.7091424422967225
2019-09-30,1.1830656945003257,1.1254178982398035,0.7119741452404359
2019-10-01,1.1649163608550892,1.1081529356765014,0.7010517963220114
2019-10-02,1.1951652502638168,1.0793779980709979,0.6828478814579706
2019-10-03,1.1880848600453426,1.0857724422015405,0.6868932044453261
2019-10-04,1.1838865841259787,1.0896091818581926,0.6893204445326104
2019-10-07,1.1852761540996053,1.0883302686393086,0.6885113645035157
2019-10-08,1.2026862028983838,1.0723442192948907,0.678398095614186
2019-10-09,1.1933631144801018,1.080656911289882,0.6836569614870653
2019-10-10,1.1686484662713548,1.1030374047648426,0.6978155533637506
2019-10-11,1.2153944411034039,1.147158935105322,0.7257281971025737
2019-10-14,1.205232306370842,1.1375673298914466,0.7196602512005996
2019-10-15,1.2336862319345938,1.1644237757047464,0.7366504688628799
2019-10-16,1.2384286820804398,1.1688999719708406,0.7394822489647117
2019-10-17,1.2452033524231119,1.175294294137506,0.7435274947939489
2019-10-18,1.2513006591063598,1.1810492816586067,0.747168277766757
2019-10-21,1.2682375934001477,1.1970353310030248,0.7572815466560867
2019-10-22,1.2594304444235418,1.1887226390080334,0.7520226807832073
2019-10-23,1.2675601005221697,1.1963958743935825,0.7568770066415393
2019-10-24,1.2675601005221697,1.1963958743935825,0.7568770066415393
2019-10-25,1.2634952724728559,1.1925592567008079,0.7544498437123733
2019-10-28,1.260785300960944,1.195117083138576,0.7560680037705629
2019-10-29,1.2560632793566477,1.1906410088363593,0.7532363008268496
2019-10-30,1.2479682932739695,1.1829676514869325,0.7483818978103992
2019-10-31,1.254714093565295,1.1765732073563897,0.7443365748230436
2019-11-01,1.242439695498316,1.188083182398591,0.75161814076866
2019-11-04,1.2558136937774484,1.2008720706596763,0.7597087867433711
2019-11-05,1.2564824064457951,1.2015115272691181,0.7601133267579185
2019-11-06,1.2571509915702417,1.2021508619146828,0.7605177896143476
2019-11-07,1.2484578544256355,1.2104636758735516,0.7657767326453453
2019-11-08,1.240543644818484,1.2027903185241249,0.760922329628895
2019-11-11,1.2398841168685468,1.2034297751335667,0.7613268696434423
2019-11-12,1.2385664627605026,1.2047086883524507,0.7621359496725371
2019-11-13,1.221473704735293,1.1880831823985907,0.75161814076866
2019-11-14,1.2221311329737568,1.1874437257891486,0.7512136007541126
2019-11-15,1.2175243043389032,1.1919198000913651,0.754045303697826
2019-11-18,1.2181774975852155,1.192559256700807,0.7544498437123733
2019-11-19,1.2181774975852155,1.192559256700807,0.7544498437123733
2019-11-20,1.2083798480582744,1.1829676514869316,0.7483818978103992
2019-11-21,1.2096862345508994,1.1816887382680477,0.7475728177813045
2019-11-22,1.2018310740016025,1.1893620956174744,0.7524272207977548
2019-11-25,1.2095847536912971,1.1970353310030237,0.7572815466560867
2019-11-26,1.20570791384645,1.193198713310249,0.7548543837269207
2019-11-27,1.2108770747204185,1.1983142442219077,0.7580906266851816
2019-11-29,1.1998925924579207,1.1874437257891484,0.7512136007541126
2019-12-02,1.208292432662176,1.179131033794157,0.7459547348812332
2019-12-03,1.2174661041819796,1.1701787632258462,0.7402912518356881
2019-12-04,1.198838161048068,1.1880831823985905,0.75161814076866
2019-12-05,1.1975476706226658,1.1868042691797065,0.7508090607395652
2019-12-06,1.2085165931027049,1.1976747876124658,0.7576860866706341
2019-12-09,1.2052904901071395,1.1944776265291333,0.7556634637560156
2019-12-10,1.2059357353198408,1.1951170831385753,0.7560680037705629
2019-12-11,1.21109757395351,1.2002326140502342,0.7593042467288237
2019-12-12,1.2369067671218548,1.2258102686085275,0.7754854615201275
2019-12-13,1.254328018660965,1.2430752311718294,0.7864078104385521
2019-12-16,1.261425469864797,1.2501090099479368,0.7908575962823367
2019-12-17,1.255618386018427,1.2443540224268361,0.7872168133095285
2019-12-18,1.258199243801291,1.2417963179529454,0.7855987304094573
2019-12-19,1.2607908566473334,1.2392384915151773,0.7839805703512678
2019-12-20,1.2627424659500133,1.2373202436507287,0.7827670274657439
2019-12-23,1.2653528459870922,1.2347624172129605,0.7811488674075544
2019-12-24,1.2653528459870922,1.2347624172129605,0.7811488674075544
2019-12-26,1.2587999836985309,1.2411568613435033,0.7851941903949099
2019-12-27,1.2620425926264824,1.2443540224268361,0.7872168133095285
2019-12-30,1.2549088282454688,1.237320243650729,0.7827670274657439
2019-12-31,1.2458294242891235,1.2462723922551622,0.7884304333531706
2020-01-02,1.2260138029078833,1.2660950592923548,0.8009708651716664
2020-01-03,1.2024842961328908,1.2417963179529454,0.7855987304094573
2020-01-06,1.2018650830463358,1.2424357745623873,0.7860032704240046
2020-01-07,1.2080507220011516,1.2360413304318447,0.7819579474366491
2020-01-08,1.2005511306380463,1.2437146877812715,0.7868123504530995
2020-01-09,1.204871861202009,1.248190762083488,0.7896440533968129
2020-01-10,1.1900578773836743,1.232844169348512,0.7799353245220305
2020-01-13,1.1894406133415256,1.233483625957954,0.7803398645365779
2020-01-14,1.1931403576059831,1.229646886301302,0.7779126244492935
2020-01-15,1.205549442980962,1.216858120004094,0.7698220556327008
2020-01-16,1.1960469758216503,1.2264497252179691,0.775890001534675
2020-01-17,1.1941762798526472,1.2283679730824177,0.7771035444201988
2020-01-21,1.1817434896013828,1.2155792067852098,0.769012975603606
2020-01-22,1.1792569789787324,1.2181369112591003,0.7706310585036772
2020-01-23,1.1848282814616191,1.2123819237379996,0.7669902755308691
2020-01-24,1.191077280721261,1.2059876015713342,0.7629450297016319
2020-01-27,1.218233355886867,1.1784915771847149,0.7455501948666858
2020-01-28,1.1977422173375056,1.1983142442219077,0.7580906266851816
2020-01-29,1.1951856119029052,1.2008720706596758,0.7597087867433711
2020-01-30,1.2009133479790068,1.2066270581807765,0.7633495697161793
2020-01-31,1.1805479967160093,1.1861648125702644,0.7504045207250178
2020-02-03,1.1818207325435415,1.1848860213152579,0.7495955178540413
2020-02-04,1.162049346555835,1.2047086883524505,0.7621359496725371
2020-02-05,1.1787029480936755,1.2219736509157526,0.7730582985909615
2020-02-06,1.1910388577310913,1.2347624172129603,0.7811488674075544
2020-02-07,1.18918853599027,1.2328441693485117,0.7799353245220305
2020-02-10,1.1928892971169873,1.2366807870412864,0.7823624874511965
2020-02-11,1.1824037092203925,1.2475513054740455,0.7892395133822655
2020-02-12,1.190888373273028,1.2565034540784787,0.7949029192696923
2020-02-13,1.1866460412467104,1.2520273797762622,0.7920712163259789
2020-02-14,1.1872521051925955,1.2513879231668201,0.7916666763114315
2020-02-18,1.1987788572398774,1.2392384915151768,0.7839805703512678
2020-02-19,1.1963045407341526,1.241796317952945,0.7855987304094573
2020-02-20,1.207392861103326,1.2302863429107438,0.7783171644638409
2020-02-21,1.2136683157878632,1.223891898780201,0.7742718414764854
2020-02-24,1.26566453732913,1.1714576764447302,0.7411003318647829
2020-02-25,1.3043529367163182,1.1356489600631197,0.7184466311569574
2020-02-26,1.2992119284766486,1.1401250343653364,0.7212783341006708
2020-02-27,1.3516758488584675,1.0940852561604084,0.6921521474763238
2020-02-28,1.3643157040223035,1.0838541943370912,0.6856796615598023
2020-03-02,1.3522421449693942,1.0934457995509665,0.6917476074617764
2020-03-03,1.3822920542077377,1.0691469362476798,0.676375395541449
2020-03-04,1.3467426505258462,1.0966429606342991,0.6937702303763951
2020-03-05,1.2902030700470148,1.0506031824293711,0.6646440437520481
2020-03-06,1.3011968399176228,1.0416510338249378,0.6589806378646212
2020-03-09,1.4513657356444225,0.9214358744551431,0.5829288126083155
2020-03-10,1.3768334439332257,0.9687545658789551,0.6128640792617573
2020-03-11,1.4459022522380693,0.9201570222181978,0.58211977115828
2020-03-12,1.6569095634836755,0.7858741833323112,0.4971682970562866
2020-03-13,1.530180979330539,0.8459817020352699,0.5351941711053804
2020-03-16,1.7591876114880687,0.7193722204988099,0.45509710001983733
2020-03-17,1.6810014954219321,0.7513443191876459,0.4753236377984968
2020-03-18,1.8054671216893132,0.6957128747869039,0.4401294666931165
2020-03-19,1.7639812048074528,0.711698924131322,0.4502427355824462
2020-03-20,1.7449625578596761,0.7040256277638339,0.44538837114505503
2020-03-23,1.7544719569069498,0.7001889490891205,0.44296116963682985
2020-03-24,1.5445761541865586,0.783955874485924,0.4959547155917036
2020-03-25,1.6264663574711458,0.8255195783886352,0.5222491992723373
2020-03-26,1.6957581326381521,0.8606888991427425,0.5444983985446744
2020-03-27,1.6189073246303294,0.8216829606958606,0.5198220363431713
2020-03-30,1.6378051470296913,0.8120912945000466,0.5137540518621379
2020-03-31,1.6597285331817555,0.8012207760672873,0.506877025931069
2020-04-01,1.7643722287797483,0.7507048625782039,0.4749190977839494
2020-04-02,1.7673778991624205,0.7494260103412586,0.4741100563339138
2020-04-03,1.7960300098340545,0.7372765786896152,0.46642395037375006
2020-04-06,1.6760869082071874,0.7865136399417532,0.497572837070834
2020-04-07,1.7115164182073561,0.8031391458956132,0.5080906459747111
2020-04-08,1.7156043986059744,0.8050574547420004,0.5093042274392942
2020-04-09,1.7523964821026465,0.8223223563233637,0.5202265377786595
2020-04-13,1.734681727102562,0.8140096033464337,0.5149676333267209
2020-04-14,1.718329545598981,0.8216829606958604,0.5198220363431713
2020-04-15,1.6220495693385248,0.7756431215089937,0.49069581113976507
2020-04-16,1.6340845823120032,0.7698881339878931,0.4870550281669569
2020-04-17,1.5730100181348177,0.7986630106114578,0.5052589044519386
2020-04-20,1.5327087583283479,0.7782008869648231,0.49231393261889544
2020-04-21,1.497445155997687,0.7602965287740179,0.4809870822649827
2020-04-22,1.478553970490211,0.7698881339878932,0.4870550281669569
2020-04-23,1.4810099793168592,0.7686092817509479,0.4862459867169213
2020-04-24,1.463760354918244,0.7775614303553812,0.4919093926043481
2020-04-27,1.5058916615819262,0.7999419238303419,0.5060679844810333
2020-04-28,1.545615412528335,0.8210435040864185,0.5194174963286239
2020-04-29,1.6322854667743973,0.8670833432732851,0.54854372153203
2020-04-30,1.5745053923441639,0.8363900968213944,0.5291262252034061
2020-05-01,1.6190441399265443,0.8127307511094884,0.5141585918766852
2020-05-04,1.6266872026709966,0.8088940724347751,0.5117313903684602
2020-05-05,1.6408322650592173,0.8018602326767291,0.5072815659456164
2020-05-06,1.663076412674383,0.7909897142439698,0.5004045400145474
2020-05-07,1.6267763805909348,0.8082546768072718,0.5113268889329718
2020-05-08,1.6576645094198637,0.8236012695422478,0.5210356178077542
2020-05-11,1.6319244020624228,0.8108124422631011,0.5129450104121023
2020-05-12,1.6602385815248646,0.7967447017650704,0.5040453229873556
2020-05-13,1.7082069055635023,0.7737248126626064,0.48948222967518207
2020-05-14,1.7082069055635023,0.7737248126626064,0.48948222967518207
2020-05-15,1.7209125979028055,0.7679698251415057,0.4858414467023739
2020-05-18,1.6206096447523965,0.8127307511094883,0.5141585918766852
2020-05-19,1.5938332414323402,0.7993024672208997,0.5056634444664859
2020-05-20,1.6244348104838826,0.8146490599558756,0.5153721733412683
2020-05-21,1.6027586686724167,0.8037785415231162,0.5084951474101993
2020-05-22,1.6104090001353892,0.7999419238303416,0.5060679844810333
2020-05-26,1.5241600686234504,0.842784540951937,0.5331715481907617
2020-05-27,1.5842937910426946,0.8760354918777183,0.5542071274194568
2020-05-28,1.576198894442047,0.8715594175755017,0.5513754244757434
2020-05-29,1.5553833200007305,0.8600494425333004,0.544093858530127
2020-06-01,1.5125958360927871,0.8837087882452063,0.559061491856848
2020-06-02,1.5519978213484433,0.9067287383296091,0.5736246237480805
2020-06-03,1.639557556628928,0.9578840474461956,0.6059870533306884
2020-06-04,1.641746602200659,0.9591629606650797,0.6067961333597831
2020-06-05,1.704132939682864,0.9956111336561323,0.6298543740821559
2020-06-08,1.7358733698168993,1.0141549484563797,0.6415857644506161
2020-06-09,1.6855264698409016,0.984740615223373,0.622977348151087
2020-06-10,1.7139833316173405,0.9681151702514517,0.612459577826269
2020-06-11,1.8328527361288338,0.9009737508085084,0.5699838407752724
2020-06-12,1.7886249005570591,0.9227147876740271,0.5837378926374103
2020-06-15,1.8047386522442919,0.9144020346970971,0.5784789881854717
2020-06-16,1.7845457917459466,0.9246330965204144,0.5849514741019933
2020-06-17,1.770970451227342,0.9175992567623683,0.5805016496791495
2020-06-18,1.7833117554772735,0.9112048126318256,0.576456326691794
2020-06-19,1.8120949756474094,0.8964976765062916,0.567152137831559
2020-06-22,1.7862448588380975,0.9092865037854384,0.575242745227211
2020-06-23,1.8138800652409086,0.9233541833015303,0.5841423940728985
2020-06-24,1.756097175805208,0.8939398500685236,0.5655339777733694
2020-06-25,1.703338880242361,0.9207964178457009,0.5825242725937682
2020-06-26,1.753019607923467,0.8939398500685235,0.5655339777733694
2020-06-29,1.7179089705848414,0.9118442692412676,0.5768608667063414
2020-06-30,1.7142947736784742,0.9099258994129416,0.5756472466626992
2020-07-01,1.7203183202994905,0.9131231214782128,0.577669908156377
2020-07-02,1.7528454031192218,0.9303880840415149,0.5885922570748015
2020-07-06,1.807057092929178,0.9591629606650796,0.6067961333597831
2020-07-07,1.7648923814716588,0.9367824671901188,0.5926375414830979
2020-07-08,1.7468217416086096,0.9463741333859328,0.5987055259641312
2020-07-09,1.7857711357998198,0.9252725531298561,0.5853560141165407
2020-07-10,1.7462793453411887,0.9457346767764907,0.5983009859495838
2020-07-13,1.7356528809769456,0.93997968925539,0.5946602029767757
2020-07-14,1.77225513460913,0.9598024172745213,0.6072006733743305
2020-07-15,1.7911465767669503,0.9700334790978387,0.6136731592908521
2020-07-16,1.7840622296568291,0.9661968004231253,0.6112459577826269
2020-07-17,1.7817008556880403,0.96491794818618,0.6104369163325913
2020-07-20,1.7722551346091302,0.9700334790978388,0.6136731592908521
2020-07-21,1.7897790365730535,0.979625084311714,0.6197411051928262
2020-07-22,1.7956203743657784,0.9828223063769853,0.621763766686504
2020-07-23,1.7664137968164049,0.9668362570325674,0.6116504977971743
2020-07-24,1.7734233130362735,0.9629996393397927,0.6092233348680083
2020-07-27,1.7734233130362735,0.9629996393397927,0.6092233348680083
2020-07-28,1.7781335960969777,0.9604418738839634,0.607605213388878
2020-07-29,1.7591921117172749,0.9706729357072806,0.6140776993053995
2020-07-30,1.6977709649183768,0.9367824671901186,0.5926375414830979
2020-07-31,1.7244253372679461,0.9220753310645846,0.5833333526228629
2020-08-03,1.6897454981985816,0.940619145864832,0.5950647429913231
2020-08-04,1.7069760338536286,0.9502107510787072,0.6011326888932972
2020-08-05,1.7173143990662862,0.9559657385998078,0.6047734718661053
2020-08-06,1.7150170454351812,0.9546868863628626,0.6039644304160697
2020-08-07,1.7184632402054498,0.9527685165345365,0.6027508103724276
2020-08-10,1.7069298855771362,0.9591629606650792,0.6067961333597831
2020-08-11,1.7319648876188978,0.9732307011631098,0.6156958207845299
2020-08-12,1.7638275484297077,0.9911350593539152,0.6270226711384426
2020-08-13,1.7433443550752046,0.9796250843117139,0.6197411051928262
2020-08-14,1.7547238225315112,0.97323070116311,0.6156958207845299
2020-08-17,1.7593354443930371,0.9706729357072806,0.6140776993053995
2020-08-18,1.762812471422712,0.9687545658789546,0.6128640792617573
2020-08-19,1.7639759597055396,0.9681151702514513,0.612459577826269
2020-08-20,1.7744619637963444,0.9623601827303506,0.6088187948534609
2020-08-21,1.7933266574739424,0.9521291209070334,0.6023463089369394
2020-08-24,1.7644214877351885,0.9674757136420093,0.6120550378117217
2020-08-25,1.7737508719609965,0.9725912445536681,0.6152912807699825
2020-08-26,1.7865787474677244,0.9796250843117141,0.6197411051928262
2020-08-27,1.7679199790161084,0.9693940224883969,0.6132686192763047
2020-08-28,1.7375994246747162,0.9860195284422568,0.6237864281801818
2020-08-31,1.7060477143950397,0.9681151702514514,0.612459577826269
2020-09-01,1.7184431097462105,0.9610812695114667,0.6080097148243662
2020-09-02,1.7127263775585289,0.964278491576738,0.610032376318044
2020-09-03,1.7456634191148643,0.9457346767764907,0.5983009859495838
2020-09-04,1.724417986458656,0.957244651818692,0.6055825518952002
2020-09-08,1.7647350834732158,0.9348641583437314,0.5914239600185148
2020-09-09,1.726108907510327,0.955326281990366,0.6043689318515579
2020-09-10,1.7076231531880202,0.9450952201670486,0.5978964459350364
2020-09-11,1.708778540379111,0.9457346767764906,0.5983009859495838
2020-09-14,1.6983802760268665,0.9514896642975912,0.6019417689223919
2020-09-15,1.7063699332918538,0.9470135899953745,0.5991100659786786
2020-09-16,1.7075221337919566,0.9463741333859326,0.5987055259641312
2020-09-17,1.7213668944679,0.9387008370184445,0.59385116152674
2020-09-18,1.7483365968617204,0.9239936399109718,0.584546934087446
2020-09-21,1.8306111828662104,0.8805116271618733,0.5570388689422293
2020-09-22,1.8492231062919098,0.8715594175755013,0.5513754244757434
2020-09-23,1.8912817955143713,0.8517366895563699,0.5388349540781885
2020-09-24,1.8813425346125168,0.8562128248405253,0.541666695600961
2020-09-25,1.893987875228184,0.8504578373194247,0.5380259126281529
2020-09-28,1.8128170109124906,0.8869060103104773,0.5610841533505257
2020-09-29,1.7879839558132116,0.8747566396407727,0.5533980859694212
2020-09-30,1.7958259207305483,0.8785932573335473,0.5558252488985872
2020-10-01,1.7971329564320326,0.8792327139429893,0.5562297889131346
2020-10-02,1.782755937653059,0.8862665537010352,0.5606796133359783
2020-10-05,1.7441681213054614,0.9054498251107246,0.5728155437189858
2020-10-06,1.7453999066592336,0.9060892817201667,0.5732200837335332
2020-10-07,1.7540221691966043,0.9105653560223834,0.5760517866772465
2020-10-08,1.7737302649788893,0.9207964178457008,0.5825242725937682
2020-10-09,1.7737302649788893,0.9207964178457008,0.5825242725937682
2020-10-12,1.7823526449857765,0.9252725531298561,0.5853560141165407
2020-10-13,1.835318240502805,0.8977765287432369,0.5679611792815946
2020-10-14,1.8444686477029177,0.8933004544410202,0.5651294763378812
2020-10-15,1.8721950957326061,0.8798721705524315,0.5566343289276819
2020-10-16,1.8531466824807508,0.8888243191568649,0.5622977348151087
2020-10-19,1.8518134528775128,0.8894637757663069,0.5627022748296561
2020-10-20,1.881101695766774,0.9035315162643376,0.5716019622544029
2020-10-21,1.8664576378026232,0.8964976765062916,0.567152137831559
2020-10-22,1.8518135798384723,0.9035315162643377,0.5716019622544029
2020-10-23,1.82822355812581,0.9150414913065391,0.5788835282000192
2020-10-26,1.7950063303395505,0.8984159853526791,0.568365719296142
2020-10-27,1.837166611052896,0.8773144050966024,0.5550162074485515
2020-10-28,1.9081359657459986,0.8434239365794404,0.5335760496262499
2020-10-29,1.9066892790892755,0.8440633931888823,0.5339805896407973
2020-10-30,1.8994669435586593,0.8472606152541537,0.5360032511344751
2020-11-02,1.9381731280317007,0.8645255778174558,0.5469256000528996
2020-11-03,2.022753050677921,0.9022526030454537,0.570792882225308
2020-11-04,2.015585360262852,0.8990554419621211,0.5687702593106895
2020-11-05,2.0700605183350174,0.9233541833015303,0.5841423940728985
2020-11-06,2.074361296641976,0.9252725531298563,0.5853560141165407
2020-11-09,2.2578569329093487,1.0071211086983336,0.6371359400277723
2020-11-10,2.3123320909815144,1.031419850037743,0.6525080747899814
2020-11-11,2.3137656837505007,1.032059306647185,0.6529126148045288
2020-11-12,2.265024760039349,1.010318330763605,0.6391586015214501
2020-11-13,2.1933468988841422,1.0422903684705023,0.6593851007210503
2020-11-16,2.236406687510878,1.0627526140810144,0.6723301497122118
2020-11-17,2.2458259280478012,1.067228688383231,0.6751618526559252
2020-11-18,2.24851695630474,1.0685074796382374,0.6759708555269016
2020-11-19,2.2538995261287273,1.0710653060760054,0.6775890155850912
2020-11-20,2.2619731242096535,1.0672286883832307,0.6751618526559252
2020-11-23,2.236222868158105,1.0793779980709965,0.6828478814579706
2020-11-24,2.315709517485951,1.1177445408903752,0.7071197422239855
2020-11-25,2.2958379183242625,1.1081529356764999,0.7010517963220114
2020-11-27,2.290538943132322,1.1055952312026092,0.6994337134219402
2020-11-30,2.3435302111382814,1.0800174546804384,0.683252421472518
2020-12-01,2.25472840954677,1.120941823937585,0.7091424422967225
2020-12-02,2.276594010609586,1.1100713055048255,0.7160194682277914
2020-12-03,2.280452487351342,1.1081899053544166,0.7172330111133153
2020-12-04,2.2997456070361024,1.0988143798409344,0.7233009570152894
2020-12-07,2.2598731269775536,1.117865380227329,0.7107605251967937
2020-12-08,2.2611593676665813,1.118501630076818,0.7103559851822463
2020-12-09,2.2624470733558,1.117864655552578,0.7099514451676989
2020-12-10,2.274049386214826,1.1121320063248854,0.7063106621948908
2020-12-11,2.3118198387424087,1.0936602310837955,0.6945793104054898
2020-12-14,2.3118198387424087,1.0936602310837955,0.6945793104054898
2020-12-15,2.3710628183097806,1.1216865026980187,0.7123786852549833
2020-12-16,2.3670234366991343,1.1197755791252986,0.7111650652113412
2020-12-17,2.3549055486782837,1.1255082283529911,0.7148058481841493
2020-12-18,2.3309166570205573,1.1140429298976058,0.7075242822385329
2020-12-21,2.38289241948229,1.089201530904583,0.6917476074617764
2020-12-22,2.3884665642925875,1.0866536328076228,0.6901294474035868
2020-12-23,2.324064628600857,1.1159538534703264,0.7087379022821751
2020-12-24,2.3306971317557275,1.1191386046010587,0.7107605251967937
2020-12-28,2.342635839845516,1.1248712538287515,0.7144013081696019
2020-12-29,2.3333502342231864,1.120412553649539,0.7115696052258885
2020-12-30,2.3306971317557275,1.1216865026980194,0.7123786852549833
2020-12-31,2.3399616452307974,1.117227802518807,0.7095469823112699
2021-01-04,2.351968309662277,1.1114951532911144,0.7059061993384618
2021-01-05,2.3317508693287556,1.1210495281737793,0.7119741452404359
2021-01-06,2.2270871855694634,1.171369300684065,0.7439320348084962
2021-01-07,2.229509304366056,1.1726432497325452,0.7447411148375911
2021-01-08,2.2186100007673506,1.1669106005048526,0.7411003318647829
2021-01-11,2.247674733368578,1.1516235763944949,0.7313916029900005
2021-01-12,2.2265406140229453,1.1407952524633498,0.7382686289210695
2021-01-13,2.248501051831734,1.1295435541846381,0.7309870629754531
2021-01-14,2.2285918193317418,1.1395450372708078,0.7374595488919747
2021-01-15,2.2750461825957293,1.1157915447479259,0.7220874141297656
2021-01-19,2.2673990367675585,1.1195420710984687,0.7245145770589316
2021-01-20,2.261069152740978,1.1226674898527405,0.7265371999735502
2021-01-21,2.2522563202585797,1.1270432430266375,0.729368980075382
2021-01-22,2.219777832379124,1.1107908032048412,0.7188511711715049
2021-01-25,2.2672464832262347,1.0870371914548762,0.7034789592511774
2021-01-26,2.24377868143135,1.0982888897335876,0.7107605251967937
2021-01-27,2.176095130900539,1.0651590217208071,0.6893204445326104
2021-01-28,2.137783696395482,1.0839117727006045,0.7014563363365588
2021-01-29,2.2018926059077724,1.051406893057012,0.6804207185288046
2021-02-01,2.1717835511752575,1.0657840100899953,0.6897249073890395
2021-02-02,2.120832420781038,1.0907878370325024,0.7059061993384618
2021-02-03,2.122047593476391,1.0914128254016904,0.7063106621948908
2021-02-04,2.1548628198038915,1.1082903728197577,0.7172330111133153
2021-02-05,2.168232037599845,1.1151664371516554,0.7216828741152183
2021-02-08,2.181601255395799,1.1220425014835531,0.7261327371171211
2021-02-09,2.2059086501528786,1.1345442957277234,0.7342233059337139
2021-02-10,2.2010472639273453,1.1320439845697226,0.7326052230336427
2021-02-11,2.1974012822118723,1.1339191881314525,0.7338187659191665
2021-02-12,2.2119376662730783,1.1414203600596213,0.7386731689356169
2021-02-16,2.147735669162064,1.174550347299485,0.7601133267579185
2021-02-17,2.1283043115342384,1.1639237566170444,0.7532363008268496
2021-02-18,2.111158829263791,1.1545472619000627,0.747168277766757
2021-02-19,2.092870518321586,1.1645487449862324,0.7536407636832786
2021-02-22,2.1130915247070625,1.153297046707521,0.760922329628895
2021-02-23,2.1254488540024385,1.1600415114952092,0.7653721926307978
2021-02-24,2.095117344424224,1.1765960430948688,0.7762945415492224
2021-02-25,2.067822955600395,1.161267799083011,0.7661812726598927
2021-02-26,2.091842151038747,1.174756728658387,0.7572815466560867
2021-03-01,2.058318910533749,1.193583030791234,0.7694175156181534
2021-03-02,2.044250575911276,1.201741011263037,0.7746763814910328
2021-03-03,2.060262942108415,1.2111541024824861,0.7807443273930069
2021-03-04,2.0314407643968777,1.1942105861650574,0.7698220556327008
2021-03-05,2.0090234924425396,1.2073888899334964,0.7783171644638409
2021-03-08,1.9933606670231176,1.1979757987140471,0.7843851103658152
2021-03-09,1.9954167849748206,1.1967401068564767,0.7851941903949099
2021-03-10,2.005697178651134,1.190574497987514,0.7892395133822655
2021-03-11,2.014949513351596,1.1960666499726023,0.7855987304094573
2021-03-12,1.9973109155322086,1.1855964429206365,0.7924757563405262
2021-03-15,1.9809980294050753,1.1952797123684207,0.7860032704240046
2021-03-16,1.9830371887872023,1.196510085040964,0.7851941903949099
2021-03-17,1.9687340461667568,1.2051402078091653,0.7908575962823367
2021-03-18,1.9677269979909284,1.2057566619464088,0.791262136296884
2021-03-19,1.9596790422643595,1.2008251464250645,0.7880258933386233
2021-03-22,1.9767809721681187,1.1903456612451324,0.7811488674075544
2021-03-23,2.0054446839471156,1.1730854157087298,0.7698220556327008
2021-03-24,2.000175598264168,1.1761675688183435,0.7718446785473194
2021-03-25,1.9844509872613967,1.1854141457237883,0.7779126244492935
2021-03-26,2.003026223445302,1.196510085040964,0.7851941903949099
2021-03-29,1.9834190078256295,1.1847976915865448,0.7775080844347462
2021-03-30,1.96277981277019,1.1971265391782075,0.7855987304094573
2021-03-31,1.9476193481966682,1.1878799622727627,0.7795307845074831
2021-04-01,1.969854683386116,1.201441600562308,0.7884304333531706
2021-04-05,2.0082613992665226,1.2248663874711467,0.8038026452734981
2021-04-06,1.9870365946429789,1.2119210857422402,0.7953074592842396
2021-04-07,1.9991650819672564,1.219318417812559,0.80016186230069
2021-04-08,1.9961329119422455,1.217469055400828,0.7989482422570477
2021-04-09,1.9951221886005752,1.2168526012635845,0.7985437022425004
2021-04-12,1.990068571892224,1.2199348719498024,0.8005664023152373
2021-04-13,1.9850404919809552,1.2168526012635845,0.7985437022425004
2021-04-14,1.9880573399277164,1.2187019636753154,0.7997573222861426
2021-04-15,1.986046107963209,1.2174690554008283,0.7989482422570477
2021-04-16,2.0091747001501346,1.2316471478276174,0.8082524311172827
2021-04-19,2.0192306681710352,1.237811571623449,0.8122977541046383
2021-04-20,1.9629175157762837,1.2032909629740394,0.7896440533968129
2021-04-21,1.957889627666652,1.2063731160836528,0.7916666763114315
2021-04-22,1.9829009927432757,1.1909621153823764,0.7815534074221018
2021-04-23,1.958268705376529,1.205756661946409,0.791262136296884
2021-04-26,1.9792931625140513,1.2187019636753154,0.7997573222861426
2021-04-27,1.9953117055921175,1.2285649947180037,0.8062298082026641
2021-04-28,2.0183383373973256,1.2427430871447929,0.8155339970628991
2021-04-29,2.035358063287283,1.253222572324725,0.822411022993968
2021-04-30,2.0073255174226188,1.235962209211718,0.8110841340609961
2021-05-03,1.988303425908879,1.2476746026661372,0.8187702400211598
2021-05-04,1.950973700526526,1.2242499333339032,0.8033981052589507
2021-05-05,1.920520488711637,1.2433595412820366,0.8159385370774465
2021-05-06,1.9443246592798964,1.2587705419833128,0.8260518059667762
2021-05-07,1.9690810184642553,1.2747979968218328,0.8365696148706533
2021-05-10,1.9671766412320564,1.2735650885473455,0.8357605348415585
2021-05-11,1.9452768478959956,1.2593869961205564,0.8264563459813236
2021-05-12,1.968128829848156,1.2445924495565237,0.8167476171065412
2021-05-13,1.9437587360172,1.2600034502578,0.8268608859958709
2021-05-14,1.8990637630531495,1.2889760892486217,0.8458738037308883
2021-05-17,1.8899816443479143,1.295140513044453,0.8418284807435327
2021-05-18,1.8945227903140351,1.292028619268151,0.8438511808162696
2021-05-19,1.8718175801644499,1.2765440964797503,0.8337379119269399
2021-05-20,1.8581944887201,1.285834786525284,0.839805857828914
2021-05-21,1.868040467798017,1.2790215586943772,0.844255720830817
2021-05-24,1.8769911716247791,1.2728931351632682,0.8483009666600542
2021-05-25,1.8671453632705943,1.2795701308005605,0.8438511808162696
2021-05-26,1.8572993841926775,1.2863176615415637,0.8394013178143667
2021-05-27,1.8313418650686173,1.2683401531316338,0.851132746761886
2021-05-28,1.8383051351784143,1.2635175718070781,0.8543689897201467
2021-06-01,1.8487499573343824,1.2563385588804865,0.8592233155784788
2021-06-02,1.8513612458821018,1.254564028756579,0.8604369356221209
2021-06-03,1.8426571167404917,1.260462330531559,0.8563916126347654
2021-06-04,1.8400458281927723,1.2586760889032895,0.8576052326784075
2021-06-07,1.8348381978612645,1.2551138299216456,0.8600323956075735
2021-06-08,1.827933827482075,1.2598367372384451,0.8567961526493127
2021-06-09,1.8512361392417804,1.2758970059287507,0.8458738037308883
2021-06-10,1.8822229091917264,1.2972535072223845,0.8317152118542029
2021-06-11,1.8803919110995588,1.2985154558923229,0.8325242918832977
2021-06-14,1.8813056307092897,1.299146430227292,0.8321197518687503
2021-06-15,1.8941097942459444,1.2903044414089095,0.8377831577561771
2021-06-16,1.8721597248501167,1.2753516271017826,0.8280744288813948
2021-06-17,1.8959390103065077,1.2591527152271271,0.8175566199775177
2021-06-18,1.9475354999858698,1.2248858639609284,0.7953074592842396
2021-06-21,1.9197984053014907,1.2423308734031122,0.8066343482172115
2021-06-22,1.9265378886964684,1.2379696507511675,0.8038026452734981
2021-06-23,1.9178117338587355,1.2323623305316944,0.80016186230069
2021-06-24,1.9439900134409203,1.2491841723557093,0.8110841340609961
2021-06-25,1.9546553548939305,1.256037590142711,0.8155339970628991
2021-06-28,1.9265378886964688,1.2379696507511677,0.8038026452734981
2021-06-29,1.935264043534202,1.2323623305316946,0.80016186230069
2021-06-30,1.9577672548532512,1.2180324461739271,0.7908575962823367
2021-07-01,1.9387403065924307,1.2298701353966377,0.7985437022425004
2021-07-02,1.9308832104216305,1.2248858639609288,0.7953074592842396
2021-07-06,1.9151690180800303,1.2149173210895108,0.7888349733677181
2021-07-07,1.9200796329387997,1.2118021960050944,0.7868123504530995
2021-07-08,1.9595672809006424,1.186880719992145,0.7706310585036772
2021-07-09,1.9029917276089963,1.2211476900927483,0.7928802963550736
2021-07-12,1.9107590332242501,1.2161634186570394,0.7961165393133344
2021-07-13,1.8845443073275776,1.2328486155402156,0.7851941903949099
2021-07-14,1.8767770017123235,1.227767327752494,0.7884304333531706
2021-07-15,1.8950729810258184,1.239736360626325,0.7807443273930069
2021-07-16,1.9127470801882243,1.2512985661943075,0.773462838605509
2021-07-19,1.9807736775293272,1.2958008344751841,0.7459547348812332
2021-07-20,1.9539193713991436,1.2782330362519423,0.7560680037705629
2021-07-21,1.8964204878871245,1.240617885121097,0.7783171644638409
2021-07-22,1.89543479978106,1.241262711677942,0.7779126244492935
2021-07-23,1.9092342452651794,1.2322258737327654,0.7835761074948387
2021-07-26,1.9397898245500451,1.2125052053679075,0.7961165393133344
2021-07-27,1.9309188195962481,1.2180502080002513,0.7924757563405262
2021-07-28,1.9319045077023127,1.2174284223558054,0.7928802963550736
2021-07-29,1.956546146351575,1.2018999989034926,0.8029935652444034
2021-07-30,1.9397898245500453,1.2121933534417637,0.7961165393133344
2021-08-02,1.9427468888682387,1.2140412514288796,0.7949029192696923
2021-08-03,1.925939401553278,1.2035380906465107,0.8017799452007612
2021-08-04,1.9220524519822124,1.2011090984043735,0.8033981052589507
2021-08-05,1.9356016041413286,1.1926421026586558,0.8090615111463775
2021-08-06,1.9539898710668102,1.1813119708364186,0.8167476171065412
2021-08-09,1.9559253323800028,1.1801418605650094,0.8175566199775177
2021-08-10,1.9597966241930953,1.1778060487385253,0.8191747800357072
2021-08-11,1.9346337811880556,1.1626835873928254,0.8296925889395843
2021-08-12,1.9327472106957582,1.163817385721575,0.8288835089104896
2021-08-13,1.9450097389824275,1.1564334176920514,0.8341424519414873
2021-08-16,1.9280309643782785,1.146338443898259,0.8268608859958709
2021-08-17,1.9629317988327246,1.1255876525476842,0.8118932140900909
2021-08-18,1.9629317988327246,1.1255876525476842,0.8118932140900909
2021-08-19,1.989338998249892,1.1104451918569955,0.8009708651716664
2021-08-20,1.978287053177386,1.1166143662798709,0.8054207281735694
2021-08-23,1.957421043812325,1.1283918713626322,0.8139159141628278
2021-08-24,1.9613124402872177,1.1306351394445806,0.8155339970628991
2021-08-25,1.9739598963425196,1.1379260013934354,0.8207929400938968
2021-08-26,1.954502357285522,1.1267093400736636,0.8127022941191857
2021-08-27,1.9350448182285243,1.1379260013934354,0.8207929400938968
2021-08-30,1.9512576201944087,1.1283918713626324,0.8139159141628278
2021-08-31,1.9531972844086685,1.1272701838366532,0.8131068341337331
2021-09-01,1.972631971682852,1.138486738186415,0.8211974029503258
2021-09-02,1.972631971682852,1.138486738186415,0.8211974029503258
2021-09-03,1.972631971682852,1.138486738186415,0.8211974029503258
2021-09-07,1.963886297538831,1.1334392512895186,0.8175566199775177
2021-09-08,1.9842927469784257,1.1216618531767675,0.8090615111463775
2021-09-09,1.986277085142261,1.1205401656507883,0.8082524311172827
2021-09-10,2.000194882237539,1.1126885669089541,0.802589025229856
2021-09-13,1.9729744422341529,1.127831027599643,0.8135113741482805
2021-09-14,1.953352543590164,1.1166143662798713,0.8054207281735694
2021-09-15,1.9670877603639798,1.1244659650217055,0.8110841340609961
2021-09-16,1.9661066467189507,1.1250268087846953,0.8114886740755435
2021-09-17,1.9915896074249522,1.1104451918569962,0.8009708651716664
2021-09-20,2.0750754299457155,1.0638962292289607,0.7673948155454164
2021-09-21,2.0663244609373455,1.0683828723628674,0.7706310585036772
2021-09-22,2.025106322686649,1.0896945074764317,0.7860032704240046
2021-09-23,2.065754300937612,1.1115668793829754,0.8017799452007612
2021-09-24,2.061585374376024,1.109323611301027,0.80016186230069
2021-09-27,2.09181073803076,1.125587652547685,0.8118932140900909
2021-09-28,2.0449092705399963,1.1003503250332136,0.7936893763841684
2021-09-29,2.0386557813001955,1.103715280641141,0.7961165393133344
2021-09-30,2.04487113984804,1.1003503250332136,0.7936893763841684
2021-10-01,2.064673519651768,1.1110060356199856,0.8013754051862138
2021-10-04,2.0771802649182134,1.1042761244041306,0.7965210793278819
2021-10-05,2.037092568827775,1.1255876525476847,0.8118932140900909
2021-10-06,2.047242545761978,1.1311959832075706,0.8159385370774465
2021-10-07,2.044197494603305,1.1328785144965394,0.8171521571210887
2021-10-08,2.0543171293826035,1.1384867381864152,0.8211974029503258
2021-10-11,2.0563411335463275,1.1396084257123944,0.8220064829794206
2021-10-12,2.0543171293826035,1.1407301132383736,0.8228155630085154
2021-10-13,2.0543171293826035,1.1407301132383736,0.8228155630085154
2021-10-14,2.0371473129564923,1.1502642432691765,0.8296925889395843
2021-10-15,2.0619784598387803,1.1642850164338863,0.839805857828914
2021-10-18,2.0560190376320837,1.1676499720418136,0.837378694899748
2021-10-19,2.072904225089904,1.1772393718976397,0.844255720830817
2021-10-20,2.079856915905486,1.1811879293223704,0.8470874237745304
2021-10-21,2.072904225089904,1.1772393718976397,0.844255720830817
2021-10-22,2.0619786492853964,1.183444201740736,0.8487055066746017
2021-10-25,2.0600129430039638,1.1823160117364928,0.8478964266455068
2021-10-26,2.069841286951058,1.1879568541675882,0.8519417496328624
2021-10-27,2.057064571041884,1.1806238343202486,0.846682883759983
2021-10-28,2.037408070607765,1.1919054115923189,0.8547734525765758
2021-10-29,2.04512186600201,1.1873927591654667,0.851537209618315
2021-11-01,2.0179182770467134,1.20318709645451,0.8628640985512869
2021-11-02,2.009403839470825,1.198110349025536,0.8592233155784788
2021-11-03,2.031162877522918,1.211084211303971,0.8685275044387136
2021-11-04,1.9895369387565176,1.2359037458565982,0.8507282067473385
2021-11-05,1.9753462696114197,1.2447190137769817,0.8567961526493127
2021-11-08,1.9772116062056,1.24589441272429,0.8559870726202179
2021-11-09,1.9641299228374196,1.2541375345865584,0.8503236667327911
2021-11-10,1.9790804690366457,1.263683767212521,0.8438511808162696
2021-11-11,1.9724392885566995,1.259443236269521,0.846682883759983
2021-11-12,1.9714968688694807,1.2588414818288745,0.8470874237745304
2021-11-15,1.9733799079741314,1.2600438412007153,0.8462783437454356
2021-11-16,1.9818696064532824,1.265464689076524,0.8426375607726274
2021-11-17,1.9847240207237211,1.263642086592751,0.8414239407289853
2021-11-18,1.990449135418642,1.267287175685004,0.8389967777998193
2021-11-19,2.0384348913825954,1.2978389401418626,0.8187702400211598
2021-11-22,2.0384348913825954,1.2978389401418626,0.8187702400211598
2021-11-23,2.0354134266041766,1.2959152217723053,0.8199838600648021
2021-11-24,2.0434466241947686,1.3010298303825676,0.8167476171065412
2021-11-26,2.127451601773548,1.3545144579899455,0.7831715674802913
2021-11-29,2.11866048811319,1.348917296322502,0.7864078104385521
2021-11-30,2.137187876730758,1.3607133887602212,0.7795307845074831
2021-12-01,2.1349696756489642,1.3593010955576337,0.7803398645365779
2021-12-02,2.178133845213663,1.331819158157143,0.7961165393133344
2021-12-03,2.146037259875352,1.3514446037462293,0.7843851103658152
2021-12-06,2.107300081781081,1.3758389380286173,0.7985437022425004
2021-12-07,2.1371909367308435,1.3563234440150216,0.8098705911754723
2021-12-08,2.1414609425152142,1.3536135743202338,0.8114886740755435
2021-12-09,2.1169078493144045,1.3691335399606668,0.8021844852153086
2021-12-10,2.1115702911802425,1.3656814152659913,0.8042071081299271
2021-12-13,2.1880456042552003,1.4151426689260538,0.7750809215055802
2021-12-14,2.1823357602187863,1.4114497642109378,0.7771035444201988
2021-12-15,2.168703165986807,1.402632733273232,0.7819579474366491
2021-12-16,2.1552398343265007,1.3939251747738342,0.7868123504530995
2021-12-17,2.1264294061393785,1.4125586375126078,0.7762945415492224
2021-12-20,2.1386184903517376,1.420655683263492,0.7718446785473194
2021-12-21,2.1005089192849447,1.3953400044890751,0.7855987304094573
2021-12-22,2.122141431373909,1.380969815798993,0.7936893763841684
2021-12-23,2.1437737371599486,1.366892732672015,0.8017799452007612
2021-12-27,2.1697326278849505,1.350341070308971,0.8114886740755435
2021-12-28,2.167569541718394,1.35168727492966,0.8106796712045671
2021-12-29,2.175140859058654,1.3469658331921228,0.8135113741482805
2021-12-30,2.1870387613378766,1.3543336630915195,0.8090615111463775
2021-12-31,2.18157124786344,1.35094788059752,0.8110841340609961
2022-01-03,2.2033326409099283,1.3374720393460389,0.8191747800357072
2022-01-04,2.2544716447775435,1.306429523784386,0.8381876977707245
2022-01-05,2.237062613353163,1.3165177733687117,0.8317152118542029
2022-01-06,2.259912096805178,1.3030707867276974,0.8402103978434614
2022-01-07,2.288201824752803,1.2867588610978742,0.8507282067473385
2022-01-10,2.287113734347276,1.287370743299803,0.8503236667327911
2022-01-11,2.3077868294562127,1.2757342700378842,0.8580096955348365
2022-01-12,2.3360765574038376,1.260095834558409,0.8685275044387136
2022-01-13,2.345869163521555,1.2548136351633172,0.8721682874115219
2022-01-14,2.345869163521555,1.2548136351633172,0.8721682874115219
2022-01-18,2.309963010267267,1.2740199623491473,0.8588187755639314
2022-01-19,2.329548222502701,1.2848218458615162,0.851537209618315
2022-01-20,2.3550016687835806,1.2988602519001782,0.84223302075808
2022-01-21,2.3787551847117805,1.311961090889372,0.8337379119269399
2022-01-24,2.421459764459929,1.3355140598508004,0.8187702400211598
2022-01-25,2.403514208873822,1.3256165004740808,0.824838185923134
2022-01-26,2.4176595610468428,1.3178148772607279,0.8296925889395843
2022-01-27,2.4200171572144704,1.3165298016635139,0.8305016689686792
2022-01-28,2.4200171572144704,1.3165298016635139,0.8305016689686792
2022-01-31,2.39054787961736,1.300498021857974,0.8406149378580089
2022-02-01,2.4354137209633278,1.2760902539078236,0.8563916126347654
2022-02-02,2.4503689282710135,1.2682541338571574,0.8616504785076448
2022-02-03,2.4388650239218292,1.274208287975756,0.8576052326784075
2022-02-04,2.4423163268803307,1.2760114541169334,0.8563916126347654
2022-02-07,2.4203965628381696,1.2645592643733283,0.8640777185949291
2022-02-08,2.458923490608451,1.2444305035794265,0.877831770457067
2022-02-09,2.4747874434091033,1.2364019549694856,0.8834951763444937
2022-02-10,2.4487251734851325,1.249422645522429,0.8741909874842588
2022-02-11,2.5223797340713543,1.2870037007338861,0.8478964266455068
2022-02-14,2.5464481063144366,1.2992842006638032,0.839805857828914
2022-02-15,2.488797391080071,1.2698688502094828,0.8588187755639314
2022-02-16,2.4876250621074867,1.2704670122172936,0.8584142355493839
2022-02-17,2.425493191752734,1.3021986798610505,0.8369741548852007
2022-02-18,2.4372162578796894,1.308492559096149,0.8329288318978452
2022-02-22,2.4845637841644392,1.333912496959645,0.8167476171065412
2022-02-23,2.514097945816495,1.349768796389749,0.807038888231759
2022-02-24,2.6174345004405284,1.405248121365947,0.773867301461938
2022-02-25,2.554495529240822,1.3714574492309968,0.7924757563405262
2022-02-28,2.6705496101073636,1.4337645591461106,0.7564725437851103
2022-03-01,2.816216011907121,1.5119699306428165,0.7152103881986966
2022-03-02,2.747722023012422,1.4751968808480898,0.7326052230336427
2022-03-03,2.8084118609391973,1.5077800384087663,0.7164239310842205
2022-03-04,2.9923620302543434,1.606539197352973,0.66949836961038
2022-03-07,3.1171190478019244,1.6735187395369133,0.6415857644506161
2022-03-08,2.969714110275109,1.5943799830542738,0.6719256096976643
2022-03-09,3.1574442388419617,1.493591439750532,0.7144013081696019
2022-03-10,3.1002312602698257,1.5206553587223248,0.7014563363365588
2022-03-11,3.125261853141072,1.5329327993343986,0.695792930449132
2022-03-14,3.014424318699313,1.4785672773630598,0.720469254071576
2022-03-15,3.039812443991396,1.4661144680297458,0.7265371999735502
2022-03-16,2.889175631313651,1.3934616927174825,0.7625404896870844
2022-03-17,2.8861101228777613,1.3949402004716727,0.7617314096579897
2022-03-18,2.89377360162451,1.3912362203308728,0.7637540325726083
2022-03-21,2.9136988217718427,1.4008156456015552,0.7584951666997289
2022-03-22,2.8453239397631678,1.367943131885238,0.7762945415492224
2022-03-23,2.7771190519091515,1.4007339177065075,0.7576860866706341
2022-03-24,2.7726708148301427,1.3984902988935926,0.7588997067142763
2022-03-25,2.765281080092927,1.3947630362534993,0.760922329628895
2022-03-28,2.766751225999821,1.395504554062881,0.7605177896143476
2022-03-29,2.671092045595066,1.3472556111733671,0.7868123504530995
2022-03-30,2.6463723867518727,1.3597238071450128,0.7795307845074831
2022-03-31,2.596933069065486,1.385126058772077,0.7649676526162504
2022-04-01,2.565346954738511,1.3682789745823443,0.7742718414764854
2022-04-04,2.5800901546743673,1.3761425543811836,0.7698220556327008
2022-04-05,2.622120184222657,1.3985601091005457,0.7572815466560867
2022-04-06,2.6585385535100547,1.417984572872387,0.7467637377522096
2022-04-07,2.6484571901615306,1.4126074766166812,0.7495955178540413
2022-04-08,2.632735288106421,1.404221886518346,0.754045303697826
2022-04-11,2.617198942799319,1.4125085062234477,0.7495955178540413
2022-04-12,2.58895060141089,1.427754203386684,0.7415048718793302
2022-04-13,2.5607022600224605,1.4121758110704872,0.7495955178540413
2022-04-14,2.5607022600224605,1.4121758110704872,0.7495955178540413
2022-04-18,2.5537924899875044,1.4159864103173279,0.7475728177813045
2022-04-19,2.5634659044556667,1.4106228486802772,0.7504045207250178
2022-04-20,2.533063443463412,1.427352701048215,0.7593042467288237
2022-04-21,2.5114710218035765,1.415185614804138,0.7528317608123022
2022-04-22,2.465587061425934,1.389330520274697,0.7390777089501642
2022-04-25,2.500674810973659,1.3695589688672947,0.7285599000462871
2022-04-26,2.5964808594549464,1.317088318787769,0.7006472563074639
2022-04-27,2.605475516940043,1.3125256977070174,0.698220093378298
2022-04-28,2.56169884801033,1.3345784871332413,0.7099514451676989
2022-04-29,2.605488462448553,1.3117652366863741,0.6978155533637506
2022-05-02,2.6024675371182955,1.3132861587276612,0.6986246333928454
2022-05-03,2.646168346879555,1.3353389481538849,0.7103559851822463
2022-05-04,2.6717861620582304,1.3482664954186054,0.7172330111133153
2022-05-05,2.5723288295819655,1.2980772284010103,0.6905339874181343
2022-05-06,2.616029639343225,1.2760244389747866,0.6788026356287333
2022-05-09,2.6893036008196036,1.24028349622009,0.6597896407355978
2022-05-10,2.6464329953848265,1.2600550476274925,0.6703074496394749
2022-05-11,2.643238675992949,1.2585341255862057,0.66949836961038
2022-05-12,2.64962701014964,1.255492426546741,0.6678802867103089
2022-05-13,2.5774084089515577,1.2897123022170418,0.6860841244162313
2022-05-16,2.585007075049093,1.293514607320259,0.6881068244889683
2022-05-17,2.6609919968676103,1.3315367880937772,0.7083333622676277
2022-05-18,2.598684384165184,1.300358611462941,0.6917476074617764
2022-05-19,2.5728494991525093,1.3132861587276616,0.6986246333928454
2022-05-20,2.5698698716842916,1.3148070807689485,0.6994337134219402
2022-05-23,2.4940671387913906,1.3535895775200009,0.7200647140570287
2022-05-24,2.5220904731712,1.33838064719335,0.7281553600317398
2022-05-25,2.5206892797271774,1.3391242090157363,0.7277508200171924
2022-05-26,2.482857858489532,1.3190261459786743,0.7386731689356169
2022-05-27,2.5073329497619468,1.306023675779607,0.7459547348812332
2022-05-31,2.4855773707080133,1.3173557572757761,0.7394822489647117
2022-06-01,2.526369275944358,1.3389754629613166,0.727346280002645
2022-06-02,2.4828109909097424,1.3158895762600449,0.7398867889792591
2022-06-03,2.5221777172303477,1.3367539372631292,0.7281553600317398
2022-06-06,2.4899499549858115,1.319673226504622,0.7374595488919747
2022-06-07,2.4899499549858115,1.319673226504622,0.7374595488919747
2022-06-08,2.436681771382747,1.2914410945355692,0.7216828741152183
2022-06-09,2.582828000612743,1.2139836076960266,0.678398095614186
2022-06-10,2.689098283925509,1.1640343343041073,0.6504854518753628
2022-06-13,2.764352868540133,1.1314587602431474,0.6322815755903811
2022-06-14,2.774964661941707,1.12711531815124,0.6298543740821559
2022-06-15,2.6680295374481906,1.1705494629236337,0.654126234848171
2022-06-16,2.6003800817843987,1.1408694939117219,0.6375404800423197
2022-06-17,2.6003800817843987,1.1408694939117219,0.6375404800423197
2022-06-21,2.5343806512233957,1.169825544402204,0.6537216948336235
2022-06-22,2.518697542664925,1.1625864972612485,0.649676371846268
2022-06-23,2.56731490997881,1.1401455753902923,0.6371359400277723
2022-06-24,2.4955930095670795,1.1719972999664927,0.6549353148772658
2022-06-27,2.489427104571812,1.1691016258807745,0.6533171548190762
2022-06-28,2.4724714538478922,1.1611387982917294,0.6488673689752916
2022-06-29,2.45089108037099,1.1510040770650556,0.6432038859297464
2022-06-30,2.455515362114174,1.148832390537437,0.6419903044651635
2022-07-01,2.4756298725356105,1.1394216568688627,0.6367314000132249
2022-07-05,2.5747179999619294,1.0938158255688506,0.6112459577826269
2022-07-06,2.591757730774693,1.086576847464565,0.6072006733743305
2022-07-07,2.53823051557544,1.1090177693355212,0.6197411051928262
2022-07-08,2.5498282822639786,1.114085129948858,0.6225728467155988
2022-07-11,2.4951536156077343,1.0901963710350426,0.6092233348680083
2022-07-12,2.4951536156077343,1.0901963710350426,0.6092233348680083
2022-07-13,2.5050945359114007,1.0858529289431353,0.6067961333597831
2022-07-14,2.5835875426321184,1.0518295178393162,0.5877831770457067
2022-07-15,2.5498034392662516,1.065583693599798,0.5954692830058704
2022-07-18,2.5168916475045613,1.0793378003236094,0.603155350386975
2022-07-19,2.614798889521229,1.1213241080531438,0.6266181311238952
2022-07-20,2.555717021951489,1.0959875811331392,0.612459577826269
2022-07-21,2.5084514956985817,1.1162568164764768,0.6237864281801818
2022-07-22,2.5409865033644925,1.1017787912312358,0.6156958207845299
2022-07-25,2.5894021391145836,1.122771945096003,0.6274272111529899
2022-07-26,2.5276304768966322,1.0959875811331394,0.612459577826269
2022-07-27,2.4641892715660996,1.1234958636174326,0.6278317511675373
2022-07-28,2.4753034785191317,1.1285631551940993,0.6306634541112507
2022-07-29,2.522936031977391,1.1502802275802961,0.6427993844942582
2022-08-01,2.529287029010511,1.1531758326293442,0.6444175059733886
2022-08-02,2.48324226266546,1.132182678764577,0.6326861156049285
2022-08-03,2.4292588635937937,1.1567952871631522,0.6464401288880073
2022-08-04,2.412536713071137,1.1647582528255374,0.6508899918899101
2022-08-05,2.411037277453502,1.1640343343041077,0.6504854518753628
2022-08-08,2.42303247640648,1.169825544402204,0.6537216948336235
2022-08-09,2.4305293685065537,1.1734449989360118,0.6557443177482422
2022-08-10,2.4815090355537377,1.1980576763712567,0.66949836961038
2022-08-11,2.486007342406643,1.2002294319355453,0.6707119896540222
2022-08-12,2.508498304694965,1.2110879336103089,0.6767799355559964
2022-08-15,2.5459833371715357,1.19299038479459,0.6666666666666666
2022-08-16,2.5398036243539948,1.1958860588803082,0.6682848267248562
2022-08-17,2.5751640150794723,1.1792363471074483,0.6589806378646212
2022-08-18,2.5925531861963456,1.171273381445063,0.6545307748627184
2022-08-19,2.6502367901392336,1.145212866966959,0.6399676429714857
2022-08-22,2.7122208184560486,1.1184285030040952,0.6250000096447648
2022-08-23,2.710465295524173,1.1191524215255249,0.6254045496593121
2022-08-24,2.715724883809604,1.1169807349979062,0.6241909681947292
2022-08-25,2.691084584479287,1.1271153181512399,0.6298543740821559
2022-08-26,2.7688615641496583,1.0945397440902798,0.6116504977971743
2022-08-29,2.7523802172479153,1.1010548727098057,0.6152912807699825
2022-08-30,2.75057058989267,1.1017787912312353,0.6156958207845299
2022-08-31,2.7469560912104116,1.1003309541883761,0.614886740755435
2022-09-01,2.705390390457141,1.0836812424155162,0.6055825518952002
2022-09-02,2.70719763979827,1.0829573238940866,0.6051780118806528
2022-09-06,2.6909109954101598,1.0894724525136126,0.6088187948534609
2022-09-07,2.7177306377819206,1.100330954188376,0.614886740755435
2022-09-08,2.6926988465238497,1.1104656063783798,0.6205501852219211
2022-09-09,2.7699339410990746,1.1423172619179103,0.6383495214923552
2022-09-12,2.8454136507650922,1.1734449989360112,0.6557443177482422
2022-09-13,2.7629125688649636,1.139421656868862,0.6367314000132249
2022-09-14,2.75062504190323,1.1444890174821987,0.6395631415359975
2022-09-15,2.733227134062016,1.1517279955864843,0.6436084259442938
2022-09-16,2.7143299593762062,1.143765098960769,0.6391586015214501
2022-09-19,2.7057402749428006,1.1473846225312467,0.6411812630151279
2022-09-20,2.7620742852147124,1.1234958636174313,0.6278317511675373
2022-09-21,2.808346187609227,1.1046743962802827,0.6173139422636602
2022-09-22,2.826749574624153,1.0974353491393272,0.6132686192763047
2022-09-23,2.9498138428762837,1.0496578313116964,0.5865695955811236
2022-09-26,3.012878913847511,1.0272168404040702,0.5740291251835689
2022-09-27,3.053220404073352,1.0134627336802586,0.5663430578024643
2022-09-28,3.0270499684251053,1.0221495488274033,0.5711974222398555
2022-09-29,2.9777425950039262,1.0054998370545434,0.5618932333796205
2022-09-30,2.973455095095083,1.0069476050607324,0.5627022748296561
2022-10-03,3.0333089154948976,1.02721684040407,0.5740291251835689
2022-10-04,3.2021823473759072,1.084405091900275,0.6059870533306884
2022-10-05,3.138053356020938,1.0626880885507484,0.59385116152674
2022-10-06,3.050410210898794,1.0330081195388365,0.5772654067208888
2022-10-07,3.0910254562087727,1.019253943778355,0.569579300760725
2022-10-10,3.108588084192444,1.0134627336802586,0.5663430578024643
2022-10-11,3.1752007283477193,0.9917456612940619,0.5542071274194568
2022-10-12,3.191424311200594,0.986678369717395,0.5513754244757434
2022-10-13,3.0485946914061532,1.030836363974548,0.5760517866772465
2022-10-14,3.001495762362221,1.0149105707231176,0.567152137831559
2022-10-17,3.1063982009177917,1.0503817498331258,0.5869741355956711
2022-10-18,3.1577789621488064,1.067755380127415,0.5966828644704534
2022-10-19,3.117102577216502,1.0540012734036035,0.5889967970893488
2022-10-20,3.114961865291957,1.0547251228883632,0.5894012985248371
2022-10-21,3.0422722611953312,1.0793378003236083,0.603155350386975
2022-10-24,3.060636108983634,1.0858529289431342,0.6067961333597831
2022-10-25,3.113687181574284,1.1046743962802825,0.6173139422636602
2022-10-26,3.1218488700813074,1.1075700013293308,0.6189320637427906
2022-10-27,3.115727652348541,1.1053983148017121,0.6177184822782077
2022-10-28,3.142252994053863,1.1148089794336162,0.622977348151087
2022-10-31,3.1769402188562115,1.1025026407159937,0.6161003222200181
2022-11-01,3.149822516660757,1.111913374384568,0.6213592266719566
2022-11-02,3.092403930509405,1.0916441390412304,0.610032376318044
2022-11-03,3.094454643192206,1.090920220519801,0.6096278363034965
2022-11-04,2.94661070062251,1.143041180439339,0.6387540615069027
2022-11-07,2.9578075263927146,1.1473846225312463,0.6411812630151279
2022-11-08,2.9913978257358207,1.1604148797702984,0.6484628289607441
2022-11-09,2.9428785440107803,1.14159341243315,0.637945020056867
2022-11-10,2.7991868661252792,1.1973338959231656,0.669093906753951
2022-11-11,2.8685741771569213,1.2270138649350772,0.6856796615598023
2022-11-14,2.8448807206815467,1.2168791437084034,0.6800161785142571
2022-11-15,2.846573133486555,1.217603062229833,0.6804207185288046
2022-11-16,2.858419700326874,1.2226703538065,0.683252421472518
2022-11-17,2.865189351546906,1.2255660278922182,0.6848705815307075
2022-11-18,2.8821131568022484,1.2328050750331738,0.6889159045180631
2022-11-21,2.865189351546906,1.2255660278922182,0.6848705815307075
2022-11-22,2.8330341538412283,1.2393202036526998,0.6925566874908712
2022-11-23,2.8611659294654825,1.2516265423703221,0.6994337134219402
2022-11-25,2.8859880101622055,1.2624850440450854,0.7055016593239143
2022-11-28,2.8247599165224,1.235700611045552,0.6905339874181343
2022-11-29,2.7833896768179014,1.2537981598612709,0.7006472563074639
2022-11-30,2.813923483654162,1.2675523356217524,0.7083333622676277
2022-12-01,2.826779774977088,1.2733435457198488,0.7115696052258885
2022-12-02,2.831600999167496,1.2755153012841374,0.7127832252695306
2022-12-05,2.8058881100034805,1.2639327430146046,0.7063106621948908
2022-12-06,2.8074948782154534,1.263208962566515,0.7059061993384618
2022-12-07,2.8235837347496098,1.2559699154255595,0.7018608763511062
2022-12-08,2.817074193169418,1.2588654514379376,0.7034789592511774
2022-12-09,2.8024947155308175,1.2653805800574636,0.7071197422239855
2022-12-12,2.8089078938670586,1.2682762541431818,0.7087379022821751
2022-12-13,2.840972868156742,1.2827542103517529,0.7168284710987679
2022-12-14,2.823337239326427,1.2747913827627078,0.7123786852549833
2022-12-15,2.7560003957817654,1.2443874952293663,0.6953883904345847
2022-12-16,2.765620163286127,1.240043984100789,0.6929611503473002
2022-12-19,2.7672343816740983,1.2393202036526996,0.6925566874908712
2022-12-20,2.7397559918991545,1.251626542370322,0.6994337134219402
2022-12-21,2.7888781925543578,1.2740674642412781,0.7119741452404359
2022-12-22,2.7746168597453424,1.2675523356217522,0.7083333622676277
2022-12-23,2.76352477916867,1.2726196271984191,0.7111650652113412
2022-12-27,2.7682407997202474,1.2747913827627078,0.7123786852549833
2022-12-28,2.754093037895163,1.2682762541431818,0.7087379022821751
2022-12-29,2.725797514244994,1.281306511382234,0.7160194682277914
2022-12-30,2.6996175274986807,1.2690001726646116,0.7091424422967225
2023-01-03,2.658037790445108,1.2885454204498497,0.7200647140570287
2023-01-04,2.7401683460231023,1.3283601106884353,0.7423139519084251
2023-01-05,2.7222488640433844,1.3196732265046207,0.7374595488919747
2023-01-06,2.7819799959416054,1.3486292769951032,0.7536407636832786
2023-01-09,2.795419536221268,1.3551444056146293,0.7572815466560867
2023-01-10,2.8133390182009865,1.3638312897984441,0.7621359496725371
2023-01-11,2.823791930680612,1.3688985813751111,0.7649676526162504
2023-01-12,2.8685902083991515,1.3906155847246378,0.7771035444201988
2023-01-13,2.8835230625788326,1.3978546318655933,0.7811488674075544
2023-01-17,2.880536719599299,1.3964069328960742,0.7803398645365779
2023-01-18,2.886509975199373,1.393511258810356,0.7787217044783884
2023-01-19,2.876013621050229,1.388443967233689,0.775890001534675
2023-01-20,2.841525518558985,1.4050936790065487,0.7851941903949099
2023-01-23,2.848845153238682,1.4014742244727407,0.7872168133095285
2023-01-24,2.8576290499257158,1.4057954157397754,0.7896440533968129
2023-01-25,2.8795882331909706,1.4165981191797083,0.795711999298787
2023-01-26,2.9103310339170942,1.4014743618365677,0.8042071081299271
2023-01-27,2.898619450893881,1.407114092558699,0.8009708651716664
2023-01-30,2.879588233190971,1.4163526611538484,0.795711999298787
2023-01-31,2.8517731188010274,1.4300337877928608,0.8033981052589507
2023-02-01,2.8043871730452756,1.4537956723027108,0.8167476171065412
2023-02-02,2.783552255014521,1.4645965039271835,0.8106796712045671
2023-02-03,2.7446602137415175,1.4441330304729245,0.7993527822715952
2023-02-06,2.7752180758579335,1.4280546766562978,0.7904531334259076
2023-02-07,2.7411315010472013,1.445594737018802,0.80016186230069
2023-02-08,2.7411315010472013,1.445594737018802,0.80016186230069
2023-02-09,2.7549893856758425,1.4529029909561721,0.8042071081299271
2023-02-10,2.7245016694417425,1.4368246371395457,0.7953074592842396
2023-02-13,2.692628111880337,1.453633844229111,0.8046116481444746
2023-02-14,2.6763828809560346,1.4624039441083672,0.809466051160925
2023-02-15,2.6589949434632896,1.4529029909561721,0.8042071081299271
2023-02-16,2.6509696237994675,1.4572881105938047,0.8066343482172115
2023-02-17,2.6536283774730065,1.4587496777436737,0.807443351088188
2023-02-21,2.6350158338737937,1.4485180107145486,0.8017799452007612
2023-02-22,2.600449500348907,1.4295162438061668,0.791262136296884
2023-02-23,2.5805074531244805,1.4404787641082308,0.7973300821988583
2023-02-24,2.609310593366165,1.4565571179248575,0.7884304333531706
2023-02-27,2.5570976867080533,1.4857031617242307,0.8042071081299271
2023-02-28,2.567387808865065,1.4916818410303319,0.807443351088188
2023-03-01,2.573819288548112,1.4879450773746696,0.809466051160925
2023-03-02,2.55066645236087,1.5013299132041897,0.8021844852153086
2023-03-03,2.5120785556060437,1.478616961602057,0.8143203770192569
2023-03-06,2.522061968480883,1.4727406948832193,0.8175566199775177
2023-03-07,2.4609135348695754,1.508447901023749,0.7977346222134056
2023-03-08,2.448434209270192,1.5007985414506264,0.8017799452007612
2023-03-09,2.4953768409069563,1.52957261788918,0.7864078104385521
2023-03-10,2.554423949458937,1.5657662856855894,0.7677993555599638
2023-03-13,2.6311373797413338,1.6127887475682032,0.7447411148375911
2023-03-14,2.5825449235758597,1.6425741047007456,0.7584951666997289
2023-03-15,2.7299221118476464,1.7363103068743968,0.7152103881986966
2023-03-16,2.686688240484583,1.7088123001994144,0.7265371999735502
2023-03-17,2.7734521076303356,1.7639966573411974,0.7030744192366299
2023-03-20,2.712812590129951,1.7254281506490607,0.7184466311569574
2023-03-21,2.8258464116339628,1.6535353342016408,0.7483818978103992
2023-03-22,2.7861317784550574,1.6767742296263237,0.7378640889065221
2023-03-23,2.734197280555301,1.708029904027763,0.7241100370443843
2023-03-24,2.7448896257679767,1.714709321602097,0.7212783341006708
2023-03-27,2.714099944237564,1.695475268096362,0.729368980075382
2023-03-28,2.7156053030626834,1.6945348831768532,0.7297735200899294
2023-03-29,2.7758182204782758,1.6569620853687568,0.7459547348812332
2023-03-30,2.8074298944522726,1.6380922095089008,0.7544498437123733
2023-03-31,2.8149566885778707,1.6337004407797568,0.7564725437851103
2023-04-03,2.8345257790687493,1.6223432387701022,0.7617314096579897
2023-04-04,2.82549391323587,1.6171738426842905,0.7641585725871557
2023-04-05,2.815023626415078,1.6231665202450767,0.7613268696434423
2023-04-06,2.7596803149844265,1.591255097054597,0.7762945415492224
2023-04-10,2.753927853489376,1.594572015186348,0.7746763814910328
2023-04-11,2.7683087329345413,1.586245236440865,0.7787217044783884
2023-04-12,2.7913180303298213,1.573060873023269,0.7851941903949099
2023-04-13,2.824393861048978,1.5544208275029456,0.7944983792551449
2023-04-14,2.8459653173629564,1.5425488568700805,0.8005664023152373
2023-04-17,2.7999464482799357,1.5674916604472662,0.7876213533240759
2023-04-18,2.7639943868132533,1.5473646481754666,0.7977346222134056
2023-04-19,2.780813943486837,1.5379485699378066,0.802589025229856
2023-04-20,2.7696009948170426,1.5441499694999339,0.7993527822715952
2023-04-21,2.7738059508198845,1.5418055586278667,0.8005664023152373
2023-04-24,2.7555850094831373,1.5316775434982846,0.8058252681881167
2023-04-25,2.675352123481908,1.5762745743702122,0.7823624874511965
2023-04-26,2.644919050808496,1.5583438959170794,0.791262136296884
2023-04-27,2.60705713002278,1.5360362592708534,0.802589025229856
2023-04-28,2.5978588839498284,1.5414557183717077,0.7997573222861426
2023-05-01,2.596544812991777,1.5422354305435848,0.7993527822715952
2023-05-02,2.641222223031891,1.5687718817398175,0.7855987304094573
2023-05-03,2.642582306793701,1.5695797127294755,0.7851941903949099
2023-05-04,2.6630040657359997,1.5817093551824952,0.7791262444929358
2023-05-05,2.6049323161259976,1.5472172450082027,0.7961165393133344
2023-05-08,2.602284966636262,1.548789656221625,0.7953074592842396
2023-05-09,2.58772479690786,1.5574553636892163,0.7908575962823367
2023-05-10,2.5983139424016595,1.563828576739503,0.7876213533240759
2023-05-11,2.611658957229139,1.5718604450998501,0.7835761074948387
2023-05-12,2.6210972795530503,1.577541020462875,0.7807443273930069
2023-05-15,2.5939355450260093,1.561193382114009,0.7888349733677181
2023-05-16,2.5606799611154196,1.5812086818847013,0.7787217044783884
2023-05-17,2.5806332607177795,1.5688876066068072,0.7847896503803625
2023-05-18,2.5766424993093193,1.5664614361741604,0.7860032704240046
2023-05-19,2.5991864732972214,1.5527559004315699,0.7928802963550736
2023-05-22,2.6084692414799227,1.5472103679289544,0.795711999298787
2023-05-23,2.583272975743688,1.5621555024010318,0.7880258933386233
2023-05-24,2.636317546028027,1.5942325876027315,0.7718446785473194
2023-05-25,2.6376992954499814,1.5950681584009838,0.771440138532772
2023-05-26,2.6114190498894683,1.5791759818511992,0.7791262444929358
2023-05-30,2.5924368552500003,1.5906548848096276,0.773462838605509
2023-05-31,2.5476929260191077,1.6181086488049061,0.7601133267579185
2023-06-01,2.502948996788215,1.589690569792868,0.773462838605509
2023-06-02,2.544839314778647,1.5630848964209911,0.7864078104385521
2023-06-05,2.521275948487532,1.577557928861423,0.7791262444929358
2023-06-06,2.5422211074827477,1.5644525796972477,0.7855987304094573
2023-06-07,2.6417107375530184,1.6256773126516044,0.7548543837269207
2023-06-08,2.6133964734964072,1.6431015733955707,0.7629450297016319
2023-06-09,2.6341819160236914,1.6300332947525633,0.7568770066415393
2023-06-12,2.6341819160236914,1.6300332947525633,0.7568770066415393
2023-06-13,2.6201028561972466,1.6387454251245464,0.760922329628895
2023-06-14,2.6423897285575904,1.652684767251693,0.7673948155454164
2023-06-15,2.6674625263830958,1.6683665686872498,0.7746763814910328
2023-06-16,2.6632839038658287,1.6657530458947007,0.773462838605509
2023-06-20,2.6451756540227525,1.654427226560103,0.7682038955745113
2023-06-21,2.6465686167553333,1.6535559969058982,0.7677993555599638
2023-06-22,2.6772452918066714,1.6727225507882089,0.7588997067142763
2023-06-23,2.7129228672216885,1.6950136292847457,0.7487864378249466
2023-06-26,2.70119765816094,1.687687807602047,0.7520226807832073
2023-06-27,2.6590597003701073,1.661360331200614,0.7637540325726083
2023-06-28,2.652017806184369,1.6657600532734465,0.7617314096579897
2023-06-29,2.6632849980601767,1.6586830125026337,0.7649676526162504
2023-06-30,2.7013118713776705,1.6350000312083834,0.775890001534675
2023-07-03,2.7153959283801914,1.6264754939705124,0.7799353245220305
2023-07-05,2.6548346713110815,1.6627506461416783,0.7625404896870844
2023-07-06,2.695678409755288,1.6883315055536912,0.7508090607395652
2023-07-07,2.6666300393833064,1.670138208197995,0.7588997067142763
2023-07-10,2.660944402099002,1.6665772342622673,0.7605177896143476
2023-07-11,2.69632930249907,1.6444153020562151,0.7706310585036772
2023-07-12,2.7600222312053395,1.6055707786887283,0.7888349733677181
2023-07-13,2.810976574170355,1.57592942175075,0.8033981052589507
2023-07-14,2.7883302595115405,1.5886257187932056,0.7969256193424292
2023-07-17,2.806730288934815,1.5781424699496893,0.8021844852153086
2023-07-18,2.7840839742760006,1.5654091086104056,0.8086569711318301
2023-07-19,2.785476744525515,1.5646259945754353,0.8090615111463775
2023-07-20,2.789655055274058,1.5622790018664017,0.8102751311900197
2023-07-21,2.7924403301293235,1.56071917588986,0.8110841340609961
2023-07-24,2.793832834735075,1.5614974588194044,0.8106796712045671
2023-07-25,2.788256460618249,1.5583807748486986,0.8122977541046383
2023-07-26,2.8035308587083905,1.5498437809719645,0.8167476171065412
2023-07-27,2.8410224186481225,1.5705698096621932,0.8058252681881167
2023-07-28,2.8082195143675226,1.5524357566557183,0.8151294570483517
2023-07-31,2.798463955423275,1.5578288103161346,0.8122977541046383
2023-08-01,2.767803589338633,1.574896602641611,0.8033981052589507
2023-08-02,2.8291245873269624,1.6097886129614218,0.7855987304094573
2023-08-03,2.8189269633849148,1.6039861046609014,0.7884304333531706
2023-08-04,2.804463455176386,1.5957562829973875,0.7924757563405262
2023-08-07,2.841684544229838,1.5745772633145243,0.8029935652444034
2023-08-08,2.7973056689573554,1.599167595875333,0.7904531334259076
2023-08-09,2.7901478827383244,1.5950756226931733,0.7924757563405262
2023-08-10,2.7602383117146116,1.5779768775261922,0.8009708651716664
2023-08-11,2.7421156512163685,1.5883372652884074,0.795711999298787
2023-08-14,2.7462979263601817,1.5907597974896517,0.7944983792551449
2023-08-15,2.7896457327220827,1.615868489087897,0.7819579474366491
2023-08-16,2.805520680185881,1.6250638600526706,0.7775080844347462
2023-08-17,2.8376337210439977,1.6436649498623035,0.7686084355890587
2023-08-18,2.843607823505736,1.6471253763262352,0.7669902755308691
2023-08-21,2.834608858170809,1.6419128346946805,0.7694175156181534
2023-08-22,2.816724765968273,1.6522719784049547,0.7645631126017031
2023-08-23,2.8360992228758537,1.6409070510851191,0.7698220556327008
2023-08-24,2.8659059484607465,1.6581525923509195,0.7617314096579897
2023-08-25,2.8780818517084645,1.6511078721481294,0.7649676526162504
2023-08-28,2.91460956145162,1.6301525302864432,0.7746763814910328
2023-08-29,2.95722536796685,1.6063173429804631,0.7860032704240046
2023-08-30,2.9557033437738314,1.6071440820867093,0.7855987304094573
2023-08-31,2.9267854646993383,1.6228679869633504,0.7779126244492935
2023-09-01,2.9313512469819627,1.6253996593360902,0.7766990815637698
2023-09-05,2.969519881493688,1.646563716559378,0.76658581267444
2023-09-06,2.9945923199526567,1.660466087683238,0.7601133267579185
2023-09-07,3.012123292113317,1.6701868047781632,0.7556634637560156
2023-09-08,3.0056735093387874,1.6666104763749034,0.7572815466560867
2023-09-11,2.9607167423881227,1.6416824798539489,0.7686084355890587
2023-09-12,2.9669499729308937,1.6382262271066144,0.7702265956472482
2023-09-13,2.971624598621181,1.6356450934583884,0.771440138532772
2023-09-14,3.016814628405901,1.6107715443146262,0.7831715674802913
2023-09-15,3.0121397054988224,1.6132676316511443,0.7819579474366491
2023-09-18,2.9840907624899327,1.6282903252452237,0.7746763814910328
2023-09-19,2.9607167423881213,1.615536125114223,0.7807443273930069
2023-09-20,2.9607167423881213,1.615536125114223,0.7807443273930069
2023-09-21,2.9407742187097266,1.6264179048424674,0.7754854615201275
2023-09-22,2.956114779091412,1.6349021202971437,0.771440138532772
2023-09-25,2.971616226931376,1.6434753158037883,0.7673948155454164
2023-09-26,2.9919803613332965,1.654737857687209,0.7621359496725371
2023-09-27,3.012625830526655,1.6661559939508914,0.7568770066415393
2023-09-28,2.9723716084803957,1.6438930854062614,0.7669902755308691
2023-09-29,2.9645331949856315,1.6482281805564893,0.7649676526162504
2023-10-02,2.9065282174852363,1.6804779252010793,0.7500000578685888
2023-10-03,2.933179241990266,1.6958868443697517,0.7431230319375198
2023-10-04,2.923598992671124,1.6903477969929228,0.7455501948666858
2023-10-05,2.8982177997804106,1.6756730609585286,0.7520226807832073
2023-10-06,2.9527835516458985,1.6441245829735844,0.7661812726598927
2023-10-09,2.929398314377668,1.6571455995157338,0.7601133267579185
2023-10-10,2.9777278443799347,1.6298058323093292,0.7726537585764142
2023-10-11,3.004231192579776,1.6152997008798395,0.7795307845074831
2023-10-12,2.9683738089445275,1.6345793159785076,0.7702265956472482
2023-10-13,3.0151445808404143,1.6603343391844794,0.7580906266851816
2023-10-16,2.970094283973712,1.6355267212169882,0.7694175156181534
2023-10-17,2.970094283973712,1.6355267212169882,0.7694175156181534
2023-10-18,2.923247193397982,1.661323770442432,0.7572815466560867
2023-10-19,2.951355090329846,1.6772978958655278,0.7500000578685888
2023-10-20,2.9927441389331113,1.7008198923754,0.7394822489647117
2023-10-23,2.9911069329566384,1.6998894444776076,0.7398867889792591
2023-10-24,3.0009194269235095,1.7054660270913882,0.7374595488919747
2023-10-25,3.0239653346965762,1.7185633506708955,0.731796143004548
2023-10-26,3.032323320233173,1.723313315051712,0.7297735200899294
2023-10-27,3.007109733652827,1.737642561931223,0.7237054970298368
2023-10-30,2.960044735387462,1.764838823925884,0.7350323859628087
2023-10-31,2.961673856176128,1.7658101388463412,0.7354369259773561
2023-11-01,2.93723766579218,1.7803794921344396,0.7415048718793302
2023-11-02,2.978900648256171,1.8056331242881865,0.7520226807832073
2023-11-03,3.014153800046833,1.8270014967601056,0.760922329628895
2023-11-06,3.0029369020060566,1.820202477576285,0.7580906266851816
2023-11-07,2.990117546296948,1.8124321434720074,0.7548543837269207
2023-11-08,2.9708883599145106,1.824087737258113,0.7597087867433711
2023-11-09,2.97879825408258,1.8192311626558282,0.7576860866706341
2023-11-10,2.9994734790796382,1.8318580713623906,0.7629450297016319
2023-11-13,2.9787985574251814,1.8444847948095748,0.7682038955745113
2023-11-14,3.0540919729708165,1.8911067994352404,0.7876213533240759
2023-11-15,3.065072524528646,1.8979060038784392,0.7904531334259076
2023-11-16,3.061935224083552,1.8959633740375252,0.7896440533968129
2023-11-17,3.11683678511495,1.9299586552160068,0.8038026452734981
2023-11-20,3.1262483872607953,1.9357863594793705,0.8062298082026641
2023-11-21,3.1105621842247615,1.926073395534179,0.8021844852153086
2023-11-22,3.1089935340022143,1.927044710454636,0.8017799452007612
2023-11-24,3.0650722253392084,1.8998210045801707,0.8131068341337331
2023-11-27,3.054397891194134,1.906437267665611,0.8102751311900197
2023-11-28,3.0635472789107987,1.900726573008029,0.8127022941191857
2023-11-29,3.048298105480496,1.8912654788852414,0.8167476171065412
2023-11-30,3.0498079458939937,1.8903287237012454,0.8171521571210887
2023-12-01,3.016592320714873,1.8697410501605822,0.8260518059667762
2023-12-04,3.001819530230884,1.8788975054772854,0.8220064829794206
2023-12-05,2.995910583097814,1.8825960309604175,0.8203884000793494
2023-12-06,3.00920606635665,1.8742413009648033,0.8240291830521576
2023-12-07,3.028410496748556,1.8622800939858497,0.8292880489250369
2023-12-08,3.046137901682852,1.8513788659777544,0.8341424519414873
2023-12-11,3.0520468488159223,1.8477875315748362,0.8357605348415585
2023-12-12,3.062387717624452,1.8415269040692441,0.8385922377852719
2023-12-13,3.029887522206167,1.8219833355309318,0.8474919637890778
2023-12-14,3.0414574869692816,1.8150258881548904,0.8507282067473385
2023-12-15,3.0009624723735233,1.8391917691995574,0.8394013178143667
2023-12-18,2.9908387876870135,1.8329872938951148,0.84223302075808
2023-12-19,2.957798847141689,1.8127381947260266,0.851537209618315
2023-12-20,2.881921958698073,1.8592406585131185,0.8296925889395843
2023-12-21,2.8453885427780707,1.8356715219277806,0.8402103978434614
2023-12-22,2.8303192581200634,1.8259497365594037,0.844660183687246
2023-12-26,2.8479411231321126,1.8145811816926256,0.8499191267182438
2023-12-27,2.8642071816339474,1.804217174017748,0.8547734525765758
2023-12-28,2.8384525459153194,1.8204404962592666,0.8470874237745304
2023-12-29,2.8357417085279053,1.8187019016979717,0.8478964266455068
2024-01-02,2.856035610870901,1.8317173885009779,0.8418284807435327
2024-01-03,2.8917189329073283,1.8546028739637004,0.8313106718396556
2024-01-04,2.8635755745491966,1.8365531414326397,0.8394013178143667
2024-01-05,2.875995923400107,1.8285873552656657,0.8430421007871748
2024-01-08,2.9091167659288475,1.8075287879182549,0.8527508296619571
2024-01-09,2.864955642557193,1.83496752902894,0.839805857828914
2024-01-10,2.859435633746265,1.8314320338270091,0.8414239407289853
2024-01-11,2.88693005083095,1.8490418571103264,0.8333333719123925
2024-01-12,2.8855285964261177,1.8481442434481523,0.8337379119269399
2024-01-16,2.8281260612877257,1.8849098346839301,0.8171521571210887
2024-01-17,2.8449269270300195,1.8961073967383013,0.8122977541046383
2024-01-18,2.8208413793963847,1.8800546874090307,0.8191747800357072
2024-01-19,2.83616455339335,1.8698419879962254,0.8236246430376102
2024-01-22,2.8500944217230924,1.860658228662146,0.8276698888668473
2024-01-23,2.838950367642174,1.8679335230412637,0.8244336459085866
2024-01-24,2.8138761795363063,1.8514355535593625,0.8317152118542029
2024-01-25,2.8125075313567613,1.8523360778675577,0.8313106718396556
2024-01-26,2.8302996966478986,1.8406180400295373,0.8365696148706533
2024-01-29,2.8234564557501733,1.8450683788623963,0.8345469147979163
2024-01-30,2.84124862104131,1.8334415795528785,0.839805857828914
2024-01-31,2.8179821240749416,1.8484553177498009,0.8329288318978452
2024-02-01,2.8152448277158517,1.850250847241628,0.8321197518687503
2024-02-02,2.8261937521092633,1.8574467601639617,0.8288835089104896
2024-02-05,2.8441245876408425,1.8692313635161941,0.8236246430376102
2024-02-06,2.838537055262063,1.8655590944417437,0.8252427259376814
2024-02-07,2.8510600343246666,1.8737895163192508,0.8216019429648732
2024-02-08,2.8552711777506063,1.8765571873988645,0.8203884000793494
2024-02-09,2.8524555326488557,1.8747066734812976,0.8211974029503258
2024-02-12,2.869317457311833,1.8636245856690232,0.8260518059667762
2024-02-13,2.8271630476711898,1.8910039172938569,0.8139159141628278
2024-02-14,2.7934394663564355,1.8684472329795552,0.8236246430376102
2024-02-15,2.7646271032484315,1.8877189518670132,0.8321197518687503
2024-02-16,2.774035127380724,1.8812950455711936,0.8349514548124637
2024-02-20,2.8062913199840542,1.8594195420007205,0.844660183687246
2024-02-21,2.7874752717194693,1.8718868605564423,0.8389967777998193
2024-02-22,2.7538750390473212,1.8493231324800903,0.849110046689149
2024-02-23,2.761746932016194,1.8440368818124566,0.851537209618315
2024-02-26,2.76043515839052,1.844912761828214,0.851132746761886
2024-02-27,2.766995027490753,1.840528530529697,0.8531553696765045
2024-02-28,2.768307051359393,1.8414012525038879,0.8527508296619571
2024-02-29,2.752548077421007,1.8309188190852141,0.8576052326784075
2024-03-01,2.7668299975895576,1.8214188809646883,0.8620550185221921
2024-03-04,2.7681283989948344,1.8205641364242928,0.8616504785076448
2024-03-05,2.761630296047466,1.8162904137223157,0.8636731785803816
2024-03-06,2.793967886758288,1.7950223764709123,0.8737864474697113
2024-03-07,2.8250119442347286,1.7750777027719904,0.8834951763444937
2024-03-08,2.8288925439378727,1.7726393534331524,0.8847087963881359
2024-03-11,2.8392405630966864,1.766155082395604,0.8879450393463967
2024-03-12,2.8017290861645763,1.7428209956356033,0.8996763911357976
2024-03-13,2.80928764059871,1.7381191822341884,0.9021035540649636
2024-03-14,2.777793383460688,1.7576048239572784,0.8919902851756338
2024-03-15,2.748818484279302,1.7392714148282546,0.9012945511939872
2024-03-18,2.732779465967,1.7494198499584876,0.8960356081629894
2024-03-19,2.7500522730203363,1.7383624661117758,0.9016990912085345
2024-03-20,2.7796624968417314,1.7196452576393166,0.9114078200833169
2024-03-21,2.784597416484727,1.7165922570787988,0.913025902983388
2024-03-22,2.7784287081006975,1.7203950175731935,0.9110032800687695
2024-03-25,2.784597416484727,1.7165753711889604,0.913025902983388
2024-03-26,2.773493553136561,1.709730353580429,0.9166666859561963
2024-03-27,2.788181176977071,1.7006761135683357,0.9215210889726466
2024-03-28,2.7832852245462805,1.7036624436608583,0.919902928914457
2024-04-01,2.790628919740605,1.7081575552613242,0.917475765985291
2024-04-02,2.7955507764506873,1.7111702477285198,0.9158576059271015
2024-04-03,2.765915990029088,1.6930306506052606,0.9255663348018838
2024-04-04,2.746573937905318,1.7048700149276754,0.9190938488853623
2024-04-05,2.7514095662239852,1.7018684144209297,0.9207120089435518
2024-04-08,2.7707516183477554,1.6899045003662498,0.9271844948600734
2024-04-09,2.7417385401621,1.7075998185141301,0.917475765985291
2024-04-10,2.716351952639996,1.7234110024072793,0.9089805799960325
2024-04-11,2.741738309586651,1.7395175775623812,0.9004854711648924
2024-04-12,2.7873108821416688,1.7684314570296529,0.8855177992591123
2024-04-15,2.7834908162353043,1.7660077859709187,0.8867314193027545
2024-04-16,2.741586082941642,1.7925945757795996,0.873381907455164
2024-04-17,2.7136496748134977,1.774328268553695,0.8822815563008516
2024-04-18,2.721115181971065,1.7694469235106316,0.8847087963881359
2024-04-19,2.731068954197838,1.7629743303030072,0.8879450393463967
2024-04-22,2.7708840431049317,1.7372726798214084,0.9008900111794398
2024-04-23,2.820652904238799,1.706068890197355,0.9170712259707436
2024-04-24,2.7895473363655507,1.7248830596333469,0.9069579570814139
2024-04-25,2.7995011085923243,1.7310378550259857,0.9037217141231532
2024-04-26,2.784463635873132,1.7217396145498705,0.9085760399814852
2024-04-29,2.788182951297031,1.7194398205709396,0.9097896600251273
2024-04-30,2.7584291372927194,1.7377886497211483,0.9000809311503449
2024-05-01,2.7609086809086527,1.7393507426870334,0.8992718511212502
2024-05-02,2.7161975324282577,1.7111830709876672,0.9138349830124829
2024-05-03,2.7222093873822115,1.7073956496754763,0.9158576059271015
2024-05-06,2.764293060072586,1.6810003694273947,0.9300161978037867
2024-05-07,2.7955552103757912,1.6619894740314476,0.9405340067076638
2024-05-08,2.803971899046353,1.6569856565698018,0.9433657096513772
2024-05-09,2.808781566479569,1.6541434205429644,0.9449838697095668
2024-05-10,2.7871385217052294,1.6413974311284647,0.9522654356551832
2024-05-13,2.7883223239997825,1.640700268059564,0.9526698985116122
2024-05-14,2.8155545192102527,1.6246763422755548,0.9619741645299654
2024-05-15,2.8404184323407957,1.6103289690799834,0.9704692733611057
2024-05-16,2.835682545671762,1.613013902894872,0.9688511904610344
2024-05-17,2.8569943744278237,1.600891150955621,0.9761326792485324
2024-05-20,2.8451545448401023,1.6075254931809542,0.9720874334192952
2024-05-21,2.835682545671761,1.6021737697878922,0.975323676377556
2024-05-22,2.859205509513784,1.6154643532888142,0.9672330304028448
2024-05-23,2.8819261526444824,1.6283016218724502,0.9595469244426811
2024-05-24,2.846691698726157,1.6083939922448298,0.9712783533902004
2024-05-28,2.8443203894157105,1.6097337929862952,0.9704692733611057
2024-05-29,2.804009035700132,1.6325478713715789,0.9567152214989677
2024-05-30,2.7719970384306136,1.6139098722298764,0.9676375704173923
2024-05-31,2.8044452437677494,1.5950179043800858,0.9789644593503641
2024-06-03,2.8102394635258414,1.5917224632312141,0.9809870822649828
2024-06-04,2.768520373954569,1.6153521975930092,0.9664239503737501
2024-06-05,2.7662025976372058,1.6139998416186756,0.9672330304028448
2024-06-06,2.741907102330236,1.59982411724802,0.9757282163921034
2024-06-07,2.722581878434354,1.611099830868505,0.9688511904610344
2024-06-10,2.6964358342295194,1.6265718678088645,0.9595469244426811
2024-06-11,2.8373962016017464,1.7116034361974304,0.9093851200105799
2024-06-12,2.7881707469196795,1.6819091491131508,0.9251618719454547
2024-06-13,2.857661859055947,1.7238282953538036,0.9021035540649636
2024-06-14,2.8999501203891107,1.7493378570314424,0.8887540422173731
2024-06-17,2.851111521763085,1.719876933252034,0.9037217141231532
2024-06-18,2.8715312802823867,1.7075591156598953,0.9101942000396747
2024-06-20,2.8919510388016882,1.6954164846397732,0.9166666859561963
2024-06-21,2.849835256427789,1.7201070104274423,0.9033171741086058
2024-06-24,2.8038906780479995,1.692375726247433,0.9178803059998384
2024-06-25,2.781647347688857,1.7058013824848306,0.9105987400542221
2024-06-26,2.7631113176223745,1.7171683106971567,0.9045307941522479
2024-06-27,2.7631113176223745,1.7171683106971567,0.9045307941522479
2024-06-28,2.7631113176223745,1.7171683106971567,0.9045307941522479
2024-07-01,2.795240546396869,1.6972012202846811,0.915048603056125
2024-07-02,2.779175814160417,1.7069553300661804,0.9097896600251273
2024-07-03,2.7458108186217025,1.6864627233436196,0.9207120089435518
2024-07-05,2.7687328536266618,1.672384128665183,0.9283981149037155
2024-07-08,2.757875059682537,1.6789425086983762,0.9247573319309074
2024-07-09,2.7397785830381562,1.689959303599671,0.9186893088708149
2024-07-10,2.7108243124496503,1.6720996344778956,0.9283981149037155
2024-07-11,2.7356291318333565,1.6567994435970983,0.9368932237348557
2024-07-12,2.754528106209575,1.6453535170032072,0.9433657096513772
2024-07-15,2.735629131833357,1.65664238128728,0.9368932237348557
2024-07-16,2.7190925855775525,1.6466281790517878,0.9425566296222825
2024-07-17,2.727261497913244,1.651575109257659,0.9397249266785691
2024-07-18,2.7155211967710438,1.6586848012166013,0.9356796036912135
2024-07-19,2.7073030531497895,1.6637045778749453,0.9328479007475001
2024-07-22,2.6662121111158994,1.6384531793322368,0.9470064926241855
2024-07-23,2.6502672981871305,1.6482516606038808,0.9413430867367586
2024-07-24,2.6229332400670478,1.6652512314465229,0.9316343578619763
2024-07-25,2.626350078793977,1.667420518415309,0.9304207378183341
2024-07-26,2.590951508280766,1.6449466284061738,0.9429611696368299
2024-07-29,2.569832793577998,1.658354505178689,0.9352751408347845
2024-07-30,2.595397687379552,1.6418570673235224,0.9445793296950195
2024-07-31,2.594286142604856,1.642560234184176,0.9441747896804721
2024-08-01,2.496472322486449,1.704490600554179,0.9085760399814852
2024-08-02,2.543155930990771,1.7363642853448502,0.8915858223192048
2024-08-05,2.600850028662044,1.7757554880040471,0.8713592845405453
2024-08-06,2.596020343557757,1.772457973831851,0.8729773674406166
2024-08-07,2.5755697569949345,1.7584951382505485,0.8798543933716856
2024-08-08,2.6087265983954855,1.7358569844035168,0.8911812823046574
2024-08-09,2.6276733003779422,1.7232497740550319,0.897653768221179
2024-08-12,2.6276733003779422,1.7232497740550319,0.897653768221179
2024-08-13,2.666750901449572,1.6976223616945938,0.9110032800687695
2024-08-14,2.6880659976454617,1.6840534213319431,0.9182848460143859
2024-08-15,2.7247752045036586,1.6610553753546202,0.9308252778328815
2024-08-16,2.7543794545840603,1.643008272368614,0.9409385467222112
2024-08-19,2.788720267228824,1.6225237167053392,0.9526698985116122
2024-08-20,2.7756945507799498,1.630102294633623,0.9482201126678276
2024-08-21,2.8005620124334856,1.615498199852462,0.9567152214989677
2024-08-22,2.7981936182200524,1.6168644029828894,0.955906141469873
2024-08-23,2.85384975292321,1.58470493323669,0.9749191363630085
2024-08-26,2.845560599038698,1.589307790496323,0.9720874334192952
2024-08-27,2.8645073010211552,1.5787256433176253,0.9785599193358168
2024-08-28,2.851481358709777,1.5859046751699852,0.9741100563339138
2024-08-29,2.856218147136643,1.5832702217170413,0.9757282163921034
2024-08-30,2.852665781678997,1.5813010603449014,0.9769417592776272
2024-09-03,2.9117271859593132,1.6140402132501372,0.9567152214989677
2024-09-04,2.905571173534213,1.6106277879187765,0.9587379215717047
2024-09-05,2.878599711825245,1.5956768598172937,0.9676375704173923
2024-09-06,2.8232419058773925,1.6263630193407497,0.949029115538804
2024-09-09,2.7859354735623967,1.6048721928641598,0.961569624515418
2024-09-10,2.7601504843667537,1.619725951160462,0.9526698985116122
2024-09-11,2.7413978868873383,1.6087214537748624,0.9591423844281337
2024-09-12,2.7182733955305616,1.5951514187459388,0.9672330304028448
2024-09-13,2.7376003168010365,1.5838098936678213,0.9741100563339138
2024-09-16,2.7671591503230637,1.5667089411693311,0.9846278652377909
2024-09-17,2.7580641413041413,1.571858349344245,0.9813916222795301
2024-09-18,2.7580641413041413,1.571858349344245,0.9813916222795301
2024-09-19,2.8126341954176746,1.54075813165969,1.0008090800290947
2024-09-20,2.7933072741471996,1.551345399337778,0.9939320540980259
2024-09-23,2.7853491683609075,1.5557651675864308,0.9911003511543125
2024-09-24,2.7603379477694014,1.5417950749901106,1.0
2024-09-25,2.7301887865535783,1.5586349797978543,0.9890777282396939
2024-09-26,2.7927206562747995,1.5229362178735222,1.0117314289475192
2024-09-27,2.782670864875364,1.5284166053479677,1.0080906459747112
2024-09-30,2.7614546149229477,1.5400698946894433,1.0004045400145474
2024-10-01,2.8172866947053725,1.5712075801564236,0.9801780022358879
2024-10-02,2.825425745988388,1.5757467486745544,0.9773462992921745
2024-10-03,2.8488151213358797,1.5887910596813708,0.9692556533174634
2024-10-04,2.811956330283644,1.5682348230706233,0.9817961622940775
2024-10-07,2.8038460673554897,1.5727579362538595,0.9789644593503641
2024-10-08,2.7934185233084086,1.5786070457490722,0.975323676377556
2024-10-09,2.7876255414991813,1.5753333358399995,0.9773462992921745
2024-10-10,2.781856536897951,1.5720731758480497,0.9793689222067932
2024-10-11,2.8013904419535183,1.5610342427650148,0.9862459481378621
2024-10-14,2.8094339951117986,1.5565520892866798,0.9890777282396939
2024-10-15,2.7956452660048745,1.5641916619327478,0.9842233252232435
2024-10-16,2.803688599998741,1.559691335614407,0.9870550281669569
2024-10-17,2.812881013015219,1.5545775983273218,0.9902912711252176
2024-10-18,2.837011234161232,1.5412416978527883,0.9987864571144762
2024-10-21,2.801390441953518,1.5605931370011463,0.9862459481378621
2024-10-22,2.809433775947384,1.5650739018532895,0.9834142451941488
2024-10-23,2.8348584372061905,1.5792374226809696,0.9745145963484612
2024-10-24,2.8172068107439725,1.5694040889545093,0.9805825422504354
2024-10-25,2.8462621617891966,1.5855901873845146,0.9704692733611057
2024-10-28,2.8071097522352515,1.5637792392453698,0.9838187852086961
2024-10-29,2.7932590048594927,1.5714951866453588,0.9789644593503641
2024-10-30,2.7805623029703304,1.5786383859943547,0.9745145963484612
2024-10-31,2.790950473578979,1.5845361732388819,0.970873813375653
2024-11-01,2.773507077480074,1.574632847341663,0.9769417592776272
2024-11-04,2.7849916228274028,1.5681126035364374,0.9809870822649828
2024-11-05,2.8205935162595885,1.5480666625206099,0.9935275140834785
2024-11-06,2.774655553919755,1.5732794511172206,0.9773462992921745
2024-11-07,2.759725579253382,1.5648138877736473,0.9826052423231723
2024-11-08,2.8142612823645137,1.5957366093113758,0.9631877074154893
2024-11-11,2.7988955964817377,1.587023989895412,0.968446650446487
2024-11-12,2.8596903733796206,1.6214957185009948,0.9474110326387328
2024-11-13,2.8755638724138066,1.63049627707935,0.9421521667658534
2024-11-14,2.859513169303043,1.6213952406121481,0.9474110326387328
2024-11-15,2.885153440252443,1.6068567472309494,0.955906141469873
2024-11-18,2.9107939440835047,1.5925765304464523,0.9644013274591314
2024-11-19,2.88759543735667,1.6052690803363734,0.9567152214989677
2024-11-20,2.8937001972355763,1.6086628321582896,0.9546925985843492
2024-11-21,2.8875695701251916,1.605254700251702,0.9567152214989677
2024-11-22,2.8619295288626843,1.6195084855724493,0.9482201126678276
2024-11-25,2.8436151804066685,1.6091447633238323,0.9542880585698017
2024-11-26,2.8195064393338054,1.6227874160691944,0.9461974125950906
2024-11-27,2.7990140783972697,1.610992888846474,0.9530744385261596
2024-11-29,2.760996944645183,1.5891118513048528,0.9660194103592027
2024-12-02,2.7586847194134516,1.5904426693362732,0.9652104074882263
2024-12-03,2.764465613283229,1.58710985634293,0.9672330304028448
2024-12-04,2.7794962901877946,1.5784805808156392,0.9724919734338426
2024-12-05,2.8396183362251595,1.544337170556771,0.9935275140834785
2024-12-06,2.830368773717337,1.5493675801051217,0.9902912711252176
2024-12-09,2.81302587158104,1.5588612300366897,0.9842233252232435
2024-12-10,2.8199629883301656,1.5627054898629857,0.9817961622940775
2024-12-11,2.8071820956485856,1.5556228539413413,0.9862459481378621
2024-12-12,2.8348163484637725,1.5709366005264074,0.9765372192630798
2024-12-13,2.8125041432532645,1.5585721100285879,0.9842233252232435
2024-12-16,2.8136601516894277,1.557931498525176,0.9846278652377909
2024-12-17,2.893422969896145,1.6020963941401525,0.9567152214989677
2024-12-18,2.968052326654892,1.6434188777881205,0.9320388978765237
2024-12-19,2.965476079183952,1.6419924023551995,0.9328479007475001
2024-12-20,2.961618042728325,1.6398561967750513,0.9340615207911424
2024-12-23,2.9693138201087814,1.6355950233069436,0.9364886837203084
2024-12-24,2.996249407906907,1.620758021891294,0.9449838697095668
2024-12-26,3.001379844612427,1.6179828201926858,0.946601952609638
2024-12-27,2.9936840672319707,1.6221314572310657,0.9441747896804721
2024-12-30,2.9962494079069066,1.6235214902852804,0.9433657096513772
2024-12-31,2.998819148923909,1.624913907670349,0.9425566296222825
2025-01-02,3.0335692283092532,1.6437432816611603,0.9316343578619763
2025-01-03,3.000638603712395,1.625899781523812,0.9417476267513061
2025-01-06,3.0431734181921284,1.6028522390826154,0.9550971385988966
2025-01-07,3.0444623817635947,1.602173336548087,0.9555016786134439
2025-01-08,3.0496179902047964,1.5994601552561605,0.9571197615135151
2025-01-10,3.0844192691003958,1.6177126902045558,0.9461974125950906
2025-01-13,3.087056460885938,1.6190958415357362,0.9453884097241142
2025-01-14,3.047428110446435,1.5983116096253465,0.9575243015280626
2025-01-15,3.1040766103102584,1.5686006692130576,0.975323676377556
2025-01-16,3.118238551102962,1.5614441352116077,0.9797734622213405
2025-01-17,3.1311132436489677,1.5549971899766122,0.9838187852086961
2025-01-21,3.198061448436728,1.5217488651100148,1.0048544030164503
2025-01-22,3.1851867558907223,1.5278750916026613,1.0008090800290947
2025-01-23,3.2444102433766133,1.499466681577664,1.019417534907683
2025-01-24,3.2469849854343464,1.4982767149459444,1.0202265377786595
2025-01-27,3.2740218643373913,1.485800917771962,1.028721723767918
2025-01-28,3.263722159413454,1.490475080518234,1.0254854808096572
2025-01-29,3.257284935922619,1.4875353323619325,1.0275081037242757
2025-01-30,3.27267379150543,1.480507557127537,1.032362506740726
2025-01-31,3.240613899922338,1.495010961619808,1.0222492378513963
2025-02-03,3.2970393775958975,1.5210420502473752,1.004449863001903
2025-02-04,3.24790899739274,1.4983764506972315,1.019417534907683
2025-02-05,3.277552551361365,1.4847008202478513,1.028721723767918
2025-02-06,3.332973258416103,1.4595957554370038,1.046116558602864
2025-02-07,3.309773869804431,1.4697553716477925,1.0388349926572478
2025-02-10,3.3239513285847084,1.4634596556809918,1.0432848556591505
2025-02-11,3.287863609259131,1.447571059225216,1.0546116674340043
2025-02-12,3.325698778303451,1.4309131006726736,1.0667476363960708
2025-02-13,3.330743323180195,1.4287426379121386,1.068365719296142
2025-02-14,3.3433550461949686,1.4233327624998418,1.0724110422834976
2025-02-18,3.4051522243638876,1.3970244742377362,1.0922330400476097
2025-02-19,3.349660787428051,1.4197908266361126,1.0744336651981161
2025-02-20,3.329482126823857,1.4112378778339039,1.0809061511146378
2025-02-21,3.339450626935062,1.415463137020246,1.077669908156377
2025-02-24,3.345718508198962,1.4128064261215394,1.0796926082291138
2025-02-25,3.4171706809408717,1.382634106315574,1.1027508489514868
2025-02-26,3.4485093699747074,1.369954043084589,1.1128641178408165
2025-02-27,3.4246918993623297,1.3794157660091564,1.1051780118806527
2025-02-28,3.40964922342419,1.3733567963377826,1.110032414897103
2025-03-03,3.3500052717267863,1.3493330856694428,1.1294498726466677
2025-03-04,3.3416062980147663,1.352716069335452,1.1266181697029543
2025-03-05,3.457992501611806,1.3056017554953698,1.165857625216631
2025-03-06,3.4207969485207714,1.3196453311797127,1.1533171933981354
2025-03-07,3.4819897655217518,1.2960388978040054,1.1739482711913423
2025-03-10,3.3740025356367322,1.3362330568400005,1.137540518621379
2025-03-11,3.375202421717716,1.3367082572670654,1.1371359786068316
2025-03-12,3.3475860931835877,1.3257711430515031,1.1464401674670663
2025-03-13,3.3168742672928633,1.3379341917029637,1.1359223585631892
2025-03-14,3.4042847446893494,1.3026752530163042,1.165857625216631
2025-03-17,3.4420838456931904,1.2882111417104618,1.1788025970496743
2025-03-18,3.4810641967659537,1.2736226177782082,1.1921521088972646
2025-03-19,3.4727956715839152,1.2766478365309382,1.1893204059535514
2025-03-20,3.417278270147075,1.297056803005443,1.170307488218534
2025-03-21,3.4279092954669568,1.3010918983719912,1.1666667052457258
2025-03-24,3.4041372957875766,1.292069035301535,1.174757351220437
2025-03-25,3.4521984434405204,1.2738270211617801,1.1913431060262882
2025-03-26,3.402965045407761,1.2919936572301398,1.1743528112058896
2025-03-27,3.3900707383975877,1.287098113888017,1.1788025970496743
2025-03-28,3.423808458795077,1.2999072142406,1.1670712452602732
2025-03-31,3.466531963772385,1.3161279208034875,1.1525081133690405
2025-04-01,3.4507140325134715,1.3101223737043195,1.1577670564000384
2025-04-02,3.424188711218058,1.3000515835515045,1.1666667052457258
2025-04-03,3.317331273022261,1.3406218305374789,1.1302589526757625
2025-04-04,3.5939734156602974,1.452420280901265,1.0360032897135343
2025-04-07,3.693611237951748,1.492686575919018,1.0072815659456162
2025-04-08,3.712895027850864,1.5004796684945148,1.0020227000727369
2025-04-09,3.38912221616723,1.3696344607796604,1.0894013371038962
2025-04-10,3.3614352122229496,1.380823515732277,1.0805016111000905
2025-04-11,3.447012787980675,1.3456696241457478,1.1080097148243662
2025-04-14,3.4960941858643864,1.3265088753162042,1.123786466759241
2025-04-15,3.55901884568171,1.3026336261706222,1.1440130045379004
2025-04-16,3.5565018016797705,1.3035548874220078,1.1432039245088057
2025-04-17,3.591739697591342,1.2906392377191729,1.1545308134417775
2025-04-21,3.5678282596499713,1.2992314639481828,1.1468447074816137
2025-04-22,3.4633733339547548,1.2611940035798104,1.1804207571078638
2025-04-23,3.48473756461033,1.2534141782488981,1.18770232305348
2025-04-24,3.512036203166609,1.2435952177163112,1.197006511913715
2025-04-25,3.532213506965413,1.2364505309707767,1.2038835378447839
2025-04-28,3.5547646644777586,1.2285565034367218,1.2115696438049477
2025-04-29,3.582063303034037,1.2191218648322528,1.2208738326651827
2025-04-30,3.547643103337133,1.2308364590458296,1.2091424037176632
2025-05-01,3.560698845995312,1.2353660815573193,1.2046926178738788
2025-05-02,3.498524292748496,1.2137949413011075,1.2257281585235147
2025-05-05,3.5273900054616942,1.2037801313022307,1.2358414274128444
2025-05-06,3.528544660397571,1.2033860862240946,1.2362459674273918
2025-05-07,3.518152986202587,1.20693009582079,1.2326051844545836
2025-05-08,3.515843676330832,1.2061378688779234,1.2334142644836783
2025-05-09,3.54813093939744,1.1950614689431855,1.2447411534166501
2025-05-12,3.5446715190884865,1.1962266513974755,1.243527533373008
2025-05-13,3.5527432798703917,1.1935026598177132,1.2463592363167215
2025-05-14,3.5758056420521096,1.1857551282801788,1.2544498822914325
2025-05-15,3.5988677842948418,1.178107605967486,1.2625404511080254
2025-05-16,3.604633484809764,1.1762201746870142,1.2645631511807622
2025-05-19,3.661136030222088,1.1577829510094308,1.2843851489448743
2025-05-20,3.678432691888883,1.1523131242065248,1.2904530948468484
2025-05-21,3.6542174095431665,1.1598988516047355,1.2819579860157082
2025-05-22,3.647298788864245,1.1577027862695937,1.2843851489448743
2025-05-23,3.628918718008036,1.1635368734869702,1.2779126630283528
2025-05-27,3.6024973935407005,1.155065428504873,1.2872168518885876
2025-05-28,3.568533016421281,1.165955395526552,1.2750809600846393
2025-05-29,3.543625820929723,1.1578174074969665,1.283980608930327
2025-05-30,3.548091740215977,1.1563582469220657,1.2855987689885164
2025-06-02,3.5927498683447525,1.141803720563999,1.3017799837798203
2025-06-03,3.5570233658417316,1.153157879627536,1.2888350119467773
2025-06-04,3.5570233658417316,1.153157879627536,1.2888350119467773
2025-06-05,3.579352536379496,1.145918945186329,1.2969256579214883
2025-06-06,3.6027979737920717,1.1384129589398817,1.3054207667526285
2025-06-09,3.597215787631007,1.140176819448075,1.30339814383801
2025-06-10,3.5492082200375408,1.1553933421588811,1.2860033090030638
2025-06-11,3.5480919531627295,1.1550299576417518,1.2864077718594928
2025-06-12,3.522429703331957,1.146675983808405,1.2957119607197278
2025-06-13,3.459745222143755,1.1670820089642824,1.272653719997355
2025-06-16,3.4971357923515067,1.1796950365118264,1.2588997452933355
2025-06-17,3.5757989561282475,1.2062306214515635,1.230582561539965
2025-06-18,3.559342359477756,1.200679288435293,1.2362459674273918
2025-06-20,3.575648176447159,1.2061797586735792,1.230582561539965
2025-06-23,3.56154295682517,1.2014216198522725,1.2354369645564154
2025-06-24,3.6350127998693873,1.176637907031591,1.260922368207954
2025-06-25,3.621018427538916,1.1811678247721114,1.2560679651915037
2025-06-26,3.64550852350899,1.1731792121858196,1.2645631511807622
2025-06-27,3.683992769376533,1.1607944057980975,1.2779126630283528
2025-06-30,3.688657411864688,1.1593246171084157,1.279530745928424
2025-07-01,3.6734970457369296,1.1640894363078766,1.2742718800555446
2025-07-02,3.666499970788195,1.1618721428320784,1.2766990429847105
2025-07-03,3.642102992226483,1.1541410177847677,1.285194228973969
2025-07-07,3.631785402666578,1.1574105445777139,1.2815534460011608
2025-07-08,3.6719091191130353,1.1446235521335353,1.2957119607197278
2025-07-09,3.7269361176606246,1.127470295749019,1.3151294184692925
2025-07-10,3.6959837862966203,1.1368339749469873,1.3042072238671047
2025-07-11,3.644395838497096,1.152701720896992,1.2860033090030638
2025-07-14,3.6294927750538197,1.14798796650834,1.2912621748759432
2025-07-15,3.688619902245765,1.1666895412785374,1.270226557068189
2025-07-16,3.6451551737099552,1.1529418943154102,1.285194228973969
2025-07-17,3.6394184732054935,1.151127408502999,1.2872168518885876
2025-07-18,3.6417060293386103,1.1518509495254747,1.2864077718594928
2025-07-21,3.665754927150796,1.144244419630738,1.294902880690633
2025-07-22,3.682932960934098,1.1388823947034334,1.3009709037507255
2025-07-23,3.777983990652089,1.109489531598807,1.334547030535094
2025-07-24,3.747063791955473,1.1185699397883953,1.3236246816166695
2025-07-25,3.7562250896125,1.1158351178751402,1.3268608474168118
2025-07-28,3.693239693832969,1.13454574219806,1.3046116867235338
2025-07-29,3.6657549271507945,1.12610255204535,1.3143204927564345
2025-07-30,3.6307783496543946,1.1368471909978295,1.3017799837798203
2025-07-31,3.6431894071660684,1.1407332656933014,1.2973301207779173
2025-08-01,3.682949859127669,1.153182816112608,1.2831715289012322
2025-08-04,3.6121236064396487,1.1310061314838307,1.307848006839913
2025-08-05,3.625530688099389,1.1268081877768552,1.3127023326982448
2025-08-06,3.686980274093594,1.1077097708579056,1.334951493391523
2025-08-07,3.739491947715786,1.0919332573885725,1.3539644882846584
2025-08-08,3.7663061110352665,1.0841035101643608,1.3636731400013224
2025-08-11,3.767423616458919,1.0837818444482206,1.3640777571739882
2025-08-12,3.795355285202052,1.0757466887156133,1.3741910260633179
2025-08-13,3.8232869539451855,1.0678298013881262,1.3843042949526476
2025-08-14,3.8489840380444553,1.0606527015417069,1.3936084838128826
2025-08-15,3.8467494534005917,1.061268479164038,1.3927994037837879
2025-08-18,3.8221694485215334,1.0680497849682886,1.383899677779982
2025-08-19,3.8266386178092606,1.0692986294690447,1.3822815177217924
2025-08-20,3.794161920062009,1.060223487586246,1.3940129466693116
2025-08-21,3.780949633645831,1.0639154692882076,1.3891586208109796
2025-08-22,3.8249911483811085,1.0515226967421833,1.4053399127604018
2025-08-25,3.764433960617349,1.0681703842568124,1.3830905977508872
2025-08-26,3.7930606511875706,1.0762933008456799,1.3725728660051284
2025-08-27,3.840012993753049,1.0896161808123932,1.3555824940266115
2025-08-28,3.8319910779179147,1.087339936094134,1.3584143512865614
2025-08-29,3.849108543001269,1.0921970725047807,1.352346328226469
2025-09-02,3.902072539102171,1.1072257787216375,1.3337379505059992
2025-09-03,3.8997054407060663,1.1065541068501707,1.334547030535094
2025-09-04,3.8547864567347903,1.0938081990002813,1.3499190881391847
2025-09-05,3.84785574700428,1.0957748104360143,1.347492002368137
2025-09-08,3.875579467247498,1.08787977582674,1.357200654084801
2025-09-09,3.8778898507111976,1.0872312484346933,1.3580097341138957
2025-09-10,3.894062094296506,1.0826970895853851,1.3636731400013224
2025-09-11,3.9391134701871775,1.0701710968360427,1.379449814778079
2025-09-12,3.9391134701871775,1.0701710968360427,1.379449814778079
2025-09-15,3.9772341363473385,1.059814544422537,1.3927994037837879
2025-09-16,3.9321827604566675,1.0718193954769004,1.3770227290070314
2025-09-17,3.940268882249322,1.074023479747528,1.3741910260633179
2025-09-18,3.93562951439187,1.0727588985326428,1.3758090318052707
2025-09-19,3.9310010586939677,1.0740205053526528,1.3741910260633179
2025-09-22,3.9391014079602065,1.0718073435949835,1.3770227290070314
2025-09-23,3.9425733015285425,1.0727520263125199,1.3758090318052707
2025-09-24,3.921707397595812,1.0784295214439357,1.3685276201758911
2025-09-25,3.953006916817063,1.087036569883065,1.3576052712574667
2025-09-26,3.884689393676979,1.0682499480582541,1.3810679748362686
2025-09-29,3.8869651865162367,1.0676241282472068,1.3818770548653634
2025-09-30,3.907446888006454,1.0619984646126654,1.3891586208109796
2025-10-01,3.9188254181396407,1.0589059129088703,1.393203866640217
2025-10-02,3.904033415779118,1.0629028602316106,1.3879450779254559
2025-10-03,3.8778624492223073,1.055777615069561,1.3972492667856908
2025-10-06,3.85091706786714,1.0631137005642912,1.3875404607527901
2025-10-07,3.816113134457836,1.0727219413518425,1.3750001060924126
2025-10-08,3.7824317289756073,1.0632539875980322,1.387135997896361
2025-10-09,3.7217628893831254,1.0803081977574636,1.3648868372030831
2025-10-10,3.759267331805658,1.0911945324879655,1.3511327853409452
2025-10-13,3.733380214261985,1.0836803339401433,1.3604369742011801
2025-10-14,3.7644638261990524,1.0746577600176301,1.3717637859760337
2025-10-15,3.7411511172462517,1.0813129398094508,1.3632686771448934
2025-10-16,3.733380214261985,1.0835589805834134,1.3604369742011801
2025-10-17,3.77778573715704,1.0964470338646275,1.3442556822517577
2025-10-20,3.7630064356913056,1.0921575578640932,1.3495146252827557
2025-10-21,3.794590284288506,1.1013243077863613,1.338187813507902
2025-10-22,3.8117964458970293,1.0963304711390616,1.3442556822517577
2025-10-23,3.7945898467065113,1.0913815922403611,1.3503237053118504
2025-10-24,3.813914990660888,1.0858233877357273,1.357200654084801
2025-10-27,3.8582495525790215,1.0732013171511428,1.3729773288615574
2025-10-28,3.8696176669485567,1.0700391900910218,1.3770227290070314
2025-10-29,3.871891289822464,1.069410480541924,1.3778318090361261
2025-10-30,3.861660203714493,1.0722362909514132,1.3741910260633179
2025-10-31,3.8753019409579355,1.0760240829818908,1.3693365458887492
2025-11-03,3.8798809911637426,1.0772955112147613,1.3677185401467964
2025-11-04,3.9085698467802112,1.0852613162092697,1.3576052712574667
2025-11-05,3.8573253505166285,1.0710326669478756,1.3754045689488417
2025-11-06,3.8618634842080257,1.069772599676181,1.3770227290070314
2025-11-07,3.8720740686235446,1.0669441715147328,1.3806635119798396
2025-11-10,3.9367409589950806,1.0491253073739393,1.4037217527022123
2025-11-11,3.973045162965758,1.0394503860249293,1.4166667245352553
2025-11-12,4.013887500627833,1.0287649842971236,1.431229856426488
2025-11-13,3.9843900644140016,1.0363252184837024,1.4207119703644926
2025-11-14,4.037711620557045,1.0501939593515615,1.4016991297875938
2025-11-17,4.114620392161902,1.0701976483097706,1.3750001060924126
2025-11-18,4.173936979359669,1.085625674731294,1.3551780311701824
2025-11-19,4.185150560405479,1.0885422859664926,1.3515372481973742
2025-11-20,4.240267606426398,1.102878027155579,1.3337379505059992
2025-11-21,4.161815506571763,1.0824729241892563,1.3584143512865614
2025-11-24,4.156857900215566,1.083762379389973,1.356796191228372
2025-11-25,4.066383711740096,1.0601742452441159,1.3863269178672664
2025-11-26,4.12333913322012,1.0453250142662784,1.4057443756168309
2025-11-28,4.153003443531055,1.0378046904226361,1.4158576445061606
2025-12-01,4.132831929787517,1.0428454017681992,1.40898069573321
2025-12-02,4.177921355558293,1.0314679005457286,1.4243527533373008
2025-12-03,4.167242185740697,1.0341044319530686,1.4207119703644926
2025-12-04,4.176734982308095,1.0317487870050586,1.4239482904808718
2025-12-05,4.1660558124905,1.0343867854780753,1.4203075075080636
2025-12-08,4.170802210774198,1.0332083059078896,1.4219256675662533
2025-12-09,4.18504095298384,1.02968102602905,1.426779993424585
2025-12-10,4.258608315815354,1.0115806254610231,1.4518608570615765
2025-12-11,4.320310135579075,0.9969241084019476,1.4728964748693307
2025-12-12,4.28589942698444,1.0048644793264037,1.4611650459218115
2025-12-15,4.334548877788718,0.9934582142273759,1.4777508007276627
2025-12-16,4.282339854592394,1.0054242767666537,1.4599515030362877
2025-12-17,4.27284751066645,1.0031956276284197,1.46318766883643
2025-12-18,4.3118314081980795,0.9940428377256636,1.476537257842139
2025-12-19,4.344908326850939,0.9864173368727324,1.4878640696169925
2025-12-22,4.367353765056139,0.9813215862345686,1.4955502527352746
2025-12-23,4.392161454045784,0.9757474280555554,1.5040453615664147
2025-12-24,4.40633721194855,0.9725981906108295,1.5088996874247467
2025-12-26,4.416969143035429,0.9702514349177433,1.512540470397555
2025-12-29,4.376804120111577,0.9790742656560605,1.498786418535417
2025-12-30,4.349633729698268,0.972996353711301,1.508090607395652
2025-12-31,4.32746569154402,0.9779552586751247,1.5004045785936067
2026-01-02,4.276128971307401,0.9663537766306481,1.5182038762849817
