feature_1,feature_2,correlation
CMO_14,RSI_14,1.0
STOCHFk_14_3,WILLR_14,1.0
SQZ_OFF,SQZPRO_ON_NORMAL,1.0
SQZ_ON,SQZPRO_ON_NORMAL,1.0
SQZ_ON,SQZ_OFF,1.0
SQZ_20_2.0_20_1.5,SQZPRO_20_2.0_20_2.0_1.5_1.0,1.0
SQZPRO_ON_WIDE,SQZPRO_OFF,1.0
STOCHk_14_3_3,STOCHFd_14_3,1.0
MACD_12_26_9,STCmacd_10_12_26_0.5,1.0
HWMA_0.2_0.1_0.1,HWM_1,1.0
PIVOTS_TRAD_D_S3,PIVOTS_TRAD_D_S4,1.0
PIVOTS_TRAD_D_R3,PIVOTS_TRAD_D_R4,1.0
MEDIAN_30,QTL_30_0.5,1.0
AMATe_LR_8_21_2,AMATe_SR_8_21_2,0.9999999999999999
AOBV_LR_2,AOBV_SR_2,0.9999999999999998
HLC3,VWAP_D,0.9999993705384701
HLC3,WCP,0.9999839113224769
WCP,VWAP_D,0.9999833006167387
RMA_10,KCBe_20_2,0.9999796579609848
HL2,OHLC4,0.9999669860473819
ABER_ZG_5_15,BBM_5_2.0_2.0,0.9999613916456669
AGl_13_8_5,EMA_10,0.9999371848935761
HL2,HLC3,0.9999359676959408
HL2,VWAP_D,0.9999352897736743
HLC3,OHLC4,0.9999343555853781
OHLC4,VWAP_D,0.9999336689099865
ALMA_9_6.0_0.85,BBM_5_2.0_2.0,0.9999074657716361
ALMA_9_6.0_0.85,ABER_ZG_5_15,0.9998994463156664
AGt_13_8_5,SMMA_7,0.9998789507962903
OHLC4,WCP,0.9998716076406226
Close,WCP,0.9998591680220129
SWMA_10,TRIMA_10,0.9998571756275302
HL2,WCP,0.9998571720620627
Close,LDECAY_1,0.9998130697498516
Close,HLC3,0.9997527809185562
Close,VWAP_D,0.9997520964178456
WCP,LDECAY_1,0.9997399520705805
SSF3_20,TRIMA_10,0.9996897963936736
High,HL2,0.9996862494861799
Low,HL2,0.9996679353689653
HLC3,LDECAY_1,0.9996578738554879
LDECAY_1,VWAP_D,0.9996571890866689
PWMA_10,SWMA_10,0.999656078567653
High,OHLC4,0.9996560276276043
MIDPOINT_2,MIDPRICE_2,0.9996547417933707
Low,HLC3,0.9996538125909321
Low,VWAP_D,0.9996532129465495
AGt_13_8_5,RMA_10,0.999645064239269
SMA_10,TRIMA_10,0.9996436164019538
EMA_10,SMMA_7,0.9996431358272003
PIVOTS_TRAD_D_P,PIVOTS_TRAD_D_R1,0.9996272180140793
PIVOTS_TRAD_D_P,PIVOTS_TRAD_D_S1,0.9996176506016168
Low,OHLC4,0.9996151215557757
Low,WCP,0.9996006199875915
SMA_10,SWMA_10,0.9995999180068892
AGj_13_8_5,KCBe_20_2,0.9995975955736844
High,HLC3,0.9995955759426559
High,VWAP_D,0.9995944119999066
ABER_ZG_5_15,ABER_XG_5_15,0.999593888490115
PIVOTS_TRAD_D_S1,PIVOTS_TRAD_D_S2,0.9995897295778492
ABER_XG_5_15,BBM_5_2.0_2.0,0.9995759886959467
TEMA_10,ZL_EMA_10,0.9995721267485149
ABER_ATR_5_15,ATRr_14,0.9995656649262847
MCGD_10,RMA_10,0.9995321434824939
ABER_ZG_5_15,ABER_SG_5_15,0.9995293387986585
Close,OHLC4,0.9995086424023716
High,WCP,0.9995045691713464
ALMA_9_6.0_0.85,ABER_XG_5_15,0.9994852388463537
HMA_10,ZL_EMA_10,0.9994777393406904
MCGD_10,KCBe_20_2,0.9994749900120132
SINWMA_14,SSF_20,0.9994699963695376
ABER_SG_5_15,BBM_5_2.0_2.0,0.9994663812254305
AGt_13_8_5,KCBe_20_2,0.9994598855161955
Close,HL2,0.9994518532143021
OHLC4,LDECAY_1,0.9994457066373349
JMA_7_0.0,ZL_EMA_10,0.9994370454600648
ALMA_9_6.0_0.85,ABER_SG_5_15,0.9994280158941914
SMA_10,SSF_20,0.9994242859724343
HL2,LDECAY_1,0.9994067813028673
PIVOTS_TRAD_D_R1,PIVOTS_TRAD_D_R2,0.99940172586249
AGj_13_8_5,RMA_10,0.9993995701880178
Open,OHLC4,0.9993801203820193
PWMA_10,TRIMA_10,0.999375342159943
SSF3_20,T3_10_0.7,0.9993735362157243
SMA_10,SSF3_20,0.9993578955415733
AGl_13_8_5,SMMA_7,0.9993335011911186
SSF3_20,SWMA_10,0.9993303577986392
FWMA_10,BBM_5_2.0_2.0,0.9993285673618394
FWMA_10,ZL_EMA_10,0.9993016134779932
LOGRET_1,PCTRET_1,0.9993011595604443
AGt_13_8_5,MCGD_10,0.9992915864408325
Open,HL2,0.999283839115412
SSF_20,TRIMA_10,0.9992754258655074
AGl_13_8_5,WMA_10,0.9992607907885432
Low,Close,0.9992477561590942
HMA_10,TEMA_10,0.9992447337688634
FWMA_10,JMA_7_0.0,0.9992343117126163
WMA_10,ABER_ZG_5_15,0.9992174979961225
SMMA_7,SSF_20,0.9992097640189359
FWMA_10,ABER_ZG_5_15,0.9992028903106664
SSF_20,SSF3_20,0.9991728344556637
Open,High,0.9991591776330687
SINWMA_14,T3_10_0.7,0.9991574485784869
SINWMA_14,SSF3_20,0.9991395807897928
ALMA_9_6.0_0.85,FWMA_10,0.9991372254392644
MIDPOINT_2,OHLC4,0.9991367949290818
RMA_10,SMMA_7,0.99913263740347
AGt_13_8_5,EMA_10,0.9991289412463891
High,LDECAY_1,0.9991279348424102
Low,LDECAY_1,0.9991218699566476
WMA_10,ABER_SG_5_15,0.9991181795311128
WMA_10,BBM_5_2.0_2.0,0.999112120256669
High,Close,0.9991046623318447
DEMA_10,ZL_EMA_10,0.9990952145746695
HL2,MIDPOINT_2,0.9990855450846273
HLC3,MIDPOINT_2,0.9990851132294949
MIDPOINT_2,VWAP_D,0.9990847242907968
AGt_13_8_5,SSF_20,0.9990843423912252
DEMA_10,FWMA_10,0.9990739248893793
ALMA_9_6.0_0.85,WMA_10,0.9990674648883802
ITS_9,SMA_10,0.9990593953156702
DEMA_10,TEMA_10,0.9990457161615667
MIDPOINT_2,WCP,0.9990429013077828
Open,HLC3,0.999014987442191
Open,VWAP_D,0.9990142614376545
DEMA_10,ABER_XG_5_15,0.9990120991500053
HL2,MIDPRICE_2,0.999010592919272
MIDPRICE_2,OHLC4,0.9989985160323972
JMA_7_0.0,BBM_5_2.0_2.0,0.9989918670034803
MCGD_10,KCLe_20_2,0.9989884132375525
MIDPRICE_2,PIVOTS_TRAD_D_P,0.998963250717702
HMA_10,JMA_7_0.0,0.9989497378484448
EMA_10,SMA_10,0.9989426114734465
High,MIDPOINT_2,0.9989315716703292
PIVOTS_TRAD_D_P,PIVOTS_TRAD_D_S2,0.998911658528302
SSF_20,T3_10_0.7,0.9989069128518157
MIDPRICE_2,ZL_EMA_10,0.9989056760647559
JMA_7_0.0,TEMA_10,0.9989038917353456
Open,Low,0.9989032269471638
MIDPOINT_2,LDECAY_1,0.9988882690299122
AGl_13_8_5,SMA_10,0.9988787726099299
MIDPRICE_2,VWAP_D,0.9988775892227066
AGt_13_8_5,KCLe_20_2,0.9988771929591846
EMA_10,WMA_10,0.9988770027768443
HLC3,MIDPRICE_2,0.9988763966434115
SMA_10,SMMA_7,0.9988760301154411
High,MIDPRICE_2,0.9988756397003321
DEMA_10,JMA_7_0.0,0.9988750558619564
FWMA_10,MIDPRICE_2,0.9988631758342649
SMMA_7,KCBe_20_2,0.9988631208213371
High,Low,0.9988618352864049
SSF_20,SWMA_10,0.9988609775258996
T3_10_0.7,TRIMA_10,0.9988575802769546
MIDPOINT_2,ZL_EMA_10,0.9988525695405682
Open,WCP,0.9988386762113748
FWMA_10,ABER_XG_5_15,0.9988283059956569
JMA_7_0.0,ABER_ZG_5_15,0.9988129801632052
FWMA_10,MIDPOINT_2,0.9988119698154568
MCGD_10,SMMA_7,0.9988077964246286
ALMA_9_6.0_0.85,JMA_7_0.0,0.998807562944732
SINWMA_14,TRIMA_10,0.9987938492354798
SMA_10,WMA_10,0.9987922311674828
DEMA_10,BBM_5_2.0_2.0,0.9987878558670247
PIVOTS_TRAD_D_S1,PIVOTS_TRAD_D_R1,0.9987779493215957
AGj_13_8_5,MCGD_10,0.9987699997557817
Close,MIDPOINT_2,0.9987684515105381
MIDPRICE_2,WCP,0.998763980275626
RMA_10,KCLe_20_2,0.9987495473350483
ITS_9,AGl_13_8_5,0.998741490932269
EMA_10,SSF_20,0.9987410096696704
ITS_9,EMA_10,0.9987066490235839
FWMA_10,ABER_SG_5_15,0.9986988100194135
JMA_7_0.0,ABER_XG_5_15,0.9986979446965092
AGj_13_8_5,KCUe_20_2,0.9986906344299665
AGt_13_8_5,AGl_13_8_5,0.9986900334578992
PIVOTS_TRAD_D_P,PIVOTS_TRAD_D_R2,0.9986787506235292
PWMA_10,SSF3_20,0.9986641995460696
ALMA_9_6.0_0.85,DEMA_10,0.9986622258908885
DEMA_10,ABER_ZG_5_15,0.9986554415607907
SMMA_7,KCLe_20_2,0.9986521347195153
MIDPOINT_2,PIVOTS_TRAD_D_P,0.9986376567896489
KCLe_20_2,KCBe_20_2,0.9986233925202651
Low,MIDPOINT_2,0.9986188692703412
MIDPRICE_2,PIVOTS_TRAD_D_S1,0.9986187958294649
PWMA_10,SMA_10,0.9986147863183817
Open,MIDPRICE_2,0.9985922084458471
PIVOTS_TRAD_D_P,ZL_EMA_10,0.9985909821732056
ZL_EMA_10,BBM_5_2.0_2.0,0.9985815862477245
SMA_10,T3_10_0.7,0.9985728668633512
ITS_9,VWMA_10,0.998560057973594
MIDPRICE_2,PIVOTS_TRAD_D_R1,0.9985561684894753
SWMA_10,WMA_10,0.9985522026891342
Low,MIDPRICE_2,0.9985386631104287
SINWMA_14,SMA_10,0.9985315850782956
Open,MIDPOINT_2,0.9985253621547477
FWMA_10,TEMA_10,0.998523518861278
WMA_10,ABER_XG_5_15,0.9985109588935128
ACCBM_20,KCBe_20_2,0.9985105639840777
AGt_13_8_5,SMA_10,0.9984601992077382
MIDPOINT_2,PIVOTS_TRAD_D_S1,0.9984571228928091
DEMA_10,LINREG_14,0.9984528675589597
MIDPOINT_2,PIVOTS_TRAD_D_R1,0.9984485820045468
FWMA_10,WMA_10,0.9984484133732682
ALMA_9_6.0_0.85,ZL_EMA_10,0.9984440141489317
HILO_13_21,ACCBM_20,0.9984425311128432
AGl_13_8_5,ALPHAT_14_1_50,0.9984289327851407
MIDPOINT_2,TEMA_10,0.9984210023740663
ITS_9,WMA_10,0.9984098209962603
MIDPRICE_2,LDECAY_1,0.9984091195306765
DEMA_10,HMA_10,0.9984074160545425
AGj_13_8_5,ACCBM_20,0.9984070265691511
RMA_10,ACCBM_20,0.9984058965347451
KCBe_20_2,KCUe_20_2,0.9984002939641486
MIDPRICE_2,TEMA_10,0.9983821913651358
JMA_7_0.0,MIDPRICE_2,0.9983637895040061
AGl_13_8_5,SSF_20,0.998356448023033
AGl_13_8_5,ABER_SG_5_15,0.9983515652458196
ZL_EMA_10,ABER_ZG_5_15,0.9983322545818726
ITS_9,SSF_20,0.9983265902099444
AGt_13_8_5,SINWMA_14,0.9983227211839264
ACCBM_20,ACCBU_20,0.9983191865261046
ITS_9,SWMA_10,0.99830986161543
FWMA_10,PIVOTS_TRAD_D_P,0.998309468512674
SMA_10,VWMA_10,0.9983078613295132
ZL_EMA_10,ABER_XG_5_15,0.9983046591145199
SWMA_10,T3_10_0.7,0.9982782361045526
EMA_10,ALPHAT_14_1_50,0.9982780014256233
Close,MIDPRICE_2,0.9982684150098627
ABER_SG_5_15,ABER_XG_5_15,0.9982642599137415
ACCBU_20,KCUe_20_2,0.9982594938277761
ITS_9,TRIMA_10,0.9982362652280505
RMA_10,KCUe_20_2,0.9982338443022355
PIVOTS_TRAD_D_S1,ZL_EMA_10,0.9982323948901288
JMA_7_0.0,PIVOTS_TRAD_D_P,0.9982218785037634
SSF_20,ALPHATl_14_1_50_2,0.9982124269442633
RMA_10,SSF_20,0.9981929138314609
Open,Close,0.9981927076714019
JMA_7_0.0,MIDPOINT_2,0.9981891069717441
ITS_9,SMMA_7,0.9981642077139258
AGj_13_8_5,AGt_13_8_5,0.998161191700821
Open,LDECAY_1,0.9981491455398271
HWMA_0.2_0.1_0.1,HWL_1,0.9981272860124074
HWM_1,HWL_1,0.9981272860124074
FWMA_10,PIVOTS_TRAD_D_R1,0.9981031710336825
ACCBL_20,ACCBM_20,0.9981014359587318
PIVOTS_TRAD_D_R1,ZL_EMA_10,0.9980951264255928
SINWMA_14,SMMA_7,0.9980934654289555
AGl_13_8_5,VWMA_10,0.9980892221129637
HWM_1,HWU_1,0.9980663689017666
HWMA_0.2_0.1_0.1,HWU_1,0.9980663689017666
JMA_7_0.0,ABER_SG_5_15,0.998018301496357
EMA_10,VWMA_10,0.998008920304624
FWMA_10,HMA_10,0.9980047557562077
SMMA_7,TRIMA_10,0.9980038930550202
HMA_10,BBM_5_2.0_2.0,0.9979692595066163
ITS_9,ALPHAT_14_1_50,0.9979618572972563
AGl_13_8_5,SWMA_10,0.9979544041674153
EMA_10,SWMA_10,0.9979405316512542
MIDPRICE_2,PIVOTS_TRAD_D_S2,0.9979369686704161
SINWMA_14,SWMA_10,0.9979350988928336
JMA_7_0.0,PIVOTS_TRAD_D_S1,0.9979211293171832
RMA_10,SINWMA_14,0.9979163723907898
HMA_10,ABER_XG_5_15,0.9978831711185436
SSF_20,KCBe_20_2,0.9978682503679067
ALMA_9_6.0_0.85,HMA_10,0.9978665444803891
SMMA_7,WMA_10,0.997860434492672
ITS_9,SSF3_20,0.9978510701082579
TRIMA_10,WMA_10,0.9978449483773559
SMMA_7,SWMA_10,0.9978407679057197
PWMA_10,SSF_20,0.9978388509113871
CHDLREXTl_22_22_14_2.0,DCU_20_20,0.9978190188451954
EMA_10,ABER_SG_5_15,0.9977956123594632
SSF_20,KCLe_20_2,0.9977946670935199
HMA_10,PIVOTS_TRAD_D_P,0.997791260326301
EMA_10,TRIMA_10,0.9977794577709131
MCGD_10,ACCBM_20,0.997777818105256
ACCBM_20,KCUe_20_2,0.997772529236684
EMA_10,RMA_10,0.9977577901484258
EMA_10,KCLe_20_2,0.9977551998494433
FWMA_10,PIVOTS_TRAD_D_S1,0.9977414218708798
AGt_13_8_5,TRIMA_10,0.9977409797891338
OHLC4,ZL_EMA_10,0.9977365756238862
MCGD_10,SSF_20,0.997730510544472
FWMA_10,OHLC4,0.9977264195346062
PIVOTS_TRAD_D_P,TEMA_10,0.9977198589045675
HILO_13_21,ACCBL_20,0.9977186045769953
ACCBM_20,DCM_20_20,0.9977161468458702
WMA_10,VWMA_10,0.9977026799568464
LINREG_14,TEMA_10,0.99769941676296
AGl_13_8_5,ABER_ZG_5_15,0.9976980731628105
JMA_7_0.0,PIVOTS_TRAD_D_R1,0.9976932314422551
HMA_10,ABER_ZG_5_15,0.9976925669283806
SINWMA_14,KCBe_20_2,0.9976790716708315
OHLC4,TEMA_10,0.9976717677045231
FWMA_10,HL2,0.9976629584897057
SSF_20,VWMA_10,0.9976564445979843
High,FWMA_10,0.9976468714284062
PIVOTS_TRAD_D_S2,PIVOTS_TRAD_D_R1,0.9976444457402492
HL2,ZL_EMA_10,0.997640219986485
AGl_13_8_5,TRIMA_10,0.9976391717813275
PIVOTS_TRAD_D_S2,ZL_EMA_10,0.9976316446993729
PWMA_10,WMA_10,0.9976289783334856
PIVOTS_TRAD_D_R2,PIVOTS_TRAD_D_R3,0.9976240213028098
PIVOTS_TRAD_D_R2,PIVOTS_TRAD_D_R4,0.9976240213028098
WMA_10,ALPHAT_14_1_50,0.9976089687487384
MIDPOINT_2,PIVOTS_TRAD_D_S2,0.9976010453223515
FWMA_10,VWAP_D,0.997590319030505
FWMA_10,HLC3,0.9975901813712504
KAMA_10_2_30,SMMA_7,0.9975877529566927
MIDPRICE_2,PIVOTS_TRAD_D_R2,0.9975870976593578
SWMA_10,VWMA_10,0.9975780552483153
HL2,TEMA_10,0.9975562366723103
AGl_13_8_5,BBM_5_2.0_2.0,0.9975548769392371
SMMA_7,ALPHATl_14_1_50_2,0.9975527018717479
HMA_10,MIDPRICE_2,0.9975471305528534
HMA_10,PIVOTS_TRAD_D_S1,0.997547080840369
AGj_13_8_5,KCLe_20_2,0.9975438102418083
ZL_EMA_10,VWAP_D,0.9975372816460906
HLC3,ZL_EMA_10,0.9975363287683678
TEMA_10,BBM_5_2.0_2.0,0.9975347413931906
TEMA_10,ABER_XG_5_15,0.9975335838140574
DEMA_10,MIDPRICE_2,0.9975320240543489
FWMA_10,WCP,0.9975109156224096
SMA_10,ALPHATl_14_1_50_2,0.9975043296385737
AGl_13_8_5,ALMA_9_6.0_0.85,0.9975034864489225
ITS_9,AGt_13_8_5,0.9974988343896793
PIVOTS_TRAD_D_S1,TEMA_10,0.997494112280253
TEMA_10,VWAP_D,0.9974838065741781
HLC3,TEMA_10,0.9974819093069489
AGt_13_8_5,KAMA_10_2_30,0.9974717424960869
EMA_10,ALPHATl_14_1_50_2,0.9974695098128273
SMMA_7,SSF3_20,0.9974591275347666
EMA_10,MCGD_10,0.9974546528597394
MCGD_10,SINWMA_14,0.9974486236422252
TRIMA_10,VWMA_10,0.99744802776544
WCP,ZL_EMA_10,0.9974422294063301
ALMA_9_6.0_0.85,PIVOTS_TRAD_D_P,0.9974400610122223
PWMA_10,T3_10_0.7,0.9974324591179149
ZL_EMA_10,ABER_SG_5_15,0.9974179197037543
AGt_13_8_5,SWMA_10,0.9974093088447503
AGj_13_8_5,HT_TL,0.9974007305606586
TEMA_10,WCP,0.9973970130734293
FWMA_10,LDECAY_1,0.997385033562794
PIVOTS_TRAD_D_P,BBM_5_2.0_2.0,0.9973626930876989
JMA_7_0.0,PIVOTS_TRAD_D_S2,0.9973626572868455
DEMA_10,MIDPOINT_2,0.9973582682835606
ALPHAT_14_1_50,VWMA_10,0.9973574463815778
High,ZL_EMA_10,0.9973573884434909
EMA_10,KCBe_20_2,0.9973554497792906
HT_TL,ACCBM_20,0.9973382563037342
DEMA_10,PIVOTS_TRAD_D_P,0.997321461969717
AGt_13_8_5,ACCBM_20,0.9973180264399559
DEMA_10,ABER_SG_5_15,0.9973127187734049
Open,ZL_EMA_10,0.9973089336640973
PIVOTS_TRAD_D_S1,PIVOTS_TRAD_D_R2,0.9973057567117636
HMA_10,MIDPOINT_2,0.9973016526393992
SMMA_7,ALPHAT_14_1_50,0.9972796696512024
TRIMA_10,ALPHATl_14_1_50_2,0.9972708442766733
DEMA_10,WMA_10,0.9972692591142727
ZL_EMA_10,LDECAY_1,0.997257077332673
EMA_10,KAMA_10_2_30,0.9972561094773419
SMMA_7,VWMA_10,0.997255406813702
PIVOTS_TRAD_D_S2,PIVOTS_TRAD_D_S4,0.9972528657550708
PIVOTS_TRAD_D_S2,PIVOTS_TRAD_D_S3,0.9972528657550708
MIDPOINT_2,PIVOTS_TRAD_D_R2,0.9972503506814565
LINREG_14,ABER_XG_5_15,0.9972500354400278
ALMA_9_6.0_0.85,TEMA_10,0.997249355684468
FWMA_10,PIVOTS_TRAD_D_R2,0.9972483691067441
AGt_13_8_5,ALPHATl_14_1_50_2,0.9972439007802752
AGl_13_8_5,KCLe_20_2,0.9972420881696428
TEMA_10,ABER_ZG_5_15,0.9972394028671505
AGt_13_8_5,SSF3_20,0.9972355308714228
PIVOTS_TRAD_D_P,ABER_ZG_5_15,0.9972278292837191
SSF_20,WMA_10,0.9972206785360961
Low,TEMA_10,0.9972150083244904
AGj_13_8_5,SMMA_7,0.9971983617502479
ALMA_9_6.0_0.85,PIVOTS_TRAD_D_R1,0.9971944184072029
SSF3_20,VWMA_10,0.9971776231733595
ALPHAT_14_1_50,ALPHATl_14_1_50_2,0.9971709585007437
Low,ZL_EMA_10,0.9971683098721551
TEMA_10,LDECAY_1,0.997162742018274
Open,TEMA_10,0.9971597246988079
MIDPRICE_2,BBM_5_2.0_2.0,0.997148254393662
AGl_13_8_5,ALPHATl_14_1_50_2,0.9971425536051786
Open,FWMA_10,0.9971377656612216
JMA_7_0.0,WMA_10,0.9971368056512162
SINWMA_14,KCLe_20_2,0.9971367510749461
Close,FWMA_10,0.9971347439216282
AGl_13_8_5,FWMA_10,0.997130726760362
EMA_10,SSF3_20,0.9971198058552609
MCGD_10,ACCBL_20,0.9970941764488603
SINWMA_14,ALPHATl_14_1_50_2,0.9970906225201581
ITS_9,PWMA_10,0.9970895048850897
AGl_13_8_5,RMA_10,0.9970827276999662
High,TEMA_10,0.9970754726971808
FWMA_10,PIVOTS_TRAD_D_S2,0.9970742639617667
PIVOTS_TRAD_D_R1,BBM_5_2.0_2.0,0.9970634032194938
ITS_9,ALPHATl_14_1_50_2,0.997058453762549
HMA_10,LINREG_14,0.9970579365523681
AGt_13_8_5,KCUe_20_2,0.9970543560572125
SWMA_10,ALPHATl_14_1_50_2,0.9970535388707212
SMA_10,KCLe_20_2,0.9970247055341316
ITS_9,T3_10_0.7,0.9970238445947569
PIVOTS_TRAD_D_R1,TEMA_10,0.9970191127587108
SSF3_20,WMA_10,0.9970155176666818
CHDLREXTs_22_22_14_2.0,DCL_20_20,0.9970132279022852
HMA_10,PIVOTS_TRAD_D_R1,0.9970096859538571
HMA_10,PIVOTS_TRAD_D_S2,0.9970091545238949
SINWMA_14,ACCBM_20,0.9970088754794902
RMA_10,SMA_10,0.9970065469320334
Close,ZL_EMA_10,0.9970025267001082
SMMA_7,T3_10_0.7,0.9969980521401524
EMA_10,ABER_ZG_5_15,0.9969879489284922
HILO_13_21,DCM_20_20,0.996982698471184
Low,FWMA_10,0.9969758827360353
ACCBL_20,KCLe_20_2,0.9969754881727487
EMA_10,SINWMA_14,0.9969667851354072
AGt_13_8_5,WMA_10,0.9969643709071646
MIDPRICE_2,ABER_ZG_5_15,0.9969570976173923
Close,TEMA_10,0.9969561662146208
AGl_13_8_5,KAMA_10_2_30,0.9969437456377447
AGl_13_8_5,SSF3_20,0.9969348763287116
PIVOTS_TRAD_D_R1,ABER_ZG_5_15,0.9969318237382506
ITS_9,SINWMA_14,0.9969290632916553
PIVOTS_TRAD_D_R2,ZL_EMA_10,0.9969256319310645
IKS_26,DCM_20_20,0.9969230292540683
MCGD_10,SMA_10,0.9969201833167962
SMA_10,ALPHAT_14_1_50,0.9969161619998864
PIVOTS_TRAD_D_R1,ABER_SG_5_15,0.9968973413810613
HT_TL,ACCBU_20,0.9968966146755304
HILO_13_21,KCBe_20_2,0.9968811848440979
SSF3_20,ALPHATl_14_1_50_2,0.9968790182416831
MCGD_10,KCUe_20_2,0.9968748954855353
PWMA_10,SINWMA_14,0.9968723579806387
AGj_13_8_5,ATRTSe_14_20_3.0,0.9968688958386893
AGl_13_8_5,MCGD_10,0.996867904752
ALMA_9_6.0_0.85,MIDPRICE_2,0.996847807744806
AGt_13_8_5,T3_10_0.7,0.9968392759956868
HILO_13_21,MCGD_10,0.9968382757426522
HILO_13_21,RMA_10,0.9968298848819446
PIVOTS_TRAD_D_P,ABER_SG_5_15,0.9968260523569382
DEMA_10,PIVOTS_TRAD_D_S1,0.9968241422648152
ALPHATl_14_1_50_2,VWMA_10,0.9968208816049745
JMA_7_0.0,OHLC4,0.996818812500334
HT_TL,KCUe_20_2,0.9968183987116888
KAMA_10_2_30,RMA_10,0.9968165427653336
EMA_10,BBM_5_2.0_2.0,0.996813224216289
ALPHAT_14_1_50,ABER_SG_5_15,0.9967986118124034
MIDPOINT_2,BBM_5_2.0_2.0,0.9967955924718007
AGj_13_8_5,ACCBU_20,0.9967906956189848
PIVOTS_TRAD_D_S2,TEMA_10,0.9967861416858108
PIVOTS_TRAD_D_P,ABER_XG_5_15,0.9967721910088573
ALMA_9_6.0_0.85,EMA_10,0.9967679077576931
LINREG_14,ZL_EMA_10,0.9967651859766884
KAMA_10_2_30,SSF_20,0.9967529388914588
HL2,JMA_7_0.0,0.9967416060001892
RMA_10,ACCBL_20,0.9967386937216192
DEMA_10,PIVOTS_TRAD_D_R1,0.996737903679254
PIVOTS_TRAD_D_S1,BBM_5_2.0_2.0,0.99673462542243
ACCBL_20,KCBe_20_2,0.9967072678146733
ALMA_9_6.0_0.85,PIVOTS_TRAD_D_S1,0.9966981255638864
DCM_20_20,KCBe_20_2,0.9966947128103171
KAMA_10_2_30,MCGD_10,0.9966907144715537
PIVOTS_TRAD_D_R2,ABER_SG_5_15,0.9966887588322568
OBV,OBV_min_2,0.9966857282445674
RMA_10,DCM_20_20,0.9966765926290381
HILO_13_21,SINWMA_14,0.9966734181207936
JMA_7_0.0,LINREG_14,0.9966613185363956
ACCBL_20,DCM_20_20,0.996651935049976
JMA_7_0.0,VWAP_D,0.9966493032394071
HLC3,JMA_7_0.0,0.9966477888308038
MCGD_10,DCM_20_20,0.9966295311436392
Open,PIVOTS_TRAD_D_P,0.9966252613724406
AGl_13_8_5,KCBe_20_2,0.996623966469372
KAMA_10_2_30,KCLe_20_2,0.9966056143928747
QTL_30_0.5,HT_TL,0.9966050531451524
MEDIAN_30,HT_TL,0.9966050531451524
AGl_13_8_5,PWMA_10,0.9965982617716229
KAMA_10_2_30,KCBe_20_2,0.9965930154462792
SMA_10,ABER_SG_5_15,0.9965898866115978
KAMA_10_2_30,SMA_10,0.9965736257506576
ALMA_9_6.0_0.85,PIVOTS_TRAD_D_R2,0.9965624815255129
JMA_7_0.0,WCP,0.9965558066171585
MIDPRICE_2,ABER_SG_5_15,0.9965468600436315
SMA_10,KCBe_20_2,0.9965442854687615
EMA_10,PWMA_10,0.9965380379367104
AGj_13_8_5,HILO_13_21,0.9965346821012722
PIVOTS_TRAD_D_S1,ABER_ZG_5_15,0.9965328948532675
HMA_10,ABER_SG_5_15,0.9965194599158941
MIDPRICE_2,ABER_XG_5_15,0.9965176669920891
ACCBM_20,KCLe_20_2,0.9965051240410783
AGt_13_8_5,VWMA_10,0.9965044956961041
MIDPOINT_2,ABER_ZG_5_15,0.9965033593747916
JMA_7_0.0,PIVOTS_TRAD_D_R2,0.996502965514676
ITS_9,ABER_SG_5_15,0.9964924795294674
High,PIVOTS_TRAD_D_P,0.996482012040938
OHLC4,PIVOTS_TRAD_D_P,0.9964680561299585
RMA_10,TRIMA_10,0.9964559049029816
SWMA_10,ABER_ZG_5_15,0.9964505788015537
ALMA_9_6.0_0.85,MIDPOINT_2,0.9964438789438202
High,JMA_7_0.0,0.9964403071303821
HL2,PIVOTS_TRAD_D_P,0.9964267851587947
AGt_13_8_5,ALPHAT_14_1_50,0.996421267081134
Open,PIVOTS_TRAD_D_S1,0.9964203486943697
PWMA_10,VWMA_10,0.9964169541700728
LINREG_14,BBM_5_2.0_2.0,0.9964141689517063
SWMA_10,ABER_SG_5_15,0.9964063792346137
High,PIVOTS_TRAD_D_R1,0.9964054690697342
T3_10_0.7,ALPHATl_14_1_50_2,0.9964014041031048
EMA_10,T3_10_0.7,0.9964006845981694
PWMA_10,SMMA_7,0.9963979299581256
AGl_13_8_5,SINWMA_14,0.9963851805426048
SINWMA_14,ACCBL_20,0.9963815668395182
SMA_10,ABER_ZG_5_15,0.9963758705951652
ACCBU_20,KCBe_20_2,0.9963654929164772
Open,PIVOTS_TRAD_D_R1,0.9963650551507262
PIVOTS_TRAD_D_R2,BBM_5_2.0_2.0,0.9963605084920505
AGl_13_8_5,ABER_XG_5_15,0.9963488646151003
MCGD_10,TRIMA_10,0.9963355423273905
ITS_9,KCLe_20_2,0.9963277295884766
ALPHATl_14_1_50_2,KCLe_20_2,0.996324639721718
DEMA_10,OHLC4,0.9963208979653264
Low,JMA_7_0.0,0.9963094415011662
Open,JMA_7_0.0,0.9963084215623679
SMMA_7,ABER_SG_5_15,0.9963082413067779
PIVOTS_TRAD_D_R2,ABER_ZG_5_15,0.9963077542002331
SSF_20,ALPHAT_14_1_50,0.9963045324806036
ALMA_9_6.0_0.85,SWMA_10,0.9962962349928949
T3_10_0.7,VWMA_10,0.9962870613567616
TRIMA_10,KCLe_20_2,0.9962865700806676
PIVOTS_TRAD_D_S1,ABER_XG_5_15,0.9962861479418379
HILO_13_21,ACCBU_20,0.9962855799334476
ALMA_9_6.0_0.85,LINREG_14,0.9962790773337915
EMA_10,FWMA_10,0.9962781237317428
LINREG_14,ABER_ZG_5_15,0.9962753877333971
SMMA_7,ACCBM_20,0.996274132144986
OHLC4,PIVOTS_TRAD_D_S1,0.9962560660898097
WMA_10,ZL_EMA_10,0.9962503140617022
HL2,PIVOTS_TRAD_D_S1,0.9962317952320037
AGj_13_8_5,DCM_20_20,0.9962295382097861
JMA_7_0.0,LDECAY_1,0.9962243405500157
HT_TL,KCBe_20_2,0.9962188460531967
DEMA_10,HL2,0.9962120211696721
DEMA_10,PIVOTS_TRAD_D_S2,0.9962113945555182
PIVOTS_TRAD_D_S2,BBM_5_2.0_2.0,0.9962082807939543
ALMA_9_6.0_0.85,SMA_10,0.9961857770273839
ALPHAT_14_1_50,ABER_ZG_5_15,0.9961750806336289
PIVOTS_TRAD_D_P,VWAP_D,0.9961673986034579
RMA_10,ALPHATl_14_1_50_2,0.9961673693832944
HLC3,PIVOTS_TRAD_D_P,0.9961666947610273
ALMA_9_6.0_0.85,PIVOTS_TRAD_D_S2,0.9961621107908345
OHLC4,PIVOTS_TRAD_D_R1,0.9961582805937402
ABER_SG_5_15,BBU_5_2.0_2.0,0.996151137425519
RMA_10,ACCBU_20,0.9961460686246018
ITS_9,ABER_ZG_5_15,0.99614487424298
PWMA_10,ALPHATl_14_1_50_2,0.9961428851113204
PIVOTS_TRAD_D_R1,ABER_XG_5_15,0.9961368482453117
SWMA_10,BBM_5_2.0_2.0,0.9961361740875632
KAMA_10_2_30,ALPHATl_14_1_50_2,0.9961208300809605
HL2,PIVOTS_TRAD_D_R1,0.9961089390442335
AGt_13_8_5,ACCBL_20,0.9961046241826834
MIDPOINT_2,ABER_SG_5_15,0.9961041942639677
SMA_10,BBM_5_2.0_2.0,0.9961024492860601
Close,JMA_7_0.0,0.9960945741242369
AGl_13_8_5,T3_10_0.7,0.9960916058960944
AGj_13_8_5,SINWMA_14,0.9960833562675723
SMMA_7,KCUe_20_2,0.9960715746037019
High,PIVOTS_TRAD_D_S1,0.9960709066815084
SINWMA_14,VWMA_10,0.996059864812872
DEMA_10,VWAP_D,0.9960596202093899
DEMA_10,HLC3,0.9960583710403166
MIDPOINT_2,ABER_XG_5_15,0.9960505794584662
SSF_20,ACCBM_20,0.9960419087855388
PIVOTS_TRAD_D_S2,ABER_ZG_5_15,0.996023492373291
AGj_13_8_5,ACCBL_20,0.9960200880065669
TRIMA_10,KCBe_20_2,0.9960158934173642
AGt_13_8_5,DCM_20_20,0.9959975915978165
HLC3,PIVOTS_TRAD_D_S1,0.9959957982622465
PIVOTS_TRAD_D_S1,VWAP_D,0.9959950381440477
PIVOTS_TRAD_D_P,WCP,0.9959917132142205
ATRTSe_14_20_3.0,KCBe_20_2,0.9959785941397687
TEMA_10,ABER_SG_5_15,0.9959774394840444
Open,DEMA_10,0.9959755192433335
ITS_9,KAMA_10_2_30,0.9959737053012887
ALPHAT_14_1_50,BBM_5_2.0_2.0,0.9959645040913403
RMA_10,SSF3_20,0.9959542457494662
HMA_10,OHLC4,0.9959537464170501
FWMA_10,LINREG_14,0.99594894490953
PIVOTS_TRAD_D_S2,ABER_XG_5_15,0.9959479761384585
AGt_13_8_5,PWMA_10,0.9959478898212663
KAMA_10_2_30,ALPHAT_14_1_50,0.9959367433015659
DEMA_10,WCP,0.9959348528383081
Low,PIVOTS_TRAD_D_S1,0.9959338445314535
DCM_20_20,KCLe_20_2,0.9959263622562962
PIVOTS_TRAD_D_S1,ABER_SG_5_15,0.995921736436498
PIVOTS_TRAD_D_S2,PIVOTS_TRAD_D_R2,0.9959120015163175
ITS_9,ALMA_9_6.0_0.85,0.9959103313619838
High,DEMA_10,0.9959101027351033
AGj_13_8_5,SSF_20,0.9959064282323266
AGt_13_8_5,HILO_13_21,0.9958914665017811
ITS_9,BBM_5_2.0_2.0,0.9958842907202514
ALMA_9_6.0_0.85,ALPHAT_14_1_50,0.9958778429390849
SWMA_10,ALPHAT_14_1_50,0.9958741818278074
SWMA_10,KCLe_20_2,0.9958615970865322
FWMA_10,ALPHAT_14_1_50,0.9958578660859988
PIVOTS_TRAD_D_R1,VWAP_D,0.9958452133778534
RMA_10,SWMA_10,0.9958451927161842
HLC3,PIVOTS_TRAD_D_R1,0.9958444379386571
MCGD_10,SWMA_10,0.9958409653405469
HL2,HMA_10,0.9958374992218603
PIVOTS_TRAD_D_S1,WCP,0.9958338041078183
RMA_10,HT_TL,0.9958293550811917
PIVOTS_TRAD_D_S1,PIVOTS_TRAD_D_S4,0.9958291818967954
PIVOTS_TRAD_D_S1,PIVOTS_TRAD_D_S3,0.9958291818967954
WMA_10,ALPHATl_14_1_50_2,0.9958236596527394
ALPHATl_14_1_50_2,KCBe_20_2,0.9958195503253812
MCGD_10,SSF3_20,0.9958189501064567
ABER_SG_5_15,VWMA_10,0.995797886519618
T3_10_0.7,WMA_10,0.9957820482282018
Low,PIVOTS_TRAD_D_P,0.9957805846890677
HMA_10,PIVOTS_TRAD_D_R2,0.9957474601481647
ITS_9,RMA_10,0.9957457804521201
PWMA_10,ABER_ZG_5_15,0.995742814399995
SSF3_20,KCLe_20_2,0.9957415100725446
HILO_13_21,HT_TL,0.9957395655687117
KAMA_10_2_30,VWMA_10,0.9957250103315174
DEMA_10,LDECAY_1,0.9957136313101868
Open,HMA_10,0.9957093647907123
High,PIVOTS_TRAD_D_R2,0.9957049342728805
RMA_10,ATRTSe_14_20_3.0,0.9956794088099811
SWMA_10,ABER_XG_5_15,0.9956744291648558
PIVOTS_TRAD_D_R1,WCP,0.995672080315481
HMA_10,VWAP_D,0.9956696992364334
HLC3,HMA_10,0.99566721967323
IKS_26,AGj_13_8_5,0.9956663882758582
Low,DEMA_10,0.9956606636166176
PIVOTS_TRAD_D_P,LDECAY_1,0.9956549918850468
MCGD_10,ALPHATl_14_1_50_2,0.9956406998616457
ITS_9,MCGD_10,0.9956374124482231
KAMA_10_2_30,TRIMA_10,0.9956367431906291
PIVOTS_TRAD_D_P,WMA_10,0.9956247989695891
PIVOTS_TRAD_D_R2,TEMA_10,0.9956232495188589
PIVOTS_TRAD_D_R1,WMA_10,0.995621830200808
ALMA_9_6.0_0.85,PWMA_10,0.99561874528216
MEDIAN_30,ACCBU_20,0.9956154509732035
QTL_30_0.5,ACCBU_20,0.9956154509732035
RMA_10,T3_10_0.7,0.995603478780201
PWMA_10,ABER_SG_5_15,0.9956028520515616
DEMA_10,PIVOTS_TRAD_D_R2,0.9955945700074622
HMA_10,WCP,0.9955384311817037
HILO_13_21,KCUe_20_2,0.995520125364453
EMA_10,ABER_XG_5_15,0.995506920080375
KAMA_10_2_30,SWMA_10,0.9955063798453954
SSF3_20,KCBe_20_2,0.9955052607451017
Open,PIVOTS_TRAD_D_S2,0.9955049846960589
KAMA_10_2_30,SINWMA_14,0.9954975144895454
TRIMA_10,ALPHAT_14_1_50,0.9954968430217199
HILO_13_21,KCLe_20_2,0.9954967340271987
Low,HMA_10,0.9954917637795316
PIVOTS_TRAD_D_S1,LDECAY_1,0.9954775067613352
MIDPRICE_2,WMA_10,0.9954714806735389
IKS_26,ACCBM_20,0.9954669874006558
ABER_ZG_5_15,VWMA_10,0.9954645797487824
KAMA_10_2_30,WMA_10,0.9954504773927028
KCLe_20_2,VWMA_10,0.9954435122247788
High,HMA_10,0.9954319973644127
Close,DEMA_10,0.9954173824724233
SMMA_7,ABER_ZG_5_15,0.9954150736081717
SMA_10,ABER_XG_5_15,0.9953950465853398
PIVOTS_TRAD_D_R1,LDECAY_1,0.9953928885895391
MCGD_10,T3_10_0.7,0.9953884058502588
PWMA_10,BBM_5_2.0_2.0,0.9953838386592259
Open,PIVOTS_TRAD_D_R2,0.9953778385667844
ALMA_9_6.0_0.85,VWMA_10,0.995374879448892
OHLC4,PIVOTS_TRAD_D_S2,0.9953665021882239
T3_10_0.7,KCLe_20_2,0.9953657228412645
MAMA_0.5_0.05,FAMA_0.5_0.05,0.9953566249299219
HL2,PIVOTS_TRAD_D_S2,0.9953504284451794
SWMA_10,KCBe_20_2,0.9953437112637344
HILO_13_21,SSF_20,0.9953425346744457
ALPHAT_14_1_50,KCLe_20_2,0.995339334043784
ITS_9,FWMA_10,0.9953392817429157
ABER_XG_5_15,BBL_5_2.0_2.0,0.9953334067354521
Close,PIVOTS_TRAD_D_P,0.995330048499522
SINWMA_14,KCUe_20_2,0.9953211438442665
ACCBU_20,DCM_20_20,0.995308543743056
PIVOTS_TRAD_D_R2,WMA_10,0.9952998723302374
HMA_10,LDECAY_1,0.9952981404429867
IKS_26,MCGD_10,0.9952951744933802
SSF_20,ACCBL_20,0.9952928233588278
WMA_10,KCLe_20_2,0.9952922924698814
TRIMA_10,ABER_SG_5_15,0.9952771771558517
SMMA_7,DCM_20_20,0.9952553696735933
BBM_5_2.0_2.0,VWMA_10,0.9952440540504998
T3_10_0.7,ACCBL_20,0.9952421554586637
PIVOTS_TRAD_D_S2,ABER_SG_5_15,0.9952343162381118
ITS_9,KCBe_20_2,0.9952339395867704
AGt_13_8_5,ABER_SG_5_15,0.995207415909184
SMMA_7,ACCBL_20,0.9952057700781478
IKS_26,HILO_13_21,0.9951919151375351
TRIMA_10,ABER_ZG_5_15,0.9951894656941979
AGj_13_8_5,KAMA_10_2_30,0.9951887609178988
MCGD_10,ATRTSe_14_20_3.0,0.995186073885081
Close,PIVOTS_TRAD_D_S1,0.995186010328499
Low,PIVOTS_TRAD_D_R1,0.9951850061821016
AGl_13_8_5,JMA_7_0.0,0.9951847944990623
SMMA_7,BBM_5_2.0_2.0,0.9951838662691637
IKS_26,KCBe_20_2,0.9951722784258701
ATRTSe_14_20_3.0,KCUe_20_2,0.9951708898347291
OHLC4,BBM_5_2.0_2.0,0.9951669286400316
High,BBM_5_2.0_2.0,0.9951585829631135
PIVOTS_TRAD_D_R2,ABER_XG_5_15,0.9951578724662267
ALMA_9_6.0_0.85,SMMA_7,0.9951473387609743
T3_10_0.7,KCBe_20_2,0.9951470850496225
Low,PIVOTS_TRAD_D_S2,0.9951270223285886
AGj_13_8_5,EMA_10,0.9951174836223613
High,PIVOTS_TRAD_D_S2,0.9951122174524552
HL2,BBM_5_2.0_2.0,0.9951060485425838
KAMA_10_2_30,SSF3_20,0.9950931451522034
MIDPOINT_2,WMA_10,0.9950886973839462
IKS_26,HT_TL,0.9950885049966954
HLC3,PIVOTS_TRAD_D_S2,0.9950870468666732
PIVOTS_TRAD_D_S2,VWAP_D,0.9950853988231452
SINWMA_14,WMA_10,0.995082598366969
PIVOTS_TRAD_D_R1,PIVOTS_TRAD_D_R4,0.9950804047908614
PIVOTS_TRAD_D_R1,PIVOTS_TRAD_D_R3,0.9950804047908614
ITS_9,ABER_XG_5_15,0.995080131030101
MCGD_10,HT_TL,0.9950512941922477
Close,PIVOTS_TRAD_D_R1,0.9950502885305698
ABER_ZG_5_15,BBU_5_2.0_2.0,0.9950480331832257
PWMA_10,ABER_XG_5_15,0.9950312328022295
WMA_10,BBU_5_2.0_2.0,0.9950195583558835
FWMA_10,SMA_10,0.9950142406974839
ALMA_9_6.0_0.85,TRIMA_10,0.9950088694198166
OHLC4,PIVOTS_TRAD_D_R2,0.9950051622144195
ALMA_9_6.0_0.85,BBU_5_2.0_2.0,0.9950012693348695
SSF_20,KCUe_20_2,0.9949871623520975
HL2,PIVOTS_TRAD_D_R2,0.9949828042072214
MCGD_10,WMA_10,0.9949683548659333
BBM_5_2.0_2.0,BBU_5_2.0_2.0,0.9949629034795234
Close,HMA_10,0.9949625504735546
IKS_26,RMA_10,0.99496016567014
BBM_5_2.0_2.0,VWAP_D,0.9949554632361566
HLC3,BBM_5_2.0_2.0,0.9949541562848468
High,ABER_ZG_5_15,0.9949202081041497
PIVOTS_TRAD_D_S2,WCP,0.9949176477643972
ALPHAT_14_1_50,ABER_XG_5_15,0.9948868740257262
HILO_13_21,SMMA_7,0.9948835973563313
OHLC4,ABER_ZG_5_15,0.9948646660896997
OBV_max_2,OBVe_4,0.9948615612342288
IKS_26,ACCBL_20,0.994850675118439
SSF_20,ABER_SG_5_15,0.9948451072177387
WCP,BBM_5_2.0_2.0,0.9948374006700038
TRIMA_10,BBM_5_2.0_2.0,0.9948329340687119
HL2,ABER_ZG_5_15,0.994817962306021
T3_10_0.7,ACCBM_20,0.9948125133176992
MEDIAN_30,ACCBM_20,0.9948045004690903
QTL_30_0.5,ACCBM_20,0.9948045004690903
OBV,OBV_max_2,0.994801865133205
PIVOTS_TRAD_D_S1,WMA_10,0.9947970066772073
SSF3_20,ALPHAT_14_1_50,0.9947802791474852
High,ABER_SG_5_15,0.994770000059695
TEMA_10,WMA_10,0.9947677675903371
RMA_10,WMA_10,0.9947621608631549
HILO_13_21,T3_10_0.7,0.9947573064882649
Open,BBM_5_2.0_2.0,0.994737051969731
MCGD_10,ACCBU_20,0.994730344489572
PIVOTS_TRAD_D_R2,VWAP_D,0.9947156515692164
LDECAY_1,BBM_5_2.0_2.0,0.9947146687997113
HLC3,PIVOTS_TRAD_D_R2,0.9947146280718392
FWMA_10,VWMA_10,0.9946856749908863
JMA_7_0.0,BBL_5_2.0_2.0,0.9946843265623124
AGl_13_8_5,PIVOTS_TRAD_D_R1,0.9946692361907006
HMA_10,WMA_10,0.9946598035107947
AGl_13_8_5,BBU_5_2.0_2.0,0.9946581864130408
DCM_20_20,KCUe_20_2,0.9946526839808746
RMA_10,VWMA_10,0.9946463375693526
AGl_13_8_5,PIVOTS_TRAD_D_R2,0.9946456318812156
ABER_ZG_5_15,VWAP_D,0.9946299646694563
HLC3,ABER_ZG_5_15,0.9946284815813389
High,ALMA_9_6.0_0.85,0.9946167627249748
ACCBU_20,CHDLREXTl_22_22_14_2.0,0.9945926941688527
PIVOTS_TRAD_D_S2,LDECAY_1,0.994589481982574
SINWMA_14,DCM_20_20,0.9945770089414556
ALMA_9_6.0_0.85,OHLC4,0.9945514965215545
AGt_13_8_5,ACCBU_20,0.9945488714891086
OHLC4,ABER_XG_5_15,0.9945455459448429
PIVOTS_TRAD_D_R2,WCP,0.9945398578431228
HT_TL,DCM_20_20,0.9945331983760648
RMA_10,ALPHAT_14_1_50,0.9945135988499091
PIVOTS_TRAD_D_P,PIVOTS_TRAD_D_S4,0.9945081551967803
PIVOTS_TRAD_D_P,PIVOTS_TRAD_D_S3,0.9945081551967803
Open,ABER_ZG_5_15,0.99450619946338
WCP,ABER_ZG_5_15,0.9944921802289229
HT_TL,ACCBL_20,0.9944896656141442
ALMA_9_6.0_0.85,HL2,0.9944844497404947
HL2,ABER_XG_5_15,0.9944694665800589
MCGD_10,VWMA_10,0.9944538970834849
FWMA_10,SWMA_10,0.9944396345021931
ABER_XG_5_15,VWMA_10,0.994426587895005
PWMA_10,ALPHAT_14_1_50,0.9944219918517659
FWMA_10,SMMA_7,0.9944174254986201
AGl_13_8_5,DEMA_10,0.9944077724163599
Low,BBM_5_2.0_2.0,0.9944016495968802
AGj_13_8_5,QTL_30_0.5,0.9943825910037314
AGj_13_8_5,MEDIAN_30,0.9943825910037314
BBL_5_2.0_2.0,BBM_5_2.0_2.0,0.9943758273008287
PIVOTS_TRAD_D_R2,LDECAY_1,0.9943414860585027
LDECAY_1,ABER_ZG_5_15,0.9943334061822494
Close,BBM_5_2.0_2.0,0.9943294821695448
SSF_20,DCM_20_20,0.9943217032825736
OHLC4,ABER_SG_5_15,0.9943120704696984
MCGD_10,PWMA_10,0.9943058541336922
HL2,ABER_SG_5_15,0.9943032088152809
Open,ALMA_9_6.0_0.85,0.9943018666252379
PWMA_10,RMA_10,0.994301714011069
MCGD_10,ALPHAT_14_1_50,0.9943005898836147
TRIMA_10,ABER_XG_5_15,0.9943002398735478
AGl_13_8_5,MIDPRICE_2,0.9942965014745061
Close,PIVOTS_TRAD_D_S2,0.9942925611500737
ACCBU_20,DCU_20_20,0.9942889765384187
ALMA_9_6.0_0.85,VWAP_D,0.9942841526929047
ALMA_9_6.0_0.85,HLC3,0.994283014567052
EMA_10,BBU_5_2.0_2.0,0.994282413743612
AGl_13_8_5,PIVOTS_TRAD_D_P,0.9942790440419079
KCLe_20_2,KCUe_20_2,0.9942750606160667
JMA_7_0.0,ALPHAT_14_1_50,0.9942597347356184
AGt_13_8_5,ABER_ZG_5_15,0.994255642838356
ABER_XG_5_15,VWAP_D,0.994255038704742
HLC3,ABER_XG_5_15,0.9942538055040544
High,ABER_XG_5_15,0.9942501080651579
Open,ABER_XG_5_15,0.9942409429988028
PWMA_10,KCLe_20_2,0.9942381555676836
DEMA_10,BBL_5_2.0_2.0,0.9942376441954375
PIVOTS_TRAD_D_S2,WMA_10,0.9942240346314499
QTL_30_0.5,KCUe_20_2,0.9942215704543981
MEDIAN_30,KCUe_20_2,0.9942215704543981
ABER_ZG_5_15,BBL_5_2.0_2.0,0.994221200568568
LINREG_14,ABER_SG_5_15,0.9942062746055339
CHDLREXTl_22_22_14_2.0,KCUe_20_2,0.9942060210772636
KAMA_10_2_30,ATRTSe_14_20_3.0,0.9941928475257684
AGt_13_8_5,ATRTSe_14_20_3.0,0.9941839249364117
AGj_13_8_5,AGl_13_8_5,0.9941555370825262
EMA_10,JMA_7_0.0,0.9941479825082946
ABER_SG_5_15,VWAP_D,0.9941457601474453
HLC3,ABER_SG_5_15,0.99414396799002
WMA_10,KCBe_20_2,0.9941413369374419
ALMA_9_6.0_0.85,WCP,0.9941407596755313
LINREG_14,WMA_10,0.9941235449353316
SSF_20,ABER_ZG_5_15,0.9941186245057954
KCBe_20_2,VWMA_10,0.994117285485774
AGl_13_8_5,ZL_EMA_10,0.9941054414491732
WCP,ABER_XG_5_15,0.9941027139698371
SSF3_20,ABER_SG_5_15,0.9940910925952676
ALPHATl_14_1_50_2,ABER_SG_5_15,0.9940753521122945
SSF3_20,ABER_ZG_5_15,0.994072954013605
Low,ABER_ZG_5_15,0.9940690846260707
SSF3_20,ACCBL_20,0.9940626975079556
SINWMA_14,ALPHAT_14_1_50,0.9940563377908348
TRIMA_10,ACCBL_20,0.9940477997891554
AGj_13_8_5,SMA_10,0.994042239744067
HILO_13_21,HILOs_13_21,0.9940281160961677
WCP,ABER_SG_5_15,0.9940239760465703
SINWMA_14,ACCBU_20,0.994015240452352
ALMA_9_6.0_0.85,LDECAY_1,0.994011828522121
AGl_13_8_5,MIDPOINT_2,0.9940059197270289
KAMA_10_2_30,PWMA_10,0.9940054245199628
AGt_13_8_5,BBM_5_2.0_2.0,0.9940002694100423
ALMA_9_6.0_0.85,BBL_5_2.0_2.0,0.9939995580554071
ALPHAT_14_1_50,KCBe_20_2,0.9939962033372036
EMA_10,KCUe_20_2,0.9939848948843072
LINREG_14,PIVOTS_TRAD_D_P,0.9939784749258046
AGt_13_8_5,ALMA_9_6.0_0.85,0.9939783033645837
Low,PIVOTS_TRAD_D_R2,0.9939750619876888
LDECAY_1,ABER_SG_5_15,0.9939735022441869
Close,PIVOTS_TRAD_D_R2,0.9939733454560774
KAMA_10_2_30,T3_10_0.7,0.9939653322455501
Low,ABER_XG_5_15,0.9939492132828174
Close,ABER_ZG_5_15,0.993930964333065
ACCBM_20,ATRTSe_14_20_3.0,0.9939279073184267
IKS_26,KCLe_20_2,0.9939242609257851
ZL_EMA_10,BBL_5_2.0_2.0,0.9939154271812289
ALMA_9_6.0_0.85,SSF_20,0.9939153964434985
ALMA_9_6.0_0.85,SSF3_20,0.9939105287211224
ACCBM_20,CHDLREXTl_22_22_14_2.0,0.9939097376986261
T3_10_0.7,ALPHAT_14_1_50,0.9938955355006047
Open,ABER_SG_5_15,0.9938926817744518
EMA_10,ACCBM_20,0.9938682355100433
CHDLREXTs_22_22_14_2.0,DCM_20_20,0.9938656438535537
FWMA_10,BBL_5_2.0_2.0,0.9938627794484066
FWMA_10,BBU_5_2.0_2.0,0.993858485273159
HMA_10,BBL_5_2.0_2.0,0.9938484126196453
SMMA_7,ABER_XG_5_15,0.993843611900059
LDECAY_1,ABER_XG_5_15,0.9938390502478153
SMA_10,ACCBL_20,0.9938384748894743
LINREG_14,MIDPRICE_2,0.9938227174149499
EMA_10,PIVOTS_TRAD_D_R2,0.9938103752875662
ATRTSe_14_20_3.0,KCLe_20_2,0.9937707902395403
PWMA_10,KCBe_20_2,0.9937706380108932
CKSPl_10_3_20,CHDLREXTl_22_22_14_2.0,0.9937596635695263
SSF_20,BBM_5_2.0_2.0,0.9937571963962973
AGj_13_8_5,ALPHATl_14_1_50_2,0.9937444200570981
TEMA_10,BBL_5_2.0_2.0,0.9937404016588347
SMA_10,ACCBM_20,0.9937403654001521
ACCBL_20,ACCBU_20,0.993735149570687
EMA_10,PIVOTS_TRAD_D_R1,0.993732451142739
TRIMA_10,ACCBM_20,0.9937096600881081
SSF3_20,BBM_5_2.0_2.0,0.9936978854590126
SSF3_20,ACCBM_20,0.9936908491045414
Low,ALMA_9_6.0_0.85,0.9936819865952711
HILO_13_21,SSF3_20,0.9936785402705612
OBV_min_2,OBVe_4,0.9936727221929967
High,WMA_10,0.9936711250012443
KAMA_10_2_30,ABER_SG_5_15,0.9936618156051255
IKS_26,KCUe_20_2,0.9936589161283531
PIVOTS_TRAD_D_P,PIVOTS_TRAD_D_R4,0.9936570218930226
PIVOTS_TRAD_D_P,PIVOTS_TRAD_D_R3,0.9936570218930226
ACCBL_20,KCUe_20_2,0.9936316883045919
IKS_26,ACCBU_20,0.9936281554396137
PIVOTS_TRAD_D_R1,ALPHAT_14_1_50,0.9936225125951497
MIDPRICE_2,PIVOTS_TRAD_D_S3,0.9936193670481919
MIDPRICE_2,PIVOTS_TRAD_D_S4,0.9936193670481919
HILO_13_21,TRIMA_10,0.9936175638908714
PIVOTS_TRAD_D_R2,ALPHAT_14_1_50,0.9936122101378109
AGj_13_8_5,TRIMA_10,0.9936087877681823
LINREG_14,PIVOTS_TRAD_D_S1,0.9936055952174945
AGt_13_8_5,HT_TL,0.993602883328426
Close,ALMA_9_6.0_0.85,0.9935795851251257
MIDPRICE_2,ALPHAT_14_1_50,0.9935667971827401
Close,ABER_SG_5_15,0.9935315205242035
IKS_26,CKSPs_10_3_20,0.9935130759667639
IKS_26,CHDLREXTs_22_22_14_2.0,0.9935038940991598
MIDPOINT_2,PIVOTS_TRAD_D_S4,0.993488189401601
MIDPOINT_2,PIVOTS_TRAD_D_S3,0.993488189401601
Close,ABER_XG_5_15,0.9934784577323729
OBV_min_2,OBV_max_2,0.9934686383817097
ALPHATl_14_1_50_2,ACCBM_20,0.9934420845350429
DEMA_10,SWMA_10,0.9934414153028871
KAMA_10_2_30,KCUe_20_2,0.9934374659929669
LINREG_14,MIDPOINT_2,0.9934353607315373
ALPHATl_14_1_50_2,DCM_20_20,0.9934315468132553
AGj_13_8_5,CHDLREXTl_22_22_14_2.0,0.9934311908262891
IKS_26,AGt_13_8_5,0.9934194332620291
CHDLREXTl_22_22_14_2.0,DCM_20_20,0.993390801087817
EMA_10,DCM_20_20,0.9933821109901093
HT_TL,CHDLREXTl_22_22_14_2.0,0.9933729762926646
OHLC4,WMA_10,0.9933503184949469
DCU_20_20,KCUe_20_2,0.993343660772616
AGl_13_8_5,PIVOTS_TRAD_D_S1,0.9933356854119259
KAMA_10_2_30,ACCBM_20,0.993328197638606
HL2,WMA_10,0.9933249402892466
Low,ABER_SG_5_15,0.9933172449583052
DEMA_10,SMA_10,0.9933098031404987
MIDPOINT_2,ALPHAT_14_1_50,0.9933093970087962
ITS_9,DEMA_10,0.9933054093971254
ADX_14,ADXR_14_2,0.9932653801076421
EMA_10,PIVOTS_TRAD_D_P,0.9932600910917517
PIVOTS_TRAD_D_P,ALPHAT_14_1_50,0.9932593793031794
HILO_13_21,ALPHATl_14_1_50_2,0.9932476335098175
DEMA_10,EMA_10,0.9932465593022817
SSF3_20,ABER_XG_5_15,0.9932426572142621
SMMA_7,ACCBU_20,0.9932367361637345
EMA_10,MIDPRICE_2,0.9932337255908317
ITS_9,JMA_7_0.0,0.9932314376365713
HILO_13_21,SMA_10,0.9932249083421312
HT_TL,ATRTSe_14_20_3.0,0.9932170077703877
SMMA_7,ATRTSe_14_20_3.0,0.9932076753982727
FWMA_10,PWMA_10,0.9932073392014389
ABER_XG_5_15,BBU_5_2.0_2.0,0.9931861181135441
HLC3,WMA_10,0.993184880636294
WMA_10,VWAP_D,0.9931847229285948
SMMA_7,BBU_5_2.0_2.0,0.9931804474741659
FWMA_10,TRIMA_10,0.9931656897502187
ALPHATl_14_1_50_2,ABER_ZG_5_15,0.9931649595702642
AGt_13_8_5,FWMA_10,0.9931541055424912
SMA_10,BBU_5_2.0_2.0,0.9931457837048605
SWMA_10,BBU_5_2.0_2.0,0.9931162502882217
PIVOTS_TRAD_D_S4,PIVOTS_TRAD_D_R1,0.9930935907783255
PIVOTS_TRAD_D_S3,PIVOTS_TRAD_D_R1,0.9930935907783255
SMA_10,KCUe_20_2,0.9930919550805151
WCP,WMA_10,0.9930742950806305
ALMA_9_6.0_0.85,ALPHATl_14_1_50_2,0.9930679109091007
LINREG_14,PIVOTS_TRAD_D_S2,0.9930643823839279
SWMA_10,ACCBL_20,0.9930584976784178
AGl_13_8_5,KCUe_20_2,0.9930491717253822
AGj_13_8_5,SSF3_20,0.9930392782846503
DEMA_10,ALPHAT_14_1_50,0.9930347702781491
HT_TL,KCLe_20_2,0.9930190069969966
PIVOTS_TRAD_D_R2,BBU_5_2.0_2.0,0.9930120765723583
EMA_10,ACCBL_20,0.9930099755110572
WMA_10,LDECAY_1,0.9929938669225048
DCL_20_20,DCM_20_20,0.9929709407467594
LINREG_14,BBL_5_2.0_2.0,0.9929702925702939
IKS_26,ATRTSe_14_20_3.0,0.9929582789703761
CHDLREXTl_22_22_14_2.0,KCBe_20_2,0.9929392557894917
EMA_10,ZL_EMA_10,0.9929263307281921
LINREG_14,PIVOTS_TRAD_D_R1,0.9929254025733438
EMA_10,MIDPOINT_2,0.9929136772560678
PIVOTS_TRAD_D_R3,ABER_SG_5_15,0.9929061036012772
PIVOTS_TRAD_D_R4,ABER_SG_5_15,0.9929061036012772
KAMA_10_2_30,ABER_ZG_5_15,0.9928828030981316
KAMA_10_2_30,DCM_20_20,0.992872523735176
ZL_EMA_10,ALPHAT_14_1_50,0.9928593477978217
Open,WMA_10,0.9928449239319818
AGl_13_8_5,ACCBM_20,0.9928335685012756
TRIMA_10,KCUe_20_2,0.992823165886105
WMA_10,BBL_5_2.0_2.0,0.9928089404397588
SSF_20,ACCBU_20,0.9927858056488955
RMA_10,ABER_SG_5_15,0.992776958857801
High,AGl_13_8_5,0.9927685296555762
T3_10_0.7,DCM_20_20,0.9927595657636525
PIVOTS_TRAD_D_S1,BBL_5_2.0_2.0,0.9927477353596723
MCGD_10,ABER_SG_5_15,0.9927382069031178
ALPHATl_14_1_50_2,BBM_5_2.0_2.0,0.9927351500254966
AGl_13_8_5,PIVOTS_TRAD_D_S2,0.9927350675225951
JMA_7_0.0,SMA_10,0.9927198878902287
RMA_10,CHDLREXTl_22_22_14_2.0,0.9927140386361095
SSF_20,ABER_XG_5_15,0.9926987667002511
AGj_13_8_5,SWMA_10,0.9926951897717279
DEMA_10,PWMA_10,0.9926822101766459
DEMA_10,VWMA_10,0.9926718063357088
JMA_7_0.0,VWMA_10,0.9926535794987554
ALPHATl_14_1_50_2,ACCBL_20,0.9926502456097946
KAMA_10_2_30,BBM_5_2.0_2.0,0.9926474252987668
ATRTSe_14_20_3.0,DCM_20_20,0.9926349148026692
HWL_1,HWU_1,0.9926345612130034
AGt_13_8_5,ABER_XG_5_15,0.9926171286977247
Close,WMA_10,0.9926124723003193
ALMA_9_6.0_0.85,KAMA_10_2_30,0.9925889123567776
PIVOTS_TRAD_D_S2,BBL_5_2.0_2.0,0.9925862396267215
AGj_13_8_5,T3_10_0.7,0.9925856949284603
CKSPl_10_3_20,DCU_20_20,0.9925711654977941
ABER_SG_5_15,KCLe_20_2,0.992563446392046
PWMA_10,BBU_5_2.0_2.0,0.9925557989887024
AGl_13_8_5,DCM_20_20,0.9925523957932337
SMA_10,DCM_20_20,0.9925155861478085
ITS_9,AGj_13_8_5,0.9925034333100768
MIDPRICE_2,PIVOTS_TRAD_D_R4,0.9925018398208113
MIDPRICE_2,PIVOTS_TRAD_D_R3,0.9925018398208113
ALPHATl_14_1_50_2,KCUe_20_2,0.9925007199614225
T3_10_0.7,ABER_ZG_5_15,0.9924936394634882
SWMA_10,ACCBM_20,0.9924854804330002
ALPHAT_14_1_50,BBU_5_2.0_2.0,0.9924833030929656
LINREG_14,OHLC4,0.9924766213392818
JMA_7_0.0,SWMA_10,0.9924708981009958
EMA_10,HILO_13_21,0.992467433296558
T3_10_0.7,ABER_SG_5_15,0.9924670799488227
JMA_7_0.0,BBU_5_2.0_2.0,0.992461447861937
KAMA_10_2_30,ACCBL_20,0.9924259760191394
Low,WMA_10,0.9924226556319186
JMA_7_0.0,PIVOTS_TRAD_D_S3,0.9924124093081711
JMA_7_0.0,PIVOTS_TRAD_D_S4,0.9924124093081711
MIDPRICE_2,BBL_5_2.0_2.0,0.9923793123352388
FWMA_10,PIVOTS_TRAD_D_S3,0.9923713170937302
FWMA_10,PIVOTS_TRAD_D_S4,0.9923713170937302
PIVOTS_TRAD_D_S4,ZL_EMA_10,0.9923588001193022
PIVOTS_TRAD_D_S3,ZL_EMA_10,0.9923588001193022
ACCBU_20,ATRTSe_14_20_3.0,0.9923540312845922
IKS_26,MEDIAN_30,0.9923488211543402
IKS_26,QTL_30_0.5,0.9923488211543402
ABER_ZG_5_15,KCLe_20_2,0.9923423561637322
HILO_13_21,SWMA_10,0.9923410215863392
FWMA_10,SSF_20,0.9923383375190646
PIVOTS_TRAD_D_R1,BBU_5_2.0_2.0,0.992335955103063
SSF3_20,KCUe_20_2,0.9923345064985307
FWMA_10,PIVOTS_TRAD_D_R3,0.9923309960852469
FWMA_10,PIVOTS_TRAD_D_R4,0.9923309960852469
PIVOTS_TRAD_D_S1,ALPHAT_14_1_50,0.9923279840712096
High,ALPHAT_14_1_50,0.9923247932855309
ALMA_9_6.0_0.85,T3_10_0.7,0.9923059216897858
ITS_9,BBU_5_2.0_2.0,0.9923028583711831
HL2,LINREG_14,0.9922991004511328
ITS_9,PIVOTS_TRAD_D_R2,0.9922813814766221
Open,LINREG_14,0.9922800876139666
EMA_10,PIVOTS_TRAD_D_S1,0.9922715652784627
ABER_SG_5_15,BBL_5_2.0_2.0,0.9922682380017293
AGt_13_8_5,BBU_5_2.0_2.0,0.9922648315391419
ITS_9,PIVOTS_TRAD_D_R1,0.9922612220360035
ZL_EMA_10,BBU_5_2.0_2.0,0.9922403459652972
AGl_13_8_5,ACCBL_20,0.9922360257265377
ACCBU_20,KCLe_20_2,0.9922304246282531
PIVOTS_TRAD_D_P,BBL_5_2.0_2.0,0.9922226604095509
CKSPs_10_3_20,CHDLREXTs_22_22_14_2.0,0.9922098825256165
TRIMA_10,BBU_5_2.0_2.0,0.9922084962066592
IKS_26,SMMA_7,0.992204126346713
QTL_30_0.5,KCBe_20_2,0.9921919004515296
MEDIAN_30,KCBe_20_2,0.9921919004515296
SINWMA_14,HT_TL,0.9921853465587693
HILO_13_21,QTL_30_0.5,0.9921665572180765
HILO_13_21,MEDIAN_30,0.9921665572180765
FWMA_10,SSF3_20,0.992142685678127
IKS_26,CHDLREXTl_22_22_14_2.0,0.9921281556644055
DEMA_10,BBU_5_2.0_2.0,0.9921263765177142
ABER_SG_5_15,KCBe_20_2,0.9921238750986325
AGl_13_8_5,HL2,0.9921156689026821
T3_10_0.7,BBM_5_2.0_2.0,0.992104992689739
AGl_13_8_5,OHLC4,0.9920897833806819
ITS_9,DCM_20_20,0.9920809429560647
LINREG_14,VWAP_D,0.9920789682877404
HLC3,LINREG_14,0.9920760601882133
MCGD_10,ABER_ZG_5_15,0.9920587822151048
BBM_5_2.0_2.0,KCLe_20_2,0.9920457813246816
SSF_20,BBU_5_2.0_2.0,0.99203615113348
AGl_13_8_5,HLC3,0.9920336557322124
AGl_13_8_5,VWAP_D,0.9920323209264151
TRIMA_10,DCM_20_20,0.9920171205890421
ITS_9,MIDPRICE_2,0.9920115133692438
ALMA_9_6.0_0.85,KCLe_20_2,0.9920027905453064
ALMA_9_6.0_0.85,PIVOTS_TRAD_D_R3,0.9919967502385213
ALMA_9_6.0_0.85,PIVOTS_TRAD_D_R4,0.9919967502385213
T3_10_0.7,KCUe_20_2,0.9919956767485569
SMMA_7,HT_TL,0.9919822185975884
AGl_13_8_5,LDECAY_1,0.9919817146831984
ITS_9,PIVOTS_TRAD_D_P,0.9919610265446508
AGl_13_8_5,WCP,0.9919563084311146
MIDPOINT_2,BBL_5_2.0_2.0,0.9919522083346012
Low,LINREG_14,0.9919462909566874
JMA_7_0.0,SMMA_7,0.9919292039355657
FWMA_10,KAMA_10_2_30,0.9919117372892288
LINREG_14,WCP,0.9919112120484184
MIDPOINT_2,PIVOTS_TRAD_D_R3,0.9919068121341653
MIDPOINT_2,PIVOTS_TRAD_D_R4,0.9919068121341653
SWMA_10,KCUe_20_2,0.99190129420501
SINWMA_14,ABER_SG_5_15,0.9918710917033673
HILO_13_21,KAMA_10_2_30,0.9918585874055802
ITS_9,ACCBM_20,0.9918550370962831
DEMA_10,TRIMA_10,0.9918521277243985
AGl_13_8_5,HMA_10,0.9918505667328896
PIVOTS_TRAD_D_P,BBU_5_2.0_2.0,0.9918435946226839
AGl_13_8_5,TEMA_10,0.9918236162142724
HILO_13_21,ATRTSe_14_20_3.0,0.9918003164988282
PIVOTS_TRAD_D_R4,ABER_ZG_5_15,0.9917858466786125
PIVOTS_TRAD_D_R3,ABER_ZG_5_15,0.9917858466786125
ITS_9,ACCBL_20,0.9917847422062386
PIVOTS_TRAD_D_R3,BBM_5_2.0_2.0,0.9917760339769609
PIVOTS_TRAD_D_R4,BBM_5_2.0_2.0,0.9917760339769609
ITS_9,ZL_EMA_10,0.9917758524205824
HILO_13_21,CHDLREXTs_22_22_14_2.0,0.9917757677160258
MCGD_10,BBM_5_2.0_2.0,0.9917756975885611
HILOs_13_21,HT_TL,0.9917542274087163
ALMA_9_6.0_0.85,MCGD_10,0.9917359131739389
QTL_30_0.5,CHDLREXTl_22_22_14_2.0,0.9917349914266091
MEDIAN_30,CHDLREXTl_22_22_14_2.0,0.9917349914266091
T3_10_0.7,ABER_XG_5_15,0.9917342736159422
PIVOTS_TRAD_D_R1,VWMA_10,0.9917119427902364
High,EMA_10,0.9916953769796523
PIVOTS_TRAD_D_S1,PIVOTS_TRAD_D_R3,0.9916928754390697
PIVOTS_TRAD_D_S1,PIVOTS_TRAD_D_R4,0.9916928754390697
PWMA_10,ACCBL_20,0.9916879005403164
EMA_10,PIVOTS_TRAD_D_S2,0.9916863786022986
HL2,ALPHAT_14_1_50,0.9916822191591433
High,LINREG_14,0.9916705652784843
PIVOTS_TRAD_D_R2,SMMA_7,0.9916698443190501
OHLC4,ALPHAT_14_1_50,0.9916462912558075
BBU_5_2.0_2.0,VWMA_10,0.9916407376583054
ALPHATl_14_1_50_2,ABER_XG_5_15,0.9916218486571298
Close,AGl_13_8_5,0.9916202910435588
ACCBL_20,DCL_20_20,0.9915853368471895
RMA_10,QTL_30_0.5,0.9915848552627393
RMA_10,MEDIAN_30,0.9915848552627393
RMA_10,ABER_ZG_5_15,0.9915810965436138
PIVOTS_TRAD_D_R2,VWMA_10,0.9915786578335003
HLC3,ALPHAT_14_1_50,0.9915711462326721
ALPHAT_14_1_50,VWAP_D,0.9915705121866286
SSF3_20,DCM_20_20,0.991567855891071
PIVOTS_TRAD_D_R2,SMA_10,0.9915506175110845
LINREG_14,LDECAY_1,0.9915429797142069
HILOs_13_21,ACCBM_20,0.9915368054682139
DEMA_10,HWMA_0.2_0.1_0.1,0.9915311716703992
DEMA_10,HWM_1,0.9915311716703992
PIVOTS_TRAD_D_R1,SMA_10,0.991529436691619
PIVOTS_TRAD_D_S2,ALPHAT_14_1_50,0.9915289005233395
PIVOTS_TRAD_D_R4,ZL_EMA_10,0.9915206601567611
PIVOTS_TRAD_D_R3,ZL_EMA_10,0.9915206601567611
ITS_9,MIDPOINT_2,0.9915152104159948
PIVOTS_TRAD_D_R1,SMMA_7,0.9915082492532699
LINREG_14,PIVOTS_TRAD_D_R2,0.9914962668459832
ABER_XG_5_15,KCLe_20_2,0.9914802804114053
WCP,ALPHAT_14_1_50,0.9914737016410005
AGl_13_8_5,HILO_13_21,0.9914682420925792
KAMA_10_2_30,ABER_XG_5_15,0.9914472162243521
ALPHAT_14_1_50,DCM_20_20,0.9914390699754578
QTL_30_0.5,CKSPl_10_3_20,0.9914282484667852
MEDIAN_30,CKSPl_10_3_20,0.9914282484667852
Open,AGl_13_8_5,0.991410827024033
PIVOTS_TRAD_D_S3,BBM_5_2.0_2.0,0.9914071662571351
PIVOTS_TRAD_D_S4,BBM_5_2.0_2.0,0.9914071662571351
JMA_7_0.0,PWMA_10,0.991401720557117
ACCBM_20,DCU_20_20,0.9913973113466801
ALMA_9_6.0_0.85,PIVOTS_TRAD_D_S4,0.9913619111601567
ALMA_9_6.0_0.85,PIVOTS_TRAD_D_S3,0.9913619111601567
PIVOTS_TRAD_D_R4,WMA_10,0.991349834084513
PIVOTS_TRAD_D_R3,WMA_10,0.991349834084513
HWMA_0.2_0.1_0.1,LINREG_14,0.9913427274125889
LINREG_14,HWM_1,0.9913427274125889
HILOl_13_21,QTL_30_0.5,0.9913307245891583
HILOl_13_21,MEDIAN_30,0.9913307245891583
SMA_10,ZL_EMA_10,0.991312325215767
HMA_10,BBU_5_2.0_2.0,0.9912949392565314
AGj_13_8_5,VWMA_10,0.9912912016210922
ALPHAT_14_1_50,LDECAY_1,0.9912878753185121
RMA_10,BBM_5_2.0_2.0,0.9912844071724045
IKS_26,HILOs_13_21,0.9912841496189794
ALMA_9_6.0_0.85,RMA_10,0.9912786486823981
MIDPRICE_2,BBU_5_2.0_2.0,0.9912775147228731
SINWMA_14,ABER_ZG_5_15,0.9912626655006812
PIVOTS_TRAD_D_P,VWMA_10,0.9912539851514632
AGj_13_8_5,ALPHAT_14_1_50,0.9912502558136229
AGl_13_8_5,PIVOTS_TRAD_D_R4,0.9912408189207348
AGl_13_8_5,PIVOTS_TRAD_D_R3,0.9912408189207348
PIVOTS_TRAD_D_S4,ABER_ZG_5_15,0.991232684717469
PIVOTS_TRAD_D_S3,ABER_ZG_5_15,0.991232684717469
ITS_9,KCUe_20_2,0.9912196504588403
FWMA_10,KCLe_20_2,0.9912184871985682
Close,LINREG_14,0.9912089971021982
PIVOTS_TRAD_D_P,SMA_10,0.991200723800826
High,PIVOTS_TRAD_D_R4,0.9912004447070044
High,PIVOTS_TRAD_D_R3,0.9912004447070044
AGt_13_8_5,CHDLREXTl_22_22_14_2.0,0.991198528828565
HILOs_13_21,ACCBL_20,0.9911681712905733
HMA_10,PIVOTS_TRAD_D_S3,0.991168053776604
HMA_10,PIVOTS_TRAD_D_S4,0.991168053776604
ITS_9,HILO_13_21,0.9911637363177984
HT_TL,DCU_20_20,0.9911615996596419
EMA_10,ATRTSe_14_20_3.0,0.9911587600318686
JMA_7_0.0,PIVOTS_TRAD_D_R4,0.9911541197349603
JMA_7_0.0,PIVOTS_TRAD_D_R3,0.9911541197349603
ZL_EMA_10,VWMA_10,0.9911438563353399
ACCBL_20,CHDLREXTs_22_22_14_2.0,0.9911317581947181
SWMA_10,DCM_20_20,0.9911268087051778
PIVOTS_TRAD_D_S3,ABER_SG_5_15,0.9911216562772489
PIVOTS_TRAD_D_S4,ABER_SG_5_15,0.9911216562772489
Low,BBL_5_2.0_2.0,0.9911187585390442
HILO_13_21,PWMA_10,0.9911118900322545
FWMA_10,ALPHATl_14_1_50_2,0.9911042103532489
ALPHATl_14_1_50_2,BBU_5_2.0_2.0,0.9910959970964021
PIVOTS_TRAD_D_S4,PIVOTS_TRAD_D_R2,0.9910822553111978
PIVOTS_TRAD_D_S3,PIVOTS_TRAD_D_R2,0.9910822553111978
MIDPRICE_2,VWMA_10,0.9910799111936807
PIVOTS_TRAD_D_R4,BBU_5_2.0_2.0,0.9910695572547804
PIVOTS_TRAD_D_R3,BBU_5_2.0_2.0,0.9910695572547804
SSF_20,ATRTSe_14_20_3.0,0.9910574533511028
Close,ALPHAT_14_1_50,0.9910499125278432
IKS_26,SINWMA_14,0.9910402890490337
Low,AGl_13_8_5,0.9910349837069662
Open,ALPHAT_14_1_50,0.991032112453499
AGj_13_8_5,WMA_10,0.9910288729631824
ALMA_9_6.0_0.85,SINWMA_14,0.9910230655287279
SSF3_20,BBU_5_2.0_2.0,0.9910131337593766
AGj_13_8_5,PWMA_10,0.991007819705032
MEDIAN_30,DCM_20_20,0.9910072869395974
QTL_30_0.5,DCM_20_20,0.9910072869395974
T3_10_0.7,ACCBU_20,0.9909947972371621
PIVOTS_TRAD_D_S3,TEMA_10,0.9909855158614759
PIVOTS_TRAD_D_S4,TEMA_10,0.9909855158614759
DEMA_10,SMMA_7,0.9909732514456846
EMA_10,HL2,0.9909630507322612
DEMA_10,SSF3_20,0.9909625649648318
QTL_30_0.5,ACCBL_20,0.9909547266285991
MEDIAN_30,ACCBL_20,0.9909547266285991
PWMA_10,ACCBM_20,0.9909484109062014
ITS_9,PIVOTS_TRAD_D_S1,0.9909482478667416
PIVOTS_TRAD_D_P,SMMA_7,0.9909394573045123
SWMA_10,ZL_EMA_10,0.9909339988158424
EMA_10,OHLC4,0.9909263824034068
MIDPOINT_2,VWMA_10,0.9908958532147374
SSF_20,HT_TL,0.9908881034381767
EMA_10,HLC3,0.9908846908400794
EMA_10,VWAP_D,0.9908830425273943
FWMA_10,MCGD_10,0.990854280519525
EMA_10,LDECAY_1,0.99084987496652
ABER_ZG_5_15,KCBe_20_2,0.9908486182855378
MIDPOINT_2,BBU_5_2.0_2.0,0.9908398514359761
SINWMA_14,BBM_5_2.0_2.0,0.990838834518749
ACCBL_20,ATRTSe_14_20_3.0,0.9908294782864827
JMA_7_0.0,TRIMA_10,0.9908236302635075
EMA_10,WCP,0.9908102285976303
MIDPRICE_2,SMMA_7,0.990802973764432
SINWMA_14,ATRTSe_14_20_3.0,0.9907862684805022
MIDPRICE_2,SMA_10,0.9907788065567263
MCGD_10,CHDLREXTl_22_22_14_2.0,0.9907483481066233
PIVOTS_TRAD_D_R1,BBL_5_2.0_2.0,0.9907481176787847
TEMA_10,ALPHAT_14_1_50,0.9907372425043628
High,PIVOTS_TRAD_D_S3,0.9907313275287878
High,PIVOTS_TRAD_D_S4,0.9907313275287878
DCM_20_20,VWMA_10,0.9907133883369852
ATRTSe_14_20_3.0,CHDLREXTl_22_22_14_2.0,0.9907075072555174
OHLC4,BBL_5_2.0_2.0,0.990696476712847
HL2,PIVOTS_TRAD_D_S4,0.9906919519582132
HL2,PIVOTS_TRAD_D_S3,0.9906919519582132
MCGD_10,MEDIAN_30,0.9906903228340106
MCGD_10,QTL_30_0.5,0.9906903228340106
MEDIAN_30,ATRTSe_14_20_3.0,0.9906866857246867
QTL_30_0.5,ATRTSe_14_20_3.0,0.9906866857246867
PIVOTS_TRAD_D_S3,ABER_XG_5_15,0.9906822076048687
PIVOTS_TRAD_D_S4,ABER_XG_5_15,0.9906822076048687
ACCBM_20,VWMA_10,0.9906809493121983
HILOs_13_21,CHDLREXTs_22_22_14_2.0,0.990679481427295
MCGD_10,ABER_XG_5_15,0.99065544579884
OHLC4,PIVOTS_TRAD_D_S4,0.9906550484726601
OHLC4,PIVOTS_TRAD_D_S3,0.9906550484726601
Low,ALPHAT_14_1_50,0.9906531028977426
PIVOTS_TRAD_D_R2,SWMA_10,0.9906487826690519
LINREG_14,SWMA_10,0.990645394330213
FWMA_10,T3_10_0.7,0.9906273803852214
EMA_10,PIVOTS_TRAD_D_R4,0.9906221372712452
EMA_10,PIVOTS_TRAD_D_R3,0.9906221372712452
HL2,BBL_5_2.0_2.0,0.9906220877860986
PIVOTS_TRAD_D_S1,BBU_5_2.0_2.0,0.9906140219668235
PIVOTS_TRAD_D_R1,SWMA_10,0.9905946043666695
HILO_13_21,CHDLREXTl_22_22_14_2.0,0.9905932636311046
LINREG_14,PWMA_10,0.99057772867342
CKSPl_10_3_20,HT_TL,0.9905756786579867
Open,PIVOTS_TRAD_D_R3,0.9905599706529487
Open,PIVOTS_TRAD_D_R4,0.9905599706529487
MCGD_10,CHDLREXTs_22_22_14_2.0,0.9905598972238363
MEDIAN_30,DCU_20_20,0.9905598901923252
QTL_30_0.5,DCU_20_20,0.9905598901923252
BBM_5_2.0_2.0,KCBe_20_2,0.9905430478643301
Open,PIVOTS_TRAD_D_S4,0.9905414345539476
Open,PIVOTS_TRAD_D_S3,0.9905414345539476
ALMA_9_6.0_0.85,KCBe_20_2,0.9905371427821187
BBL_5_2.0_2.0,VWAP_D,0.990533938142203
HLC3,BBL_5_2.0_2.0,0.9905314163611435
EMA_10,HMA_10,0.990526375278481
SMMA_7,ZL_EMA_10,0.9905020079969321
EMA_10,ACCBU_20,0.9904962320996168
Close,EMA_10,0.9904872594079703
HLC3,PIVOTS_TRAD_D_S4,0.9904837140978097
HLC3,PIVOTS_TRAD_D_S3,0.9904837140978097
ACCBL_20,VWMA_10,0.9904825199604022
PIVOTS_TRAD_D_S4,VWAP_D,0.9904799918264159
PIVOTS_TRAD_D_S3,VWAP_D,0.9904799918264159
PWMA_10,KCUe_20_2,0.9904668154229964
WMA_10,ACCBL_20,0.9904646986376374
AGt_13_8_5,JMA_7_0.0,0.9904575521219826
DCL_20_20,KCLe_20_2,0.9904521134163276
OBVe_4,OBVe_12,0.9904471677709169
WCP,BBL_5_2.0_2.0,0.9904406518696616
HILOs_13_21,DCM_20_20,0.9904229003134948
HMA_10,ALPHAT_14_1_50,0.9904226163641907
Low,PIVOTS_TRAD_D_S4,0.9904203050016365
Low,PIVOTS_TRAD_D_S3,0.9904203050016365
EMA_10,TEMA_10,0.9904117680478104
MIDPOINT_2,SMMA_7,0.9904005189972241
PIVOTS_TRAD_D_P,SWMA_10,0.9903975564615486
High,ITS_9,0.9903756675418726
IKS_26,SSF_20,0.9903608895868962
ITS_9,PIVOTS_TRAD_D_S2,0.9903592680901303
HILOs_13_21,PSARs_0.02_0.2,0.9903558391159898
PIVOTS_TRAD_D_S4,WCP,0.9903519436937495
PIVOTS_TRAD_D_S3,WCP,0.9903519436937495
FWMA_10,RMA_10,0.9903491907315165
TEMA_10,BBU_5_2.0_2.0,0.9903311060040422
Open,BBL_5_2.0_2.0,0.9903250183581891
HMA_10,PIVOTS_TRAD_D_R4,0.9903081539546694
HMA_10,PIVOTS_TRAD_D_R3,0.9903081539546694
AGt_13_8_5,PIVOTS_TRAD_D_R2,0.9902843215416276
IKS_26,KAMA_10_2_30,0.9902765413717869
ALPHATl_14_1_50_2,ACCBU_20,0.9902648649852965
AGl_13_8_5,BBL_5_2.0_2.0,0.990264779578141
MIDPOINT_2,SMA_10,0.9902633617088898
CHDLREXTs_22_22_14_2.0,KCLe_20_2,0.9902495919487084
AGj_13_8_5,DCU_20_20,0.9902472103666691
Open,EMA_10,0.9902323241575992
HILO_13_21,DCL_20_20,0.9902256061242705
PIVOTS_TRAD_D_R3,ALPHAT_14_1_50,0.9902132380031764
PIVOTS_TRAD_D_R4,ALPHAT_14_1_50,0.9902132380031764
HILO_13_21,PSARs_0.02_0.2,0.9902043470225165
PIVOTS_TRAD_D_S4,LDECAY_1,0.9902041485693109
PIVOTS_TRAD_D_S3,LDECAY_1,0.9902041485693109
RMA_10,BBU_5_2.0_2.0,0.990193482605038
HILOs_13_21,CKSPs_10_3_20,0.9901872304385706
MAD_30,STDEV_30,0.9901776593020798
OBV,OBVe_4,0.9901643855385386
AGj_13_8_5,HILOs_13_21,0.9901529386176
TRIMA_10,ACCBU_20,0.9901441711863945
PIVOTS_TRAD_D_S1,VWMA_10,0.9901437634377398
LINREG_14,HWU_1,0.9901358438703203
AGl_13_8_5,ATRTSe_14_20_3.0,0.9901187549683302
ACCBL_20,CHDLREXTl_22_22_14_2.0,0.9901031445791734
AGt_13_8_5,PIVOTS_TRAD_D_R1,0.9900985383431788
IKS_26,DCL_20_20,0.9900950159301708
KAMA_10_2_30,BBU_5_2.0_2.0,0.990078253851285
PIVOTS_TRAD_D_S1,SMA_10,0.990057296845437
DEMA_10,PIVOTS_TRAD_D_R3,0.9900498970149698
DEMA_10,PIVOTS_TRAD_D_R4,0.9900498970149698
SMA_10,ACCBU_20,0.9900477850699554
DEMA_10,PIVOTS_TRAD_D_S4,0.9900460511159735
DEMA_10,PIVOTS_TRAD_D_S3,0.9900460511159735
WMA_10,KCUe_20_2,0.9900287880337955
PIVOTS_TRAD_D_R4,ABER_XG_5_15,0.9900229947751946
PIVOTS_TRAD_D_R3,ABER_XG_5_15,0.9900229947751946
PIVOTS_TRAD_D_S3,WMA_10,0.9900000395948794
PIVOTS_TRAD_D_S4,WMA_10,0.9900000395948794
SMMA_7,CHDLREXTl_22_22_14_2.0,0.9899943615208174
SSF3_20,ACCBU_20,0.989979301147444
High,BBU_5_2.0_2.0,0.9899578225374281
HILO_13_21,VWMA_10,0.9899412701583333
KCUe_20_2,VWMA_10,0.9899359345805351
AGl_13_8_5,PIVOTS_TRAD_D_S3,0.9899278934196412
AGl_13_8_5,PIVOTS_TRAD_D_S4,0.9899278934196412
SINWMA_14,ABER_XG_5_15,0.9899247295100598
HILOs_13_21,ACCBU_20,0.9899060186929414
Close,BBL_5_2.0_2.0,0.9899046909444339
ALPHATl_14_1_50_2,ATRTSe_14_20_3.0,0.9899028006603484
HILOl_13_21,ACCBU_20,0.989898645082759
DCM_20_20,DCU_20_20,0.9898947385056839
Close,PIVOTS_TRAD_D_S4,0.9898883763401217
Close,PIVOTS_TRAD_D_S3,0.9898883763401217
ALPHAT_14_1_50,ACCBM_20,0.9898788657532884
LDECAY_1,BBL_5_2.0_2.0,0.9898701800277717
High,BBL_5_2.0_2.0,0.9898684960222836
Low,EMA_10,0.9898361192694246
PIVOTS_TRAD_D_S1,SMMA_7,0.9898359896652869
T3_10_0.7,BBU_5_2.0_2.0,0.9898218340401965
HL2,PIVOTS_TRAD_D_R4,0.9898122830323769
HL2,PIVOTS_TRAD_D_R3,0.9898122830323769
WMA_10,ACCBM_20,0.9898099277426765
OHLC4,PIVOTS_TRAD_D_R4,0.9897994408178685
OHLC4,PIVOTS_TRAD_D_R3,0.9897994408178685
PIVOTS_TRAD_D_R4,TEMA_10,0.9897802179198877
PIVOTS_TRAD_D_R3,TEMA_10,0.9897802179198877
ITS_9,HL2,0.9897799276345365
ALPHAT_14_1_50,KCUe_20_2,0.9897746861145688
ITS_9,OHLC4,0.989764825923578
DEMA_10,HWU_1,0.9897544598077062
PWMA_10,ZL_EMA_10,0.9897518513516808
HILOs_13_21,MCGD_10,0.9897393561021375
ACCBM_20,CHDLREXTs_22_22_14_2.0,0.989713552992285
RMA_10,ABER_XG_5_15,0.9897103090268603
HILOl_13_21,HT_TL,0.9897102244651502
WMA_10,DCM_20_20,0.989699450836064
PIVOTS_TRAD_D_S2,BBU_5_2.0_2.0,0.9896987201307563
CKSPl_10_3_20,ACCBU_20,0.9896925681084556
DEMA_10,SSF_20,0.989683048026895
ITS_9,TEMA_10,0.9896819984096599
PIVOTS_TRAD_D_S2,PIVOTS_TRAD_D_R3,0.9896586241956855
PIVOTS_TRAD_D_S2,PIVOTS_TRAD_D_R4,0.9896586241956855
CKSPl_10_3_20,KCUe_20_2,0.9896525429343374
MIDPRICE_2,SWMA_10,0.9896405673915523
IKS_26,EMA_10,0.9896394091995646
ITS_9,HLC3,0.9896314732406215
ITS_9,VWAP_D,0.9896308722587231
JMA_7_0.0,KAMA_10_2_30,0.989623712552625
BBU_5_2.0_2.0,KCBe_20_2,0.9896196160768004
PWMA_10,DCM_20_20,0.9895970247689735
JMA_7_0.0,SSF_20,0.9895921333219385
PIVOTS_TRAD_D_R2,BBL_5_2.0_2.0,0.9895915436722438
FWMA_10,KCBe_20_2,0.9895900383488171
HLC3,PIVOTS_TRAD_D_R4,0.9895806439772055
HLC3,PIVOTS_TRAD_D_R3,0.9895806439772055
PIVOTS_TRAD_D_R4,VWAP_D,0.989580376562813
PIVOTS_TRAD_D_R3,VWAP_D,0.989580376562813
MCGD_10,DCL_20_20,0.9895592563453037
JMA_7_0.0,SSF3_20,0.9895334178563722
HILOs_13_21,MEDIAN_30,0.9895322533334442
HILOs_13_21,QTL_30_0.5,0.9895322533334442
PIVOTS_TRAD_D_S2,SMA_10,0.9895303620385147
AGl_13_8_5,LINREG_14,0.989521691103449
ITS_9,WCP,0.9895189753170032
ALPHAT_14_1_50,BBL_5_2.0_2.0,0.9895090344615756
KAMA_10_2_30,ACCBU_20,0.9894929554687198
PIVOTS_TRAD_D_S2,VWMA_10,0.9894830805511393
ALPHAT_14_1_50,ACCBL_20,0.9894816515466824
DCU_20_20,KCBe_20_2,0.9894603453623777
CHDLREXTl_22_22_14_2.0,KCLe_20_2,0.9894586862579271
SINWMA_14,BBU_5_2.0_2.0,0.9894548062985608
AGt_13_8_5,PIVOTS_TRAD_D_P,0.9894531241622001
IKS_26,ALPHATl_14_1_50_2,0.9894443606947195
LINREG_14,SMA_10,0.9894443302803426
PIVOTS_TRAD_D_R4,WCP,0.9894232413434156
PIVOTS_TRAD_D_R3,WCP,0.9894232413434156
ABER_XG_5_15,HWM_1,0.9894200954827058
HWMA_0.2_0.1_0.1,ABER_XG_5_15,0.9894200954827058
AGt_13_8_5,DEMA_10,0.9894171195501243
MCGD_10,BBU_5_2.0_2.0,0.9894054353718753
ITS_9,LDECAY_1,0.9893997606316762
FWMA_10,SINWMA_14,0.989380298508709
High,VWMA_10,0.9893589433525113
PIVOTS_TRAD_D_R2,TRIMA_10,0.9893570944891539
Open,ITS_9,0.9893428794233264
PIVOTS_TRAD_D_S2,SMMA_7,0.989315116452917
AGl_13_8_5,ACCBU_20,0.9893126339580476
DEMA_10,T3_10_0.7,0.98931052483129
PIVOTS_TRAD_D_S4,ALPHAT_14_1_50,0.9893105201549001
PIVOTS_TRAD_D_S3,ALPHAT_14_1_50,0.9893105201549001
ITS_9,BBL_5_2.0_2.0,0.9893008126414737
PIVOTS_TRAD_D_R4,LDECAY_1,0.9892854403869663
PIVOTS_TRAD_D_R3,LDECAY_1,0.9892854403869663
PIVOTS_TRAD_D_R2,PWMA_10,0.9892670257211102
AGt_13_8_5,MIDPRICE_2,0.9892660709872707
PIVOTS_TRAD_D_R2,SSF_20,0.9892628795997219
CKSPs_10_3_20,DCM_20_20,0.9892615795688218
EMA_10,BBL_5_2.0_2.0,0.9892381854531676
High,SMMA_7,0.9892222387299084
PIVOTS_TRAD_D_S1,SWMA_10,0.9891907343813605
PIVOTS_TRAD_D_R1,TRIMA_10,0.9891832689798927
HILOs_13_21,KCBe_20_2,0.9891768643878048
RMA_10,DCU_20_20,0.9891721425304179
TRIMA_10,ZL_EMA_10,0.989170122020483
SINWMA_14,CHDLREXTl_22_22_14_2.0,0.9891520544290505
ITS_9,HMA_10,0.9890992145577003
Close,ITS_9,0.9890920713470107
SMA_10,ATRTSe_14_20_3.0,0.989077056646501
TEMA_10,VWMA_10,0.9890736455194622
SMA_10,TEMA_10,0.9890734541824402
PIVOTS_TRAD_D_R1,PWMA_10,0.9890715199486185
EMA_10,PIVOTS_TRAD_D_S4,0.989055071094076
EMA_10,PIVOTS_TRAD_D_S3,0.989055071094076
HMA_10,SWMA_10,0.9890323871541978
MIDPOINT_2,SWMA_10,0.9890071211026777
HILO_13_21,ALPHAT_14_1_50,0.9889778834121901
Close,PIVOTS_TRAD_D_R4,0.9889603660930041
Close,PIVOTS_TRAD_D_R3,0.9889603660930041
SWMA_10,TEMA_10,0.9889548146384687
AGt_13_8_5,ZL_EMA_10,0.9889539353160812
HILO_13_21,WMA_10,0.988938145538333
LDECAY_1,BBU_5_2.0_2.0,0.9889311743189748
KAMA_10_2_30,HT_TL,0.9889213806604331
AGj_13_8_5,ABER_SG_5_15,0.988921030239063
CKSPs_10_3_20,HT_TL,0.9889199154478414
High,SMA_10,0.9889152414463217
PIVOTS_TRAD_D_P,PWMA_10,0.9889142630753662
ABER_XG_5_15,KCBe_20_2,0.9889059486926404
PIVOTS_TRAD_D_R1,SSF_20,0.9889039981003818
DEMA_10,HWL_1,0.9889023353769192
CHDLREXTs_22_22_14_2.0,KCBe_20_2,0.9889015400510166
ITS_9,LINREG_14,0.9888975986719104
HILOl_13_21,CKSPl_10_3_20,0.9888966641502891
ITS_9,PIVOTS_TRAD_D_R3,0.9888928507614847
ITS_9,PIVOTS_TRAD_D_R4,0.9888928507614847
HL2,BBU_5_2.0_2.0,0.9888904231943594
RMA_10,CHDLREXTs_22_22_14_2.0,0.988879361631428
OHLC4,BBU_5_2.0_2.0,0.9888759288406147
PIVOTS_TRAD_D_P,TRIMA_10,0.9888693094383463
HMA_10,SMA_10,0.9888680586752159
Low,PIVOTS_TRAD_D_R3,0.9888668087180279
Low,PIVOTS_TRAD_D_R4,0.9888668087180279
AGt_13_8_5,MIDPOINT_2,0.9888369950532392
HILOs_13_21,RMA_10,0.9888283751851363
ABER_SG_5_15,KCUe_20_2,0.9888282133750462
JMA_7_0.0,ALPHATl_14_1_50_2,0.9888053293773504
LINREG_14,HWL_1,0.9887978435926296
KAMA_10_2_30,PIVOTS_TRAD_D_R1,0.9887891468793685
AGj_13_8_5,CKSPs_10_3_20,0.9887806931340154
SWMA_10,ACCBU_20,0.9887637499081663
EMA_10,HT_TL,0.9887604676123372
IKS_26,SMA_10,0.9887526653418293
HILOl_13_21,CHDLREXTl_22_22_14_2.0,0.9887367804031366
Low,ITS_9,0.9887319181539315
BBU_5_2.0_2.0,VWAP_D,0.9887307252766269
HLC3,BBU_5_2.0_2.0,0.9887306640814864
PIVOTS_TRAD_D_R4,SMMA_7,0.9887181178556805
PIVOTS_TRAD_D_R3,SMMA_7,0.9887181178556805
PIVOTS_TRAD_D_S2,SWMA_10,0.9887172071423261
OHLC4,VWMA_10,0.9887043873927364
PIVOTS_TRAD_D_R2,ALPHATl_14_1_50_2,0.9886992626977593
HL2,VWMA_10,0.9886983542066409
IKS_26,AGl_13_8_5,0.9886978700130874
LINREG_14,BBU_5_2.0_2.0,0.9886593427223801
SWMA_10,BBL_5_2.0_2.0,0.9886269273530356
WCP,BBU_5_2.0_2.0,0.9886093471466696
AGj_13_8_5,CKSPl_10_3_20,0.9886070718786024
LINREG_14,TRIMA_10,0.9886000521880841
SSF_20,CHDLREXTl_22_22_14_2.0,0.9885861721703252
HLC3,VWMA_10,0.9885811537682024
VWAP_D,VWMA_10,0.9885791085819925
PSARs_0.02_0.2,DCM_20_20,0.9885651528461893
SMA_10,BBL_5_2.0_2.0,0.9885546462156426
Open,BBU_5_2.0_2.0,0.9885311259251034
KAMA_10_2_30,PIVOTS_TRAD_D_R2,0.9884957295631621
PIVOTS_TRAD_D_S4,BBL_5_2.0_2.0,0.9884954972403469
PIVOTS_TRAD_D_S3,BBL_5_2.0_2.0,0.9884954972403469
WCP,VWMA_10,0.9884832930698741
AGj_13_8_5,CHDLREXTs_22_22_14_2.0,0.9884587440554646
JMA_7_0.0,KCLe_20_2,0.9884552084384882
HL2,SMMA_7,0.9884249035319798
HILOs_13_21,KCUe_20_2,0.9884217711659604
IKS_26,CKSPl_10_3_20,0.988420627102663
BBU_5_2.0_2.0,KCLe_20_2,0.9884138069579117
LDECAY_1,VWMA_10,0.9884083482551685
HMA_10,VWMA_10,0.9884082665542964
IKS_26,TRIMA_10,0.9884067022814111
OHLC4,SMMA_7,0.9883913038638954
ALPHATl_14_1_50_2,HT_TL,0.9883821229891483
AGt_13_8_5,QTL_30_0.5,0.9883589635785274
AGt_13_8_5,MEDIAN_30,0.9883589635785274
DEMA_10,KAMA_10_2_30,0.9883510319263372
HLC3,SMMA_7,0.9883317016992078
SMMA_7,VWAP_D,0.9883291943110534
MCGD_10,CKSPs_10_3_20,0.9883169179691274
OHLC4,SMA_10,0.9882846550006298
HILOl_13_21,DCU_20_20,0.9882815097029172
SMMA_7,LDECAY_1,0.9882791672415886
BBL_5_2.0_2.0,VWMA_10,0.9882786938655641
PIVOTS_TRAD_D_P,SSF_20,0.9882732514595836
HL2,SMA_10,0.9882697841625315
AGt_13_8_5,PIVOTS_TRAD_D_S1,0.988258293465078
HMA_10,PWMA_10,0.9882571292710494
SMMA_7,WCP,0.988252114606162
PIVOTS_TRAD_D_R4,SMA_10,0.988237291410344
PIVOTS_TRAD_D_R3,SMA_10,0.988237291410344
PSARs_0.02_0.2,ACCBM_20,0.9882113480277273
ALPHAT_14_1_50,ATRTSe_14_20_3.0,0.9882088279991436
HILO_13_21,CKSPs_10_3_20,0.9881992430705612
Open,VWMA_10,0.9881906404218825
Close,BBU_5_2.0_2.0,0.988177033211531
PIVOTS_TRAD_D_R2,SSF3_20,0.9881770291388462
DEMA_10,ALPHATl_14_1_50_2,0.988169700800093
AGt_13_8_5,CHDLREXTs_22_22_14_2.0,0.9881558761107863
MIDPRICE_2,TRIMA_10,0.9881243089563838
Close,VWMA_10,0.9881234006370452
ITS_9,ATRTSe_14_20_3.0,0.988115274845132
LINREG_14,VWMA_10,0.988107975449883
HLC3,SMA_10,0.988107355802448
TRIMA_10,ATRTSe_14_20_3.0,0.9881064214664877
SMA_10,VWAP_D,0.9881062304703485
ACCBM_20,DCL_20_20,0.9881022362612379
HWMA_0.2_0.1_0.1,TEMA_10,0.9880947126617109
TEMA_10,HWM_1,0.9880947126617108
PIVOTS_TRAD_D_R1,SSF3_20,0.988093463608947
KAMA_10_2_30,MIDPRICE_2,0.988089612220103
EMA_10,LINREG_14,0.9880890995509716
TRIMA_10,HT_TL,0.9880843107131472
PIVOTS_TRAD_D_R1,ALPHATl_14_1_50_2,0.9880720679422553
KAMA_10_2_30,PIVOTS_TRAD_D_P,0.9880658313319192
TRIX_30_9,TRIXs_30_9,0.9880611425736067
CKSPl_10_3_20,ACCBM_20,0.9880598550561883
BBU_5_2.0_2.0,KCUe_20_2,0.9880510292830254
ITS_9,ACCBU_20,0.9880452091318985
JMA_7_0.0,MCGD_10,0.9880416807141658
T3_10_0.7,HT_TL,0.9880066115183618
SMA_10,HT_TL,0.9879911244808359
SMA_10,WCP,0.9879885903388941
BBM_5_2.0_2.0,HWM_1,0.9879827973384917
HWMA_0.2_0.1_0.1,BBM_5_2.0_2.0,0.9879827973384916
KAMA_10_2_30,CHDLREXTl_22_22_14_2.0,0.9879704201102549
MIDPRICE_2,PWMA_10,0.9879428424633676
PWMA_10,TEMA_10,0.9879359584648228
HWMA_0.2_0.1_0.1,ABER_ZG_5_15,0.987934411876361
ABER_ZG_5_15,HWM_1,0.987934411876361
SSF3_20,ZL_EMA_10,0.9879341828231835
SMA_10,LDECAY_1,0.9879269814257348
ALMA_9_6.0_0.85,HWM_1,0.9879252929827842
ALMA_9_6.0_0.85,HWMA_0.2_0.1_0.1,0.9879252929827842
Close,SMMA_7,0.9879195448500857
KAMA_10_2_30,ZL_EMA_10,0.9879188284701611
HMA_10,SMMA_7,0.9879140958540981
IKS_26,T3_10_0.7,0.9878858093441584
KAMA_10_2_30,MIDPOINT_2,0.9878798875459022
LINREG_14,ALPHAT_14_1_50,0.987854427980336
SSF_20,ZL_EMA_10,0.9878511419290614
Open,SMA_10,0.9878269136309257
PSARs_0.02_0.2,CHDLREXTs_22_22_14_2.0,0.9878131431640189
PSARs_0.02_0.2,ACCBL_20,0.9878101354897011
AGt_13_8_5,PIVOTS_TRAD_D_S2,0.9877606552574119
PIVOTS_TRAD_D_R3,VWMA_10,0.9877563926842168
PIVOTS_TRAD_D_R4,VWMA_10,0.9877563926842168
QTL_30_0.5,KCLe_20_2,0.9877520906526126
MEDIAN_30,KCLe_20_2,0.9877520906526126
JMA_7_0.0,T3_10_0.7,0.987737232448035
Open,SMMA_7,0.9877037547533877
PIVOTS_TRAD_D_P,SSF3_20,0.987699385267989
High,AGt_13_8_5,0.9876873753928007
ITS_9,IKS_26,0.9876799788004995
PWMA_10,BBL_5_2.0_2.0,0.9876364776011524
MIDPRICE_2,SSF_20,0.9876295277020501
SLOPE_1,PCTRET_1,0.9876247641421233
PIVOTS_TRAD_D_R1,KCLe_20_2,0.9876187873768051
PIVOTS_TRAD_D_S1,PWMA_10,0.9876143198492415
PIVOTS_TRAD_D_S1,TRIMA_10,0.9875873247490333
Low,BBU_5_2.0_2.0,0.9875783047000166
EMA_10,CHDLREXTl_22_22_14_2.0,0.9875701035510376
SSF3_20,HT_TL,0.9875679512428653
SMMA_7,TEMA_10,0.9875655690460463
IKS_26,DCU_20_20,0.9875465021573839
Close,SMA_10,0.9875354667568159
PIVOTS_TRAD_D_R2,KCLe_20_2,0.9875338219382128
High,SWMA_10,0.9875103955438266
IKS_26,SSF3_20,0.9874975577621976
IKS_26,SWMA_10,0.9874941819002855
MIDPOINT_2,TRIMA_10,0.9874803567925505
Low,VWMA_10,0.9874689596657813
PIVOTS_TRAD_D_R2,RMA_10,0.9874626345072323
PIVOTS_TRAD_D_P,ALPHATl_14_1_50_2,0.9874548646547618
AGt_13_8_5,DCL_20_20,0.9874465152642813
HILOs_13_21,KCLe_20_2,0.9874359642538235
CKSPs_10_3_20,KCBe_20_2,0.9874354649619299
PWMA_10,ACCBU_20,0.9874315264665512
AGt_13_8_5,PIVOTS_TRAD_D_R4,0.9874257782892025
AGt_13_8_5,PIVOTS_TRAD_D_R3,0.9874257782892025
SMMA_7,CHDLREXTs_22_22_14_2.0,0.9874079168811682
HILO_13_21,DCU_20_20,0.9874076768769855
AGl_13_8_5,HT_TL,0.9874051565704656
HWMA_0.2_0.1_0.1,ZL_EMA_10,0.9873666526066291
ZL_EMA_10,HWM_1,0.9873666526066291
PIVOTS_TRAD_D_R4,SWMA_10,0.9873593288289851
PIVOTS_TRAD_D_R3,SWMA_10,0.9873593288289851
AGt_13_8_5,DCU_20_20,0.9873497454802893
PIVOTS_TRAD_D_P,KCLe_20_2,0.987348042653846
SSF3_20,ATRTSe_14_20_3.0,0.987339223356712
MCGD_10,PIVOTS_TRAD_D_R2,0.9873348899279241
AGj_13_8_5,ABER_ZG_5_15,0.9873158056449554
FWMA_10,HWMA_0.2_0.1_0.1,0.987315487233425
FWMA_10,HWM_1,0.987315487233425
MCGD_10,PIVOTS_TRAD_D_R1,0.987314587135312
RMA_10,DCL_20_20,0.98731134992347
HILOl_13_21,ACCBM_20,0.9872904908320177
MIDPRICE_2,KCLe_20_2,0.9872887695242205
ITS_9,PIVOTS_TRAD_D_S4,0.9872875242362237
ITS_9,PIVOTS_TRAD_D_S3,0.9872875242362237
JMA_7_0.0,RMA_10,0.9872828905128782
CKSPs_10_3_20,ACCBM_20,0.9872610229036969
JMA_7_0.0,HWM_1,0.9872575550383981
HWMA_0.2_0.1_0.1,JMA_7_0.0,0.9872575550383981
SWMA_10,ATRTSe_14_20_3.0,0.9872337433006946
MIDPOINT_2,PWMA_10,0.9872333488625227
ABER_SG_5_15,DCM_20_20,0.987212807891378
PIVOTS_TRAD_D_S2,PWMA_10,0.9872071632063367
Low,SMMA_7,0.9872024146861907
HT_TL,CHDLREXTs_22_22_14_2.0,0.987201291471964
DEMA_10,KCLe_20_2,0.9871934823573844
ATRTSe_14_20_3.0,DCU_20_20,0.9871846962306172
PIVOTS_TRAD_D_R1,RMA_10,0.9871494840779997
ABER_XG_5_15,HWL_1,0.9871240672128793
DCL_20_20,KCBe_20_2,0.98710607683089
PIVOTS_TRAD_D_S2,TRIMA_10,0.9871057142149888
LINREG_14,SSF3_20,0.9871027934840937
IKS_26,ALPHAT_14_1_50,0.9870989739434901
MIDPOINT_2,SSF_20,0.9870865524919966
Low,SMA_10,0.9870754792353004
SMMA_7,DCL_20_20,0.9870680550538001
ALPHATl_14_1_50_2,CHDLREXTl_22_22_14_2.0,0.987035964976509
RMA_10,CKSPs_10_3_20,0.98702496120335
ABER_XG_5_15,HWU_1,0.9870218949565396
WMA_10,HWM_1,0.9869974944283421
HWMA_0.2_0.1_0.1,WMA_10,0.986997494428342
ATRTSe_14_20_3.0,VWMA_10,0.9869905242722063
HMA_10,HWM_1,0.9869890544496263
HMA_10,HWMA_0.2_0.1_0.1,0.9869890544496263
AGj_13_8_5,BBM_5_2.0_2.0,0.9869774072964668
TRIMA_10,BBL_5_2.0_2.0,0.9869667525654338
AGj_13_8_5,ALMA_9_6.0_0.85,0.9869652046849555
SMMA_7,BBL_5_2.0_2.0,0.9869583339813424
PIVOTS_TRAD_D_S1,SSF_20,0.9869560198280717
OHLC4,SWMA_10,0.9869527147007351
PIVOTS_TRAD_D_S4,VWMA_10,0.9869491526596463
PIVOTS_TRAD_D_S3,VWMA_10,0.9869491526596463
MIDPRICE_2,SSF3_20,0.9869421777525843
ABER_ZG_5_15,ACCBL_20,0.9869402379221108
ZL_EMA_10,ALPHATl_14_1_50_2,0.9869363141658016
KAMA_10_2_30,PIVOTS_TRAD_D_S1,0.9869250671769719
SUPERT_7_3.0,DCM_20_20,0.9869123385888402
HILOs_13_21,SINWMA_14,0.9869092355876442
TEMA_10,TRIMA_10,0.986906380053427
HL2,SWMA_10,0.9869012617786987
HMA_10,TRIMA_10,0.9868967193727475
ABER_SG_5_15,ACCBM_20,0.9868960078604074
SLOPE_1,LOGRET_1,0.9868905082138545
CKSPs_10_3_20,KCLe_20_2,0.9868596689699796
AGt_13_8_5,HL2,0.9868522169115205
AGt_13_8_5,OHLC4,0.9868304064154475
CKSPs_10_3_20,ATRTSe_14_20_3.0,0.9868263168694092
DEMA_10,MCGD_10,0.9868192315903244
KAMA_10_2_30,PIVOTS_TRAD_D_S2,0.9868132772522058
MIDPOINT_2,KCLe_20_2,0.9867921203399055
PIVOTS_TRAD_D_R2,T3_10_0.7,0.9867728468866233
MCGD_10,PIVOTS_TRAD_D_P,0.9867690561710588
AGj_13_8_5,BBU_5_2.0_2.0,0.9867647569135667
CKSPl_10_3_20,KCBe_20_2,0.9867603986973789
AGt_13_8_5,HLC3,0.9867518885514936
ZL_EMA_10,KCLe_20_2,0.9867516260930014
AGt_13_8_5,VWAP_D,0.986748873394367
PIVOTS_TRAD_D_R2,KCBe_20_2,0.9867202811417473
DEMA_10,SINWMA_14,0.986708142112725
TEMA_10,HWU_1,0.9867052858957659
ACCBU_20,VWMA_10,0.9866880639959692
HLC3,SWMA_10,0.9866880303076409
SWMA_10,VWAP_D,0.9866879298701637
AGt_13_8_5,LDECAY_1,0.9866866147943892
MCGD_10,PSARs_0.02_0.2,0.9866782155483949
AGt_13_8_5,WCP,0.9866704647986478
IKS_26,PSARs_0.02_0.2,0.9866662725011713
SINWMA_14,DCL_20_20,0.9866620233154397
ALMA_9_6.0_0.85,ACCBL_20,0.9866306907984497
SWMA_10,HT_TL,0.9866266741836037
SINWMA_14,PSARs_0.02_0.2,0.9866178359653124
AGt_13_8_5,HILOs_13_21,0.9866068441641911
Open,SWMA_10,0.9866065466411076
MCGD_10,MIDPRICE_2,0.9866049452403226
MIDPRICE_2,ALPHATl_14_1_50_2,0.9865899259640439
ABER_SG_5_15,ACCBL_20,0.9865684836269237
SINWMA_14,QTL_30_0.5,0.9865684192025299
SINWMA_14,MEDIAN_30,0.9865684192025299
PIVOTS_TRAD_D_R4,SSF_20,0.986565510320599
PIVOTS_TRAD_D_R3,SSF_20,0.986565510320599
ACCBL_20,BBM_5_2.0_2.0,0.9865508412510827
SINWMA_14,PSARl_0.02_0.2,0.9865457305693582
ABER_XG_5_15,ACCBL_20,0.9865412686204442
SWMA_10,WCP,0.9865412507677987
AGl_13_8_5,CHDLREXTl_22_22_14_2.0,0.9865171262985569
HILOs_13_21,DCL_20_20,0.9865151428956717
PIVOTS_TRAD_D_R1,T3_10_0.7,0.986513745147679
T3_10_0.7,ATRTSe_14_20_3.0,0.9864907969964932
HILO_13_21,SUPERT_7_3.0,0.9864850355247845
SSF_20,DCL_20_20,0.9864796323266884
ABER_ZG_5_15,KCUe_20_2,0.986467730371893
CKSPs_10_3_20,ACCBL_20,0.9864558088002129
PIVOTS_TRAD_D_S1,KCLe_20_2,0.986451689825294
T3_10_0.7,DCL_20_20,0.9864511128637363
SWMA_10,LDECAY_1,0.986443647018608
JMA_7_0.0,KCBe_20_2,0.9864435191524878
SINWMA_14,CHDLREXTs_22_22_14_2.0,0.9864375097193494
PIVOTS_TRAD_D_S2,SSF_20,0.9864327169725274
MCGD_10,DCU_20_20,0.9864202543918333
CKSPl_10_3_20,ATRTSe_14_20_3.0,0.9864038527385339
MCGD_10,ZL_EMA_10,0.98640170884522
CKSPs_10_3_20,DCL_20_20,0.9863937087184929
PIVOTS_TRAD_D_R4,ALPHATl_14_1_50_2,0.9863846850188601
PIVOTS_TRAD_D_R3,ALPHATl_14_1_50_2,0.9863846850188601
PIVOTS_TRAD_D_R1,KCBe_20_2,0.9863731266183645
PIVOTS_TRAD_D_P,RMA_10,0.9863454755799796
PIVOTS_TRAD_D_S1,SSF3_20,0.9863404081835709
PIVOTS_TRAD_D_S4,SMMA_7,0.9863352536133092
PIVOTS_TRAD_D_S3,SMMA_7,0.9863352536133092
Close,AGt_13_8_5,0.986333383816742
MIDPOINT_2,SSF3_20,0.9863325082009001
PIVOTS_TRAD_D_R3,TRIMA_10,0.9863279301577912
PIVOTS_TRAD_D_R4,TRIMA_10,0.9863279301577912
WMA_10,ATRTSe_14_20_3.0,0.9863191490629998
High,KAMA_10_2_30,0.9863166785687518
ABER_ZG_5_15,DCM_20_20,0.9862921977218978
PSARl_0.02_0.2,ACCBM_20,0.9862766942170219
AGt_13_8_5,HMA_10,0.9862662165519996
RMA_10,CKSPl_10_3_20,0.9862610887068246
ALMA_9_6.0_0.85,KCUe_20_2,0.986253848491671
SMA_10,CHDLREXTl_22_22_14_2.0,0.9862490642056763
PIVOTS_TRAD_D_S2,KCLe_20_2,0.9862275364503201
SUPERT_7_3.0,ALPHATl_14_1_50_2,0.9861995742520425
PIVOTS_TRAD_D_R4,PWMA_10,0.986189512707228
PIVOTS_TRAD_D_R3,PWMA_10,0.986189512707228
ALPHATl_14_1_50_2,DCL_20_20,0.9861684516070093
BBM_5_2.0_2.0,KCUe_20_2,0.9861683577971108
MEDIAN_30,CKSPs_10_3_20,0.9861604948921897
QTL_30_0.5,CKSPs_10_3_20,0.9861604948921897
SMMA_7,MEDIAN_30,0.9861493518814339
SMMA_7,QTL_30_0.5,0.9861493518814339
Open,AGt_13_8_5,0.9861392478452974
ALPHAT_14_1_50,ACCBU_20,0.9861263564116252
SSF_20,CHDLREXTs_22_22_14_2.0,0.9861149156080304
T3_10_0.7,ZL_EMA_10,0.9861122988687929
MIDPRICE_2,RMA_10,0.9861110077365718
MCGD_10,MIDPOINT_2,0.9861067396176341
PIVOTS_TRAD_D_P,T3_10_0.7,0.986104946946935
JMA_7_0.0,SINWMA_14,0.9860990388235076
BBM_5_2.0_2.0,HWU_1,0.9860854340176155
High,TRIMA_10,0.9860687016082634
PIVOTS_TRAD_D_S1,ALPHATl_14_1_50_2,0.986050179969878
PSARs_0.02_0.2,KCBe_20_2,0.9860395223571485
ACCBU_20,CHDLREXTs_22_22_14_2.0,0.9860376772640874
MIDPOINT_2,ALPHATl_14_1_50_2,0.9860297751354268
ALMA_9_6.0_0.85,HWU_1,0.9860286087629567
ABER_ZG_5_15,HWU_1,0.986017473662686
Close,SWMA_10,0.9859997309655756
ALMA_9_6.0_0.85,DCM_20_20,0.9859793795292342
RMA_10,PSARs_0.02_0.2,0.9859665883321315
AGj_13_8_5,FWMA_10,0.9859564800165616
ALPHATl_14_1_50_2,CHDLREXTs_22_22_14_2.0,0.9859480704158999
SMMA_7,DCU_20_20,0.9859470338636939
ITS_9,DCL_20_20,0.9859464152336417
IKS_26,PWMA_10,0.9859380106208787
IKS_26,WMA_10,0.9859137014722646
BBM_5_2.0_2.0,DCM_20_20,0.9858948368875526
DEMA_10,RMA_10,0.9858947270307983
HILOl_13_21,KCUe_20_2,0.9858706225844978
PIVOTS_TRAD_D_R2,SINWMA_14,0.9858639303746956
TRIMA_10,CHDLREXTl_22_22_14_2.0,0.9858631374071433
BBL_5_2.0_2.0,KCLe_20_2,0.985846404391244
PIVOTS_TRAD_D_S2,SSF3_20,0.9858404868353636
SMA_10,DCL_20_20,0.9858269382716796
AGj_13_8_5,PSARs_0.02_0.2,0.9858053671343888
ITS_9,HT_TL,0.9857896354135507
AGt_13_8_5,TEMA_10,0.9857836601537028
PSARs_0.02_0.2,ACCBU_20,0.9857768008489307
IKS_26,VWMA_10,0.9857541706197906
T3_10_0.7,CHDLREXTl_22_22_14_2.0,0.985737586101943
High,PWMA_10,0.9857362441194266
WMA_10,ACCBU_20,0.985731469124609
ABER_ZG_5_15,ACCBM_20,0.9857306973090335
High,SSF_20,0.9857190907760564
EMA_10,DCL_20_20,0.9857124366664369
ZL_EMA_10,HWU_1,0.9857032027926387
Low,SWMA_10,0.9856923207378919
T3_10_0.7,PSARl_0.02_0.2,0.9856885579095862
SINWMA_14,DCU_20_20,0.9856670818127087
AGj_13_8_5,DCL_20_20,0.985665886979415
MIDPOINT_2,RMA_10,0.9856585672483867
HL2,KAMA_10_2_30,0.9856519730597734
SUPERT_7_3.0,ACCBM_20,0.9856494573201685
RMA_10,ZL_EMA_10,0.9856321668065381
CKSPs_10_3_20,ACCBU_20,0.985620430199305
KAMA_10_2_30,OHLC4,0.9856171181194284
HILO_13_21,ABER_SG_5_15,0.9856135298352621
LINREG_14,PIVOTS_TRAD_D_R3,0.9856073268492599
LINREG_14,PIVOTS_TRAD_D_R4,0.9856073268492599
BBL_5_2.0_2.0,HWM_1,0.985603332732143
HWMA_0.2_0.1_0.1,BBL_5_2.0_2.0,0.985603332732143
LINREG_14,SMMA_7,0.9855878614341234
MCGD_10,PIVOTS_TRAD_D_S1,0.9855669298824293
HMA_10,HWU_1,0.9855556227953896
CKSPs_10_3_20,KCUe_20_2,0.9855495948872884
PIVOTS_TRAD_D_S3,SMA_10,0.9855485936981797
PIVOTS_TRAD_D_S4,SMA_10,0.9855485936981797
Low,AGt_13_8_5,0.9855471668413494
JMA_7_0.0,HWU_1,0.9855405045241203
HLC3,KAMA_10_2_30,0.9855347905646836
KAMA_10_2_30,VWAP_D,0.9855309073243675
PIVOTS_TRAD_D_P,KCBe_20_2,0.9855281826768089
SUPERT_7_3.0,ACCBU_20,0.9855225221915288
SSF3_20,BBL_5_2.0_2.0,0.9855201885297875
SSF3_20,TEMA_10,0.9855077043210306
PSARl_0.02_0.2,ACCBL_20,0.985497395701422
ACCBL_20,DCU_20_20,0.985477554961981
ALMA_9_6.0_0.85,ACCBM_20,0.9854670127694052
EMA_10,CHDLREXTs_22_22_14_2.0,0.9854663717781942
KAMA_10_2_30,LDECAY_1,0.985460292008911
KAMA_10_2_30,WCP,0.985450099355709
FWMA_10,ACCBL_20,0.9854388838321904
FWMA_10,HWU_1,0.985436246133909
PIVOTS_TRAD_D_S2,ALPHATl_14_1_50_2,0.9854169274065453
PIVOTS_TRAD_D_R1,SINWMA_14,0.9854153902173196
OHLC4,TRIMA_10,0.9854104732588986
TRIMA_10,DCL_20_20,0.9853959932183985
ABER_SG_5_15,HWM_1,0.985368461691105
HWMA_0.2_0.1_0.1,ABER_SG_5_15,0.9853684616911049
High,KCLe_20_2,0.9853684173786234
HL2,TRIMA_10,0.9853652346711136
AGt_13_8_5,BBL_5_2.0_2.0,0.985346968564192
MIDPRICE_2,T3_10_0.7,0.9853451125043685
ACCBM_20,BBM_5_2.0_2.0,0.9853428746337017
HMA_10,SSF3_20,0.9853346559699215
LINREG_14,PIVOTS_TRAD_D_S3,0.9853335564982635
LINREG_14,PIVOTS_TRAD_D_S4,0.9853335564982635
FWMA_10,DCM_20_20,0.9853168719959592
MCGD_10,PIVOTS_TRAD_D_S2,0.9853135378612813
MIDPRICE_2,KCBe_20_2,0.9852912270894705
ALPHAT_14_1_50,DCL_20_20,0.9852607415247658
ACCBM_20,BBU_5_2.0_2.0,0.9852575530292834
AGl_13_8_5,DCL_20_20,0.9852540539982244
SSF3_20,CHDLREXTl_22_22_14_2.0,0.9852425726344926
SSF_20,BBL_5_2.0_2.0,0.9852008702494994
PWMA_10,ATRTSe_14_20_3.0,0.985196873893129
HT_TL,PSARs_0.02_0.2,0.9851967350928014
AGj_13_8_5,HILOl_13_21,0.9851783007182556
HLC3,TRIMA_10,0.9851619115145396
TRIMA_10,VWAP_D,0.9851614361333588
OHLC4,PWMA_10,0.9851595452328832
FWMA_10,KCUe_20_2,0.9851570841783397
QQE_14_5_4.236_RSIMA,SMI_5_20_5_1.0,0.985146867154008
KAMA_10_2_30,TEMA_10,0.985142719226013
Close,KAMA_10_2_30,0.9851375304149652
HILOs_13_21,ATRTSe_14_20_3.0,0.9851297862534381
IKS_26,HILOl_13_21,0.9851156832793729
TEMA_10,HWL_1,0.9851096221172186
HMA_10,SSF_20,0.9851055670828992
HL2,PWMA_10,0.9850840643176301
AGj_13_8_5,ABER_XG_5_15,0.985070379047168
CKSPl_10_3_20,DCM_20_20,0.9850596103133515
HMA_10,KAMA_10_2_30,0.985057710450951
PIVOTS_TRAD_D_S4,BBU_5_2.0_2.0,0.9850563453400993
PIVOTS_TRAD_D_S3,BBU_5_2.0_2.0,0.9850563453400993
Open,TRIMA_10,0.9850461908442489
PSARs_0.02_0.2,DCL_20_20,0.9850441978990576
ITS_9,CHDLREXTl_22_22_14_2.0,0.9850403474137815
HWMA_0.2_0.1_0.1,SWMA_10,0.9850261615908062
SWMA_10,HWM_1,0.9850261615908062
PIVOTS_TRAD_D_S1,RMA_10,0.9850242564491569
TRIMA_10,WCP,0.9850206792632045
PWMA_10,HT_TL,0.9849956484233388
Open,PWMA_10,0.9849674891316829
AGt_13_8_5,PSARs_0.02_0.2,0.9849513682240431
DEMA_10,KCBe_20_2,0.984936953388866
BBM_5_2.0_2.0,HWL_1,0.9849303332675966
TRIMA_10,LDECAY_1,0.9849279268553033
SSF_20,PSARs_0.02_0.2,0.9849225320218364
PIVOTS_TRAD_D_R3,SSF3_20,0.9849127335650446
PIVOTS_TRAD_D_R4,SSF3_20,0.9849127335650446
CHDLREXTs_22_22_14_2.0,KCUe_20_2,0.9849034982377451
PIVOTS_TRAD_D_R4,RMA_10,0.9849021643302769
PIVOTS_TRAD_D_R3,RMA_10,0.9849021643302769
High,MCGD_10,0.9848902129346273
HILOs_13_21,SMMA_7,0.9848867672369553
HWMA_0.2_0.1_0.1,PWMA_10,0.9848831716959914
PWMA_10,HWM_1,0.984883171695991
SSF3_20,DCL_20_20,0.9848808114146398
High,SSF3_20,0.9848796775416577
ABER_ZG_5_15,HWL_1,0.984871739414884
ALMA_9_6.0_0.85,HWL_1,0.9848587390581496
SWMA_10,DCL_20_20,0.9848436559627524
PWMA_10,VWAP_D,0.9848394250931582
HLC3,PWMA_10,0.9848386125701444
MIDPOINT_2,KCBe_20_2,0.9848354768271451
SSF_20,TEMA_10,0.984830650284819
HL2,KCLe_20_2,0.9848222997961849
AGt_13_8_5,CKSPs_10_3_20,0.9848193273303592
WMA_10,HWU_1,0.9848142118444607
T3_10_0.7,PSARs_0.02_0.2,0.9848022553381255
HILO_13_21,ABER_ZG_5_15,0.9847939392901792
PSARs_0.02_0.2,KCLe_20_2,0.9847927253173828
PIVOTS_TRAD_D_S1,T3_10_0.7,0.9847922373731544
HILO_13_21,HILOl_13_21,0.9847895712543608
OHLC4,KCLe_20_2,0.9847876742525377
HL2,SSF_20,0.9847860316765837
SWMA_10,CHDLREXTl_22_22_14_2.0,0.9847832240349179
BBU_5_2.0_2.0,DCM_20_20,0.9847808850461202
OHLC4,SSF_20,0.9847704278136014
HILO_13_21,CKSPl_10_3_20,0.9847629334773335
DCL_20_20,VWMA_10,0.9847512947009444
ZL_EMA_10,KCBe_20_2,0.984751082885768
ATRTSe_14_20_3.0,CHDLREXTs_22_22_14_2.0,0.9847412202112015
MIDPOINT_2,T3_10_0.7,0.984738734754875
HILOs_13_21,SSF_20,0.9847381125535413
PIVOTS_TRAD_D_P,SINWMA_14,0.9847250789801191
SSF_20,DCU_20_20,0.9847142260574644
Open,KAMA_10_2_30,0.9846975604120629
HLC3,KCLe_20_2,0.9846946712420369
T3_10_0.7,CHDLREXTs_22_22_14_2.0,0.9846910477101439
KCLe_20_2,VWAP_D,0.9846904152630741
ABER_XG_5_15,DCM_20_20,0.9846870418732769
SMA_10,CHDLREXTs_22_22_14_2.0,0.9846766995125431
PWMA_10,WCP,0.9846735345490368
PIVOTS_TRAD_D_R3,BBL_5_2.0_2.0,0.9846717209631722
PIVOTS_TRAD_D_R4,BBL_5_2.0_2.0,0.9846717209631722
AGl_13_8_5,CHDLREXTs_22_22_14_2.0,0.9846645951645704
PIVOTS_TRAD_D_P,HWM_1,0.9846561828594137
HWMA_0.2_0.1_0.1,PIVOTS_TRAD_D_P,0.9846561828594136
KAMA_10_2_30,DCL_20_20,0.984639800277391
HLC3,SSF_20,0.9846345850392629
SSF_20,VWAP_D,0.9846329246252552
AGt_13_8_5,PIVOTS_TRAD_D_S4,0.9846300961185468
AGt_13_8_5,PIVOTS_TRAD_D_S3,0.9846300961185468
SUPERT_7_3.0,KCBe_20_2,0.9846294488553574
ITS_9,CHDLREXTs_22_22_14_2.0,0.984604805082137
ABER_SG_5_15,ATRTSe_14_20_3.0,0.9846026284255499
WCP,KCLe_20_2,0.984597254253896
LINREG_14,SSF_20,0.9845916463034208
PWMA_10,LDECAY_1,0.9845792211954836
High,RMA_10,0.9845791530272013
KAMA_10_2_30,PIVOTS_TRAD_D_S3,0.9845669682213699
KAMA_10_2_30,PIVOTS_TRAD_D_S4,0.9845669682213699
ALPHATl_14_1_50_2,BBL_5_2.0_2.0,0.9845529651873048
PIVOTS_TRAD_D_S2,RMA_10,0.9845510678162893
High,ALPHATl_14_1_50_2,0.9845488218486919
SSF_20,LDECAY_1,0.9845351948120377
KAMA_10_2_30,CHDLREXTs_22_22_14_2.0,0.9845290724698438
ALMA_9_6.0_0.85,HILO_13_21,0.9845276293904819
AGj_13_8_5,SUPERT_7_3.0,0.9845241073022359
SSF_20,WCP,0.9845233908743759
SSF_20,QTL_30_0.5,0.9845191057561573
SSF_20,MEDIAN_30,0.9845191057561573
KAMA_10_2_30,PIVOTS_TRAD_D_R3,0.9845174057411079
KAMA_10_2_30,PIVOTS_TRAD_D_R4,0.9845174057411079
LINREG_14,T3_10_0.7,0.9845082297262159
Close,TRIMA_10,0.9845043063013061
RMA_10,SUPERT_7_3.0,0.9844896995353087
LDECAY_1,KCLe_20_2,0.9844869256841953
HMA_10,ALPHATl_14_1_50_2,0.9844722973258838
IKS_26,SUPERT_7_3.0,0.9844683904199482
ZL_EMA_10,HWL_1,0.9844100977570304
PSARs_0.02_0.2,KCUe_20_2,0.9843993838631493
HWMA_0.2_0.1_0.1,PIVOTS_TRAD_D_S1,0.9843427866822452
PIVOTS_TRAD_D_S1,HWM_1,0.9843427866822451
MCGD_10,CKSPl_10_3_20,0.9843361774717185
HILO_13_21,BBU_5_2.0_2.0,0.9843352843230196
HILO_13_21,PSARl_0.02_0.2,0.9843249406360153
ACCBL_20,BBU_5_2.0_2.0,0.9843241398627128
PIVOTS_TRAD_D_S3,PIVOTS_TRAD_D_R3,0.9843039072627481
PIVOTS_TRAD_D_S4,PIVOTS_TRAD_D_R4,0.9843039072627481
PIVOTS_TRAD_D_S3,PIVOTS_TRAD_D_R4,0.9843039072627481
PIVOTS_TRAD_D_S4,PIVOTS_TRAD_D_R3,0.9843039072627481
CKSPl_10_3_20,ACCBL_20,0.9843034923469833
HILO_13_21,BBM_5_2.0_2.0,0.9843019251860053
Low,KAMA_10_2_30,0.9842997714614412
Open,SSF_20,0.9842823629453143
PIVOTS_TRAD_D_S2,T3_10_0.7,0.9842758487790436
FWMA_10,ACCBM_20,0.9842727912900768
SINWMA_14,ZL_EMA_10,0.9842673585065874
PIVOTS_TRAD_D_R4,KCLe_20_2,0.9842653673281252
PIVOTS_TRAD_D_R3,KCLe_20_2,0.9842653673281252
ALPHAT_14_1_50,CHDLREXTl_22_22_14_2.0,0.9842636821402869
HWMA_0.2_0.1_0.1,MIDPRICE_2,0.9842565755998575
MIDPRICE_2,HWM_1,0.9842565755998572
PIVOTS_TRAD_D_R4,KCBe_20_2,0.9842417579125444
PIVOTS_TRAD_D_R3,KCBe_20_2,0.9842417579125444
OHLC4,SSF3_20,0.9842352838690883
FWMA_10,HWL_1,0.9842250089523472
JMA_7_0.0,HWL_1,0.9842149804257174
SINWMA_14,SUPERT_7_3.0,0.9842070172339832
ALPHAT_14_1_50,CHDLREXTs_22_22_14_2.0,0.9842028492732237
PIVOTS_TRAD_D_S4,SWMA_10,0.9841912494255798
PIVOTS_TRAD_D_S3,SWMA_10,0.9841912494255798
HL2,SSF3_20,0.9841854632669574
PIVOTS_TRAD_D_S1,KCBe_20_2,0.984184521353443
SSF_20,PSARl_0.02_0.2,0.9841813110447291
Close,KCLe_20_2,0.9841778627800019
TRIMA_10,CHDLREXTs_22_22_14_2.0,0.9841755941265264
HL2,MCGD_10,0.9841742759491491
HILOl_13_21,DCM_20_20,0.984167191056181
MCGD_10,OHLC4,0.9841479207506328
MCGD_10,PIVOTS_TRAD_D_R3,0.9841455840540605
MCGD_10,PIVOTS_TRAD_D_R4,0.9841455840540605
Close,SSF_20,0.9841186077147775
SSF3_20,PSARl_0.02_0.2,0.9841075118424982
Close,PWMA_10,0.9841028996758321
Low,TRIMA_10,0.9840831973866093
KAMA_10_2_30,BBL_5_2.0_2.0,0.9840732306235453
PIVOTS_TRAD_D_S4,KCLe_20_2,0.9840675740536715
PIVOTS_TRAD_D_S3,KCLe_20_2,0.9840675740536715
HT_TL,VWMA_10,0.9840606477167639
MIDPRICE_2,SINWMA_14,0.984055050281057
HMA_10,HWL_1,0.9840529159991448
Open,KCLe_20_2,0.9840475784033825
HLC3,MCGD_10,0.9840133303597598
MCGD_10,VWAP_D,0.9840091577112804
ALPHAT_14_1_50,HT_TL,0.9840083326089302
HLC3,SSF3_20,0.9839857096921762
SSF3_20,VWAP_D,0.9839851546393863
RWIh_14,RWIl_14,0.9839783762416291
WMA_10,DCL_20_20,0.9839523002566807
SMMA_7,PSARs_0.02_0.2,0.9839500005198323
HMA_10,KCLe_20_2,0.9839473743843878
HWMA_0.2_0.1_0.1,PIVOTS_TRAD_D_S2,0.9839369753032053
PIVOTS_TRAD_D_S2,HWM_1,0.9839369753032053
T3_10_0.7,BBL_5_2.0_2.0,0.9839148652765524
PSARl_0.02_0.2,ACCBU_20,0.9839114451821346
SMA_10,HWM_1,0.983909592915453
HWMA_0.2_0.1_0.1,SMA_10,0.983909592915453
MCGD_10,WCP,0.9839053006654286
ABER_SG_5_15,HWU_1,0.9839047032805488
AGt_13_8_5,LINREG_14,0.9838990239717916
WMA_10,HWL_1,0.9838808222144609
PIVOTS_TRAD_D_R4,T3_10_0.7,0.9838764535292539
PIVOTS_TRAD_D_R3,T3_10_0.7,0.9838764535292539
Open,SSF3_20,0.9838734492075661
ABER_XG_5_15,ACCBM_20,0.9838682327019079
MCGD_10,LDECAY_1,0.9838621159322308
SSF3_20,WCP,0.9838465332912757
Low,PWMA_10,0.9838455698925098
SUPERT_7_3.0,KCUe_20_2,0.9838365204410904
Low,KCLe_20_2,0.9838263330892186
SUPERT_7_3.0,ATRTSe_14_20_3.0,0.9838169187266635
KAMA_10_2_30,MEDIAN_30,0.9838111549561684
KAMA_10_2_30,QTL_30_0.5,0.9838111549561684
High,KCBe_20_2,0.9837698935328576
TEMA_10,ALPHATl_14_1_50_2,0.9837598786668275
SSF3_20,LDECAY_1,0.9837500720737409
ABER_SG_5_15,ACCBU_20,0.9837387847628889
HWMA_0.2_0.1_0.1,MIDPOINT_2,0.9837187103689201
MIDPOINT_2,HWM_1,0.98371871036892
PIVOTS_TRAD_D_S2,KCBe_20_2,0.9837182005210979
HMA_10,MCGD_10,0.9836861018992374
DCU_20_20,KCLe_20_2,0.9836638579945228
HL2,RMA_10,0.9836284160871305
HWMA_0.2_0.1_0.1,SSF3_20,0.9836148143092005
SSF3_20,HWM_1,0.9836148143092004
OHLC4,RMA_10,0.9836094585611891
SUPERT_7_3.0,KCLe_20_2,0.9836052825518331
TRIMA_10,HWM_1,0.9835308010640256
HWMA_0.2_0.1_0.1,TRIMA_10,0.9835308010640252
HLC3,RMA_10,0.9835276493201275
TEMA_10,KCLe_20_2,0.9835238217067518
RMA_10,VWAP_D,0.9835237692165609
BBL_5_2.0_2.0,HWU_1,0.9835102017626621
TMO_14_5_3,TMOs_14_5_3,0.9835084718007241
CHDLREXTl_22_22_14_2.0,VWMA_10,0.9835074900049349
Close,MCGD_10,0.9834985990607085
SUPERT_7_3.0,HT_TL,0.9834949461584108
SSF_20,SUPERT_7_3.0,0.9834930075065627
RMA_10,LDECAY_1,0.9834715846203624
WMA_10,HT_TL,0.9834691224347898
HWMA_0.2_0.1_0.1,PIVOTS_TRAD_D_R1,0.9834681600385559
PIVOTS_TRAD_D_R1,HWM_1,0.9834681600385559
AGt_13_8_5,SUPERT_7_3.0,0.9834590028230648
HL2,ALPHATl_14_1_50_2,0.9834582183017432
PIVOTS_TRAD_D_R2,KCUe_20_2,0.9834579230278986
PIVOTS_TRAD_D_R4,SINWMA_14,0.9834548758270671
PIVOTS_TRAD_D_R3,SINWMA_14,0.9834548758270671
MIDPOINT_2,SINWMA_14,0.9834533352675325
RMA_10,WCP,0.9834486676725003
AGt_13_8_5,CKSPl_10_3_20,0.9834449284094018
Open,MCGD_10,0.9834445285426383
OHLC4,ALPHATl_14_1_50_2,0.983438622275197
ABER_XG_5_15,KCUe_20_2,0.9834342691861031
Low,SSF_20,0.9834020829923286
SMMA_7,CKSPs_10_3_20,0.9833989400420822
ITS_9,HWM_1,0.9833822029110807
ITS_9,HWMA_0.2_0.1_0.1,0.9833822029110807
High,T3_10_0.7,0.9833799214503098
KAMA_10_2_30,LINREG_14,0.9833723500831362
PWMA_10,DCL_20_20,0.9833671590301791
HILOs_13_21,T3_10_0.7,0.983359655034525
SWMA_10,CHDLREXTs_22_22_14_2.0,0.9833469959098806
PWMA_10,CHDLREXTl_22_22_14_2.0,0.9833452746804114
MCGD_10,BBL_5_2.0_2.0,0.9833437374801275
Close,SSF3_20,0.9833431956630699
IKS_26,ABER_SG_5_15,0.9833357769827533
KAMA_10_2_30,DCU_20_20,0.9833312340390585
HMA_10,T3_10_0.7,0.9833035490136262
HLC3,ALPHATl_14_1_50_2,0.9832962139571471
SSF3_20,PSARs_0.02_0.2,0.9832961038204588
ALPHATl_14_1_50_2,VWAP_D,0.9832957434698346
PIVOTS_TRAD_D_S4,SSF_20,0.9832938453843808
PIVOTS_TRAD_D_S3,SSF_20,0.9832938453843808
HILO_13_21,ABER_XG_5_15,0.983275919734926
PIVOTS_TRAD_D_S1,SINWMA_14,0.9832717367543314
TRIMA_10,PSARs_0.02_0.2,0.9832673297348556
T3_10_0.7,TEMA_10,0.9832476251993117
EMA_10,DCU_20_20,0.9832083915101095
SUPERT_7_3.0,CHDLREXTl_22_22_14_2.0,0.9832038672921023
SSF3_20,CHDLREXTs_22_22_14_2.0,0.9832012688938685
PIVOTS_TRAD_D_S3,ALPHATl_14_1_50_2,0.9831916143103161
PIVOTS_TRAD_D_S4,ALPHATl_14_1_50_2,0.9831916143103161
ALPHATl_14_1_50_2,PSARs_0.02_0.2,0.9831893278304541
ALPHATl_14_1_50_2,LDECAY_1,0.9831871802562563
WCP,ALPHATl_14_1_50_2,0.9831756294907629
AGj_13_8_5,PIVOTS_TRAD_D_R2,0.9831542449221347
Close,RMA_10,0.9831287825530817
PSARl_0.02_0.2,DCM_20_20,0.9830916478077916
T3_10_0.7,HWM_1,0.983060991324091
HWMA_0.2_0.1_0.1,T3_10_0.7,0.9830609913240909
PSARl_0.02_0.2,KCBe_20_2,0.9830556456393142
RMA_10,PSARl_0.02_0.2,0.9830549067351199
MCGD_10,TEMA_10,0.983029338013294
Open,ALPHATl_14_1_50_2,0.9830071794810172
HWM_1,VWMA_10,0.9829811686522686
HWMA_0.2_0.1_0.1,VWMA_10,0.9829811686522686
HILOl_13_21,KCBe_20_2,0.9829640698490335
HT_TL,DCL_20_20,0.9829607664018946
CHDLREXTs_22_22_14_2.0,VWMA_10,0.9829492174676334
BBL_5_2.0_2.0,HWL_1,0.9829389841965915
LINREG_14,ALPHATl_14_1_50_2,0.9829257922250143
FWMA_10,HILO_13_21,0.9829224113118197
TRIMA_10,PSARl_0.02_0.2,0.9829191957702872
PIVOTS_TRAD_D_P,HWU_1,0.9829151880583562
CKSPs_10_3_20,PSARs_0.02_0.2,0.9829151698566907
Open,RMA_10,0.982895722419007
WMA_10,CHDLREXTl_22_22_14_2.0,0.982878561113835
MCGD_10,SUPERT_7_3.0,0.9828783568570358
Low,MCGD_10,0.9828693359633969
QTL_30_0.5,CHDLREXTs_22_22_14_2.0,0.982860944861165
MEDIAN_30,CHDLREXTs_22_22_14_2.0,0.982860944861165
Low,SSF3_20,0.982826930513503
OHLC4,HWM_1,0.9827962239848606
HWMA_0.2_0.1_0.1,OHLC4,0.9827962239848606
HL2,KCBe_20_2,0.9827884066930349
ACCBU_20,BBU_5_2.0_2.0,0.9827837544457559
PIVOTS_TRAD_D_S2,SINWMA_14,0.9827702335813726
OHLC4,KCBe_20_2,0.9827675773900267
Open,HWM_1,0.9827545287602614
Open,HWMA_0.2_0.1_0.1,0.9827545287602614
SUPERT_7_3.0,ACCBL_20,0.9827426348910732
Close,ALPHATl_14_1_50_2,0.9827401339763173
ALPHATl_14_1_50_2,DCU_20_20,0.9827368293598027
HMA_10,RMA_10,0.9827334945714804
HILOs_13_21,ALPHATl_14_1_50_2,0.9827319632004008
PSARl_0.02_0.2,CHDLREXTl_22_22_14_2.0,0.9826977824781369
PIVOTS_TRAD_D_S3,TRIMA_10,0.9826972678854543
PIVOTS_TRAD_D_S4,TRIMA_10,0.9826972678854543
SMMA_7,SUPERT_7_3.0,0.9826972503500546
HLC3,KCBe_20_2,0.9826903436385555
KCBe_20_2,VWAP_D,0.9826862733245911
PIVOTS_TRAD_D_R2,HWM_1,0.9826665253639251
HWMA_0.2_0.1_0.1,PIVOTS_TRAD_D_R2,0.982666525363925
AGj_13_8_5,PIVOTS_TRAD_D_R1,0.9826629209997823
SWMA_10,HWU_1,0.9826605826757987
HL2,HWM_1,0.9826518710595081
HL2,HWMA_0.2_0.1_0.1,0.9826518710595081
LDECAY_1,KCBe_20_2,0.9826412021051643
OHLC4,T3_10_0.7,0.9826345225998646
HILOl_13_21,ACCBL_20,0.9826315531222526
HL2,T3_10_0.7,0.9826224964137056
WCP,KCBe_20_2,0.9826133415457569
PWMA_10,HWU_1,0.9826101743373308
PIVOTS_TRAD_D_R1,KCUe_20_2,0.9825919565262439
IKS_26,ABER_ZG_5_15,0.9825829007182686
PIVOTS_TRAD_D_S1,HWU_1,0.9825475248262817
SMA_10,PSARs_0.02_0.2,0.982535588479167
ABER_ZG_5_15,ATRTSe_14_20_3.0,0.9825131465787509
HILOs_13_21,TRIMA_10,0.982511525913423
MIDPRICE_2,HWU_1,0.982507661705207
AGj_13_8_5,PSARl_0.02_0.2,0.9825044826264973
AGj_13_8_5,JMA_7_0.0,0.9824951790810553
PIVOTS_TRAD_D_R2,DCM_20_20,0.9824583592763612
HLC3,T3_10_0.7,0.9824331089653241
T3_10_0.7,VWAP_D,0.9824313945002393
Low,HWM_1,0.9823970042556867
Low,HWMA_0.2_0.1_0.1,0.9823970042556867
HWM_1,VWAP_D,0.9823961822552142
HWMA_0.2_0.1_0.1,VWAP_D,0.9823961822552142
HLC3,HWM_1,0.982390805059482
HLC3,HWMA_0.2_0.1_0.1,0.982390805059482
PIVOTS_TRAD_D_S3,PWMA_10,0.9823879389622562
PIVOTS_TRAD_D_S4,PWMA_10,0.9823879389622562
Open,T3_10_0.7,0.9823600136724625
HILOl_13_21,RMA_10,0.9823329643144135
ACCBU_20,DCL_20_20,0.982320399273486
Close,KCBe_20_2,0.9823010597140455
T3_10_0.7,WCP,0.9822983241344496
HILOs_13_21,SSF3_20,0.982259811674743
T3_10_0.7,LDECAY_1,0.9822441221574699
High,SINWMA_14,0.9822414742629187
AGt_13_8_5,PSARl_0.02_0.2,0.9822318904998621
ATRTSe_14_20_3.0,BBM_5_2.0_2.0,0.9822280163279495
High,HWMA_0.2_0.1_0.1,0.9822222680638636
High,HWM_1,0.9822222680638636
WCP,HWM_1,0.9822033202635962
HWMA_0.2_0.1_0.1,WCP,0.9822033202635962
PIVOTS_TRAD_D_R4,KCUe_20_2,0.9822016588412801
PIVOTS_TRAD_D_R3,KCUe_20_2,0.9822016588412801
Low,RMA_10,0.9822004957845817
IKS_26,ALMA_9_6.0_0.85,0.9821992623322153
WMA_10,CHDLREXTs_22_22_14_2.0,0.9821777767572222
IKS_26,BBM_5_2.0_2.0,0.9821688610119689
SWMA_10,HWL_1,0.9821147477697048
ALMA_9_6.0_0.85,ATRTSe_14_20_3.0,0.9820968289767412
T3_10_0.7,DCU_20_20,0.9820557435797126
JMA_7_0.0,DCM_20_20,0.9820465248798225
RMA_10,TEMA_10,0.9820449299172425
Low,ALPHATl_14_1_50_2,0.982041883651062
Open,KCBe_20_2,0.9820373067353608
AGl_13_8_5,DCU_20_20,0.9820307932456158
PIVOTS_TRAD_D_R1,DCM_20_20,0.9820217082843785
AGl_13_8_5,HWM_1,0.9820166777635642
AGl_13_8_5,HWMA_0.2_0.1_0.1,0.9820166777635642
PWMA_10,HWL_1,0.9820044659578814
PSARl_0.02_0.2,KCUe_20_2,0.9819998884650089
JMA_7_0.0,ACCBL_20,0.9819984699591475
ATRTSe_14_20_3.0,BBU_5_2.0_2.0,0.9819867983776241
DEMA_10,ACCBL_20,0.9819803815151839
ABER_XG_5_15,DCL_20_20,0.9819611493265042
EMA_10,QTL_30_0.5,0.9819552753518768
EMA_10,MEDIAN_30,0.9819552753518768
KAMA_10_2_30,SUPERT_7_3.0,0.9819472136741177
MIDPOINT_2,HWU_1,0.9819324969629633
RMA_10,BBL_5_2.0_2.0,0.9819198030690853
LDECAY_1,HWM_1,0.9819093918136159
HWMA_0.2_0.1_0.1,LDECAY_1,0.9819093918136159
SMA_10,DCU_20_20,0.981882317902932
Close,T3_10_0.7,0.9818416258025979
MCGD_10,PIVOTS_TRAD_D_S4,0.9818274359257217
MCGD_10,PIVOTS_TRAD_D_S3,0.9818274359257217
PIVOTS_TRAD_D_S2,HWU_1,0.9818141832163748
HILOs_13_21,KAMA_10_2_30,0.9818115888836201
HILOs_13_21,SMA_10,0.9818106633240116
HMA_10,KCBe_20_2,0.9817986638760222
SWMA_10,PSARs_0.02_0.2,0.9817842357969369
SINWMA_14,BBL_5_2.0_2.0,0.9817618002342937
PWMA_10,CHDLREXTs_22_22_14_2.0,0.9817140844484378
HILOs_13_21,CHDLREXTl_22_22_14_2.0,0.9817069377803521
SUPERT_7_3.0,ALPHAT_14_1_50,0.9816870706409495
TRIMA_10,DCU_20_20,0.9816716684437814
PIVOTS_TRAD_D_R1,HWU_1,0.981670490303092
AGj_13_8_5,PIVOTS_TRAD_D_P,0.9816525765888979
PSARl_0.02_0.2,KCLe_20_2,0.9816525541177713
JMA_7_0.0,KCUe_20_2,0.981607308068872
KAMA_10_2_30,CKSPs_10_3_20,0.981591569351052
IKS_26,FWMA_10,0.9815585577337057
FWMA_10,ATRTSe_14_20_3.0,0.9815531120565936
LINREG_14,KCLe_20_2,0.9815453101684973
T3_10_0.7,QTL_30_0.5,0.9815421668248149
T3_10_0.7,MEDIAN_30,0.9815421668248149
SMA_10,PSARl_0.02_0.2,0.9815261287184006
ABER_ZG_5_15,ACCBU_20,0.9815258307123493
CKSPl_10_3_20,KCLe_20_2,0.9815222250892791
SINWMA_14,CKSPs_10_3_20,0.9815186852977932
Close,HWM_1,0.981504718984416
Close,HWMA_0.2_0.1_0.1,0.981504718984416
ABER_SG_5_15,HWL_1,0.981504487439481
MEDIAN_30,PSARs_0.02_0.2,0.9814993276123274
QTL_30_0.5,PSARs_0.02_0.2,0.9814993276123274
PIVOTS_TRAD_D_S3,RMA_10,0.9814431992164275
PIVOTS_TRAD_D_S4,RMA_10,0.9814431992164275
MCGD_10,PSARl_0.02_0.2,0.9814324635181304
PIVOTS_TRAD_D_P,HWL_1,0.9814248897763804
SMMA_7,CKSPl_10_3_20,0.98141712771408
AGj_13_8_5,MIDPRICE_2,0.9814130398942092
LINREG_14,SINWMA_14,0.981409905088678
LINREG_14,MCGD_10,0.9814041635994949
SMA_10,HWU_1,0.9813776268016818
PIVOTS_TRAD_D_P,DCM_20_20,0.981371608285006
HT_TL,PSARl_0.02_0.2,0.9813687754110024
ALMA_9_6.0_0.85,ACCBU_20,0.9813620498263933
MIDPRICE_2,DCM_20_20,0.9813546053124445
Low,KCBe_20_2,0.981335280603305
Low,T3_10_0.7,0.9813263351359134
PIVOTS_TRAD_D_S3,SSF3_20,0.9813148990866667
PIVOTS_TRAD_D_S4,SSF3_20,0.9813148990866667
ABER_SG_5_15,CHDLREXTl_22_22_14_2.0,0.9813132870030028
SSF3_20,DCU_20_20,0.9812902623172903
OHLC4,SINWMA_14,0.9812865641707645
EMA_10,PSARs_0.02_0.2,0.9812864781457035
EMA_10,HILOs_13_21,0.9812817173710254
ABER_ZG_5_15,DCL_20_20,0.9812766875837488
HL2,SINWMA_14,0.981273565368486
SINWMA_14,CKSPl_10_3_20,0.9812704499848859
PIVOTS_TRAD_D_R2,ACCBM_20,0.9812470373694169
PIVOTS_TRAD_D_S1,HWL_1,0.9812206324756672
PSARs_0.02_0.2,ATRTSe_14_20_3.0,0.9812110787217974
ALPHATl_14_1_50_2,PSARl_0.02_0.2,0.9811981841759132
SUPERT_7_3.0,T3_10_0.7,0.9811932151216191
Open,HWU_1,0.9811905688184203
IKS_26,BBU_5_2.0_2.0,0.9811888478432328
SWMA_10,PSARl_0.02_0.2,0.9811741699695026
HILOl_13_21,ATRTSe_14_20_3.0,0.9811714703333295
SMMA_7,PSARl_0.02_0.2,0.9811706811774993
KAMA_10_2_30,PSARs_0.02_0.2,0.9811612796855411
IKS_26,ABER_XG_5_15,0.9811513311313101
PIVOTS_TRAD_D_S2,HWL_1,0.9811492643455937
OHLC4,HWU_1,0.981135588646923
ACCBU_20,BBM_5_2.0_2.0,0.9811264195004414
HLC3,SINWMA_14,0.9811132214438067
SINWMA_14,VWAP_D,0.9811109344868855
HMA_10,SINWMA_14,0.9811066045099074
TRIMA_10,QTL_30_0.5,0.9811057275913603
TRIMA_10,MEDIAN_30,0.9811057275913603
PIVOTS_TRAD_D_P,KCUe_20_2,0.9811026089268542
TEMA_10,KCBe_20_2,0.9810665107155205
TRIMA_10,HWU_1,0.9810362795035317
BBL_5_2.0_2.0,KCBe_20_2,0.9810220113644927
QTL_30_0.5,ALPHATl_14_1_50_2,0.981019207393817
MEDIAN_30,ALPHATl_14_1_50_2,0.981019207393817
AGj_13_8_5,PIVOTS_TRAD_D_R3,0.9810139752816361
AGj_13_8_5,PIVOTS_TRAD_D_R4,0.9810139752816361
MIDPRICE_2,HWL_1,0.9809987429646171
SINWMA_14,WCP,0.9809977971174282
PIVOTS_TRAD_D_R2,HWU_1,0.9809882380382129
SSF3_20,HWL_1,0.9809849852094197
PIVOTS_TRAD_D_R2,ACCBL_20,0.9809848116782418
HL2,HWU_1,0.9809683309105642
PIVOTS_TRAD_D_R1,ACCBL_20,0.9809608776774995
SINWMA_14,LDECAY_1,0.9809592229118085
AGj_13_8_5,MIDPOINT_2,0.980948758340231
SSF_20,CKSPs_10_3_20,0.9809474285033312
SMA_10,HWL_1,0.9809469009068634
SINWMA_14,TEMA_10,0.9809464024249384
SSF3_20,HWU_1,0.9809438872756753
SMA_10,QTL_30_0.5,0.9809377889552526
SMA_10,MEDIAN_30,0.9809377889552526
BBM_5_2.0_2.0,DCL_20_20,0.9808960927594343
T3_10_0.7,HWL_1,0.9808946595080322
ALMA_9_6.0_0.85,DCL_20_20,0.9808887408633137
ATRTSe_14_20_3.0,DCL_20_20,0.9808833189544035
DCL_20_20,KCUe_20_2,0.9808801160197508
EMA_10,SUPERT_7_3.0,0.9808690438913515
Open,SINWMA_14,0.9808493932508828
SUPERT_7_3.0,CHDLREXTs_22_22_14_2.0,0.9808471528354126
ALPHATl_14_1_50_2,CKSPs_10_3_20,0.9808304272354346
ITS_9,HWU_1,0.980814409061709
HILOs_13_21,SWMA_10,0.9808052994131968
HT_TL,ABER_SG_5_15,0.9807939904870032
MIDPOINT_2,DCM_20_20,0.9807939235559954
Low,HWU_1,0.9807352774643985
SSF3_20,QTL_30_0.5,0.9807288283252167
SSF3_20,MEDIAN_30,0.9807288283252167
PIVOTS_TRAD_D_R1,ACCBM_20,0.9807281692504539
PIVOTS_TRAD_D_P,ACCBL_20,0.9807181331652777
HWU_1,VWAP_D,0.9807048372658415
HLC3,HWU_1,0.9806982365893938
PIVOTS_TRAD_D_S3,KCBe_20_2,0.9806750162562469
PIVOTS_TRAD_D_S4,KCBe_20_2,0.9806750162562469
FAMA_0.5_0.05,VIDYA_14,0.9806713223379008
TRIMA_10,HWL_1,0.9806682417536305
PWMA_10,PSARs_0.02_0.2,0.9806590015764897
AGj_13_8_5,ZL_EMA_10,0.9806525209199082
ALPHAT_14_1_50,HWM_1,0.9806098393332618
HWMA_0.2_0.1_0.1,ALPHAT_14_1_50,0.9806098393332618
MIDPRICE_2,KCUe_20_2,0.9805998450471947
EMA_10,HWM_1,0.9805992110876801
EMA_10,HWMA_0.2_0.1_0.1,0.9805992110876801
ITS_9,PSARs_0.02_0.2,0.9805939078390341
SUPERT_7_3.0,TRIMA_10,0.9805888856904896
Close,SINWMA_14,0.9805876367350717
BBL_5_2.0_2.0,BBU_5_2.0_2.0,0.9805862828968956
High,HWU_1,0.9805580669073067
BBU_5_2.0_2.0,HWM_1,0.9805332944612066
HWMA_0.2_0.1_0.1,BBU_5_2.0_2.0,0.9805332944612066
EMA_10,CKSPs_10_3_20,0.9805312052621128
WCP,HWU_1,0.9805050718277745
Volume,PVOL,0.9804878140623481
DEMA_10,DCM_20_20,0.9804823115795337
AGj_13_8_5,DEMA_10,0.9804785660892787
MIDPOINT_2,HWL_1,0.980476873648042
JMA_7_0.0,ACCBM_20,0.9804585369088119
PWMA_10,PSARl_0.02_0.2,0.980458284264843
FWMA_10,DCL_20_20,0.9804352436362253
ZL_EMA_10,ACCBL_20,0.9804214519952157
HILOl_13_21,MCGD_10,0.9804058329919613
ITS_9,SUPERT_7_3.0,0.9804043942672206
SWMA_10,DCU_20_20,0.9804016966376965
HWU_1,VWMA_10,0.9803989149029337
SMA_10,SUPERT_7_3.0,0.9803788253310562
BBU_5_2.0_2.0,CHDLREXTl_22_22_14_2.0,0.9803617971172022
HILOl_13_21,HILOs_13_21,0.980352653501411
SSF3_20,SUPERT_7_3.0,0.9803296414347381
AGl_13_8_5,MEDIAN_30,0.9803211084315013
AGl_13_8_5,QTL_30_0.5,0.9803211084315013
PSARl_0.02_0.2,DCU_20_20,0.9802922147991044
ITS_9,DCU_20_20,0.9802908515325465
MIDPRICE_2,ACCBL_20,0.9802818564139022
ZL_EMA_10,DCM_20_20,0.9802517148487156
PIVOTS_TRAD_D_R4,DCM_20_20,0.9802469666070908
PIVOTS_TRAD_D_R3,DCM_20_20,0.9802469666070908
SUPERT_7_3.0,DCU_20_20,0.9802423051333091
AGj_13_8_5,PIVOTS_TRAD_D_S1,0.9802144163466395
ITS_9,HWL_1,0.9801900922408244
MIDPOINT_2,KCUe_20_2,0.9801854415999922
LDECAY_1,HWU_1,0.9801773817705922
KAMA_10_2_30,CKSPl_10_3_20,0.9801481134170364
AGl_13_8_5,PSARs_0.02_0.2,0.980134753040866
QQE_14_5_4.236_RSIMA,SMIs_5_20_5_1.0,0.980133101125019
PIVOTS_TRAD_D_R1,HWL_1,0.9801231293675301
PIVOTS_TRAD_D_S1,DCM_20_20,0.9800989241689337
FWMA_10,ACCBU_20,0.9800955799038099
ZL_EMA_10,KCUe_20_2,0.9800137834438721
LINREG_14,RMA_10,0.9800099690821397
AO_5_34,STCmacd_10_12_26_0.5,0.9799907804522515
AO_5_34,MACD_12_26_9,0.9799907804522515
High,AGj_13_8_5,0.9799558016422696
T3_10_0.7,HWU_1,0.9799326386989519
High,DCM_20_20,0.9799172494947682
ABER_XG_5_15,ATRTSe_14_20_3.0,0.9798735053117912
AGl_13_8_5,HILOs_13_21,0.9798661692308341
ABER_SG_5_15,DCL_20_20,0.979850499404186
DEMA_10,KCUe_20_2,0.9798443814306631
HILO_13_21,PIVOTS_TRAD_D_R2,0.9798289321566374
SUPERT_7_3.0,VWMA_10,0.9798037482785004
Low,SINWMA_14,0.9798016023697849
AGj_13_8_5,PIVOTS_TRAD_D_S2,0.9797935870973575
Close,HWU_1,0.9797498799795415
HWL_1,VWMA_10,0.9797390194959361
HT_TL,BBU_5_2.0_2.0,0.9797355383517808
PIVOTS_TRAD_D_P,ACCBM_20,0.9797227416824633
CKSPs_10_3_20,CHDLREXTl_22_22_14_2.0,0.9797095226180884
PIVOTS_TRAD_D_S2,DCM_20_20,0.979699537818251
AGl_13_8_5,SUPERT_7_3.0,0.9796646465405209
ISA_9,ISB_26,0.9796436211439357
PIVOTS_TRAD_D_S3,T3_10_0.7,0.9796306363278638
PIVOTS_TRAD_D_S4,T3_10_0.7,0.9796306363278638
MIDPOINT_2,ACCBL_20,0.9796130396245335
High,KCUe_20_2,0.979607967964892
OHLC4,HWL_1,0.9795939752569947
HWMA_0.2_0.1_0.1,SSF_20,0.979556920861114
SSF_20,HWM_1,0.979556920861114
Open,HWL_1,0.9795513855978132
AGl_13_8_5,HWU_1,0.9795400877227197
SSF_20,CKSPl_10_3_20,0.9795232302071295
PIVOTS_TRAD_D_S1,ACCBL_20,0.9795201083960969
HL2,HWL_1,0.9794486639588204
QTL_30_0.5,PSARl_0.02_0.2,0.9794417628685684
MEDIAN_30,PSARl_0.02_0.2,0.9794417628685684
PIVOTS_TRAD_D_S2,ACCBL_20,0.979431389812839
DEMA_10,ACCBM_20,0.9794312691038037
HILOs_13_21,PWMA_10,0.9794216379851288
SUPERT_7_3.0,CKSPs_10_3_20,0.9793696199037749
ITS_9,PSARl_0.02_0.2,0.9793634086716747
IKS_26,PSARl_0.02_0.2,0.9793539567843008
SWMA_10,MEDIAN_30,0.9793216249093631
SWMA_10,QTL_30_0.5,0.9793216249093631
KAMA_10_2_30,PSARl_0.02_0.2,0.9793208170932408
ALPHAT_14_1_50,DCU_20_20,0.9793069944764005
AGl_13_8_5,CKSPs_10_3_20,0.9792934398620875
Low,HWL_1,0.9792779093273067
ABER_ZG_5_15,CHDLREXTl_22_22_14_2.0,0.9792458029394839
PIVOTS_TRAD_D_S1,KCUe_20_2,0.9792320256575617
MIDPRICE_2,ACCBM_20,0.9792227916215539
CHDLREXTl_22_22_14_2.0,CHDLREXTs_22_22_14_2.0,0.979221870501434
ITS_9,HILOs_13_21,0.9792143254617685
PIVOTS_TRAD_D_R4,ACCBM_20,0.9792104122428543
PIVOTS_TRAD_D_R3,ACCBM_20,0.9792104122428543
HWL_1,VWAP_D,0.9791833536431944
HLC3,HWL_1,0.9791788571197572
HILO_13_21,JMA_7_0.0,0.9791680167736807
PIVOTS_TRAD_D_R2,ATRTSe_14_20_3.0,0.9791414971529803
HILOs_13_21,SUPERT_7_3.0,0.9791269306254209
APO_12_26,PPO_12_26_9,0.9791075921783268
PWMA_10,DCU_20_20,0.9791041115169223
SUPERT_7_3.0,SWMA_10,0.979083816254309
HILO_13_21,PIVOTS_TRAD_D_R1,0.9790721786235984
HL2,DCM_20_20,0.9790516731212251
ALMA_9_6.0_0.85,CHDLREXTl_22_22_14_2.0,0.9790324260939456
PIVOTS_TRAD_D_R2,HWL_1,0.9790181675428812
WCP,HWL_1,0.9789866437764713
OHLC4,DCM_20_20,0.9789695545909061
HT_TL,ABER_ZG_5_15,0.9789643793689761
PIVOTS_TRAD_D_S3,SINWMA_14,0.9789506441822003
PIVOTS_TRAD_D_S4,SINWMA_14,0.9789506441822003
LINREG_14,KCBe_20_2,0.9789503808229504
BBM_5_2.0_2.0,CHDLREXTl_22_22_14_2.0,0.9789028744837802
AGt_13_8_5,HILOl_13_21,0.9788998645553993
PSARs_0.02_0.2,VWMA_10,0.9788954162454662
HLC3,DCM_20_20,0.9788740758638401
BBU_5_2.0_2.0,HWU_1,0.9788724363158122
HILOl_13_21,SINWMA_14,0.9788702530717461
DCM_20_20,VWAP_D,0.9788648436987425
AGj_13_8_5,HL2,0.9788499222684091
ABER_SG_5_15,CHDLREXTs_22_22_14_2.0,0.9788421093269426
ABER_ZG_5_15,CHDLREXTs_22_22_14_2.0,0.9788280117184617
AGj_13_8_5,OHLC4,0.9788225608248602
High,HWL_1,0.978813253184809
PSARl_0.02_0.2,VWMA_10,0.9788022444431909
AGj_13_8_5,HLC3,0.9787595521518682
AGj_13_8_5,VWAP_D,0.9787546701698355
WCP,DCM_20_20,0.9787511310424304
MIDPOINT_2,ACCBM_20,0.9787398574433285
AGj_13_8_5,LDECAY_1,0.978732782706267
DEMA_10,HILO_13_21,0.9787206009781698
IKS_26,PIVOTS_TRAD_D_R2,0.978710258756241
AGj_13_8_5,WCP,0.9786889947937901
ZL_EMA_10,ACCBM_20,0.9786646163596299
Open,DCM_20_20,0.978660833575313
LDECAY_1,HWL_1,0.978657993623008
AGl_13_8_5,HWL_1,0.9786406072486957
ALMA_9_6.0_0.85,HT_TL,0.9786351370072055
DCU_20_20,VWMA_10,0.9786331941256025
ABER_XG_5_15,ACCBU_20,0.9786300437398567
LDECAY_1,DCM_20_20,0.978628188140308
PIVOTS_TRAD_D_R1,ATRTSe_14_20_3.0,0.978626390654037
PIVOTS_TRAD_D_R2,ACCBU_20,0.978573195647881
SMA_10,CKSPs_10_3_20,0.978562353781083
HILOs_13_21,DCU_20_20,0.9785486477637193
HT_TL,BBM_5_2.0_2.0,0.97854127616909
EMA_10,PSARl_0.02_0.2,0.9785063216086394
PIVOTS_TRAD_D_S2,KCUe_20_2,0.9784673948037066
BBM_5_2.0_2.0,CHDLREXTs_22_22_14_2.0,0.9784177599490413
Close,AGj_13_8_5,0.978407269378072
ALMA_9_6.0_0.85,CHDLREXTs_22_22_14_2.0,0.9783906716263916
Close,DCM_20_20,0.9783884495852235
ACCBL_20,BBL_5_2.0_2.0,0.9783851543454758
High,ACCBL_20,0.9783709542419329
QTL_30_0.5,DCL_20_20,0.9783368758834423
MEDIAN_30,DCL_20_20,0.9783368758834423
Close,HWL_1,0.9783055617211079
HILO_13_21,PIVOTS_TRAD_D_P,0.9782817695222985
FWMA_10,CHDLREXTl_22_22_14_2.0,0.9782784081193099
ITS_9,QTL_30_0.5,0.9782637585344195
ITS_9,MEDIAN_30,0.9782637585344195
ABER_XG_5_15,CHDLREXTs_22_22_14_2.0,0.9782179852072679
JMA_7_0.0,ATRTSe_14_20_3.0,0.9782013291840005
HILOl_13_21,KCLe_20_2,0.9781936762373651
IKS_26,JMA_7_0.0,0.9781811011659449
PIVOTS_TRAD_D_S1,ACCBM_20,0.9781725414631328
HILO_13_21,PIVOTS_TRAD_D_R3,0.9781426285992183
HILO_13_21,PIVOTS_TRAD_D_R4,0.9781426285992183
OHLC4,KCUe_20_2,0.9781316004793659
PIVOTS_TRAD_D_R3,ACCBL_20,0.9781184724287975
PIVOTS_TRAD_D_R4,ACCBL_20,0.9781184724287975
SUPERT_7_3.0,QTL_30_0.5,0.9781179599080336
SUPERT_7_3.0,MEDIAN_30,0.9781179599080336
HL2,KCUe_20_2,0.9781099786632611
LDECAY_1,KCUe_20_2,0.97809804447761
EMA_10,HWU_1,0.9780453069540278
HLC3,KCUe_20_2,0.9780422510318445
KCUe_20_2,VWAP_D,0.9780388967872944
WMA_10,DCU_20_20,0.9780352726999627
TRIMA_10,CKSPs_10_3_20,0.9780319115952298
Open,AGj_13_8_5,0.978025441982766
HILOl_13_21,SUPERT_7_3.0,0.9780221502353946
JMA_7_0.0,DCL_20_20,0.9780049481061803
WCP,KCUe_20_2,0.9779837680941701
ITS_9,CKSPs_10_3_20,0.9779795193101667
IKS_26,PIVOTS_TRAD_D_R1,0.9779776499103573
ALPHAT_14_1_50,PSARs_0.02_0.2,0.9779604856803262
PIVOTS_TRAD_D_R4,ACCBU_20,0.9779469357087568
PIVOTS_TRAD_D_R3,ACCBU_20,0.9779469357087568
ALPHAT_14_1_50,HWU_1,0.9779387971985677
ALPHAT_14_1_50,CKSPs_10_3_20,0.9779325467172996
PWMA_10,SUPERT_7_3.0,0.9779198266390142
PIVOTS_TRAD_D_R3,HWM_1,0.9779142882565989
PIVOTS_TRAD_D_R4,HWM_1,0.9779142882565989
HWMA_0.2_0.1_0.1,PIVOTS_TRAD_D_R4,0.9779142882565988
HWMA_0.2_0.1_0.1,PIVOTS_TRAD_D_R3,0.9779142882565988
HILOs_13_21,CKSPl_10_3_20,0.9778718586417849
FWMA_10,CHDLREXTs_22_22_14_2.0,0.9778627183554424
OHLC4,ACCBL_20,0.9778484996987109
HWMA_0.2_0.1_0.1,SMMA_7,0.9778417180161867
SMMA_7,HWM_1,0.9778417180161865
HL2,ACCBL_20,0.977822751408934
BBU_5_2.0_2.0,DCU_20_20,0.9778122193711366
Low,DCM_20_20,0.9777981308926168
Close,KCUe_20_2,0.9777781790862722
High,ACCBM_20,0.9777365280475576
EMA_10,CKSPl_10_3_20,0.9776973930559217
PIVOTS_TRAD_D_S2,ACCBM_20,0.9776947005748462
HILOl_13_21,PSARl_0.02_0.2,0.9776601195848565
Open,KCUe_20_2,0.9776157270857575
WMA_10,PSARs_0.02_0.2,0.9776149121354978
PWMA_10,MEDIAN_30,0.9776011601444028
PWMA_10,QTL_30_0.5,0.9776011601444028
HILOs_13_21,VWMA_10,0.9775984918802065
HLC3,ACCBL_20,0.9775887603958813
ACCBL_20,VWAP_D,0.9775838122709953
PSARs_0.02_0.2,CHDLREXTl_22_22_14_2.0,0.977525481989438
HILO_13_21,MIDPRICE_2,0.9775191419875983
HMA_10,ACCBL_20,0.9775112315891359
AGj_13_8_5,HMA_10,0.9775043106156501
MAMA_0.5_0.05,PIVOTS_TRAD_D_S3,0.9774756794925844
MAMA_0.5_0.05,PIVOTS_TRAD_D_S4,0.9774756794925844
MIDPRICE_2,ATRTSe_14_20_3.0,0.9774669689494796
WCP,ACCBL_20,0.9774357430876447
BBL_5_2.0_2.0,DCL_20_20,0.9774284298691022
TRIMA_10,CKSPl_10_3_20,0.9774101299178725
SINWMA_14,HWM_1,0.977406241802134
HWMA_0.2_0.1_0.1,SINWMA_14,0.977406241802134
Open,ACCBL_20,0.9774041111926305
IKS_26,PIVOTS_TRAD_D_P,0.9774037418078626
PIVOTS_TRAD_D_R1,ACCBU_20,0.9773928310401153
AGl_13_8_5,PSARl_0.02_0.2,0.9773750173175034
PIVOTS_TRAD_D_P,ATRTSe_14_20_3.0,0.9773575062772177
DEMA_10,DCL_20_20,0.9773401298417702
SUPERT_7_3.0,DCL_20_20,0.9773304801339705
IKS_26,MIDPRICE_2,0.9773188017081321
Low,AGj_13_8_5,0.9772917672104171
LDECAY_1,ACCBL_20,0.9772844437409393
FWMA_10,HT_TL,0.9772719071342489
HILO_13_21,ZL_EMA_10,0.9772527587540656
HILOs_13_21,ALPHAT_14_1_50,0.97724165205464
ABER_SG_5_15,DCU_20_20,0.9772389553154698
ALPHAT_14_1_50,HWL_1,0.9772281922383689
EMA_10,HWL_1,0.9772127416126432
MIDPOINT_2,ATRTSe_14_20_3.0,0.9771638670299065
EMA_10,MAMA_0.5_0.05,0.9771263100835761
HILOl_13_21,CKSPs_10_3_20,0.9771125504126495
SMA_10,CKSPl_10_3_20,0.9771069904462676
PIVOTS_TRAD_D_R4,ATRTSe_14_20_3.0,0.9770845395277533
PIVOTS_TRAD_D_R3,ATRTSe_14_20_3.0,0.9770845395277533
MAMA_0.5_0.05,ALPHAT_14_1_50,0.9770746670459605
HWMA_0.2_0.1_0.1,ALPHATl_14_1_50_2,0.9770134461324278
ALPHATl_14_1_50_2,HWM_1,0.9770134461324278
HMA_10,DCM_20_20,0.9770094046133877
HMA_10,KCUe_20_2,0.9769486054502805
AGj_13_8_5,PIVOTS_TRAD_D_S4,0.9769407261946395
AGj_13_8_5,PIVOTS_TRAD_D_S3,0.9769407261946395
IKS_26,PIVOTS_TRAD_D_R4,0.9769362229799412
IKS_26,PIVOTS_TRAD_D_R3,0.9769362229799412
Close,ACCBL_20,0.9769026536497398
SWMA_10,CKSPs_10_3_20,0.9768963639887954
AGl_13_8_5,MAMA_0.5_0.05,0.9768920049191264
BBU_5_2.0_2.0,HWL_1,0.9768421360089945
HILO_13_21,MIDPOINT_2,0.9768272721912751
SUPERT_7_3.0,PSARs_0.02_0.2,0.976823233432641
T3_10_0.7,CKSPs_10_3_20,0.9768164503232136
SSF3_20,CKSPs_10_3_20,0.976787268846724
AGj_13_8_5,BBL_5_2.0_2.0,0.9767697896794074
ALPHATl_14_1_50_2,CKSPl_10_3_20,0.9767399384378913
SSF_20,HWU_1,0.9767077932472953
HILO_13_21,PIVOTS_TRAD_D_S1,0.976674579956641
IKS_26,MIDPOINT_2,0.9766695557228401
HL2,ACCBM_20,0.9766488774738432
SSF3_20,CKSPl_10_3_20,0.9766411794221852
OHLC4,ACCBM_20,0.976630828640194
MIDPRICE_2,DCL_20_20,0.9766183538807254
Low,ACCBL_20,0.9766172466234123
AGj_13_8_5,TEMA_10,0.9765918811763676
SSF_20,HWL_1,0.9765623236205231
BBL_5_2.0_2.0,DCM_20_20,0.9765576984938037
TEMA_10,ACCBL_20,0.9765374735381577
HILOl_13_21,SMMA_7,0.9765329148534032
HLC3,ACCBM_20,0.9765314181435084
PIVOTS_TRAD_D_P,DCL_20_20,0.9765291156578636
ACCBM_20,VWAP_D,0.9765262393532437
QTL_30_0.5,VWMA_10,0.9765179693083519
MEDIAN_30,VWMA_10,0.9765179693083519
IKS_26,ZL_EMA_10,0.9764997647299485
HT_TL,ABER_XG_5_15,0.9764961907609239
ABER_XG_5_15,CHDLREXTl_22_22_14_2.0,0.9764884200270716
HILOs_13_21,WMA_10,0.9764573057287429
LDECAY_1,ACCBM_20,0.9764500761638852
WCP,ACCBM_20,0.9764434437940187
PIVOTS_TRAD_D_S4,HWM_1,0.976442441400944
PIVOTS_TRAD_D_S3,HWM_1,0.976442441400944
HWMA_0.2_0.1_0.1,PIVOTS_TRAD_D_S4,0.976442441400944
HWMA_0.2_0.1_0.1,PIVOTS_TRAD_D_S3,0.976442441400944
PIVOTS_TRAD_D_R3,HWU_1,0.9764298352937518
PIVOTS_TRAD_D_R4,HWU_1,0.9764298352937518
AGl_13_8_5,CKSPl_10_3_20,0.9764260142954633
T3_10_0.7,CKSPl_10_3_20,0.9763756173657058
PSARl_0.02_0.2,ATRTSe_14_20_3.0,0.9763090848708551
IKS_26,DEMA_10,0.9762926768759369
High,ATRTSe_14_20_3.0,0.9762881787736234
PIVOTS_TRAD_D_R2,CHDLREXTl_22_22_14_2.0,0.9762802574991337
HILO_13_21,PIVOTS_TRAD_D_S2,0.9762749507264536
ZL_EMA_10,DCL_20_20,0.9762141591493171
LINREG_14,ACCBL_20,0.9762041703732613
CKSPl_10_3_20,PSARl_0.02_0.2,0.97619906644714
PIVOTS_TRAD_D_S4,DCM_20_20,0.9761770406021735
PIVOTS_TRAD_D_S3,DCM_20_20,0.9761770406021735
High,IKS_26,0.9761761388360972
Open,ACCBM_20,0.9761601885833542
Close,ACCBM_20,0.9761597507411901
Low,KCUe_20_2,0.9761414868995221
ZL_EMA_10,ATRTSe_14_20_3.0,0.976138672205514
SWMA_10,CKSPl_10_3_20,0.9761160774427374
PIVOTS_TRAD_D_S1,DCL_20_20,0.9760622180145054
TEMA_10,DCM_20_20,0.9760599727449293
MIDPOINT_2,DCL_20_20,0.9760114737482942
IKS_26,PIVOTS_TRAD_D_S1,0.9759943289731637
QTL_30_0.5,ALPHAT_14_1_50,0.9759898928846624
MEDIAN_30,ALPHAT_14_1_50,0.9759898928846624
JMA_7_0.0,ACCBU_20,0.9759822294381572
PIVOTS_TRAD_D_R1,DCL_20_20,0.9759735886129961
HILOl_13_21,SSF_20,0.9759616852503116
CHDLREXTl_22_22_14_2.0,DCL_20_20,0.9759500688601905
PIVOTS_TRAD_D_S2,DCL_20_20,0.9759491188798398
High,HILO_13_21,0.975931293883377
PIVOTS_TRAD_D_S1,ATRTSe_14_20_3.0,0.9759105446050108
TEMA_10,KCUe_20_2,0.9758667713111053
PIVOTS_TRAD_D_P,ACCBU_20,0.9758361248368665
CKSPs_10_3_20,VWMA_10,0.9757851720661237
IKS_26,PIVOTS_TRAD_D_S2,0.9757682853758188
AGt_13_8_5,HWMA_0.2_0.1_0.1,0.9757678418987697
AGt_13_8_5,HWM_1,0.9757678418987697
PIVOTS_TRAD_D_R2,DCL_20_20,0.975701202241924
PIVOTS_TRAD_D_R1,CHDLREXTl_22_22_14_2.0,0.9756830201396378
OBV_min_2,OBVe_12,0.9756750521589337
WMA_10,QTL_30_0.5,0.9756559231407312
WMA_10,MEDIAN_30,0.9756559231407312
PIVOTS_TRAD_D_S2,ATRTSe_14_20_3.0,0.9756545330460838
OBV_max_2,OBVe_12,0.9756312091887739
SUPERT_7_3.0,WMA_10,0.9755200458924338
BBU_5_2.0_2.0,CHDLREXTs_22_22_14_2.0,0.975471771793027
HMA_10,ACCBM_20,0.9752947308538139
WMA_10,CKSPs_10_3_20,0.9752829621973695
HILOl_13_21,CHDLREXTs_22_22_14_2.0,0.9752450192162752
WMA_10,PSARl_0.02_0.2,0.9752068106850462
SMMA_7,HWU_1,0.9752020586161411
PWMA_10,CKSPs_10_3_20,0.9751785768296891
IKS_26,HL2,0.975173190133353
IKS_26,OHLC4,0.9751446947329655
DEMA_10,ATRTSe_14_20_3.0,0.9751197553452384
MIDPRICE_2,ACCBU_20,0.9751088805339863
CKSPs_10_3_20,DCU_20_20,0.9751047413668587
HL2,ATRTSe_14_20_3.0,0.9750655356359371
Low,ACCBM_20,0.9750635097694571
BBU_5_2.0_2.0,DCL_20_20,0.975052390907773
LDECAY_1,ATRTSe_14_20_3.0,0.9750444040828683
Open,IKS_26,0.9750081922108781
PIVOTS_TRAD_D_S3,ACCBL_20,0.9749959815768553
PIVOTS_TRAD_D_S4,ACCBL_20,0.9749959815768553
HLC3,ATRTSe_14_20_3.0,0.974991539340549
ATRTSe_14_20_3.0,VWAP_D,0.9749851494776229
OHLC4,ATRTSe_14_20_3.0,0.9749716509988604
MAMA_0.5_0.05,SMMA_7,0.9749636921915918
WCP,ATRTSe_14_20_3.0,0.974937808947026
SUPERTs_7_3.0,CKSPs_10_3_20,0.9749097845293077
IKS_26,HLC3,0.9749059141209009
IKS_26,VWAP_D,0.974896892623443
JMA_7_0.0,CHDLREXTs_22_22_14_2.0,0.9748813980687716
PWMA_10,CKSPl_10_3_20,0.9747970435473182
HILO_13_21,HL2,0.9747909891370681
HILO_13_21,OHLC4,0.9747803645074512
PIVOTS_TRAD_D_R4,CHDLREXTl_22_22_14_2.0,0.9747598009581108
PIVOTS_TRAD_D_R3,CHDLREXTl_22_22_14_2.0,0.9747598009581108
PIVOTS_TRAD_D_S4,KCUe_20_2,0.9747542640929612
PIVOTS_TRAD_D_S3,KCUe_20_2,0.9747542640929612
Close,ATRTSe_14_20_3.0,0.9747474876854727
IKS_26,WCP,0.9747410139489484
CKSPl_10_3_20,CKSPs_10_3_20,0.9747300902310887
ALPHAT_14_1_50,PSARl_0.02_0.2,0.9747214105599574
ACCBM_20,BBL_5_2.0_2.0,0.974694363821931
JMA_7_0.0,CHDLREXTl_22_22_14_2.0,0.9746798587907674
SINWMA_14,HWL_1,0.9746686082341063
MIDPOINT_2,ACCBU_20,0.9746583138867813
HL2,DCL_20_20,0.9746201566336129
High,DCL_20_20,0.9746065314178374
SMMA_7,HWL_1,0.974604924415162
PIVOTS_TRAD_D_R2,CHDLREXTs_22_22_14_2.0,0.9745996705129953
OHLC4,DCL_20_20,0.974577605880422
HILO_13_21,HLC3,0.9745758763183917
HILO_13_21,VWAP_D,0.974571745386673
IKS_26,LDECAY_1,0.974550272592292
Open,HILO_13_21,0.9745337622212692
KAMA_10_2_30,MAMA_0.5_0.05,0.9745260884657045
SINWMA_14,HWU_1,0.974504146783588
Open,DCL_20_20,0.9744900291673454
DEMA_10,ACCBU_20,0.9744867447286123
PIVOTS_TRAD_D_R2,HT_TL,0.9744629543104386
HILO_13_21,WCP,0.9744333951305263
PSARs_0.02_0.2,DCU_20_20,0.9744195371558386
HLC3,DCL_20_20,0.9743586948379405
DCL_20_20,VWAP_D,0.9743499187357855
HILO_13_21,LDECAY_1,0.9743445748844655
Low,DCL_20_20,0.9742898887785875
HWMA_0.2_0.1_0.1,KAMA_10_2_30,0.9742780919322787
KAMA_10_2_30,HWM_1,0.9742780919322787
Close,IKS_26,0.9742761818989418
ZL_EMA_10,ACCBU_20,0.9742637739286139
MAMA_0.5_0.05,VWMA_10,0.9742630848137199
PIVOTS_TRAD_D_P,CHDLREXTl_22_22_14_2.0,0.9742591907813626
ABER_ZG_5_15,DCU_20_20,0.9742453013373245
ITS_9,CKSPl_10_3_20,0.9742210531878414
High,ACCBU_20,0.9742129076853727
WCP,DCL_20_20,0.9741821972140353
TEMA_10,ACCBM_20,0.9741609512622521
AGj_13_8_5,LINREG_14,0.9741428130215839
ALMA_9_6.0_0.85,DCU_20_20,0.9741215361114034
MIDPRICE_2,CHDLREXTl_22_22_14_2.0,0.9741079804352217
PSARs_0.02_0.2,ABER_SG_5_15,0.9740459475554646
MIDPRICE_2,CHDLREXTs_22_22_14_2.0,0.9740456166090008
Open,ATRTSe_14_20_3.0,0.9740084729545868
HILO_13_21,HMA_10,0.9740047097646531
Close,HILO_13_21,0.9739848204548375
ALPHATl_14_1_50_2,HWU_1,0.9739635487201691
PIVOTS_TRAD_D_S4,ATRTSe_14_20_3.0,0.9739629675264531
PIVOTS_TRAD_D_S3,ATRTSe_14_20_3.0,0.9739629675264531
SUPERT_7_3.0,CKSPl_10_3_20,0.9739581494536198
PIVOTS_TRAD_D_P,CHDLREXTs_22_22_14_2.0,0.9739545006702858
HILOl_13_21,T3_10_0.7,0.9739322345240194
BBM_5_2.0_2.0,DCU_20_20,0.9739294846482381
PIVOTS_TRAD_D_S4,ACCBM_20,0.9739093246135907
PIVOTS_TRAD_D_S3,ACCBM_20,0.9739093246135907
ALPHATl_14_1_50_2,HWL_1,0.9739033533209879
HILO_13_21,BBL_5_2.0_2.0,0.9739024624213045
PIVOTS_TRAD_D_R1,CHDLREXTs_22_22_14_2.0,0.9738677410789732
PIVOTS_TRAD_D_R3,HWL_1,0.9738417412673284
PIVOTS_TRAD_D_R4,HWL_1,0.9738417412673284
PIVOTS_TRAD_D_S1,ACCBU_20,0.9738389036331018
Low,IKS_26,0.9738368888517469
AGt_13_8_5,MAMA_0.5_0.05,0.9737517535047211
LDECAY_1,DCL_20_20,0.9736894164521743
PIVOTS_TRAD_D_R1,HT_TL,0.973668190108574
MIDPOINT_2,CHDLREXTl_22_22_14_2.0,0.9736382082123046
PIVOTS_TRAD_D_R4,CHDLREXTs_22_22_14_2.0,0.9735963641767157
PIVOTS_TRAD_D_R3,CHDLREXTs_22_22_14_2.0,0.9735963641767157
Close,DCL_20_20,0.9735818137725695
ITS_9,MAMA_0.5_0.05,0.9735600260663344
IKS_26,HMA_10,0.9735461431578514
LINREG_14,DCM_20_20,0.9735438435995798
MAMA_0.5_0.05,ALPHATl_14_1_50_2,0.9735352585451117
HMA_10,DCL_20_20,0.973515663869496
PIVOTS_TRAD_D_S4,HWL_1,0.9735089857420706
PIVOTS_TRAD_D_S3,HWL_1,0.9735089857420706
LINREG_14,KCUe_20_2,0.9734961980339717
MAMA_0.5_0.05,ABER_SG_5_15,0.9734644836379184
PSARs_0.02_0.2,BBU_5_2.0_2.0,0.9734610309151606
PIVOTS_TRAD_D_S4,HWU_1,0.9734434271830875
PIVOTS_TRAD_D_S3,HWU_1,0.9734434271830875
Low,ATRTSe_14_20_3.0,0.9734336823398058
CHDLREXTs_22_22_14_2.0,DCU_20_20,0.9734073735514625
MAMA_0.5_0.05,PIVOTS_TRAD_D_R2,0.9733849525177329
SUPERT_7_3.0,PSARl_0.02_0.2,0.9732985286585932
HWMA_0.2_0.1_0.1,KCLe_20_2,0.9732910647929697
HWM_1,KCLe_20_2,0.9732910647929697
HILOl_13_21,KAMA_10_2_30,0.973267507243355
MIDPOINT_2,CHDLREXTs_22_22_14_2.0,0.9732612116787721
HILOl_13_21,ALPHATl_14_1_50_2,0.9732530232190294
BBL_5_2.0_2.0,KCUe_20_2,0.9732482102990464
FWMA_10,DCU_20_20,0.9732248610178592
Low,HILO_13_21,0.9732130993486671
DEMA_10,CHDLREXTs_22_22_14_2.0,0.9732058638799808
JMA_7_0.0,HT_TL,0.9732002166196573
PIVOTS_TRAD_D_S1,CHDLREXTs_22_22_14_2.0,0.973191062354837
PIVOTS_TRAD_D_R4,HT_TL,0.9731337236913313
PIVOTS_TRAD_D_R3,HT_TL,0.9731337236913313
AGt_13_8_5,HWU_1,0.9731203909288817
IKS_26,BBL_5_2.0_2.0,0.9731074582624154
WMA_10,CKSPl_10_3_20,0.9730806011658001
HILOl_13_21,PSARs_0.02_0.2,0.973061085607153
High,CHDLREXTl_22_22_14_2.0,0.9730428232336795
PIVOTS_TRAD_D_S2,CHDLREXTs_22_22_14_2.0,0.9730183476680574
PSARs_0.02_0.2,ABER_ZG_5_15,0.9729781439196896
TEMA_10,DCL_20_20,0.9729629952422842
BBL_5_2.0_2.0,CHDLREXTs_22_22_14_2.0,0.9729493472205736
PIVOTS_TRAD_D_S2,ACCBU_20,0.9729343286129016
ZL_EMA_10,CHDLREXTs_22_22_14_2.0,0.972917966070224
ZL_EMA_10,CHDLREXTl_22_22_14_2.0,0.9729145508985029
HILO_13_21,TEMA_10,0.9729003631841165
MAMA_0.5_0.05,PIVOTS_TRAD_D_R1,0.972886651961799
HILOs_13_21,PSARl_0.02_0.2,0.9728485862363183
MEDIAN_30,ABER_SG_5_15,0.9728098351052776
QTL_30_0.5,ABER_SG_5_15,0.9728098351052776
HMA_10,ATRTSe_14_20_3.0,0.9727561285745138
CKSPs_10_3_20,ABER_SG_5_15,0.9727086495358683
SUPERT_7_3.0,ABER_SG_5_15,0.9726999021142072
ALPHAT_14_1_50,CKSPl_10_3_20,0.9726961611961685
HILOs_13_21,ABER_SG_5_15,0.9726644533507568
High,CHDLREXTs_22_22_14_2.0,0.9726324664702806
OHLC4,ACCBU_20,0.9726285482013269
HL2,ACCBU_20,0.9725912003365189
AGt_13_8_5,HWL_1,0.9725680047371128
Open,ACCBU_20,0.9725632675246092
PIVOTS_TRAD_D_R4,DCL_20_20,0.9725581551735161
PIVOTS_TRAD_D_R3,DCL_20_20,0.9725581551735161
ALMA_9_6.0_0.85,PSARs_0.02_0.2,0.9725569522232488
HLC3,ACCBU_20,0.9725140685891558
ACCBU_20,VWAP_D,0.9725072754283424
PIVOTS_TRAD_D_S1,CHDLREXTl_22_22_14_2.0,0.9725001689434036
LDECAY_1,ACCBU_20,0.9724595063804989
PIVOTS_TRAD_D_P,HT_TL,0.9724541210192804
WCP,ACCBU_20,0.9724474351919011
IKS_26,TEMA_10,0.9724444901625783
LINREG_14,ACCBM_20,0.9724444036805127
HILO_13_21,LINREG_14,0.9723360024456632
PSARs_0.02_0.2,BBM_5_2.0_2.0,0.9723110388299723
DEMA_10,CHDLREXTl_22_22_14_2.0,0.9722845200697862
PSARl_0.02_0.2,DCL_20_20,0.9722693903812091
Close,ACCBU_20,0.972264565408424
MCGD_10,HWM_1,0.9722458593043558
HWMA_0.2_0.1_0.1,MCGD_10,0.9722458593043558
PIVOTS_TRAD_D_R2,DCU_20_20,0.9722410241309186
HILOl_13_21,TRIMA_10,0.9721905937853836
MAMA_0.5_0.05,SSF_20,0.972124940518313
HILO_13_21,PIVOTS_TRAD_D_S3,0.972087631315888
HILO_13_21,PIVOTS_TRAD_D_S4,0.972087631315888
QTL_30_0.5,BBU_5_2.0_2.0,0.9720765063096057
MEDIAN_30,BBU_5_2.0_2.0,0.9720765063096057
HILOl_13_21,SSF3_20,0.9720724895221369
HILOs_13_21,BBU_5_2.0_2.0,0.9720530178864919
TEMA_10,ATRTSe_14_20_3.0,0.9720447277543427
MAMA_0.5_0.05,RMA_10,0.9720238199781872
PIVOTS_TRAD_D_S2,CHDLREXTl_22_22_14_2.0,0.9720068398041893
MIDPRICE_2,HT_TL,0.971958971590682
HL2,CHDLREXTs_22_22_14_2.0,0.9719582424123567
CKSPl_10_3_20,VWMA_10,0.9719391373232484
MAMA_0.5_0.05,MIDPOINT_2,0.9719348522538637
EMA_10,HILOl_13_21,0.9718626932589584
LINREG_14,DCL_20_20,0.9718584904929123
OHLC4,CHDLREXTs_22_22_14_2.0,0.9718466271398142
ATRTSe_14_20_3.0,BBL_5_2.0_2.0,0.9718426786510009
Open,CHDLREXTs_22_22_14_2.0,0.9718422854242321
D_9_3,STOCHd_14_3_3,0.971837765847653
OHLC4,CHDLREXTl_22_22_14_2.0,0.9718046332708521
CKSPl_10_3_20,CHDLREXTs_22_22_14_2.0,0.9717756448075969
SUPERT_7_3.0,BBU_5_2.0_2.0,0.9717724925342269
HL2,CHDLREXTl_22_22_14_2.0,0.9717592248193876
MAMA_0.5_0.05,KCBe_20_2,0.9717160654675472
HLC3,CHDLREXTl_22_22_14_2.0,0.9716916113113508
PIVOTS_TRAD_D_R3,DCU_20_20,0.9716912641899705
PIVOTS_TRAD_D_R4,DCU_20_20,0.9716912641899705
CHDLREXTl_22_22_14_2.0,VWAP_D,0.9716817796078526
HLC3,CHDLREXTs_22_22_14_2.0,0.9716726940389591
HILOs_13_21,ABER_ZG_5_15,0.9716705691740136
CHDLREXTs_22_22_14_2.0,VWAP_D,0.9716635453347524
LDECAY_1,CHDLREXTl_22_22_14_2.0,0.9716342609866931
WCP,CHDLREXTl_22_22_14_2.0,0.971632976317942
HILOl_13_21,SMA_10,0.9716255716009449
PIVOTS_TRAD_D_S3,DCL_20_20,0.9715465059445716
PIVOTS_TRAD_D_S4,DCL_20_20,0.9715465059445716
Open,CHDLREXTl_22_22_14_2.0,0.9715322372510293
MAMA_0.5_0.05,PIVOTS_TRAD_D_R4,0.9715250997754388
MAMA_0.5_0.05,PIVOTS_TRAD_D_R3,0.9715250997754388
MAMA_0.5_0.05,KCLe_20_2,0.9715070760669716
WCP,CHDLREXTs_22_22_14_2.0,0.9714887703282092
Close,CHDLREXTl_22_22_14_2.0,0.9714703861793572
MAMA_0.5_0.05,WMA_10,0.9714559530396829
PSARl_0.02_0.2,CHDLREXTs_22_22_14_2.0,0.9714490628438869
IKS_26,PIVOTS_TRAD_D_S3,0.9714311287310012
IKS_26,PIVOTS_TRAD_D_S4,0.9714311287310012
CKSPs_10_3_20,ABER_ZG_5_15,0.9713492527468861
MIDPOINT_2,HT_TL,0.9713302949715
KAMA_10_2_30,HWU_1,0.9713211225322809
KAMA_10_2_30,HWL_1,0.9713045084331505
Low,CHDLREXTs_22_22_14_2.0,0.9712839302071766
PSARs_0.02_0.2,ABER_XG_5_15,0.9712722415644633
PIVOTS_TRAD_D_R1,DCU_20_20,0.9712656255944762
MAMA_0.5_0.05,MIDPRICE_2,0.9712293833996124
ALMA_9_6.0_0.85,HILOs_13_21,0.9712238529227041
LDECAY_1,CHDLREXTs_22_22_14_2.0,0.9711384505779237
CKSPl_10_3_20,ABER_SG_5_15,0.971125310836886
ZL_EMA_10,HT_TL,0.9711036156503722
High,MAMA_0.5_0.05,0.9710747272717066
HILOs_13_21,SUPERTs_7_3.0,0.9710742570143157
CKSPl_10_3_20,BBU_5_2.0_2.0,0.9710709910308856
HILOs_13_21,BBM_5_2.0_2.0,0.971052794905354
HWMA_0.2_0.1_0.1,RMA_10,0.9710149988964245
RMA_10,HWM_1,0.9710149988964245
DEMA_10,HT_TL,0.9710104014111897
Close,CHDLREXTs_22_22_14_2.0,0.9709174199133124
MEDIAN_30,ABER_ZG_5_15,0.9708920900588225
QTL_30_0.5,ABER_ZG_5_15,0.9708920900588225
ALMA_9_6.0_0.85,CKSPs_10_3_20,0.9708911170386881
CKSPs_10_3_20,BBM_5_2.0_2.0,0.9708614396829971
HMA_10,ACCBU_20,0.9708488415943582
PIVOTS_TRAD_D_S1,HT_TL,0.9707374998319719
FWMA_10,MAMA_0.5_0.05,0.9707354033522109
HWL_1,KCLe_20_2,0.9706925463975111
Low,ACCBU_20,0.9706608153656708
CKSPl_10_3_20,PSARs_0.02_0.2,0.9706339099116443
ALMA_9_6.0_0.85,MEDIAN_30,0.9705716991083719
ALMA_9_6.0_0.85,QTL_30_0.5,0.9705716991083719
High,HT_TL,0.9705594895435328
ABER_XG_5_15,DCU_20_20,0.9705497379037864
MAMA_0.5_0.05,SMA_10,0.9705129929311278
PSARl_0.02_0.2,PSARs_0.02_0.2,0.9704839399300977
MEDIAN_30,BBM_5_2.0_2.0,0.9704693380052759
QTL_30_0.5,BBM_5_2.0_2.0,0.9704693380052759
SUPERT_7_3.0,ABER_ZG_5_15,0.970437444795743
MAMA_0.5_0.05,PIVOTS_TRAD_D_P,0.9704195895558914
Close,MAMA_0.5_0.05,0.9704177659799322
HWMA_0.2_0.1_0.1,ACCBL_20,0.9703901348520734
ACCBL_20,HWM_1,0.9703901348520734
PIVOTS_TRAD_D_S2,HT_TL,0.9703846993080855
MAMA_0.5_0.05,LDECAY_1,0.970361741959398
FWMA_10,PSARs_0.02_0.2,0.9703559975848403
ALMA_9_6.0_0.85,SUPERT_7_3.0,0.9703453009759754
IKS_26,LINREG_14,0.9703293817077349
CKSPs_10_3_20,BBU_5_2.0_2.0,0.9703285554033255
FWMA_10,CKSPs_10_3_20,0.970249750540319
HILOs_13_21,ABER_XG_5_15,0.970079880931442
HMA_10,CHDLREXTs_22_22_14_2.0,0.9700234822145921
PSARl_0.02_0.2,ABER_SG_5_15,0.9700083385590247
Low,CHDLREXTl_22_22_14_2.0,0.9699855681868019
MAMA_0.5_0.05,ATRTSe_14_20_3.0,0.9699522126966372
AGl_13_8_5,HILOl_13_21,0.9699153721006414
HWU_1,KCLe_20_2,0.969901510326268
HILOl_13_21,DCL_20_20,0.9698914289771172
HILOl_13_21,SWMA_10,0.9698794994878708
SUPERT_7_3.0,BBM_5_2.0_2.0,0.9698652490360703
SMIs_5_20_5_1.0,TSI_13_25_13,0.9698529743180839
EMA_10,FAMA_0.5_0.05,0.9698022352109044
MAMA_0.5_0.05,KCUe_20_2,0.9697918256823295
MAMA_0.5_0.05,WCP,0.9697837656037295
PSARl_0.02_0.2,ABER_ZG_5_15,0.9697776192301416
FAMA_0.5_0.05,ALPHATl_14_1_50_2,0.9697537716017011
HWMA_0.2_0.1_0.1,KCBe_20_2,0.9697295420837927
HWM_1,KCBe_20_2,0.9697295420837927
MAMA_0.5_0.05,BBU_5_2.0_2.0,0.9696865282963125
AGj_13_8_5,MAMA_0.5_0.05,0.969670869376497
FISHERT_9_1,FISHERTs_9_1,0.9696346111170583
ALMA_9_6.0_0.85,PSARl_0.02_0.2,0.9696149086256214
HLC3,MAMA_0.5_0.05,0.9695964497387715
MAMA_0.5_0.05,VWAP_D,0.9695931291686374
HMA_10,CHDLREXTl_22_22_14_2.0,0.9695868412079077
ALMA_9_6.0_0.85,MAMA_0.5_0.05,0.969568868064187
CKSPs_10_3_20,ABER_XG_5_15,0.9695513160819944
PIVOTS_TRAD_D_R4,SUPERT_7_3.0,0.9695378763967692
PIVOTS_TRAD_D_R3,SUPERT_7_3.0,0.9695378763967692
MAMA_0.5_0.05,MCGD_10,0.969507798905856
MAMA_0.5_0.05,BBM_5_2.0_2.0,0.9694895373175517
MCGD_10,HWU_1,0.969474014218361
MAMA_0.5_0.05,ABER_ZG_5_15,0.969466676767532
PIVOTS_TRAD_D_S4,CHDLREXTs_22_22_14_2.0,0.9694565142999501
PIVOTS_TRAD_D_S3,CHDLREXTs_22_22_14_2.0,0.9694565142999501
FWMA_10,HILOs_13_21,0.969432948256665
CKSPl_10_3_20,ABER_ZG_5_15,0.9694255151614292
MAMA_0.5_0.05,PIVOTS_TRAD_D_S2,0.9694196462224427
JMA_7_0.0,DCU_20_20,0.9694125989450286
FWMA_10,MEDIAN_30,0.9694099034828055
FWMA_10,QTL_30_0.5,0.9694099034828055
MAMA_0.5_0.05,PIVOTS_TRAD_D_S1,0.9693677046177299
TEMA_10,ACCBU_20,0.9693675631030787
MCGD_10,HWL_1,0.9693444113947223
PIVOTS_TRAD_D_P,DCU_20_20,0.9693254436335182
HL2,HT_TL,0.9692621096241706
HL2,MAMA_0.5_0.05,0.9692520055049948
OHLC4,HT_TL,0.9692474225505019
ALMA_9_6.0_0.85,CKSPl_10_3_20,0.9691823732024265
MAMA_0.5_0.05,OHLC4,0.9691485006382479
PSARl_0.02_0.2,BBM_5_2.0_2.0,0.969139324575394
CKSPl_10_3_20,BBM_5_2.0_2.0,0.9691330726550049
HLC3,HT_TL,0.9691317854285544
HT_TL,VWAP_D,0.9691272874875844
LDECAY_1,HT_TL,0.9690580807568785
TEMA_10,CHDLREXTs_22_22_14_2.0,0.9690481463057538
FAMA_0.5_0.05,SMMA_7,0.9690419911696756
WCP,HT_TL,0.969041026013152
ITS_9,HILOl_13_21,0.9689591614741002
MIDPRICE_2,DCU_20_20,0.9689323014840822
SUPERTl_7_3.0,ATRTSe_14_20_3.0,0.9689084513639193
HILOl_13_21,SUPERTl_7_3.0,0.9688456528492275
PSARl_0.02_0.2,ABER_XG_5_15,0.9688253040655062
ACCBL_20,HWL_1,0.9687984795499769
AGl_13_8_5,FAMA_0.5_0.05,0.9687833045291394
Close,HT_TL,0.9687451827783605
PIVOTS_TRAD_D_S4,CHDLREXTl_22_22_14_2.0,0.9687345329740942
PIVOTS_TRAD_D_S3,CHDLREXTl_22_22_14_2.0,0.9687345329740942
PIVOTS_TRAD_D_R2,CKSPs_10_3_20,0.9687317431497761
FWMA_10,SUPERT_7_3.0,0.9687309926855701
PIVOTS_TRAD_D_S3,ACCBU_20,0.968702526679561
PIVOTS_TRAD_D_S4,ACCBU_20,0.968702526679561
KAMA_10_2_30,FAMA_0.5_0.05,0.9686964824994719
PIVOTS_TRAD_D_R3,CKSPs_10_3_20,0.9686946706830298
PIVOTS_TRAD_D_R4,CKSPs_10_3_20,0.9686946706830298
Open,HT_TL,0.9686435137149967
AGt_13_8_5,FAMA_0.5_0.05,0.9686148233872752
DCL_20_20,DCU_20_20,0.9685905148884252
DEC_1,INC_1,0.9685868792648201
ACCBU_20,BBL_5_2.0_2.0,0.9685552694882029
MIDPOINT_2,DCU_20_20,0.9684957789057145
FAMA_0.5_0.05,ALPHAT_14_1_50,0.9684489824852245
RMA_10,HWU_1,0.9684153484067186
OBV,OBVe_12,0.9683885199748643
FAMA_0.5_0.05,SSF_20,0.9683810392917428
PIVOTS_TRAD_D_R2,SUPERT_7_3.0,0.968376719510455
HILOl_13_21,PWMA_10,0.9683349473438412
SUPERTl_7_3.0,CKSPl_10_3_20,0.9683327257755243
SUPERTl_7_3.0,CHDLREXTl_22_22_14_2.0,0.9683150908283613
MEDIAN_30,ABER_XG_5_15,0.9682993582864813
QTL_30_0.5,ABER_XG_5_15,0.9682993582864813
LINREG_14,ATRTSe_14_20_3.0,0.9682943700796095
High,DCU_20_20,0.96825227260873
SUPERTs_7_3.0,HT_TL,0.9681861596516028
TEMA_10,CHDLREXTl_22_22_14_2.0,0.9681852025422917
FAMA_0.5_0.05,RMA_10,0.9681607132302068
PSARl_0.02_0.2,BBU_5_2.0_2.0,0.9681427319019095
FAMA_0.5_0.05,KCBe_20_2,0.9681356868749916
Open,MAMA_0.5_0.05,0.9681184568248123
JMA_7_0.0,MAMA_0.5_0.05,0.968079586697204
FWMA_10,CKSPl_10_3_20,0.968027891714858
FAMA_0.5_0.05,KCUe_20_2,0.9678749218541715
CKSPl_10_3_20,DCL_20_20,0.9678155461549569
IKS_26,SUPERTs_7_3.0,0.9678084589818632
FAMA_0.5_0.05,VWMA_10,0.9677879762498607
SUPERT_7_3.0,ABER_XG_5_15,0.9677438623918738
RMA_10,HWL_1,0.967720538390801
HMA_10,HT_TL,0.9677098716032649
ZL_EMA_10,DCU_20_20,0.9677050796869124
Low,MAMA_0.5_0.05,0.9675928068001769
MAMA_0.5_0.05,SINWMA_14,0.9675104715152877
Low,HT_TL,0.967480475406169
SUPERTs_7_3.0,ATRTSe_14_20_3.0,0.9674721599790946
MAMA_0.5_0.05,SWMA_10,0.9673844732033001
SUPERT_7_3.0,SUPERTs_7_3.0,0.9672757260885312
PIVOTS_TRAD_D_R2,PSARs_0.02_0.2,0.9672207293473613
PIVOTS_TRAD_D_S1,DCU_20_20,0.9671998354867419
SUPERTl_7_3.0,DCU_20_20,0.9671564736776219
AGj_13_8_5,FAMA_0.5_0.05,0.9671556009978212
MAMA_0.5_0.05,ZL_EMA_10,0.9671520420099216
FWMA_10,PSARl_0.02_0.2,0.9671518597926339
PIVOTS_TRAD_D_R1,CKSPs_10_3_20,0.9671493412546053
LINREG_14,ACCBU_20,0.967147184395045
HWU_1,KCBe_20_2,0.9671449991815511
PIVOTS_TRAD_D_S4,HT_TL,0.9671241425580949
PIVOTS_TRAD_D_S3,HT_TL,0.9671241425580949
PIVOTS_TRAD_D_R3,PSARs_0.02_0.2,0.9671145252532278
PIVOTS_TRAD_D_R4,PSARs_0.02_0.2,0.9671145252532278
MAMA_0.5_0.05,TRIMA_10,0.9671115711803133
LINREG_14,CHDLREXTs_22_22_14_2.0,0.9669931832642467
MAMA_0.5_0.05,VIDYA_14,0.9669375209769709
DEMA_10,DCU_20_20,0.9669363319474221
CKSPl_10_3_20,ABER_XG_5_15,0.9669096921042407
FAMA_0.5_0.05,ATRTSe_14_20_3.0,0.9669046807881706
HILOl_13_21,VWMA_10,0.9668356196995913
HT_TL,BBL_5_2.0_2.0,0.9668146890272393
JMA_7_0.0,PSARs_0.02_0.2,0.9668008543001051
AGj_13_8_5,SUPERTs_7_3.0,0.9668001660702098
ACCBL_20,HWU_1,0.9667918635991287
OHLC4,DCU_20_20,0.9666514488571482
HILOl_13_21,ALPHAT_14_1_50,0.9666284305136255
AGj_13_8_5,SUPERTl_7_3.0,0.9666260882678976
LDECAY_1,DCU_20_20,0.9666258291588401
ITS_9,FAMA_0.5_0.05,0.9666129231009659
PIVOTS_TRAD_D_R2,MEDIAN_30,0.9666126479316273
PIVOTS_TRAD_D_R2,QTL_30_0.5,0.9666126479316273
FAMA_0.5_0.05,KCLe_20_2,0.9666099859795657
HL2,DCU_20_20,0.9665857067144373
HLC3,DCU_20_20,0.9665762225516559
DCU_20_20,VWAP_D,0.9665663628941362
Open,DCU_20_20,0.9665554742875474
WCP,DCU_20_20,0.9665478305358461
Close,DCU_20_20,0.9665093991662945
JMA_7_0.0,CKSPs_10_3_20,0.9664786338224953
PIVOTS_TRAD_D_P,CKSPs_10_3_20,0.9664597656357162
PIVOTS_TRAD_D_S2,DCU_20_20,0.966409227288512
MIDPRICE_2,CKSPs_10_3_20,0.9664021217015344
PIVOTS_TRAD_D_R1,SUPERT_7_3.0,0.9663919172921497
HWL_1,KCBe_20_2,0.9663906999287583
HILOs_13_21,PIVOTS_TRAD_D_R2,0.9662996173464686
DEMA_10,PSARs_0.02_0.2,0.9662990029510905
CKSPs_10_3_20,PSARl_0.02_0.2,0.9661856237386444
KST_10_15_20_30_10_10_10_15,PPOs_12_26_9,0.9661570350796177
TEMA_10,HT_TL,0.9661288578847435
BBL_5_2.0_2.0,CHDLREXTl_22_22_14_2.0,0.9660964828641901
SUPERTl_7_3.0,ACCBU_20,0.9660734330703635
MAMA_0.5_0.05,SSF3_20,0.9659936110402206
HILO_13_21,HWMA_0.2_0.1_0.1,0.9659349797948453
HILO_13_21,HWM_1,0.9659349797948453
PIVOTS_TRAD_D_R1,QTL_30_0.5,0.9659035812852106
PIVOTS_TRAD_D_R1,MEDIAN_30,0.9659035812852106
SUPERTl_7_3.0,HT_TL,0.9658872615104267
KST_10_15_20_30_10_10_10_15,MACDs_12_26_9,0.9658451960055416
HILOs_13_21,PIVOTS_TRAD_D_R3,0.9658108010475573
HILOs_13_21,PIVOTS_TRAD_D_R4,0.9658108010475573
PIVOTS_TRAD_D_R1,PSARs_0.02_0.2,0.9657988010766466
SUPERTl_7_3.0,QTL_30_0.5,0.9657025218652064
SUPERTl_7_3.0,MEDIAN_30,0.9657025218652064
RVGI_14_4,RVGIs_14_4,0.9656753786643039
SUPERTl_7_3.0,KCUe_20_2,0.9655953608850535
High,CKSPs_10_3_20,0.9655812466472963
MAMA_0.5_0.05,DCM_20_20,0.9655806053227602
MIDPOINT_2,CKSPs_10_3_20,0.9655548054090646
PIVOTS_TRAD_D_P,PSARs_0.02_0.2,0.9654602662444136
DCL_20_20,HWM_1,0.9654192785474989
HWMA_0.2_0.1_0.1,DCL_20_20,0.9654192785474989
HILOs_13_21,JMA_7_0.0,0.9653886759686676
MAMA_0.5_0.05,PWMA_10,0.965328493767945
PIVOTS_TRAD_D_R2,CKSPl_10_3_20,0.965262445206475
FAMA_0.5_0.05,SINWMA_14,0.9652417110827158
PIVOTS_TRAD_D_R4,QTL_30_0.5,0.9652393916627194
PIVOTS_TRAD_D_R4,MEDIAN_30,0.9652393916627194
PIVOTS_TRAD_D_R3,QTL_30_0.5,0.9652393916627194
PIVOTS_TRAD_D_R3,MEDIAN_30,0.9652393916627194
LINREG_14,CHDLREXTl_22_22_14_2.0,0.9652302751070999
MAMA_0.5_0.05,ABER_XG_5_15,0.9652221668032941
MAMA_0.5_0.05,ACCBM_20,0.965213393523192
PIVOTS_TRAD_D_P,SUPERT_7_3.0,0.9651624049622003
HILOs_13_21,PIVOTS_TRAD_D_R1,0.9651493084108359
ACCBM_20,HWM_1,0.9651474595696441
HWMA_0.2_0.1_0.1,ACCBM_20,0.965147459569644
PIVOTS_TRAD_D_S1,CKSPs_10_3_20,0.9651018124551575
HWMA_0.2_0.1_0.1,DCM_20_20,0.9650815727730541
DCM_20_20,HWM_1,0.9650815727730541
SUPERTs_7_3.0,KCUe_20_2,0.9650774112973848
PIVOTS_TRAD_D_S2,CKSPs_10_3_20,0.9650612403080135
SUPERTs_7_3.0,MEDIAN_30,0.9649782928394254
SUPERTs_7_3.0,QTL_30_0.5,0.9649782928394254
JMA_7_0.0,MEDIAN_30,0.9649690707051028
JMA_7_0.0,QTL_30_0.5,0.9649690707051028
FAMA_0.5_0.05,MCGD_10,0.9647948567951649
SUPERT_7_3.0,SUPERTl_7_3.0,0.9647565903473448
DCL_20_20,HWL_1,0.9647483902736085
FAMA_0.5_0.05,ACCBU_20,0.9647355720321353
HILOl_13_21,WMA_10,0.9647217879616984
PIVOTS_TRAD_D_R1,CKSPl_10_3_20,0.9647017145124037
HILO_13_21,SUPERTs_7_3.0,0.9646076270002053
MIDPRICE_2,PSARs_0.02_0.2,0.9645547465514224
MAMA_0.5_0.05,ACCBU_20,0.9645118716076254
FAMA_0.5_0.05,SMA_10,0.964511002596649
ZL_EMA_10,CKSPs_10_3_20,0.9645004185581542
Low,DCU_20_20,0.9644698896584416
HILOs_13_21,PIVOTS_TRAD_D_P,0.9644310361432124
JMA_7_0.0,CKSPl_10_3_20,0.9643850366546635
PIVOTS_TRAD_D_P,QTL_30_0.5,0.9643646860825956
PIVOTS_TRAD_D_P,MEDIAN_30,0.9643646860825956
SUPERTs_7_3.0,ACCBU_20,0.9643263105142148
HMA_10,DCU_20_20,0.9643028370196138
DEMA_10,PSARl_0.02_0.2,0.9642793415209854
ZL_EMA_10,PSARs_0.02_0.2,0.9642357280295409
MAMA_0.5_0.05,CHDLREXTl_22_22_14_2.0,0.9642301453283642
MIDPRICE_2,SUPERT_7_3.0,0.9642154361311804
MAMA_0.5_0.05,T3_10_0.7,0.9642062349147029
JMA_7_0.0,SUPERT_7_3.0,0.9642030437418475
Open,CKSPs_10_3_20,0.9641813906591145
HL2,CKSPs_10_3_20,0.9641320495168914
PIVOTS_TRAD_D_S1,PSARs_0.02_0.2,0.9640603539942139
LINREG_14,HT_TL,0.9640249155904927
DEMA_10,HILOs_13_21,0.9639970878005737
OHLC4,CKSPs_10_3_20,0.9639933268389029
PIVOTS_TRAD_D_R3,CKSPl_10_3_20,0.9639525481158518
PIVOTS_TRAD_D_R4,CKSPl_10_3_20,0.9639525481158518
FAMA_0.5_0.05,ACCBM_20,0.9639439974913195
AGj_13_8_5,HWMA_0.2_0.1_0.1,0.9638885499350022
AGj_13_8_5,HWM_1,0.9638885499350022
MIDPRICE_2,QTL_30_0.5,0.9638579925382242
MIDPRICE_2,MEDIAN_30,0.9638579925382242
HLC3,CKSPs_10_3_20,0.9638014582342835
CKSPs_10_3_20,VWAP_D,0.9637941830608581
SUPERTs_7_3.0,KCBe_20_2,0.963774933139157
SUPERTs_7_3.0,DCM_20_20,0.9637654336372031
MIDPOINT_2,SUPERT_7_3.0,0.9637309414758128
PIVOTS_TRAD_D_S1,SUPERT_7_3.0,0.9636967500445822
PIVOTS_TRAD_D_S2,PSARs_0.02_0.2,0.9636851716344838
SUPERTs_7_3.0,CHDLREXTs_22_22_14_2.0,0.9636614197277079
HILOs_13_21,MIDPRICE_2,0.9636299289106738
WCP,CKSPs_10_3_20,0.9636058257248911
MIDPOINT_2,PSARs_0.02_0.2,0.9635321574040452
MCGD_10,SUPERTs_7_3.0,0.9635170789890027
DEMA_10,CKSPs_10_3_20,0.9634259595060598
HILO_13_21,HWL_1,0.9634113557864534
MIDPOINT_2,MEDIAN_30,0.9634102468082506
MIDPOINT_2,QTL_30_0.5,0.9634102468082506
HWMA_0.2_0.1_0.1,KCUe_20_2,0.9634051135920899
HWM_1,KCUe_20_2,0.9634051135920899
CKSPs_10_3_20,LDECAY_1,0.9634015890945078
SUPERTl_7_3.0,KCBe_20_2,0.963336656198014
SUPERTs_7_3.0,ACCBM_20,0.9632331425242385
PIVOTS_TRAD_D_P,CKSPl_10_3_20,0.9632027412463424
PIVOTS_TRAD_D_R2,PSARl_0.02_0.2,0.963169955948633
Close,CKSPs_10_3_20,0.9631062654282091
High,SUPERT_7_3.0,0.9630600196629866
HMA_10,MAMA_0.5_0.05,0.9630598942755756
SUPERTl_7_3.0,ACCBM_20,0.9630218230348104
MAMA_0.5_0.05,TEMA_10,0.9630182826636642
RMA_10,SUPERTs_7_3.0,0.9630057014391001
HILO_13_21,HWU_1,0.9629879034558264
HILOs_13_21,ZL_EMA_10,0.9629819895207601
ZL_EMA_10,MEDIAN_30,0.9629112332511209
ZL_EMA_10,QTL_30_0.5,0.9629112332511209
FAMA_0.5_0.05,SUPERT_7_3.0,0.9628770321284591
IKS_26,SUPERTl_7_3.0,0.9628683694336507
Low,CKSPs_10_3_20,0.9628648902429635
HILOs_13_21,PIVOTS_TRAD_D_S1,0.9628228533672853
CKSPs_10_3_20,BBL_5_2.0_2.0,0.9628120148832243
DEMA_10,MAMA_0.5_0.05,0.9627877319736186
FAMA_0.5_0.05,CHDLREXTl_22_22_14_2.0,0.9627817647881641
DEMA_10,SUPERT_7_3.0,0.9627356109520614
PIVOTS_TRAD_D_S2,SUPERT_7_3.0,0.9627334609886039
ZL_EMA_10,CKSPl_10_3_20,0.9626921142069277
PIVOTS_TRAD_D_S3,CKSPs_10_3_20,0.962691300469328
PIVOTS_TRAD_D_S4,CKSPs_10_3_20,0.962691300469328
HILOs_13_21,PIVOTS_TRAD_D_S2,0.9626866879750458
High,PSARs_0.02_0.2,0.962684470110444
High,MEDIAN_30,0.9626793993343198
High,QTL_30_0.5,0.9626793993343198
HILOs_13_21,MIDPOINT_2,0.9626731856334153
MIDPRICE_2,CKSPl_10_3_20,0.9626317822907244
JMA_7_0.0,PSARl_0.02_0.2,0.9626068205698821
DCM_20_20,HWL_1,0.9626008332339506
TEMA_10,DCU_20_20,0.9625701390097614
ACCBM_20,HWL_1,0.9625505342746478
FAMA_0.5_0.05,PIVOTS_TRAD_D_S3,0.9625315743564341
FAMA_0.5_0.05,PIVOTS_TRAD_D_S4,0.9625315743564341
PIVOTS_TRAD_D_S3,SUPERT_7_3.0,0.9625007180194584
PIVOTS_TRAD_D_S4,SUPERT_7_3.0,0.9625007180194584
PIVOTS_TRAD_D_S1,QTL_30_0.5,0.9624755735475062
PIVOTS_TRAD_D_S1,MEDIAN_30,0.9624755735475062
RMA_10,SUPERTl_7_3.0,0.9624485362034704
FAMA_0.5_0.05,TRIMA_10,0.9624060327256919
PIVOTS_TRAD_D_S4,DCU_20_20,0.9623771276180452
PIVOTS_TRAD_D_S3,DCU_20_20,0.9623771276180452
MIDPOINT_2,CKSPl_10_3_20,0.9623558900871826
PSARs_0.02_0.2,BBL_5_2.0_2.0,0.9623363695756871
PIVOTS_TRAD_D_R1,PSARl_0.02_0.2,0.9623214482163494
FAMA_0.5_0.05,ABER_SG_5_15,0.9623007032516683
PIVOTS_TRAD_D_S2,MEDIAN_30,0.9622602294900972
PIVOTS_TRAD_D_S2,QTL_30_0.5,0.9622602294900972
DEMA_10,MEDIAN_30,0.9622414666453707
DEMA_10,QTL_30_0.5,0.9622414666453707
SUPERT_7_3.0,ZL_EMA_10,0.9622153556696432
High,HILOs_13_21,0.9621996045507004
FAMA_0.5_0.05,DCM_20_20,0.9621304228165717
CMO_14,SMI_5_20_5_1.0,0.9620893510927788
RSI_14,SMI_5_20_5_1.0,0.9620893510927783
ACCBM_20,HWU_1,0.9620788236854723
DEMA_10,CKSPl_10_3_20,0.9618996357274642
DCM_20_20,HWU_1,0.9618817431411976
FAMA_0.5_0.05,SSF3_20,0.9618431420096266
FAMA_0.5_0.05,WMA_10,0.9616688917490008
FAMA_0.5_0.05,SWMA_10,0.9616405698447074
HWU_1,KCUe_20_2,0.961613782079588
High,CKSPl_10_3_20,0.9616113729334488
Open,SUPERT_7_3.0,0.9615806857833733
MAMA_0.5_0.05,DCU_20_20,0.9614384446159462
MAMA_0.5_0.05,SUPERT_7_3.0,0.9614213187257062
AGj_13_8_5,HWU_1,0.9614140598240205
HL2,PSARs_0.02_0.2,0.9614064838843317
SUPERTl_7_3.0,DCM_20_20,0.9613966475711119
PIVOTS_TRAD_D_S1,CKSPl_10_3_20,0.961374210697826
Open,PSARs_0.02_0.2,0.9613595874803761
OHLC4,QTL_30_0.5,0.9613593539478622
OHLC4,MEDIAN_30,0.9613593539478622
HL2,MEDIAN_30,0.9613289251404429
HL2,QTL_30_0.5,0.9613289251404429
SMI_5_20_5_1.0,SMIs_5_20_5_1.0,0.9612801437516795
OHLC4,PSARs_0.02_0.2,0.9612750800477614
HMA_10,CKSPs_10_3_20,0.961235633839399
HLC3,MEDIAN_30,0.9612325922230086
HLC3,QTL_30_0.5,0.9612325922230086
MEDIAN_30,VWAP_D,0.9612251360595211
QTL_30_0.5,VWAP_D,0.9612251360595211
MOM_10,ROC_10,0.9612183800762321
MACD_12_26_9,MACDs_12_26_9,0.9612062308204616
MACDs_12_26_9,STCmacd_10_12_26_0.5,0.9612062308204616
HL2,SUPERT_7_3.0,0.9612014523874666
PIVOTS_TRAD_D_R4,PSARl_0.02_0.2,0.9611881739218505
PIVOTS_TRAD_D_R3,PSARl_0.02_0.2,0.9611881739218505
WCP,MEDIAN_30,0.9611648984989696
WCP,QTL_30_0.5,0.9611648984989696
FAMA_0.5_0.05,DCU_20_20,0.961159400117837
OHLC4,SUPERT_7_3.0,0.9611591404121639
QTL_30_0.5,LDECAY_1,0.9611548968893229
MEDIAN_30,LDECAY_1,0.9611548968893229
SUPERT_7_3.0,LDECAY_1,0.961147816540067
PIVOTS_TRAD_D_P,PSARl_0.02_0.2,0.9611398258083199
HLC3,SUPERT_7_3.0,0.9611236080162554
SUPERT_7_3.0,VWAP_D,0.9611142233669707
HILOl_13_21,ABER_SG_5_15,0.9610756014096826
HILO_13_21,MAMA_0.5_0.05,0.9610576931600552
HLC3,PSARs_0.02_0.2,0.961052074785225
SUPERT_7_3.0,WCP,0.9610495514806713
PSARs_0.02_0.2,VWAP_D,0.9610479082916813
DCL_20_20,HWU_1,0.9610415254103332
Close,MEDIAN_30,0.9610073946530675
Close,QTL_30_0.5,0.9610073946530675
Open,MEDIAN_30,0.9609827267081964
Open,QTL_30_0.5,0.9609827267081964
PIVOTS_TRAD_D_S2,CKSPl_10_3_20,0.9609788363759467
HMA_10,PSARs_0.02_0.2,0.9609727050188048
FAMA_0.5_0.05,HT_TL,0.9609656597466235
SUPERTs_7_3.0,PSARs_0.02_0.2,0.9609077876353407
HILOs_13_21,HL2,0.9608725832908541
Close,SUPERT_7_3.0,0.9608500628768215
HILOs_13_21,OHLC4,0.9608346882645028
WCP,PSARs_0.02_0.2,0.9608334561076121
LDECAY_1,PSARs_0.02_0.2,0.9607867294612129
MAMA_0.5_0.05,HT_TL,0.9607660174184331
Open,HILOs_13_21,0.9607125191915217
HILOl_13_21,BBU_5_2.0_2.0,0.9606939773445762
HILOs_13_21,HLC3,0.9605705598127527
SUPERTs_7_3.0,KCLe_20_2,0.9605683130802236
HILOs_13_21,VWAP_D,0.9605659653668448
OHLC4,CKSPl_10_3_20,0.9605526001354939
FAMA_0.5_0.05,T3_10_0.7,0.9604980250414175
ZL_EMA_10,PSARl_0.02_0.2,0.9604263546579193
HILOs_13_21,WCP,0.9603858010027453
Open,CKSPl_10_3_20,0.9603840324215933
HL2,CKSPl_10_3_20,0.9603540166833748
AGj_13_8_5,HWL_1,0.960351868538834
HILOs_13_21,BBL_5_2.0_2.0,0.9603331021083347
HLC3,CKSPl_10_3_20,0.9602930453726904
CKSPl_10_3_20,VWAP_D,0.9602831752243586
CKSPl_10_3_20,LDECAY_1,0.960274534860603
WCP,CKSPl_10_3_20,0.9602556580554427
SUPERT_7_3.0,BBL_5_2.0_2.0,0.9602469739007111
ISA_9,MEDIAN_30,0.9601898696643598
ISA_9,QTL_30_0.5,0.9601898696643598
Close,PSARs_0.02_0.2,0.9601799310170938
HILOs_13_21,LDECAY_1,0.9601651384510955
HILO_13_21,FAMA_0.5_0.05,0.9601592688163881
Close,CKSPl_10_3_20,0.9601410736787148
Low,PSARs_0.02_0.2,0.960132618233293
FAMA_0.5_0.05,PWMA_10,0.9600940833847373
LINREG_14,PSARs_0.02_0.2,0.9600509034882564
TEMA_10,CKSPs_10_3_20,0.9600237126265496
Low,SUPERT_7_3.0,0.9598920756127617
SUPERTs_7_3.0,ACCBL_20,0.9598549691055183
HMA_10,CKSPl_10_3_20,0.9598104645892651
Close,HILOs_13_21,0.959796710172617
FAMA_0.5_0.05,BBU_5_2.0_2.0,0.9597927176998896
TEMA_10,PSARs_0.02_0.2,0.9597344476920864
MIDPRICE_2,PSARl_0.02_0.2,0.9597010277024405
FAMA_0.5_0.05,PIVOTS_TRAD_D_R2,0.959665179145374
HILOs_13_21,HMA_10,0.9595766163455131
AGt_13_8_5,SUPERTs_7_3.0,0.9595412509233201
Low,MEDIAN_30,0.9594182233264347
Low,QTL_30_0.5,0.9594182233264347
HWL_1,KCUe_20_2,0.9593600889859326
LINREG_14,DCU_20_20,0.9593551087594312
HMA_10,QTL_30_0.5,0.9592747784151024
HMA_10,MEDIAN_30,0.9592747784151024
Low,HILOs_13_21,0.9592676917740024
PSARl_0.02_0.2,BBL_5_2.0_2.0,0.9592189147490835
COPC_11_14_10,SQZ_20_2.0_20_1.5,0.9591511301234359
COPC_11_14_10,SQZPRO_20_2.0_20_2.0_1.5_1.0,0.9591511301234359
FAMA_0.5_0.05,PIVOTS_TRAD_D_R4,0.9591508945789109
FAMA_0.5_0.05,PIVOTS_TRAD_D_R3,0.9591508945789109
MIDPOINT_2,PSARl_0.02_0.2,0.9591307586199158
MCGD_10,SUPERTl_7_3.0,0.9591139600727272
PIVOTS_TRAD_D_S1,PSARl_0.02_0.2,0.9591058564782687
PIVOTS_TRAD_D_S4,PSARs_0.02_0.2,0.9590088535120469
PIVOTS_TRAD_D_S3,PSARs_0.02_0.2,0.9590088535120469
ISA_9,CKSPl_10_3_20,0.9590017194585099
HILO_13_21,SUPERTl_7_3.0,0.9588309743232546
HILOl_13_21,ABER_ZG_5_15,0.9588288747295781
HWMA_0.2_0.1_0.1,CHDLREXTs_22_22_14_2.0,0.9588113045317878
CHDLREXTs_22_22_14_2.0,HWM_1,0.9588113045317875
PIVOTS_TRAD_D_S2,PSARl_0.02_0.2,0.958793450382514
MAMA_0.5_0.05,BBL_5_2.0_2.0,0.9587573361825585
SUPERTs_7_3.0,CHDLREXTl_22_22_14_2.0,0.9586329926698094
HILOs_13_21,PIVOTS_TRAD_D_S3,0.9586221145194204
HILOs_13_21,PIVOTS_TRAD_D_S4,0.9586221145194204
K_9_3,STOCHk_14_3_3,0.9586095477560267
K_9_3,STOCHFd_14_3,0.9586095477560267
AGt_13_8_5,SUPERTl_7_3.0,0.9585605361771206
Low,CKSPl_10_3_20,0.9585334033216746
ALMA_9_6.0_0.85,HILOl_13_21,0.9584733899729844
FAMA_0.5_0.05,PIVOTS_TRAD_D_R1,0.9584488224684401
SUPERTl_7_3.0,KCLe_20_2,0.9584290342309767
HWMA_0.2_0.1_0.1,ACCBU_20,0.9583640212129336
ACCBU_20,HWM_1,0.9583640212129336
HILOl_13_21,BBM_5_2.0_2.0,0.9583406102891938
PIVOTS_TRAD_D_S3,QTL_30_0.5,0.958317754968406
PIVOTS_TRAD_D_S3,MEDIAN_30,0.958317754968406
PIVOTS_TRAD_D_S4,MEDIAN_30,0.958317754968406
PIVOTS_TRAD_D_S4,QTL_30_0.5,0.958317754968406
HMA_10,SUPERT_7_3.0,0.958239293754186
MAMA_0.5_0.05,ACCBL_20,0.9582301958548022
BBL_5_2.0_2.0,DCU_20_20,0.9581980975734927
IKS_26,MAMA_0.5_0.05,0.9580600556552589
HILOs_13_21,TEMA_10,0.9580219319819395
TEMA_10,CKSPl_10_3_20,0.9578982772591912
IKS_26,HWM_1,0.9578411326257794
IKS_26,HWMA_0.2_0.1_0.1,0.9578411326257794
LINREG_14,PSARl_0.02_0.2,0.95783329992748
High,PSARl_0.02_0.2,0.9577412167294186
HWMA_0.2_0.1_0.1,PSARl_0.02_0.2,0.9576648684284996
PSARl_0.02_0.2,HWM_1,0.9576648684284994
SMMA_7,SUPERTs_7_3.0,0.9576556309211374
ALMA_9_6.0_0.85,FAMA_0.5_0.05,0.9575666040336744
QTL_30_0.5,BBL_5_2.0_2.0,0.9574879430323509
MEDIAN_30,BBL_5_2.0_2.0,0.9574879430323509
HILOs_13_21,LINREG_14,0.9573932024638494
SUPERT_7_3.0,TEMA_10,0.9573666501700878
TEMA_10,MEDIAN_30,0.9573574261152892
TEMA_10,QTL_30_0.5,0.9573574261152892
FAMA_0.5_0.05,ABER_ZG_5_15,0.957317276722713
STOCHd_14_3_3,STOCHFd_14_3,0.9570959305163718
STOCHk_14_3_3,STOCHd_14_3_3,0.9570959305163718
QQE_14_5_4.236_RSIMA,TSI_13_25_13,0.9570747160580212
CHDLREXTs_22_22_14_2.0,HWL_1,0.9570045915736374
FAMA_0.5_0.05,BBM_5_2.0_2.0,0.9569969272803884
KAMA_10_2_30,SUPERTl_7_3.0,0.9569945318286766
SUPERTl_7_3.0,CKSPs_10_3_20,0.9568827556591846
PSARl_0.02_0.2,HWL_1,0.956790665980074
FWMA_10,HILOl_13_21,0.9567851517339488
ATRTSe_14_20_3.0,HWM_1,0.956723640780359
HWMA_0.2_0.1_0.1,ATRTSe_14_20_3.0,0.956723640780359
COPC_11_14_10,ENTP_10,0.9567062171742076
FWMA_10,FAMA_0.5_0.05,0.9566884690941175
KAMA_10_2_30,SUPERTs_7_3.0,0.9566425413385699
HMA_10,PSARl_0.02_0.2,0.9566272261830926
SUPERTs_7_3.0,DCU_20_20,0.956582151255626
LINREG_14,CKSPs_10_3_20,0.9565720327236934
SUPERTs_7_3.0,ALPHATl_14_1_50_2,0.9565525357988234
OHLC4,PSARl_0.02_0.2,0.9564820741160082
SMMA_7,SUPERTl_7_3.0,0.9564114516865191
HL2,PSARl_0.02_0.2,0.9563982407447167
LINREG_14,CKSPl_10_3_20,0.9563462289999104
HILOl_13_21,SUPERTs_7_3.0,0.9563262782105181
HLC3,PSARl_0.02_0.2,0.9562300999276143
PSARl_0.02_0.2,VWAP_D,0.9562170214078466
SINWMA_14,SUPERTs_7_3.0,0.9562113567019266
ACCBU_20,HWU_1,0.956157374890937
WCP,PSARl_0.02_0.2,0.9561109792075508
Open,PSARl_0.02_0.2,0.9560786942013614
TEMA_10,PSARl_0.02_0.2,0.956033140512373
LDECAY_1,PSARl_0.02_0.2,0.9560324553046778
HILOl_13_21,ABER_XG_5_15,0.9559652826125361
Close,PSARl_0.02_0.2,0.9558437239472765
SINWMA_14,SUPERTl_7_3.0,0.9558227320582453
HILOl_13_21,PIVOTS_TRAD_D_R4,0.955696088772896
HILOl_13_21,PIVOTS_TRAD_D_R3,0.955696088772896
CKSPl_10_3_20,BBL_5_2.0_2.0,0.955657203920835
IKS_26,HWL_1,0.9553888053355601
HWMA_0.2_0.1_0.1,PSARs_0.02_0.2,0.95526796185149
PSARs_0.02_0.2,HWM_1,0.95526796185149
PIVOTS_TRAD_D_S4,CKSPl_10_3_20,0.9552527368633008
PIVOTS_TRAD_D_S3,CKSPl_10_3_20,0.9552527368633008
SSF_20,SUPERTs_7_3.0,0.9552051935472677
FAMA_0.5_0.05,ACCBL_20,0.955167224052857
FAMA_0.5_0.05,PIVOTS_TRAD_D_P,0.9551403673576878
CHDLREXTs_22_22_14_2.0,HWU_1,0.9551368003388261
ATRr_14,THERMOma_20_2_0.5,0.9551083026617267
SUPERTl_7_3.0,ACCBL_20,0.9550821389278621
FAMA_0.5_0.05,MIDPOINT_2,0.9550567132432127
FAMA_0.5_0.05,QTL_30_0.5,0.9550076829521202
FAMA_0.5_0.05,MEDIAN_30,0.9550076829521202
D_9_3,TMO_14_5_3,0.9549407694707256
SUPERTl_7_3.0,ALPHATl_14_1_50_2,0.9549241436161867
KST_10_15_20_30_10_10_10_15,KSTs_9,0.9549018139570584
IKS_26,HWU_1,0.9548548725065836
ACCBU_20,HWL_1,0.9548428578559028
SUPERTs_7_3.0,DCL_20_20,0.9547985603996334
LINREG_14,SUPERT_7_3.0,0.9546954608653196
LINREG_14,MEDIAN_30,0.9546894369569142
LINREG_14,QTL_30_0.5,0.9546894369569142
FAMA_0.5_0.05,MIDPRICE_2,0.9546346896229465
HILOl_13_21,PIVOTS_TRAD_D_R2,0.9545979948744077
SUPERTs_7_3.0,CKSPl_10_3_20,0.9545862668222284
SSF_20,SUPERTl_7_3.0,0.9544921860929372
ATRTSe_14_20_3.0,HWU_1,0.9543684532786479
Low,PSARl_0.02_0.2,0.9543484115203859
PIVOTS_TRAD_D_S3,PSARl_0.02_0.2,0.9543069741784578
PIVOTS_TRAD_D_S4,PSARl_0.02_0.2,0.9543069741784578
IKS_26,FAMA_0.5_0.05,0.954215640471676
EMA_10,SUPERTs_7_3.0,0.9541726096161374
ISA_9,CKSPs_10_3_20,0.9539434556920839
High,FAMA_0.5_0.05,0.9538851297495214
MAMA_0.5_0.05,QTL_30_0.5,0.953699965143352
MAMA_0.5_0.05,MEDIAN_30,0.953699965143352
ISA_9,HILOl_13_21,0.9536943290401239
HWMA_0.2_0.1_0.1,CHDLREXTl_22_22_14_2.0,0.953361818341007
CHDLREXTl_22_22_14_2.0,HWM_1,0.9533618183410069
PSARs_0.02_0.2,HWU_1,0.953235959586085
FAMA_0.5_0.05,PIVOTS_TRAD_D_S1,0.9532044134578205
FAMA_0.5_0.05,PIVOTS_TRAD_D_S2,0.9531264887502046
MAMA_0.5_0.05,CHDLREXTs_22_22_14_2.0,0.9531044532386785
HILOl_13_21,PIVOTS_TRAD_D_R1,0.953054389766002
PSARl_0.02_0.2,HWU_1,0.9530264582956858
MAMA_0.5_0.05,CKSPs_10_3_20,0.9529756053273082
ISA_9,SUPERTs_7_3.0,0.952906442810247
STOCHd_14_3_3,TMO_14_5_3,0.952859160139091
ATRTSe_14_20_3.0,HWL_1,0.9527932807600635
EMA_10,SUPERTl_7_3.0,0.952724281706186
JMA_7_0.0,FAMA_0.5_0.05,0.9526914506607111
HT_TL,HWM_1,0.9526251344366673
HWMA_0.2_0.1_0.1,HT_TL,0.9526251344366671
ISA_9,HT_TL,0.9525909931859121
HILOs_13_21,SUPERTl_7_3.0,0.9525719602159426
AGl_13_8_5,SUPERTs_7_3.0,0.952522254013487
FAMA_0.5_0.05,LDECAY_1,0.952278681866204
ABER_ATR_5_15,THERMOma_20_2_0.5,0.9522429486666406
Close,FAMA_0.5_0.05,0.9522085004809546
LINREG_14,MAMA_0.5_0.05,0.9522013268340067
FAMA_0.5_0.05,ABER_XG_5_15,0.9521879754353184
SUPERTs_7_3.0,ALPHAT_14_1_50,0.9519872933860638
PSARs_0.02_0.2,HWL_1,0.9519641372948277
HILOl_13_21,JMA_7_0.0,0.9517083836324688
FAMA_0.5_0.05,WCP,0.9516651833598725
SMA_10,SUPERTs_7_3.0,0.951591551335896
HLC3,FAMA_0.5_0.05,0.951520645347762
FAMA_0.5_0.05,VWAP_D,0.951516408248683
ISA_9,ATRTSe_14_20_3.0,0.9514813607885274
HILOl_13_21,PIVOTS_TRAD_D_P,0.9514412514119968
SUPERTs_7_3.0,TRIMA_10,0.9513961344817792
HL2,FAMA_0.5_0.05,0.9512752323294009
FAMA_0.5_0.05,OHLC4,0.9511960550371432
CHDLREXTl_22_22_14_2.0,HWU_1,0.9509448461035065
AGl_13_8_5,SUPERTl_7_3.0,0.950752600719395
FAMA_0.5_0.05,CKSPs_10_3_20,0.950655850677096
FAMA_0.5_0.05,ZL_EMA_10,0.9506473580339875
ITS_9,SUPERTs_7_3.0,0.9506166355251416
HILOl_13_21,MIDPRICE_2,0.9505904075300992
MAMA_0.5_0.05,DCL_20_20,0.9505627846657877
Open,FAMA_0.5_0.05,0.9504977200675617
HILOl_13_21,MIDPOINT_2,0.9501443670687456
SUPERTl_7_3.0,CHDLREXTs_22_22_14_2.0,0.9501153647733455
SSF3_20,SUPERTs_7_3.0,0.9500951309659759
SMA_10,SUPERTl_7_3.0,0.950050654607979
