Date,signal,actual_return,strategy_return,fold
2014-01-30,1,-0.02184462067873061,-0.02184462067873061,1
2014-01-31,1,-0.027295278704807746,-0.027295278704807746,1
2014-02-03,1,0.018282325544506595,0.018282325544506595,1
2014-02-04,1,0.008768228717454196,0.008768228717454196,1
2014-02-05,1,0.022764869227408502,0.022764869227408502,1
2014-02-06,1,0.013759618178275979,0.013759618178275979,1
2014-02-07,1,-0.007185565002367222,-0.007185565002367222,1
2014-02-10,1,0.016083619020199613,0.016083619020199613,1
2014-02-11,-1,0.0035615413912761795,-0.0035615413912761795,1
2014-02-12,1,0.0035489018305130404,0.0035489018305130404,1
2014-02-13,-1,0.0031434153755527383,-0.0031434153755527383,1
2014-02-14,-1,0.007442170842101525,-0.007442170842101525,1
2014-02-18,-1,-0.01088642250279892,0.01088642250279892,1
2014-02-19,-1,0.005896211296436915,-0.005896211296436915,1
2014-02-20,-1,-0.0035170047694895734,0.0035170047694895734,1
2014-02-21,-1,0.010196087407130738,-0.010196087407130738,1
2014-02-24,-1,-0.005822966506114247,0.005822966506114247,1
2014-02-25,-1,-0.0046857023183706215,0.0046857023183706215,1
2014-02-26,-1,0.0035308024086317946,-0.0035308024086317946,1
2014-02-27,-1,0.0027365009786159966,-0.0027365009786159966,1
2014-02-28,-1,-0.02729040413260364,0.02729040413260364,1
2014-03-03,1,0.023246489217250144,0.023246489217250144,1
2014-03-04,-1,0.002741860279731112,-0.002741860279731112,1
2014-03-05,-1,0.013281255762558342,-0.013281255762558342,1
2014-03-06,-1,-0.009252111263569951,0.009252111263569951,1
2014-03-07,-1,-0.005836635074938035,0.005836635074938035,1
2014-03-10,-1,-0.005870826732264578,0.005870826732264578,1
2014-03-11,-1,-0.0023621837339954377,0.0023621837339954377,1
2014-03-12,-1,-0.020520933489835302,0.020520933489835302,1
2014-03-13,-1,-0.005640587887582926,0.005640587887582926,1
2014-03-14,1,0.016612635427161182,0.016612635427161182,1
2014-03-17,-1,0.009964129074515604,-0.009964129074515604,1
2014-03-18,1,-0.015785304503615927,-0.015785304503615927,1
2014-03-19,-1,0.004410533305831965,-0.004410533305831965,1
2014-03-20,-1,-0.010379174828418547,0.010379174828418547,1
2014-03-21,-1,0.003630425248709379,-0.003630425248709379,1
2014-03-24,-1,0.005225123492778705,-0.005225123492778705,1
2014-03-25,-1,-0.0019992460596396366,0.0019992460596396366,1
2014-03-26,-1,0.00040065021028223846,-0.00040065021028223846,1
2014-03-27,-1,0.005606780170081649,-0.005606780170081649,1
2014-03-28,-1,0.013540427890221807,-0.013540427890221807,1
2014-03-31,-1,0.014145331717520637,-0.014145331717520637,1
2014-04-01,-1,0.0,-0.0,1
2014-04-02,-1,0.0007749112040882356,-0.0007749112040882356,1
2014-04-03,-1,-0.0007743111816781445,0.0007743111816781445,1
2014-04-04,-1,-0.007748890342083481,0.007748890342083481,1
2014-04-07,-1,-0.0019524069979509617,0.0019524069979509617,1
2014-04-08,-1,0.012910795406931186,-0.012910795406931186,1
2014-04-09,-1,-0.019312476314692906,0.019312476314692906,1
2014-04-10,-1,-0.00827093696419201,0.00827093696419201,1
2014-04-11,-1,-0.0019857483639069695,0.0019857483639069695,1
2014-04-14,-1,-0.00955032945217349,0.00955032945217349,1
2014-04-15,1,0.0136601109250849,0.0136601109250849,1
2014-04-16,-1,0.010305201490256932,-0.010305201490256932,1
2014-04-17,-1,0.003923122101516574,-0.003923122101516574,1
2014-04-21,-1,0.007034009538979147,-0.007034009538979147,1
2014-04-22,1,-0.0038804959135962935,-0.0038804959135962935,1
2014-04-23,-1,0.0,-0.0,1
2014-04-24,-1,-0.008180794359062826,0.008180794359062826,1
2014-04-25,-1,-0.001963834990514224,0.001963834990514224,1
2014-04-28,-1,0.01770959329562083,-0.01770959329562083,1
2014-04-29,-1,-0.0003867064441535062,0.0003867064441535062,1
2014-04-30,-1,0.006189549131565997,-0.006189549131565997,1
2014-05-01,-1,-0.003460213448516325,0.003460213448516325,1
2014-05-02,-1,-0.004629661993834189,0.004629661993834189,1
2014-05-05,-1,-0.004263515746346314,0.004263515746346314,1
2014-05-06,-1,0.0023355182831872323,-0.0023355182831872323,1
2014-05-07,-1,0.006213586307266317,-0.006213586307266317,1
2014-05-08,-1,-0.008876863897754883,0.008876863897754883,1
2014-05-09,-1,0.004672855547457999,-0.004672855547457999,1
2014-05-12,-1,-0.004263515746346314,0.004263515746346314,1
2014-05-13,-1,-0.0011677962639874417,0.0011677962639874417,1
2014-05-14,-1,-0.013639921416641165,0.013639921416641165,1
2014-05-15,-1,0.001975549010835076,-0.001975549010835076,1
2014-05-16,-1,-0.005914886524792773,0.005914886524792773,1
2014-05-19,-1,0.0007933541646176767,-0.0007933541646176767,1
2014-05-20,-1,0.0091161136111515,-0.0091161136111515,1
2014-05-21,-1,-0.001963834990514224,0.001963834990514224,1
2014-05-22,-1,0.003935473517128418,-0.003935473517128418,1
2014-05-23,-1,0.014896086137089704,-0.014896086137089704,1
2014-05-27,1,0.0007725167336878336,0.0007725167336878336,1
2014-05-28,1,0.0007719204122522694,0.0007719204122522694,1
2014-05-29,-1,0.001156913958496375,-0.001156913958496375,1
2014-05-30,-1,0.0007704336852474292,-0.0007704336852474292,1
2014-06-02,-1,-0.0042339763256770135,0.0042339763256770135,1
2014-06-03,-1,0.0030923819524864005,-0.0030923819524864005,1
2014-06-04,-1,0.011946029164866534,-0.011946029164866534,1
2014-06-05,-1,0.014089829728098247,-0.014089829728098247,1
2014-06-06,-1,-0.0018775530843504473,0.0018775530843504473,1
2014-06-09,-1,-0.007900642779361422,0.007900642779361422,1
2014-06-10,-1,-0.008722087306222703,0.008722087306222703,1
2014-06-11,-1,-0.004590624892374162,0.004590624892374162,1
2014-06-12,-1,-0.003458883589720907,0.003458883589720907,1
2014-06-13,1,-0.0019283125268301227,-0.0019283125268301227,1
2014-06-16,1,0.0007728152400403587,0.0007728152400403587,1
2014-06-17,-1,0.005405455562127015,-0.005405455562127015,1
2014-06-18,-1,0.0,-0.0,1
2014-06-19,1,-0.010752714162868826,-0.010752714162868826,1
2014-06-20,1,-0.0015528305579165513,-0.0015528305579165513,1
2014-06-23,1,-0.011664045298196424,-0.011664045298196424,1
2014-06-24,1,-0.021636476609355415,-0.021636476609355415,1
2014-06-25,1,-0.0068355476701779105,-0.0068355476701779105,1
2014-06-26,1,0.0020242605472129416,0.0020242605472129416,1
2014-06-27,1,-0.0032323201497396203,-0.0032323201497396203,1
2014-06-30,1,0.012565847790177775,0.012565847790177775,1
2014-07-01,1,0.004403547332559876,0.004403547332559876,1
2014-07-02,1,0.0075727593823078365,0.0075727593823078365,1
2014-07-03,1,-0.016613926617328634,-0.016613926617328634,1
2014-07-07,1,-0.021319415673096143,-0.021319415673096143,1
2014-07-08,1,0.007809310918759582,0.007809310918759582,1
2014-07-09,1,-0.017128877179974245,-0.017128877179974245,1
2014-07-10,1,0.003734446106361533,0.003734446106361533,1
2014-07-11,1,0.007854428380085432,0.007854428380085432,1
2014-07-14,1,-0.003691478602841247,-0.003691478602841247,1
2014-07-15,1,0.015644262924818797,0.015644262924818797,1
2014-07-16,1,-0.023104973370954518,-0.023104973370954518,1
2014-07-17,1,0.01037344381920513,0.01037344381920513,1
2014-07-18,1,-0.0069815225310351225,-0.0069815225310351225,1
2014-07-21,1,0.004549239411217654,0.004549239411217654,1
2014-07-22,-1,0.005763663415876641,-0.005763663415876641,1
2014-07-23,-1,0.011052003863727622,-0.011052003863727622,2
2014-07-24,-1,0.002429128100773559,-0.002429128100773559,2
2014-07-25,-1,-0.005654256395568713,0.005654256395568713,2
2014-07-28,-1,-0.002030915625701346,0.002030915625701346,2
2014-07-29,-1,0.0016280389102230064,-0.0016280389102230064,2
2014-07-30,-1,-0.026005740801480104,0.026005740801480104,2
2014-07-31,1,-0.006675004255130235,-0.006675004255130235,2
2014-08-01,-1,0.00839986423458483,-0.00839986423458483,2
2014-08-04,-1,-0.019991650881324596,0.019991650881324596,2
2014-08-05,-1,-0.004249909840694621,0.004249909840694621,2
2014-08-06,1,-0.01237733298122412,-0.01237733298122412,2
2014-08-07,1,0.01642182705870021,0.01642182705870021,2
2014-08-08,-1,-0.004251716816472961,0.004251716816472961,2
2014-08-11,1,0.004696866353254503,0.004696866353254503,2
2014-08-12,-1,0.009349736801297803,-0.009349736801297803,2
2014-08-13,-1,0.003368417840254878,-0.003368417840254878,2
2014-08-14,-1,-0.0016785148261339033,0.0016785148261339033,2
2014-08-15,-1,0.00420338252512753,-0.00420338252512753,2
2014-08-18,-1,-0.0012557044815109109,0.0012557044815109109,2
2014-08-19,-1,-0.002514726393803346,0.002514726393803346,2
2014-08-20,-1,0.012605090505298344,-0.012605090505298344,2
2014-08-21,-1,0.006224050462904085,-0.006224050462904085,2
2014-08-22,-1,0.0008247611448937153,-0.0008247611448937153,2
2014-08-25,-1,0.005356372406866372,-0.005356372406866372,2
2014-08-26,-1,0.005737758163354645,-0.005737758163354645,2
2014-08-27,-1,-0.010187448682685951,0.010187448682685951,2
2014-08-28,-1,0.0024701302462293295,-0.0024701302462293295,2
2014-08-29,-1,-0.005338852816370587,0.005338852816370587,2
2014-09-02,-1,0.012799396452504608,-0.012799396452504608,2
2014-09-03,-1,0.0020382892646133577,-0.0020382892646133577,2
2014-09-04,-1,-0.0008136882760679809,0.0008136882760679809,2
2014-09-05,-1,-0.014657927965435968,0.014657927965435968,2
2014-09-08,-1,-0.0057851773794764805,0.0057851773794764805,2
2014-09-09,-1,0.008728220967691769,-0.008728220967691769,2
2014-09-10,-1,-0.0016481629490265881,0.0016481629490265881,2
2014-09-11,-1,0.0024763258119928633,-0.0024763258119928633,2
2014-09-12,-1,-0.0037052346313564133,0.0037052346313564133,2
2014-09-15,-1,0.003305781867105173,-0.003305781867105173,2
2014-09-16,-1,0.0,-0.0,2
2014-09-17,-1,0.01359142975179406,-0.01359142975179406,2
2014-09-18,-1,-0.002031740884563371,0.002031740884563371,2
2014-09-19,-1,-0.004478774649627537,0.004478774649627537,2
2014-09-22,-1,-0.01267899237700254,0.01267899237700254,2
2014-09-23,-1,0.0020712984951698488,-0.0020712984951698488,2
2014-09-24,-1,-0.011161655717350283,0.011161655717350283,2
2014-09-25,-1,0.003762548173111613,-0.003762548173111613,2
2014-09-26,-1,-0.016243206411106326,0.016243206411106326,2
2014-09-29,1,-0.0012701391015903507,-0.0012701391015903507,2
2014-09-30,1,-0.007206446595774851,-0.007206446595774851,2
2014-10-01,1,-0.01622541244785225,-0.01622541244785225,2
2014-10-02,1,0.00043395491041264833,0.00043395491041264833,2
2014-10-03,1,0.01041222066857661,0.01041222066857661,2
2014-10-06,1,-0.019321629250750205,-0.019321629250750205,2
2014-10-07,1,0.02145358002822273,0.02145358002822273,2
2014-10-08,1,-0.037719638390243504,-0.037719638390243504,2
2014-10-09,1,-0.007126941736066095,-0.007126941736066095,2
2014-10-10,1,0.00044855635363560964,0.00044855635363560964,2
2014-10-13,1,-0.0008967960134188546,-0.0008967960134188546,2
2014-10-14,1,-0.013465041973225733,-0.013465041973225733,2
2014-10-15,1,-0.019108284123795394,-0.019108284123795394,2
2014-10-16,1,0.02690166688650719,0.02690166688650719,2
2014-10-17,1,0.010388502977669356,0.010388502977669356,2
2014-10-20,1,0.01832811050650629,0.01832811050650629,2
2014-10-21,1,-0.013608488320755452,-0.013608488320755452,2
2014-10-22,1,0.016021389468294567,0.016021389468294567,2
2014-10-23,-1,0.013140571093433806,-0.013140571093433806,2
2014-10-24,-1,-0.015564146825113756,0.015564146825113756,2
2014-10-27,-1,0.020201979588270635,-0.020201979588270635,2
2014-10-28,-1,-0.022815272911789863,0.022815272911789863,2
2014-10-29,-1,0.004845757678674456,-0.004845757678674456,2
2014-10-30,-1,0.01841298054044449,-0.01841298054044449,2
2014-10-31,-1,-0.01377527770684639,0.01377527770684639,2
2014-11-03,-1,-0.0052378407980793185,0.0052378407980793185,2
2014-11-04,-1,0.007459331378503409,-0.007459331378503409,2
2014-11-05,-1,-0.010888502176338077,0.010888502176338077,2
2014-11-06,-1,-0.0044032795311500506,0.0044032795311500506,2
2014-11-07,-1,0.00353825393836682,-0.00353825393836682,2
2014-11-10,-1,0.004847893363326472,-0.004847893363326472,2
2014-11-11,-1,-0.017982450049632948,0.017982450049632948,2
2014-11-12,-1,0.0044662967483581895,-0.0044662967483581895,2
2014-11-13,-1,0.006224961808502405,-0.006224961808502405,2
2014-11-14,-1,0.005302732818543099,-0.005302732818543099,2
2014-11-17,-1,0.011428581489311362,-0.011428581489311362,2
2014-11-18,-1,0.0008692071953380065,-0.0008692071953380065,2
2014-11-19,-1,-0.013894988824660004,0.013894988824660004,2
2014-11-20,-1,0.014971385569995777,-0.014971385569995777,2
2014-11-21,-1,0.011713686190911288,-0.011713686190911288,2
2014-11-24,-1,0.007718709585392114,-0.007718709585392114,2
2014-11-25,-1,0.003829793727144315,-0.003829793727144315,2
2014-11-26,-1,-0.0012717544065897757,0.0012717544065897757,2
2014-11-28,-1,-0.008064458022744914,0.008064458022744914,2
2014-12-01,-1,0.004706833506752162,-0.004706833506752162,2
2014-12-02,-1,0.0,-0.0,2
2014-12-03,-1,-0.00809193485575721,0.00809193485575721,2
2014-12-04,-1,0.013739788846932832,-0.013739788846932832,2
2014-12-05,-1,-0.008471018965233057,0.008471018965233057,2
2014-12-08,-1,-0.011106374650855844,0.011106374650855844,2
2014-12-09,-1,-0.010799136247064522,0.010799136247064522,2
2014-12-10,-1,-0.0017466816089527493,0.0017466816089527493,2
2014-12-11,-1,-0.023184631342726636,0.023184631342726636,2
2014-12-12,-1,-0.020152295766992845,0.020152295766992845,2
2014-12-15,-1,0.009140803044365597,-0.009140803044365597,2
2014-12-16,-1,-0.002264458208030451,0.002264458208030451,2
2014-12-17,-1,0.021334511970279024,-0.021334511970279024,2
2014-12-18,-1,-0.002666642930772567,0.002666642930772567,2
2014-12-19,-1,0.005793188844594788,-0.005793188844594788,2
2014-12-22,-1,-0.0008861523276075811,0.0008861523276075811,2
2014-12-23,-1,0.003991137722079152,-0.003991137722079152,2
2014-12-24,-1,0.0,-0.0,2
2014-12-26,-1,-0.010158990655339428,0.010158990655339428,2
2014-12-29,-1,-0.010263254966638824,0.010263254966638824,2
2014-12-30,-1,-0.007213699062698975,0.007213699062698975,2
2014-12-31,-1,0.0009082859831013312,-0.0009082859831013312,2
2015-01-02,-1,-0.03493649844729363,0.03493649844729363,2
2015-01-05,1,-0.014574582351636223,-0.014574582351636223,2
2015-01-06,1,0.006202341306948744,0.006202341306948744,2
2015-01-07,-1,0.005689849739998198,-0.005689849739998198,2
2015-01-08,-1,-0.012729776618080946,0.012729776618080946,2
2015-01-09,-1,-0.0023878291850020217,0.0023878291850020217,2
2015-01-12,-1,0.006701833465176943,-0.006701833465176943,2
2015-01-13,-1,-0.0014265661277205188,0.0014265661277205188,3
2015-01-14,-1,0.0014286041259765625,-0.0014286041259765625,3
2015-01-15,-1,0.01093673488952307,-0.01093673488952307,3
2015-01-16,-1,0.016462858781828738,-0.016462858781828738,3
2015-01-20,-1,0.00925492133003547,-0.00925492133003547,3
2015-01-21,-1,0.01329669521451371,-0.01329669521451371,3
2015-01-22,-1,-0.019909526084286644,0.019909526084286644,3
2015-01-23,-1,0.01523545364869805,-0.01523545364869805,3
2015-01-26,-1,-0.004092776422221611,0.004092776422221611,3
2015-01-27,-1,-0.025114120851179145,0.025114120851179145,3
2015-01-28,-1,0.023887598115664765,-0.023887598115664765,3
2015-01-29,-1,-0.019670644701270446,0.019670644701270446,3
2015-01-30,-1,0.0135323846966382,-0.0135323846966382,3
2015-02-02,-1,0.030847149975828936,-0.030847149975828936,3
2015-02-03,-1,-0.017418463612319024,0.017418463612319024,3
2015-02-04,-1,0.010454524647105723,-0.010454524647105723,3
2015-02-05,-1,-0.010346358388327315,0.010346358388327315,3
2015-02-06,-1,-0.011363636363636354,0.011363636363636354,3
2015-02-09,-1,0.01195403351180846,-0.01195403351180846,3
2015-02-10,-1,-0.011358473303055505,0.011358473303055505,3
2015-02-11,-1,0.028492597672947095,-0.028492597672947095,3
2015-02-12,-1,0.009383422685262266,-0.009383422685262266,3
2015-02-13,-1,0.003098702715865098,-0.003098702715865098,3
2015-02-17,-1,0.008826159059409422,-0.008826159059409422,3
2015-02-18,-1,-0.0043744697637690955,0.0043744697637690955,3
2015-02-19,-1,0.016256543416693248,-0.016256543416693248,3
2015-02-20,-1,-0.009943776505900503,0.009943776505900503,3
2015-02-23,-1,0.0048035201827056895,-0.0048035201827056895,3
2015-02-24,-1,-0.00043460359766900325,0.00043460359766900325,3
2015-02-25,-1,-0.004782635232676635,0.004782635232676635,3
2015-02-26,-1,-0.00043688200736069494,0.00043688200736069494,3
2015-02-27,-1,0.007867146493800492,-0.007867146493800492,3
2015-03-02,-1,-0.011274945138911807,0.011274945138911807,3
2015-03-03,-1,0.0,-0.0,3
2015-03-04,1,0.0008772130891636643,0.0008772130891636643,3
2015-03-05,-1,-0.013146329582492955,0.013146329582492955,3
2015-03-06,-1,0.005328549264900007,-0.005328549264900007,3
2015-03-09,-1,-0.023409840706056007,0.023409840706056007,3
2015-03-10,1,-0.002713766243087501,-0.002713766243087501,3
2015-03-11,1,0.012698444278170129,0.012698444278170129,3
2015-03-12,-1,-0.011195700889125138,0.011195700889125138,3
2015-03-13,1,0.016757284443472686,0.016757284443472686,3
2015-03-16,-1,-0.004454359825003085,0.004454359825003085,3
2015-03-17,1,0.02058161416650539,0.02058161416650539,3
2015-03-18,1,-0.014467335880422816,-0.014467335880422816,3
2015-03-19,1,0.03380784005150517,0.03380784005150517,3
2015-03-20,1,0.007745279989179732,0.007745279989179732,3
2015-03-23,1,0.00512386160727929,0.00512386160727929,3
2015-03-24,1,-0.0033985483408336403,-0.0033985483408336403,3
2015-03-25,1,-0.011508890066144195,-0.011508890066144195,3
2015-03-26,1,0.0017248386053276832,0.0017248386053276832,3
2015-03-27,1,0.005165770193633179,0.005165770193633179,3
2015-03-30,1,-0.016274135413582247,-0.016274135413582247,3
2015-03-31,1,0.013495924360380052,0.013495924360380052,3
2015-04-01,-1,0.009450142047491283,-0.009450142047491283,3
2015-04-02,1,0.012765924981299914,0.012765924981299914,3
2015-04-06,1,-0.00714286057745861,-0.00714286057745861,3
2015-04-07,1,0.0008464011203555,0.0008464011203555,3
2015-04-08,-1,-0.003805503342053873,0.003805503342053873,3
2015-04-09,1,-0.004668875445516862,-0.004668875445516862,3
2015-04-10,1,-0.0021322448947721506,-0.0021322448947721506,3
2015-04-13,1,0.0064102402126318125,0.0064102402126318125,3
2015-04-14,1,0.005944853568264685,0.005944853568264685,3
2015-04-15,1,-0.0029548203143171525,-0.0029548203143171525,3
2015-04-16,1,-0.02032182186834075,-0.02032182186834075,3
2015-04-17,1,0.0038893757546143437,0.0038893757546143437,3
2015-04-20,1,0.003874307118441944,0.003874307118441944,3
2015-04-21,-1,0.00300170221870788,-0.00300170221870788,3
2015-04-22,1,0.004702890689268102,0.004702890689268102,3
2015-04-23,1,0.005106418690782988,0.005106418690782988,3
2015-04-24,1,0.01312444771074972,0.01312444771074972,3
2015-04-27,1,0.00041789505868394805,0.00041789505868394805,3
2015-04-28,1,-0.003759404786138343,-0.003759404786138343,3
2015-04-29,1,-0.004612184846631173,-0.004612184846631173,3
2015-04-30,1,0.00800339241320347,0.00800339241320347,3
2015-05-01,-1,-0.005432556057557436,0.005432556057557436,3
2015-05-04,1,-0.015546174106956134,-0.015546174106956134,3
2015-05-05,-1,0.01024326794674213,-0.01024326794674213,3
2015-05-06,-1,0.004224773179019925,-0.004224773179019925,3
2015-05-07,-1,0.022296961257473047,-0.022296961257473047,3
2015-05-08,1,-0.0028806459679826535,-0.0028806459679826535,3
2015-05-11,1,-0.005777936124365168,-0.005777936124365168,3
2015-05-12,-1,0.010792869540679817,-0.010792869540679817,3
2015-05-13,-1,0.016427088799336298,-0.016427088799336298,3
2015-05-14,-1,0.0028282704979483153,-0.0028282704979483153,3
2015-05-15,-1,-0.01168408588817127,0.01168408588817127,3
2015-05-18,-1,-0.004484329689050881,0.004484329689050881,3
2015-05-19,-1,0.008599471081759624,-0.008599471081759624,3
2015-05-20,-1,0.0020300911941899535,-0.0020300911941899535,3
2015-05-21,1,-0.008103758527811311,-0.008103758527811311,3
2015-05-22,1,-0.02573526031647344,-0.02573526031647344,3
2015-05-26,1,0.014255771368962167,0.014255771368962167,3
2015-05-27,-1,-0.0033071484886253444,0.0033071484886253444,3
2015-05-28,1,-0.008710119722316612,-0.008710119722316612,3
2015-05-29,1,-0.010041831587816685,-0.010041831587816685,3
2015-06-01,1,0.01437025168134487,0.01437025168134487,3
2015-06-02,-1,0.011666695276896233,-0.011666695276896233,3
2015-06-03,1,-0.010296540071249027,-0.010296540071249027,3
2015-06-04,1,-0.015813610372737874,-0.015813610372737874,3
2015-06-05,1,0.0016913706626870972,0.0016913706626870972,3
2015-06-08,-1,-0.004643335072678556,0.004643335072678556,3
2015-06-09,1,0.025869406799204464,0.025869406799204464,3
2015-06-10,1,0.004547279891460088,0.004547279891460088,3
2015-06-11,1,-0.009876534100961343,-0.009876534100961343,3
2015-06-12,1,-0.014131344976510474,-0.014131344976510474,3
2015-06-15,1,-0.0012647040541854393,-0.0012647040541854393,3
2015-06-16,1,-0.0016885147583612925,-0.0016885147583612925,3
2015-06-17,1,0.012685038023177109,0.012685038023177109,3
2015-06-18,-1,-0.003757835061415027,0.003757835061415027,3
2015-06-19,1,0.02849959294974891,0.02849959294974891,3
2015-06-22,1,-0.0028525509193668697,-0.0028525509193668697,3
2015-06-23,1,-0.0085818998923326,-0.0085818998923326,3
2015-06-24,-1,-0.02019784692890536,0.02019784692890536,3
2015-06-25,-1,0.0058897512390543305,-0.0058897512390543305,3
2015-06-26,-1,-0.04140526045320392,0.04140526045320392,3
2015-06-29,1,-0.0034903980558358416,-0.0034903980558358416,3
2015-06-30,1,0.007005247212924504,0.007005247212924504,3
2015-07-01,-1,-0.002173879872197637,0.002173879872197637,3
2015-07-02,1,-0.03137260116634988,-0.03137260116634988,3
2015-07-06,1,-0.0017993256411326097,-0.0017993256411326097,3
2015-07-07,1,-0.01667421497649424,-0.01667421497649424,4
2015-07-08,1,0.022456451786037057,0.022456451786037057,4
2015-07-09,1,0.047064149239988584,0.047064149239988584,4
2015-07-10,1,0.006849308357518069,0.006849308357518069,4
2015-07-13,1,0.003826537025350296,0.003826537025350296,4
2015-07-14,1,-0.001694236107296243,-0.001694236107296243,4
2015-07-15,1,0.013152289773277204,0.013152289773277204,4
2015-07-16,1,-0.003768770871111271,-0.003768770871111271,4
2015-07-17,1,0.00420338252512753,0.00420338252512753,4
2015-07-20,-1,-0.004604382830189269,0.004604382830189269,4
2015-07-21,-1,-0.002523186356538365,0.002523186356538365,4
2015-07-22,1,-0.0021078936976358653,-0.0021078936976358653,4
2015-07-23,-1,-0.010139407281140156,0.010139407281140156,4
2015-07-24,-1,-0.008109284318517318,0.008109284318517318,4
2015-07-27,-1,0.015490559978359242,-0.015490559978359242,4
2015-07-28,-1,-0.0033898272208872093,0.0033898272208872093,4
2015-07-29,1,-0.0012755393733678844,-0.0012755393733678844,4
2015-07-30,1,0.0025542557057047777,0.0025542557057047777,4
2015-07-31,-1,-0.001273833557058679,0.001273833557058679,4
2015-08-03,1,-0.00637753467733293,-0.00637753467733293,4
2015-08-04,1,0.006418468683940137,0.006418468683940137,4
2015-08-05,-1,0.0017006380697373036,-0.0017006380697373036,4
2015-08-06,-1,-0.005942249270880384,0.005942249270880384,4
2015-08-07,1,0.011528627535615232,0.011528627535615232,4
2015-08-10,-1,-0.006331769318224767,0.006331769318224767,4
2015-08-11,1,-0.008496208800379823,-0.008496208800379823,4
2015-08-12,1,-0.002570671188951601,-0.002570671188951601,4
2015-08-13,1,0.0008590442364768691,0.0008590442364768691,4
2015-08-14,-1,-0.002575084459528587,0.002575084459528587,4
2015-08-17,1,-0.004733244898232236,-0.004733244898232236,4
2015-08-18,1,-0.004755672589453086,-0.004755672589453086,4
2015-08-19,1,-0.026933137571867327,-0.026933137571867327,4
2015-08-20,1,-0.022321428951560196,-0.022321428951560196,4
2015-08-21,1,-0.03424657593899694,-0.03424657593899694,4
2015-08-24,1,0.014184451528137965,0.014184451528137965,4
2015-08-25,1,0.013985977920283998,0.013985977920283998,4
2015-08-26,1,0.014252849008845159,0.014252849008845159,4
2015-08-27,1,-0.00951945102251095,-0.00951945102251095,4
2015-08-28,1,-0.003203647304445001,-0.003203647304445001,4
2015-08-31,1,-0.03168046429312987,-0.03168046429312987,4
2015-09-01,1,0.01754380887661422,0.01754380887661422,4
2015-09-02,1,-0.002329880670718376,-0.002329880670718376,4
2015-09-03,1,-0.023353573263123373,-0.023353573263123373,4
2015-09-04,1,0.03443325292245758,0.03443325292245758,4
2015-09-08,-1,-0.003698563421637213,0.003698563421637213,4
2015-09-09,1,0.011600928484956086,0.011600928484956086,4
2015-09-10,-1,-0.004587086129392737,0.004587086129392737,4
2015-09-11,1,-0.01336409701987773,-0.01336409701987773,4
2015-09-14,1,0.007473136317254436,0.007473136317254436,4
2015-09-15,-1,0.00834493777109202,-0.00834493777109202,4
2015-09-16,1,0.0036781574117725757,0.0036781574117725757,4
2015-09-17,-1,-0.03206599933054943,0.03206599933054943,4
2015-09-18,-1,-0.0009464529677867262,0.0009464529677867262,4
2015-09-21,-1,-0.025580336329433684,0.025580336329433684,4
2015-09-22,1,-0.007778310636162411,-0.007778310636162411,4
2015-09-23,1,-0.0034296764011536585,-0.0034296764011536585,4
2015-09-24,1,0.011307745354518284,0.011307745354518284,4
2015-09-25,-1,-0.021876463892415487,0.021876463892415487,4
2015-09-28,1,0.003976139183357041,0.003976139183357041,4
2015-09-29,-1,0.016336629269415592,-0.016336629269415592,4
2015-09-30,1,0.00243542305836697,0.00243542305836697,4
2015-10-01,1,0.022351846138318754,0.022351846138318754,4
2015-10-02,-1,0.01806079582849085,-0.01806079582849085,4
2015-10-05,1,0.004201687780921004,0.004201687780921004,4
2015-10-06,-1,0.01580660850627824,-0.01580660850627824,4
2015-10-07,1,0.003203647304445001,0.003203647304445001,4
2015-10-08,-1,0.0009124296393274722,-0.0009124296393274722,4
2015-10-09,-1,-0.0041021034820935,0.0041021034820935,4
2015-10-12,-1,-0.017391352928190384,0.017391352928190384,4
2015-10-13,1,0.004191902909466361,0.004191902909466361,4
2015-10-14,-1,0.01298704515683391,-0.01298704515683391,4
2015-10-15,-1,0.007326000288198298,-0.007326000288198298,4
2015-10-16,-1,-0.004090916026722291,0.004090916026722291,4
2015-10-19,-1,-0.0022820281793134445,0.0022820281793134445,4
2015-10-20,-1,-0.01235134721980824,0.01235134721980824,4
2015-10-21,1,0.011116246846779143,0.011116246846779143,4
2015-10-22,-1,0.006413164916982295,-0.006413164916982295,4
2015-10-23,1,-0.00409650229407077,-0.00409650229407077,4
2015-10-26,1,-0.005027363218558567,-0.005027363218558567,4
2015-10-27,1,0.0036747782280144303,0.0036747782280144303,4
2015-10-28,-1,-0.014645294701944311,0.014645294701944311,4
2015-10-29,1,-0.0018579151997962784,-0.0018579151997962784,4
2015-10-30,-1,0.013960034788477405,-0.013960034788477405,4
2015-11-02,-1,-0.008719620287956253,0.008719620287956253,4
2015-11-03,1,-0.007870373763501637,-0.007870373763501637,4
2015-11-04,-1,-0.008399454158304787,0.008399454158304787,4
2015-11-05,1,0.005647098316865717,0.005647098316865717,4
2015-11-06,-1,-0.006551300491296264,0.006551300491296264,4
2015-11-09,1,-0.006123370869979161,-0.006123370869979161,4
2015-11-10,1,0.0042654099981405125,0.0042654099981405125,4
2015-11-11,-1,-0.014629606676638152,0.014629606676638152,4
2015-11-12,1,-0.008620613269245903,-0.008620613269245903,4
2015-11-13,1,0.009661780107220741,0.009661780107220741,4
2015-11-16,1,-0.00047847985953886063,-0.00047847985953886063,4
2015-11-17,1,0.010052704545570723,0.010052704545570723,4
2015-11-18,1,0.008056875508080097,0.008056875508080097,4
2015-11-19,1,-0.013634269359946938,-0.013634269359946938,4
2015-11-20,1,-0.0057196822928040625,-0.0057196822928040625,4
2015-11-23,1,-0.0019175893747335193,-0.0019175893747335193,4
2015-11-24,1,0.007204592734339155,0.007204592734339155,4
2015-11-25,-1,0.0038149702587308987,-0.0038149702587308987,4
2015-11-27,1,-0.001425120208273456,-0.001425120208273456,4
2015-11-30,1,0.01760223234191738,0.01760223234191738,4
2015-12-01,-1,-0.016362715479574685,0.016362715479574685,4
2015-12-02,-1,-0.003802368230680364,0.003802368230680364,4
2015-12-03,-1,0.012881701791852107,-0.012881701791852107,4
2015-12-04,-1,-0.007065455570635093,0.007065455570635093,4
2015-12-07,-1,-0.01944970820189773,0.01944970820189773,4
2015-12-08,1,-0.0029027317716943113,-0.0029027317716943113,4
2015-12-09,1,-0.003396394602194319,-0.003396394602194319,4
2015-12-10,1,-0.021421641404358316,-0.021421641404358316,4
2015-12-11,1,-0.002487619077623293,-0.002487619077623293,4
2015-12-14,1,0.011471394430770054,0.011471394430770054,4
2015-12-15,-1,0.021203076098035067,-0.021203076098035067,4
2015-12-16,1,-0.008691376426090858,-0.008691376426090858,4
2015-12-17,1,-0.009741878044336905,-0.009741878044336905,4
2015-12-18,1,-0.005902648287443912,-0.005902648287443912,4
2015-12-21,1,0.009896129242930707,0.009896129242930707,4
2015-12-22,-1,0.014208766178120058,-0.014208766178120058,4
2015-12-23,1,0.002898524817921855,0.002898524817921855,4
2015-12-24,1,-0.004816974006127572,-0.004816974006127572,5
2015-12-28,1,0.0062924041178789025,0.0062924041178789025,5
2015-12-29,-1,-0.010582068831888058,0.010582068831888058,5
2015-12-30,1,-0.012153621959600902,-0.012153621959600902,5
2015-12-31,1,-0.020669295403627608,-0.020669295403627608,5
2016-01-04,1,-0.007035145343323279,-0.007035145343323279,5
2016-01-05,1,-0.019230823062431623,-0.019230823062431623,5
2016-01-06,1,-0.022703748491368803,-0.022703748491368803,5
2016-01-07,1,-0.011087697249198558,-0.011087697249198558,5
2016-01-08,1,0.00694079398251346,0.00694079398251346,5
2016-01-11,1,0.0074230851069854165,0.0074230851069854165,5
2016-01-12,1,-0.017894744873046875,-0.017894744873046875,5
2016-01-13,1,0.008574482782447657,0.008574482782447657,5
2016-01-14,1,-0.04038258454865162,-0.04038258454865162,5
2016-01-15,1,-0.007751904417962363,-0.007751904417962363,5
2016-01-19,1,-0.029575931048495763,-0.029575931048495763,5
2016-01-20,1,0.007475622350660904,0.007475622350660904,5
2016-01-21,1,0.0279680227348984,0.0279680227348984,5
2016-01-22,1,-0.027762353894819625,-0.027762353894819625,5
2016-01-25,1,0.023415182298846426,0.023415182298846426,5
2016-01-26,1,-0.01506698976641474,-0.01506698976641474,5
2016-01-27,1,0.0,0.0,5
2016-01-28,-1,0.0215298060242608,-0.0215298060242608,5
2016-01-29,-1,-0.008319551867239205,0.008319551867239205,5
2016-02-01,-1,-0.039709122919344475,0.039709122919344475,5
2016-02-02,1,0.0034944359741280184,0.0034944359741280184,5
2016-02-03,-1,0.015089973058008077,-0.015089973058008077,5
2016-02-04,-1,-0.015437419170784228,0.015437419170784228,5
2016-02-05,-1,-0.03774678539192411,0.03774678539192411,5
2016-02-08,1,-0.024743503618782636,-0.024743503618782636,5
2016-02-09,1,0.026608930026979172,0.026608930026979172,5
2016-02-10,1,-0.03616638794160176,-0.03616638794160176,5
2016-02-11,1,0.034396569873791805,0.034396569873791805,5
2016-02-12,1,0.018137800511178526,0.018137800511178526,5
2016-02-16,1,0.027315859875569393,0.027315859875569393,5
2016-02-17,-1,-0.019075140939839974,0.019075140939839974,5
2016-02-18,-1,-0.00471419722704991,0.00471419722704991,5
2016-02-19,-1,0.011841371827522318,-0.011841371827522318,5
2016-02-22,-1,-0.02047983489436811,0.02047983489436811,5
2016-02-23,-1,-0.01075270654939553,0.01075270654939553,5
2016-02-24,1,0.01992753226742172,0.01992753226742172,5
2016-02-25,-1,0.007104845682051719,-0.007104845682051719,5
2016-02-26,-1,-0.00587891711488242,0.00587891711488242,5
2016-02-29,-1,0.028976923450011238,-0.028976923450011238,5
2016-03-01,-1,0.022413868134901316,-0.022413868134901316,5
2016-03-02,-1,0.014614857119331193,-0.014614857119331193,5
2016-03-03,-1,-0.0005539236540617054,0.0005539236540617054,5
2016-03-04,-1,-0.004988921730620599,0.004988921730620599,5
2016-03-07,-1,-0.009470755936954456,0.009470755936954456,5
2016-03-08,1,0.003936990557980913,0.003936990557980913,5
2016-03-09,1,0.008403339794098352,0.008403339794098352,5
2016-03-10,1,0.04499997033013248,0.04499997033013248,5
2016-03-11,1,-0.00637952872364711,-0.00637952872364711,5
2016-03-14,1,-0.010700950092270123,-0.010700950092270123,5
2016-03-15,1,0.002704226340082716,0.002704226340082716,5
2016-03-16,1,-0.0005393866444450834,-0.0005393866444450834,5
2016-03-17,1,0.002698285764046515,0.002698285764046515,5
2016-03-18,1,-0.005382151877306396,-0.005382151877306396,5
2016-03-21,1,-0.009740276495374789,-0.009740276495374789,5
2016-03-22,1,-0.01857924408539502,-0.01857924408539502,5
2016-03-23,1,-0.013363016890443835,-0.013363016890443835,5
2016-03-24,1,0.003950429169604641,0.003950429169604641,5
2016-03-28,1,0.011242206031381263,0.011242206031381263,5
2016-03-29,1,0.0011117541977838652,0.0011117541977838652,5
2016-03-30,1,-0.005552491959958994,-0.005552491959958994,5
2016-03-31,1,-0.009491908304985808,-0.009491908304985808,5
2016-04-01,1,-0.005073289388335622,-0.005073289388335622,5
2016-04-04,1,-0.02606227163822228,-0.02606227163822228,5
2016-04-05,1,0.01337984497328204,0.01337984497328204,5
2016-04-06,1,-0.029276706466601632,-0.029276706466601632,5
2016-04-07,1,0.026020138263038062,0.026020138263038062,5
2016-04-08,1,0.007492746853506871,0.007492746853506871,5
2016-04-11,1,0.012585882520851577,0.012585882520851577,5
2016-04-12,-1,0.038417986921839065,-0.038417986921839065,5
2016-04-13,-1,-0.0010880604639921243,0.0010880604639921243,5
2016-04-14,1,0.0,0.0,5
2016-04-15,1,0.0076252388341155886,0.0076252388341155886,5
2016-04-18,1,0.014594619338576864,0.014594619338576864,5
2016-04-19,1,0.010122462550627986,0.010122462550627986,5
2016-04-20,-1,0.0015823147728988296,-0.0015823147728988296,5
2016-04-21,-1,0.0010532100055151705,-0.0010532100055151705,5
2016-04-22,-1,-0.008942665662658111,0.008942665662658111,5
2016-04-25,1,0.017515919375442612,0.017515919375442612,5
2016-04-26,1,-0.0026082022358663304,-0.0026082022358663304,5
2016-04-27,1,-0.007322243245397431,-0.007322243245397431,5
2016-04-28,1,-0.0073761534786602745,-0.0073761534786602745,5
2016-04-29,1,0.003184685002995735,0.003184685002995735,5
2016-05-02,1,-0.029100489320714407,-0.029100489320714407,5
2016-05-03,1,-0.012534034738690636,-0.012534034738690636,5
2016-05-04,1,-0.014348797838843574,-0.014348797838843574,5
2016-05-05,1,0.004479278889816252,0.004479278889816252,5
2016-05-06,1,-0.005574157106622346,-0.005574157106622346,5
2016-05-09,1,0.012892350911945627,0.012892350911945627,5
2016-05-10,1,-0.012174837690645202,-0.012174837690645202,5
2016-05-11,1,-0.0028011845008746317,-0.0028011845008746317,5
2016-05-12,1,-0.011235891245119367,-0.011235891245119367,5
2016-05-13,1,0.0107954846556515,0.0107954846556515,5
2016-05-16,1,-0.005621156623013102,-0.005621156623013102,5
2016-05-17,1,0.013001669603882826,0.013001669603882826,5
2016-05-18,1,0.0016741454530011524,0.0016741454530011524,5
2016-05-19,-1,0.007799408562560561,-0.007799408562560561,5
2016-05-20,1,-0.0033167200351736925,-0.0033167200351736925,5
2016-05-23,1,0.03272324626281864,0.03272324626281864,5
2016-05-24,1,0.022019324862124323,0.022019324862124323,5
2016-05-25,1,-0.0010509961661592238,-0.0010509961661592238,5
2016-05-26,1,-0.0015781528818672452,-0.0015781528818672452,5
2016-05-27,1,-0.01317176006478149,-0.01317176006478149,5
2016-05-31,1,-0.0032033885429139097,-0.0032033885429139097,5
2016-06-01,1,-0.0010712617933551494,-0.0010712617933551494,5
2016-06-02,1,-0.004289540232835676,-0.004289540232835676,5
2016-06-03,1,-0.0010770305919416412,-0.0010770305919416412,5
2016-06-06,1,0.005929952284407403,0.005929952284407403,5
2016-06-07,1,-0.0010718359017802825,-0.0010718359017802825,5
2016-06-08,1,-0.01663087318095824,-0.01663087318095824,5
2016-06-09,1,-0.04418982374870695,-0.04418982374870695,5
2016-06-10,1,-0.02340181716321965,-0.02340181716321965,5
2016-06-13,1,-0.019871428431287752,-0.019871428431287752,5
2016-06-14,1,0.004770418695428269,0.004770418695428269,5
2016-06-15,1,0.007121598170213073,0.007121598170213073,5
2016-06-16,1,0.031231626876285556,0.031231626876285556,5
2016-06-17,1,0.03428573608398433,0.03428573608398433,6
2016-06-20,1,0.01436465322663838,0.01436465322663838,6
2016-06-21,1,-0.027233114563084193,-0.027233114563084193,6
2016-06-22,1,0.044792788898163405,0.044792788898163405,6
2016-06-23,1,-0.16559486483685215,-0.16559486483685215,6
2016-06-24,1,-0.057803444840750506,-0.057803444840750506,6
2016-06-27,1,0.032719805026585114,0.032719805026585114,6
2016-06-28,1,0.016501650580520222,0.016501650580520222,6
2016-06-29,1,0.018831166820554968,0.018831166820554968,6
2016-06-30,1,-0.0044614210768837426,-0.0044614210768837426,6
2016-07-01,1,-0.0518565602994171,-0.0518565602994171,6
2016-07-05,1,-0.010803564925933151,-0.010803564925933151,6
2016-07-06,1,-0.0034129172943666575,-0.0034129172943666575,6
2016-07-07,1,0.029452009607288776,0.029452009607288776,6
2016-07-08,1,0.017298751397278878,0.017298751397278878,6
2016-07-11,1,0.0353171983780427,0.0353171983780427,6
2016-07-12,-1,-0.008212262480572607,0.008212262480572607,6
2016-07-13,-1,0.02292991471661021,-0.02292991471661021,6
2016-07-14,-1,-0.008094593093996294,0.008094593093996294,6
2016-07-15,-1,0.002510983119066834,-0.002510983119066834,6
2016-07-18,-1,-0.010018775500113208,0.010018775500113208,6
2016-07-19,-1,0.012650208978930877,-0.012650208978930877,6
2016-07-20,-1,-0.002498436057537856,0.002498436057537856,6
2016-07-21,-1,-0.0025046938750282743,0.0025046938750282743,6
2016-07-22,-1,-0.0012555214928133829,0.0012555214928133829,6
2016-07-25,-1,0.005028279350930864,-0.005028279350930864,6
2016-07-26,-1,0.010631649701521972,-0.010631649701521972,6
2016-07-27,-1,-0.012995051988233919,0.012995051988233919,6
2016-07-28,-1,0.021316684033106048,-0.021316684033106048,6
2016-07-29,-1,-0.019030163036732994,0.019030163036732994,6
2016-08-01,-1,-0.010012506382695352,0.010012506382695352,6
2016-08-02,1,0.0075853279313489175,0.0075853279313489175,6
2016-08-03,1,0.008782957779688294,0.008782957779688294,6
2016-08-04,1,0.009950239314132636,0.009950239314132636,6
2016-08-05,1,0.012315318088559568,0.012315318088559568,6
2016-08-08,-1,0.010948923316814296,-0.010948923316814296,6
2016-08-09,1,0.010830227962578709,0.010830227962578709,6
2016-08-10,-1,0.004166762223323683,-0.004166762223323683,6
2016-08-11,-1,-0.0017783452965655089,0.0017783452965655089,6
2016-08-12,1,0.0017815134426169,0.0017815134426169,6
2016-08-15,1,-0.003556690593131129,-0.003556690593131129,6
2016-08-16,1,-0.002974374696551707,-0.002974374696551707,6
2016-08-17,1,0.006563282150915617,0.006563282150915617,6
2016-08-18,1,-0.014819204953362641,-0.014819204953362641,6
2016-08-19,1,0.004813472904117155,0.004813472904117155,6
2016-08-22,1,0.016766393203900165,0.016766393203900165,6
2016-08-23,1,0.002355766584554164,0.002355766584554164,6
2016-08-24,1,-0.007050577908689792,-0.007050577908689792,6
2016-08-25,-1,-0.005917182469050486,0.005917182469050486,6
2016-08-26,1,0.005357152183040004,0.005357152183040004,6
2016-08-29,1,0.010065132175086644,0.010065132175086644,6
2016-08-30,-1,0.014654162240689717,-0.014654162240689717,6
2016-08-31,1,0.013864805229507171,0.013864805229507171,6
2016-09-01,1,0.013675309908845135,0.013675309908845135,6
2016-09-02,1,-0.008431788541842233,-0.008431788541842233,6
2016-09-06,-1,0.0005669064188122963,-0.0005669064188122963,6
2016-09-07,-1,0.013031135819111084,-0.013031135819111084,6
2016-09-08,-1,-0.013422806620974947,0.013422806620974947,6
2016-09-09,1,0.005668956061779085,0.005668956061779085,6
2016-09-12,1,-0.04171362912433241,-0.04171362912433241,6
2016-09-13,1,0.01176475076114425,0.01176475076114425,6
2016-09-14,1,0.012209248555682395,0.012209248555682395,6
2016-09-15,-1,-0.03331418315849488,0.03331418315849488,6
2016-09-16,1,0.012477777348381958,0.012477777348381958,6
2016-09-19,-1,-0.002934339302976041,0.002934339302976041,6
2016-09-20,-1,0.030017671321503014,-0.030017671321503014,6
2016-09-21,1,0.003999982561383897,0.003999982561383897,6
2016-09-22,1,-0.014228799336498898,-0.014228799336498898,6
2016-09-23,1,-0.01847573328305807,-0.01847573328305807,6
2016-09-26,1,-0.002941131591796875,-0.002941131591796875,6
2016-09-27,1,0.02005900514950354,0.02005900514950354,6
2016-09-28,1,-0.030075212853035937,-0.030075212853035937,6
2016-09-29,1,0.0232557769232431,0.0232557769232431,6
2016-09-30,-1,-0.004662000257425358,0.004662000257425358,6
2016-10-03,1,0.0040983428066099226,0.0040983428066099226,6
2016-10-04,-1,0.020991289700239335,-0.020991289700239335,6
2016-10-05,-1,-0.0017133458739779783,0.0017133458739779783,6
2016-10-06,1,-0.005720845771654548,-0.005720845771654548,6
2016-10-07,1,-0.0011506646364047857,-0.0011506646364047857,6
2016-10-10,-1,-0.014976971183215282,0.014976971183215282,6
2016-10-11,-1,0.003508740620111306,-0.003508740620111306,6
2016-10-12,-1,-0.018648001029701544,0.018648001029701544,6
2016-10-13,-1,0.0077196650587099125,-0.0077196650587099125,6
2016-10-14,-1,0.0,-0.0,6
2016-10-17,-1,0.02239252112498291,-0.02239252112498291,6
2016-10-18,-1,0.0040345644544756976,-0.0040345644544756976,6
2016-10-19,-1,0.007462638358050944,-0.007462638358050944,6
2016-10-20,-1,0.0,-0.0,6
2016-10-21,-1,0.014814828500550048,-0.014814828500550048,6
2016-10-24,-1,-0.005053349538836072,0.005053349538836072,6
2016-10-25,-1,-0.003950321531415835,0.003950321531415835,6
2016-10-26,1,0.013597721037126531,0.013597721037126531,6
2016-10-27,1,-0.003912783522213137,-0.003912783522213137,6
2016-10-28,1,-0.003928153536643997,-0.003928153536643997,6
2016-10-31,1,-0.009014075910541375,-0.009014075910541375,6
2016-11-01,1,-0.014212620683986654,-0.014212620683986654,6
2016-11-02,1,0.009803925882236664,0.009803925882236664,6
2016-11-03,-1,-0.01770413831469031,0.01770413831469031,6
2016-11-04,-1,0.03255810704084405,-0.03255810704084405,6
2016-11-07,-1,0.003941424207325461,-0.003941424207325461,6
2016-11-08,1,0.016825532156154344,0.016825532156154344,6
2016-11-09,1,0.02316602844653337,0.02316602844653337,6
2016-11-10,1,-0.010242513990479929,-0.010242513990479929,6
2016-11-11,-1,0.0021785951442812035,-0.0021785951442812035,6
2016-11-14,-1,0.0038043313193183437,-0.0038043313193183437,6
2016-11-15,-1,-0.021115289883441024,0.021115289883441024,6
2016-11-16,-1,0.0049778845667960425,-0.0049778845667960425,6
2016-11-17,-1,-0.017611430571302877,0.017611430571302877,6
2016-11-18,-1,0.009523813594448205,-0.009523813594448205,6
2016-11-21,-1,0.011653666988791889,-0.011653666988791889,6
2016-11-22,-1,-0.012067982385012388,0.012067982385012388,6
2016-11-23,-1,0.0,-0.0,6
2016-11-25,-1,-0.023875641294340944,0.023875641294340944,6
2016-11-28,1,0.01990900927125505,0.01990900927125505,6
2016-11-29,-1,0.002230842582148007,-0.002230842582148007,6
2016-11-30,-1,0.009460216070660055,-0.009460216070660055,6
2016-12-01,1,-0.0016537365108177937,-0.0016537365108177937,6
2016-12-02,1,0.016565390775805433,0.016565390775805433,6
2016-12-05,1,0.032591004152239034,0.032591004152239034,6
2016-12-06,1,0.03314040784752037,0.03314040784752037,6
2016-12-07,-1,-0.005091572160322966,0.005091572160322966,7
2016-12-08,-1,-0.008188421047288563,0.008188421047288563,7
2016-12-09,-1,-0.011867881950270998,0.011867881950270998,7
2016-12-12,-1,0.015143651243038514,-0.015143651243038514,7
2016-12-13,-1,-0.023148186758075506,0.023148186758075506,7
2016-12-14,1,0.007898874162094893,0.007898874162094893,7
2016-12-15,-1,-0.0015673343915099114,0.0015673343915099114,7
2016-12-16,-1,-0.01308215552146974,0.01308215552146974,7
2016-12-19,1,0.01007415803606615,0.01007415803606615,7
2016-12-20,-1,-0.003149578390830521,0.003149578390830521,7
2016-12-21,-1,-0.0036861345796687095,0.0036861345796687095,7
2016-12-22,-1,0.0005285533214329785,-0.0005285533214329785,7
2016-12-23,-1,0.0,-0.0,7
2016-12-27,-1,-0.013734824336518736,0.013734824336518736,7
2016-12-28,1,0.004820575908950797,0.004820575908950797,7
2016-12-29,-1,0.010660919677544234,-0.010660919677544234,7
2016-12-30,1,0.020042251395804955,0.020042251395804955,7
2017-01-03,1,0.011892427115909321,0.011892427115909321,7
2017-01-04,1,0.001021995813774046,0.001021995813774046,7
2017-01-05,1,-0.0010209524046904672,-0.0010209524046904672,7
2017-01-06,-1,-0.016351543168845906,0.016351543168845906,7
2017-01-09,1,-0.0020779696377840606,-0.0020779696377840606,7
2017-01-10,1,0.005726216324522193,0.005726216324522193,7
2017-01-11,-1,-0.002070342070938369,0.002070342070938369,7
2017-01-12,1,0.010892068308800074,0.010892068308800074,7
2017-01-13,1,-0.005643951341373077,-0.005643951341373077,7
2017-01-17,1,-0.005675887913639044,-0.005675887913639044,7
2017-01-18,1,0.0015567606945638968,0.0015567606945638968,7
2017-01-19,-1,0.007253953499036125,-0.007253953499036125,7
2017-01-20,1,-0.0015432451554180382,-0.0015432451554180382,7
2017-01-23,1,0.010304006414823208,0.010304006414823208,7
2017-01-24,1,0.028556830622777918,0.028556830622777918,7
2017-01-25,1,-0.008924159865886017,-0.008924159865886017,7
2017-01-26,1,-0.004502258810323956,-0.004502258810323956,7
2017-01-27,1,-0.014070290686646447,-0.014070290686646447,7
2017-01-30,1,0.0035677722645273136,0.0035677722645273136,7
2017-01-31,-1,0.009141711543604991,-0.009141711543604991,7
2017-02-01,-1,-0.006542579900577938,0.006542579900577938,7
2017-02-02,1,0.011651446043725144,0.011651446043725144,7
2017-02-03,1,-0.020030026654171307,-0.020030026654171307,7
2017-02-06,1,-0.003576887885324398,-0.003576887885324398,7
2017-02-07,1,-0.009743617131159898,-0.009743617131159898,7
2017-02-08,1,0.01139312412157989,0.01139312412157989,7
2017-02-09,-1,-0.005120347053449215,0.005120347053449215,7
2017-02-10,1,0.006690641210745252,0.006690641210745252,7
2017-02-13,-1,0.006135012398253981,-0.006135012398253981,7
2017-02-14,1,0.008638215124886717,0.008638215124886717,7
2017-02-15,1,-0.0010075797168418443,-0.0010075797168418443,7
2017-02-16,1,-0.011598564958206214,-0.011598564958206214,7
2017-02-17,1,-0.0061224916784619055,-0.0061224916784619055,7
2017-02-21,1,-0.0005133587842316434,-0.0005133587842316434,7
2017-02-22,1,-0.0015407694070280753,-0.0015407694070280753,7
2017-02-23,1,-0.013888912054845326,-0.013888912054845326,7
2017-02-24,1,0.0010433206929616468,0.0010433206929616468,7
2017-02-27,-1,-0.0010422333093830227,0.0010422333093830227,7
2017-02-28,1,0.02190923706950465,0.02190923706950465,7
2017-03-01,1,-0.008167424510763577,-0.008167424510763577,7
2017-03-02,1,0.01852808052996613,0.01852808052996613,7
2017-03-03,1,-0.008084979654306323,-0.008084979654306323,7
2017-03-06,1,-0.006113038054764708,-0.006113038054764708,7
2017-03-07,1,-0.001025138776475476,-0.001025138776475476,7
2017-03-08,1,0.021036421355924206,0.021036421355924206,7
2017-03-09,1,0.017085435130927973,0.017085435130927973,7
2017-03-10,1,-0.005434812825864221,-0.005434812825864221,7
2017-03-13,1,-0.014406309998458378,-0.014406309998458378,7
2017-03-14,1,0.016129016752173708,0.016129016752173708,7
2017-03-15,-1,0.018353216370728065,-0.018353216370728065,7
2017-03-16,-1,-0.00828056846605607,0.00828056846605607,7
2017-03-17,1,-0.0054027803071693414,-0.0054027803071693414,7
2017-03-20,-1,0.0064197116427950895,-0.0064197116427950895,7
2017-03-21,-1,-0.006869450216560824,0.006869450216560824,7
2017-03-22,-1,0.0,-0.0,7
2017-03-23,-1,0.0024704123011172197,-0.0024704123011172197,7
2017-03-24,-1,0.00394282504170973,-0.00394282504170973,7
2017-03-27,-1,0.0044181758238279745,-0.0044181758238279745,7
2017-03-28,-1,-0.007820129744460003,0.007820129744460003,7
2017-03-29,-1,-0.0004925281728558328,0.0004925281728558328,7
2017-03-30,1,0.00147850063791366,0.00147850063791366,7
2017-03-31,-1,-0.011318875280047935,0.011318875280047935,7
2017-04-03,1,-0.0019910858747400617,-0.0019910858747400617,7
2017-04-04,1,-0.004488785836038067,-0.004488785836038067,7
2017-04-05,-1,0.0070140933576485764,-0.0070140933576485764,7
2017-04-06,-1,-0.005970190893330951,0.005970190893330951,7
2017-04-07,1,-0.0030029763421940414,-0.0030029763421940414,7
2017-04-10,1,0.004016060411629274,0.004016060411629274,7
2017-04-11,-1,-0.006000041961669922,0.006000041961669922,7
2017-04-12,1,-0.016096564805482605,-0.016096564805482605,7
2017-04-13,1,0.015848741398525323,0.015848741398525323,7
2017-04-17,-1,-0.008052428183335403,0.008052428183335403,7
2017-04-18,1,0.005073586307190903,0.005073586307190903,7
2017-04-19,-1,0.010600757066264732,-0.010600757066264732,7
2017-04-20,1,0.0034964881730097375,0.0034964881730097375,7
2017-04-21,1,0.057740161204661966,0.057740161204661966,7
2017-04-24,-1,0.01035290886374085,-0.01035290886374085,7
2017-04-25,-1,-0.006520698375679812,0.006520698375679812,7
2017-04-26,-1,-0.001406501957469053,0.001406501957469053,7
2017-04-27,-1,-0.0009388991141484615,0.0009388991141484615,7
2017-04-28,-1,0.005639047369019767,-0.005639047369019767,7
2017-05-01,-1,0.007009328093650513,-0.007009328093650513,7
2017-05-02,-1,0.0023202388018275233,-0.0023202388018275233,7
2017-05-03,-1,0.022685174188169288,-0.022685174188169288,7
2017-05-04,-1,0.012222745853265327,-0.012222745853265327,7
2017-05-05,-1,-0.01833630752327886,0.01833630752327886,7
2017-05-08,-1,-0.005011417153902298,0.005011417153902298,7
2017-05-09,-1,0.00778388622281212,-0.00778388622281212,7
2017-05-10,-1,-0.005906454646222414,0.005906454646222414,7
2017-05-11,-1,0.0031993420867388878,-0.0031993420867388878,7
2017-05-12,-1,0.009567156135466659,-0.009567156135466659,7
2017-05-15,-1,0.005866474233320762,-0.005866474233320762,7
2017-05-16,-1,-0.02332886659513045,0.02332886659513045,7
2017-05-17,1,0.002296703537399969,0.002296703537399969,7
2017-05-18,-1,0.016040347679415756,-0.016040347679415756,7
2017-05-19,-1,0.00045107031337043857,-0.00045107031337043857,7
2017-05-22,1,0.00450858341270588,0.00450858341270588,7
2017-05-23,-1,-0.0008976865865026884,0.0008976865865026884,7
2017-05-24,1,-0.002246232879382637,-0.002246232879382637,7
2017-05-25,1,-0.008104385648218582,-0.008104385648218582,7
2017-05-26,1,-0.006355029170831528,-0.006355029170831528,7
2017-05-30,1,0.000456840071295872,0.000456840071295872,7
2017-05-31,-1,0.006849297769090157,-0.006849297769090157,7
2017-06-01,-1,0.003174675945348593,-0.003174675945348593,8
2017-06-02,-1,-0.004068722837851868,0.004068722837851868,8
2017-06-05,1,-0.009078563627131109,-0.009078563627131109,8
2017-06-06,1,0.010077843065660508,0.010077843065660508,8
2017-06-07,-1,0.004535164849423179,-0.004535164849423179,8
2017-06-08,1,-0.0009029552193282608,-0.0009029552193282608,8
2017-06-09,1,-0.0058743409713757355,-0.0058743409713757355,8
2017-06-12,-1,0.0072727203369140625,-0.0072727203369140625,8
2017-06-13,-1,-0.00676893590086336,0.00676893590086336,8
2017-06-14,-1,-0.009541162636869216,0.009541162636869216,8
2017-06-15,-1,0.011009251691109556,-0.011009251691109556,8
2017-06-16,-1,0.004083404786787259,-0.004083404786787259,8
2017-06-19,-1,-0.03705376077365441,0.03705376077365441,8
2017-06-20,1,-0.0032848285583532144,-0.0032848285583532144,8
2017-06-21,1,-0.004708115939139779,-0.004708115939139779,8
2017-06-22,1,0.0014191432124732728,0.0014191432124732728,8
2017-06-23,-1,0.008030235034543587,-0.008030235034543587,8
2017-06-26,1,0.009372106912342248,0.009372106912342248,8
2017-06-27,1,0.020891310885062797,0.020891310885062797,8
2017-06-28,1,0.002728488702450349,0.002728488702450349,8
2017-06-29,1,-0.004988603483398246,-0.004988603483398246,8
2017-06-30,1,0.014129419252345343,0.014129419252345343,8
2017-07-03,-1,0.0022471567218222965,-0.0022471567218222965,8
2017-07-05,1,0.007174881295341162,0.007174881295341162,8
2017-07-06,1,0.002226230919294414,0.002226230919294414,8
2017-07-07,1,0.0013327714944673108,0.0013327714944673108,8
2017-07-10,-1,-0.00044366585961175264,0.00044366585961175264,8
2017-07-11,1,0.002663092060088079,0.002663092060088079,8
2017-07-12,-1,0.010624159782959053,-0.010624159782959053,8
2017-07-13,1,-0.0008760603517524723,-0.0008760603517524723,8
2017-07-14,1,-0.004384058913242783,-0.004384058913242783,8
2017-07-17,-1,-0.00264198451612474,0.00264198451612474,8
2017-07-18,-1,0.0013245336490408377,-0.0013245336490408377,8
2017-07-19,-1,0.003968260642719379,-0.003968260642719379,8
2017-07-20,1,-0.006148497768226235,-0.006148497768226235,8
2017-07-21,1,0.005302732818543099,0.005302732818543099,8
2017-07-24,-1,0.011868151989611997,-0.011868151989611997,8
2017-07-25,1,0.0056472266803435645,0.0056472266803435645,8
2017-07-26,1,-0.004751563922916091,-0.004751563922916091,8
2017-07-27,1,0.004340211377930281,0.004340211377930281,8
2017-07-28,-1,0.0034572137344930365,-0.0034572137344930365,8
2017-07-31,-1,0.009043970630115972,-0.009043970630115972,8
2017-08-01,1,-0.0008536260137927965,-0.0008536260137927965,8
2017-08-02,1,0.0029901621221906094,0.0029901621221906094,8
2017-08-03,-1,0.0017036165377852797,-0.0017036165377852797,8
2017-08-04,1,0.0021258178608598577,0.0021258178608598577,8
2017-08-07,-1,-0.0063640059597969145,0.0063640059597969145,8
2017-08-08,1,-0.008539742198459543,-0.008539742198459543,8
2017-08-09,1,-0.02067181552241759,-0.02067181552241759,8
2017-08-10,1,-0.004397554198603659,-0.004397554198603659,8
2017-08-11,1,0.012367521828358763,0.012367521828358763,8
2017-08-14,-1,-0.0004363101591862151,0.0004363101591862151,8
2017-08-15,1,0.0026189203990396592,0.0026189203990396592,8
2017-08-16,-1,-0.01959072133403139,0.01959072133403139,8
2017-08-17,1,0.0066607289290068206,0.0066607289290068206,8
2017-08-18,1,-0.002646646040602496,-0.002646646040602496,8
2017-08-21,1,0.0008845002156205872,0.0008845002156205872,8
2017-08-22,1,-0.0035351271176691235,-0.0035351271176691235,8
2017-08-23,1,0.0026608148701132706,0.0026608148701132706,8
2017-08-24,1,0.008403300379478784,0.008403300379478784,8
2017-08-25,1,-0.0004385228889373094,-0.0004385228889373094,8
2017-08-28,1,-0.007459415070848907,-0.007459415070848907,8
2017-08-29,1,-0.003978786438937232,-0.003978786438937232,8
2017-08-30,1,0.006213909692928787,0.006213909692928787,8
2017-08-31,-1,0.0013233650879815873,-0.0013233650879815873,8
2017-09-01,1,-0.023348047085126056,-0.023348047085126056,8
2017-09-05,1,0.010374359108923148,0.010374359108923148,8
2017-09-06,1,-0.004017864023240336,-0.004017864023240336,8
2017-09-07,1,0.00582703143107155,0.00582703143107155,8
2017-09-08,1,0.016488365556106332,0.016488365556106332,8
2017-09-11,1,0.009644946332927784,0.009644946332927784,8
2017-09-12,1,-0.002171130825808998,-0.002171130825808998,8
2017-09-13,1,0.0026110258697236155,0.0026110258697236155,8
2017-09-14,-1,-0.00043403769463812303,0.00043403769463812303,8
2017-09-15,1,0.0030395003359600103,0.0030395003359600103,8
2017-09-18,-1,0.005194758870264993,-0.005194758870264993,8
2017-09-19,1,-0.004737239718162534,-0.004737239718162534,8
2017-09-20,1,0.008221489471699872,0.008221489471699872,8
2017-09-21,-1,0.0021459719333229987,-0.0021459719333229987,8
2017-09-22,1,-0.015845860093733677,-0.015845860093733677,8
2017-09-25,1,-0.008267999586326069,-0.008267999586326069,8
2017-09-26,1,0.016673942321244084,0.016673942321244084,8
2017-09-27,-1,0.005610667256734647,-0.005610667256734647,8
2017-09-28,1,0.007725335239044728,0.007725335239044728,8
2017-09-29,1,-0.00809193485575721,-0.00809193485575721,8
2017-10-02,1,0.005152379869798995,0.005152379869798995,8
2017-10-03,-1,-0.010679196993998996,0.010679196993998996,8
2017-10-04,1,0.0034542281620522086,0.0034542281620522086,8
2017-10-05,-1,0.004733244898232236,-0.004733244898232236,8
2017-10-06,-1,-0.004282671513319736,0.004282671513319736,8
2017-10-09,1,0.012043040285828255,0.012043040285828255,8
2017-10-10,-1,-0.0016999963603930857,0.0016999963603930857,8
2017-10-11,1,-0.004682869792396183,-0.004682869792396183,8
2017-10-12,-1,-0.0038493690534550096,0.0038493690534550096,8
2017-10-13,-1,-0.0008587572768337104,0.0008587572768337104,8
2017-10-16,-1,-0.005156890282456472,0.005156890282456472,8
2017-10-17,-1,0.0073434159436387425,-0.0073434159436387425,8
2017-10-18,-1,-0.0012863970707311934,0.0012863970707311934,8
2017-10-19,1,0.003434947211733208,0.003434947211733208,8
2017-10-20,1,-0.009413830244018984,-0.009413830244018984,8
2017-10-23,1,0.006047572324148431,0.006047572324148431,8
2017-10-24,-1,0.0038642439545486518,-0.0038642439545486518,8
2017-10-25,-1,-0.0038493690534550096,0.0038493690534550096,8
2017-10-26,-1,-0.010304923530801147,0.010304923530801147,8
2017-10-27,-1,0.003036945964852711,-0.003036945964852711,8
2017-10-30,-1,0.0012975250089943824,-0.0012975250089943824,8
2017-10-31,-1,-0.002591769629851637,0.002591769629851637,8
2017-11-01,-1,0.004763993487424623,-0.004763993487424623,8
2017-11-02,-1,-0.012068994717137738,0.012068994717137738,8
2017-11-03,1,-0.0013089304775586452,-0.0013089304775586452,8
2017-11-06,1,-0.00786370947904802,-0.00786370947904802,8
2017-11-07,1,0.002201723752748519,0.002201723752748519,8
2017-11-08,1,0.0017574256492296492,0.0017574256492296492,8
2017-11-09,1,0.0017544261783273285,0.0017544261783273285,8
2017-11-10,1,-0.0061295704340254,-0.0061295704340254,8
2017-11-13,1,0.0017620707856544904,0.0017620707856544904,8
2017-11-14,1,0.0008795276149946574,0.0008795276149946574,8
2017-11-15,1,0.0035149351011225516,0.0035149351011225516,8
2017-11-16,1,-0.002626946827563148,-0.002626946827563148,8
2017-11-17,1,-0.002194957985163337,-0.002194957985163337,8
2017-11-20,1,0.0017598291391522913,0.0017598291391522913,9
2017-11-21,1,0.005709229607076205,0.005709229607076205,9
2017-11-22,1,0.010480339524720383,0.010480339524720383,9
2017-11-24,1,-0.007346589489107491,-0.007346589489107491,9
2017-11-27,1,0.006094963046676005,0.006094963046676005,9
2017-11-28,1,0.005625233982398559,0.005625233982398559,9
2017-11-29,1,0.0,0.0,9
2017-11-30,1,-0.007314977537358436,-0.007314977537358436,9
2017-12-01,1,0.0008669465985366998,0.0008669465985366998,9
2017-12-04,1,-0.00649630218878372,-0.00649630218878372,9
2017-12-05,1,-0.010026218144306154,-0.010026218144306154,9
2017-12-06,1,0.006164742520522237,0.006164742520522237,9
2017-12-07,-1,0.01487965631998911,-0.01487965631998911,9
2017-12-08,1,0.0021560688188477783,0.0021560688188477783,9
2017-12-11,1,0.0008606049036423702,0.0008606049036423702,9
2017-12-12,1,0.0025795126978493954,0.0025795126978493954,9
2017-12-13,1,-0.00514575186342725,-0.00514575186342725,9
2017-12-14,1,-0.003017310339259782,-0.003017310339259782,9
2017-12-15,1,0.014267182692587532,0.014267182692587532,9
2017-12-18,1,-0.006820113114071158,-0.006820113114071158,9
2017-12-19,1,-0.0042917801457279525,-0.0042917801457279525,9
2017-12-20,1,0.006465500586098516,0.006465500586098516,9
2017-12-21,-1,-0.0029978455537743587,0.0029978455537743587,9
2017-12-22,1,0.0008590442364768691,0.0008590442364768691,9
2017-12-26,-1,-0.0017166956861993654,0.0017166956861993654,9
2017-12-27,1,0.002149580248002936,0.002149580248002936,9
2017-12-28,-1,0.0,-0.0,9
2017-12-29,1,0.00815103124885197,0.00815103124885197,9
2018-01-02,1,-0.0012766249636386728,-0.0012766249636386728,9
2018-01-03,1,0.017043099172623588,0.017043099172623588,9
2018-01-04,1,0.0008378110478390877,0.0008378110478390877,9
2018-01-05,1,-0.002930083575244824,-0.002930083575244824,9
2018-01-08,-1,0.0046179937766945844,-0.0046179937766945844,9
2018-01-09,-1,0.01587961370332347,-0.01587961370332347,9
2018-01-10,1,0.012752010699355276,0.012752010699355276,9
2018-01-11,1,0.01259136699330976,0.01259136699330976,9
2018-01-12,1,-0.0012033969626257246,-0.0012033969626257246,9
2018-01-16,1,0.005622542134212871,0.005622542134212871,9
2018-01-17,-1,0.0027955148668070695,-0.0027955148668070695,9
2018-01-18,1,0.003982416236177677,0.003982416236177677,9
2018-01-19,1,0.01190008549401167,0.01190008549401167,9
2018-01-22,1,-0.002351997859821764,-0.002351997859821764,9
2018-01-23,1,0.008251437256475702,0.008251437256475702,9
2018-01-24,1,0.0,0.0,9
2018-01-25,1,0.006625100440563303,0.006625100440563303,9
2018-01-26,1,-0.008130045880485048,-0.008130045880485048,9
2018-01-29,1,-0.01170964615855008,-0.01170964615855008,9
2018-01-30,1,0.0003949537520682167,0.0003949537520682167,9
2018-01-31,1,0.007895805903744835,0.007895805903744835,9
2018-02-01,1,-0.023893481940666317,-0.023893481940666317,9
2018-02-02,1,-0.03932582420690234,-0.03932582420690234,9
2018-02-05,1,0.017126141949280083,0.017126141949280083,9
2018-02-06,1,-0.009856253279601712,-0.009856253279601712,9
2018-02-07,1,-0.02239738290572646,-0.02239738290572646,9
2018-02-08,1,0.004242697614106783,0.004242697614106783,9
2018-02-09,1,0.01225175358022712,0.01225175358022712,9
2018-02-12,1,-0.001252035911650573,-0.001252035911650573,9
2018-02-13,1,0.019640589526145336,0.019640589526145336,9
2018-02-14,1,0.005327912710970217,0.005327912710970217,9
2018-02-15,1,-0.00203836702036464,-0.00203836702036464,9
2018-02-16,1,-0.00939540631279423,-0.00939540631279423,9
2018-02-20,1,-0.00041238057244685766,-0.00041238057244685766,9
2018-02-21,1,0.002062753501704151,0.002062753501704151,9
2018-02-22,1,0.004116857569040677,0.004116857569040677,9
2018-02-23,1,0.0036900432488771173,0.0036900432488771173,9
2018-02-26,1,-0.01348038929235651,-0.01348038929235651,9
2018-02-27,1,-0.009109702560230581,-0.009109702560230581,9
2018-02-28,1,-0.008775636821695687,-0.008775636821695687,9
2018-03-01,1,-0.0033726781628115043,-0.0033726781628115043,9
2018-03-02,1,-0.001268983928570222,-0.001268983928570222,9
2018-03-05,1,0.0093180562332571,0.0093180562332571,9
2018-03-06,1,0.00041964871648558777,0.00041964871648558777,9
2018-03-07,1,-0.0016778907412465793,-0.0016778907412465793,9
2018-03-08,1,0.002941243883060718,0.002941243883060718,9
2018-03-09,1,0.0033514839083945702,0.0033514839083945702,9
2018-03-12,1,-0.010855959106446655,-0.010855959106446655,9
2018-03-13,1,-0.0008442573791807018,-0.0008442573791807018,9
2018-03-14,1,0.0021123462990868536,0.0021123462990868536,9
2018-03-15,1,0.0037942729845368284,0.0037942729845368284,9
2018-03-16,1,-0.004619853232683657,-0.004619853232683657,9
2018-03-19,1,0.0016877218097501867,0.0016877218097501867,9
2018-03-20,1,-0.0037910763881886522,-0.0037910763881886522,9
2018-03-21,1,-0.02875265607374411,-0.02875265607374411,9
2018-03-22,1,-0.012625120454840766,-0.012625120454840766,9
2018-03-23,1,0.024691334144937738,0.024691334144937738,9
2018-03-26,1,-0.017641990165664367,-0.017641990165664367,9
2018-03-27,1,0.007884376074345667,0.007884376074345667,9
2018-03-28,1,0.003911349486860116,0.003911349486860116,9
2018-03-29,1,-0.014718621081090122,-0.014718621081090122,9
2018-04-02,1,0.007029870202245103,0.007029870202245103,9
2018-04-03,1,0.0017451574190909813,0.0017451574190909813,9
2018-04-04,1,0.006968717819721082,0.006968717819721082,9
2018-04-05,1,-0.006920490871662466,-0.006920490871662466,9
2018-04-06,1,0.009581935081691917,0.009581935081691917,9
2018-04-09,1,0.011647991984857109,0.011647991984857109,9
2018-04-10,1,-0.005543755389581406,-0.005543755389581406,9
2018-04-11,1,0.00943401473336869,0.00943401473336869,9
2018-04-12,1,0.0004247375167520939,0.0004247375167520939,9
2018-04-13,1,0.005095577202590906,0.005095577202590906,9
2018-04-16,1,0.0033798024270468296,0.0033798024270468296,9
2018-04-17,1,0.0029473555715460176,0.0029473555715460176,9
2018-04-18,1,0.0041981688812302576,0.0041981688812302576,9
2018-04-19,1,-0.0020902691012153474,-0.0020902691012153474,9
2018-04-20,1,0.0033514839083945702,0.0033514839083945702,9
2018-04-23,1,-0.0070981240450316285,-0.0070981240450316285,9
2018-04-24,1,-0.004625761445555265,-0.004625761445555265,9
2018-04-25,1,-0.0008449707519732064,-0.0008449707519732064,9
2018-04-26,1,-0.0012684473480232272,-0.0012684473480232272,9
2018-04-27,-1,-0.005927235056000679,0.005927235056000679,9
2018-04-30,1,-0.004684783013094274,-0.004684783013094274,9
2018-05-01,1,-0.0012837263828909817,-0.0012837263828909817,9
2018-05-02,1,-0.0012853764545576185,-0.0012853764545576185,9
2018-05-03,1,-0.0025739797218805593,-0.0025739797218805593,9
2018-05-04,1,-0.0004301173712617512,-0.0004301173712617512,9
2018-05-07,1,-0.003442337542768681,-0.003442337542768681,9
2018-05-08,1,0.009930895671488082,0.009930895671488082,9
2018-05-09,1,0.005985519480561807,0.005985519480561807,9
2018-05-10,1,0.0021249143902033474,0.0021249143902033474,9
2018-05-11,1,-0.0033927024582229848,-0.0033927024582229848,9
2018-05-14,1,-0.004255335381690539,-0.004255335381690539,9
2018-05-15,1,-0.01153848128911339,-0.01153848128911339,10
2018-05-16,1,-0.0008646152676460295,-0.0008646152676460295,10
2018-05-17,1,-0.007788849001377995,-0.007788849001377995,10
2018-05-18,1,0.004361115575177488,0.004361115575177488,10
2018-05-21,-1,0.007815822512394766,-0.007815822512394766,10
2018-05-22,1,-0.01895728755126669,-0.01895728755126669,10
2018-05-23,1,-0.007905151583534886,-0.007905151583534886,10
2018-05-24,1,-0.012837579175231761,-0.012837579175231761,10
2018-05-25,1,-0.05291472817030862,-0.05291472817030862,10
2018-05-29,1,0.022727250149756628,0.022727250149756628,10
2018-05-30,1,-0.006018567862006163,-0.006018567862006163,10
2018-05-31,1,0.01630183477705205,0.01630183477705205,10
2018-06-01,1,0.0022915281901236817,0.0022915281901236817,10
2018-06-04,1,-0.01326021510740416,-0.01326021510740416,10
2018-06-05,1,0.016218738772340924,0.016218738772340924,10
2018-06-06,1,-0.003647967286492637,-0.003647967286492637,10
2018-06-07,1,-0.004119000046527099,-0.004119000046527099,10
2018-06-08,1,0.018841904554206756,0.018841904554206756,10
2018-06-11,1,-0.004510617100838665,-0.004510617100838665,10
2018-06-12,1,-0.002718598403807615,-0.002718598403807615,10
2018-06-13,1,-0.0063607173190634025,-0.0063607173190634025,10
2018-06-14,1,-0.01371747292624681,-0.01371747292624681,10
2018-06-15,1,-0.007417702812972271,-0.007417702812972271,10
2018-06-18,1,-0.04016817452035215,-0.04016817452035215,10
2018-06-19,1,0.0,0.0,10
2018-06-20,1,-0.011192192251839095,-0.011192192251839095,10
2018-06-21,1,0.012795287046587056,0.012795287046587056,10
2018-06-22,-1,-0.015063142229913007,0.015063142229913007,10
2018-06-25,1,-0.001480053575135365,-0.001480053575135365,10
2018-06-26,1,-0.018280579845299294,-0.018280579845299294,10
2018-06-27,1,0.008052332191963885,0.008052332191963885,10
2018-06-28,1,0.0099849649892505,0.0099849649892505,10
2018-06-29,1,-0.006920385210891666,-0.006920385210891666,10
2018-07-02,1,0.004479848277965104,0.004479848277965104,10
2018-07-03,1,0.01684837202409195,0.01684837202409195,10
2018-07-05,1,0.0034112910946713093,0.0034112910946713093,10
2018-07-06,1,0.010199081248975173,0.010199081248975173,10
2018-07-09,1,-0.007211520386164794,-0.007211520386164794,10
2018-07-10,-1,-0.01840189674510262,0.01840189674510262,10
2018-07-11,-1,0.004440066628287553,-0.004440066628287553,10
2018-07-12,-1,0.0009822470439844189,-0.0009822470439844189,10
2018-07-13,-1,0.005397478649720622,-0.005397478649720622,10
2018-07-16,-1,-0.0024401775314328855,0.0024401775314328855,10
2018-07-17,1,-0.0019569919022601745,-0.0019569919022601745,10
2018-07-18,-1,-0.004411772268178793,0.004411772268178793,10
2018-07-19,-1,0.006400840548185682,-0.006400840548185682,10
2018-07-20,-1,0.004892386441140317,-0.004892386441140317,10
2018-07-23,-1,0.012658145566909695,-0.012658145566909695,10
2018-07-24,-1,0.003846150319251729,-0.003846150319251729,10
2018-07-25,-1,-0.0071838900650974535,0.0071838900650974535,10
2018-07-26,1,0.002894422316255474,0.002894422316255474,10
2018-07-27,-1,0.010581977088331085,-0.010581977088331085,10
2018-07-30,1,0.005711515020347724,0.005711515020347724,10
2018-07-31,1,-0.006625622111163354,-0.006625622111163354,10
2018-08-01,-1,-0.016198197060284136,0.016198197060284136,10
2018-08-02,-1,0.001937090376091355,-0.001937090376091355,10
2018-08-03,-1,-0.007733196872022119,0.007733196872022119,10
2018-08-06,-1,0.007306362080535367,-0.007306362080535367,10
2018-08-07,-1,0.0019341879878358448,-0.0019341879878358448,10
2018-08-08,-1,-0.004826181343386526,0.004826181343386526,10
2018-08-09,-1,-0.029097980458279826,0.029097980458279826,10
2018-08-10,1,-0.007492488266757413,-0.007492488266757413,10
2018-08-13,1,-0.003019696565515151,-0.003019696565515151,10
2018-08-14,1,-0.015143828629390454,-0.015143828629390454,10
2018-08-15,1,0.008200914686574468,0.008200914686574468,10
2018-08-16,-1,0.0010168000857191384,-0.0010168000857191384,10
2018-08-17,1,0.004570855771802496,0.004570855771802496,10
2018-08-20,1,0.01516679608929894,0.01516679608929894,10
2018-08-21,1,0.00547811806621068,0.00547811806621068,10
2018-08-22,1,-0.011887061157493273,-0.011887061157493273,10
2018-08-23,1,0.008521306756526625,0.008521306756526625,10
2018-08-24,-1,0.014413468990181144,-0.014413468990181144,10
2018-08-27,1,-0.0053895448884832,-0.0053895448884832,10
2018-08-28,1,0.004926127351136067,0.004926127351136067,10
2018-08-29,-1,-0.01372543061434861,0.01372543061434861,10
2018-08-30,1,-0.009940395357710852,-0.009940395357710852,10
2018-08-31,-1,0.005522118972402623,-0.005522118972402623,10
2018-09-04,-1,0.005491697415480834,-0.005491697415480834,10
2018-09-05,-1,-0.006454774811632702,0.006454774811632702,10
2018-09-06,-1,-0.013993037653311169,0.013993037653311169,10
2018-09-07,-1,0.012671059594543843,-0.012671059594543843,10
2018-09-10,-1,-0.004004000277224251,0.004004000277224251,10
2018-09-11,-1,-0.0010050481480938789,0.0010050481480938789,10
2018-09-12,-1,0.013078482890228171,-0.013078482890228171,10
2018-09-13,-1,-0.000992976714056848,0.000992976714056848,10
2018-09-14,1,0.006461190623466839,0.006461190623466839,10
2018-09-17,-1,0.003456775053047867,-0.003456775053047867,10
2018-09-18,1,0.013287424302099948,0.013287424302099948,10
2018-09-19,1,0.02234089757473079,0.02234089757473079,10
2018-09-20,-1,-0.002850331026936437,0.002850331026936437,10
2018-09-21,1,-0.0047641916417419106,-0.0047641916417419106,10
2018-09-24,-1,0.007180542377288823,-0.007180542377288823,10
2018-09-25,-1,-0.004277573606067286,0.004277573606067286,10
2018-09-26,-1,-0.006205301354699988,0.006205301354699988,10
2018-09-27,-1,-0.0259365521658943,0.0259365521658943,10
2018-09-28,-1,-0.006903416777952143,0.006903416777952143,10
2018-10-01,-1,-0.010426965781368924,0.010426965781368924,10
2018-10-02,-1,0.005017580528774879,-0.005017580528774879,10
2018-10-03,-1,0.000998429841710946,-0.000998429841710946,10
2018-10-04,-1,-0.007481278016859605,0.007481278016859605,10
2018-10-05,1,-0.010552718014984808,-0.010552718014984808,10
2018-10-08,1,-0.0010157672534887308,-0.0010157672534887308,10
2018-10-09,1,-0.009659406879545696,-0.009659406879545696,10
2018-10-10,1,-0.01950714423492117,-0.01950714423492117,10
2018-10-11,1,0.0031413332326732935,0.0031413332326732935,10
2018-10-12,1,-0.0031314961597187496,-0.0031314961597187496,10
2018-10-15,1,0.010994716244947966,0.010994716244947966,10
2018-10-16,-1,-0.009321611090318926,0.009321611090318926,10
2018-10-17,1,-0.024568705382821188,-0.024568705382821188,10
2018-10-18,1,0.009110400733337798,0.009110400733337798,10
2018-10-19,1,-0.009028150662917622,-0.009028150662917622,10
2018-10-22,1,-0.006966728929777011,-0.006966728929777011,10
2018-10-23,1,-0.031840266094167013,-0.031840266094167013,10
2018-10-24,1,0.015050085974215532,0.015050085974215532,10
2018-10-25,1,-0.007138888923802877,-0.007138888923802877,10
2018-10-26,1,0.007743329106150831,0.007743329106150831,10
2018-10-29,1,0.007683935360768945,0.007683935360768945,10
2018-10-30,1,0.005991214561338998,0.005991214561338998,10
2018-10-31,-1,0.021115393150831663,-0.021115393150831663,10
2018-11-01,-1,0.00795331991919146,-0.00795331991919146,10
2018-11-02,-1,-0.007890563741413281,0.007890563741413281,11
2018-11-05,-1,0.004772012177904905,-0.004772012177904905,11
2018-11-06,-1,0.012137178521181902,-0.012137178521181902,11
2018-11-07,-1,-0.0088634032111079,0.0088634032111079,11
2018-11-08,-1,-0.0026302548031121864,0.0026302548031121864,11
2018-11-09,-1,-0.02373411800211256,0.02373411800211256,11
2018-11-12,-1,0.017287935757283934,-0.017287935757283934,11
2018-11-13,-1,-0.0021242171184692182,0.0021242171184692182,11
2018-11-14,-1,-0.005854209951669631,0.005854209951669631,11
2018-11-15,-1,-0.0037473069422179206,0.0037473069422179206,11
2018-11-16,-1,-0.0032241467664241297,0.0032241467664241297,11
2018-11-19,-1,-0.028571363940436467,0.028571363940436467,11
2018-11-20,-1,0.016093174295884527,-0.016093174295884527,11
2018-11-21,-1,-0.008738386241338714,0.008738386241338714,11
2018-11-23,-1,0.02865016356434391,-0.02865016356434391,11
2018-11-26,-1,-0.005356206805628316,0.005356206805628316,11
2018-11-27,1,0.01292405896942772,0.01292405896942772,11
2018-11-28,-1,-0.010632581673005403,0.010632581673005403,11
2018-11-29,-1,-0.009672235318233025,0.009672235318233025,11
2018-11-30,-1,0.014650051725058733,-0.014650051725058733,11
2018-12-03,-1,-0.030481367856546204,0.030481367856546204,11
2018-12-04,-1,-0.02040810529574899,0.02040810529574899,11
2018-12-06,1,-0.012950424508570424,-0.012950424508570424,11
2018-12-07,-1,-0.011979519885659151,0.011979519885659151,11
2018-12-10,-1,-0.006928344919118312,0.006928344919118312,11
2018-12-11,-1,0.02674413163188971,-0.02674413163188971,11
2018-12-12,-1,-0.0022649495200631753,0.0022649495200631753,11
2018-12-13,1,-0.012485880262460669,-0.012485880262460669,11
2018-12-14,-1,-0.012068913165320772,0.012068913165320772,11
2018-12-17,-1,-0.008725981027928875,0.008725981027928875,11
2018-12-18,-1,-0.009389773835924098,0.009389773835924098,11
2018-12-19,1,-0.005331649864559029,-0.005331649864559029,11
2018-12-20,1,-0.014294321940438004,-0.014294321940438004,11
2018-12-21,1,-0.01027190840669423,-0.01027190840669423,11
2018-12-24,1,0.021367545751042938,0.021367545751042938,11
2018-12-26,1,-0.00298859763470527,-0.00298859763470527,11
2018-12-27,1,0.0119903388448237,0.0119903388448237,11
2018-12-28,1,0.0041470145529125535,0.0041470145529125535,11
2018-12-31,1,-0.004719759298239756,-0.004719759298239756,11
2019-01-02,-1,-0.005927704593657324,0.005927704593657324,11
2019-01-03,-1,0.037567033009527684,-0.037567033009527684,11
2019-01-04,-1,0.0011494516208134797,-0.0011494516208134797,11
2019-01-07,-1,0.006314615951193758,-0.006314615951193758,11
2019-01-08,-1,0.0068453466733851,-0.0068453466733851,11
2019-01-09,-1,0.0067989145511035964,-0.0067989145511035964,11
2019-01-10,-1,-0.002813795336022884,0.002813795336022884,11
2019-01-11,-1,0.0022573880969170013,-0.0022573880969170013,11
2019-01-14,-1,-0.0016892278298915597,0.0016892278298915597,11
2019-01-15,-1,0.014664423891408651,-0.014664423891408651,11
2019-01-16,-1,-0.0022234023728520125,0.0022234023728520125,11
2019-01-17,-1,0.012813344426769957,-0.012813344426769957,11
2019-01-18,-1,-0.015401577664759025,0.015401577664759025,11
2019-01-22,-1,0.010614555201494236,-0.010614555201494236,11
2019-01-23,-1,-0.002211216981201747,0.002211216981201747,11
2019-01-24,-1,0.014404445422246948,-0.014404445422246948,11
2019-01-25,-1,-0.00709989975741987,0.00709989975741987,11
2019-01-28,-1,-0.00275033793013435,0.00275033793013435,11
2019-01-29,-1,0.008825248878499004,-0.008825248878499004,11
2019-01-30,-1,-0.014762189406696713,0.014762189406696713,11
2019-01-31,-1,-0.0016648549324860262,0.0016648549324860262,11
2019-02-01,-1,-0.0016676312966757978,0.0016676312966757978,11
2019-02-04,-1,0.007238367190543382,-0.007238367190543382,11
2019-02-05,-1,0.0016584127359011713,-0.0016584127359011713,11
2019-02-06,1,-0.017108242766733284,-0.017108242766733284,11
2019-02-07,1,-0.006176232807489801,-0.006176232807489801,11
2019-02-08,1,0.0005648768984314323,0.0005648768984314323,11
2019-02-11,-1,0.011857764126335102,-0.011857764126335102,11
2019-02-12,1,-0.00223219393733487,-0.00223219393733487,11
2019-02-13,1,-0.008389240803736264,-0.008389240803736264,11
2019-02-14,1,0.02538075434618392,0.02538075434618392,11
2019-02-15,1,0.0011001351720536512,0.0011001351720536512,11
2019-02-19,1,0.0054944214246803735,0.0054944214246803735,11
2019-02-20,1,-0.010928899668246395,-0.010928899668246395,11
2019-02-21,-1,0.004419885194475226,-0.004419885194475226,11
2019-02-22,-1,0.007700736375047201,-0.007700736375047201,11
2019-02-25,-1,0.009279480301627618,-0.009279480301627618,11
2019-02-26,-1,0.009194163244906628,-0.009194163244906628,11
2019-02-27,-1,0.006966831145674535,-0.006966831145674535,11
2019-02-28,-1,0.0037253694206249577,-0.0037253694206249577,11
2019-03-01,-1,-0.00742318623893512,0.00742318623893512,11
2019-03-04,-1,-0.003739300074347862,0.003739300074347862,11
2019-03-05,-1,-0.0005362053129427391,0.0005362053129427391,11
2019-03-06,-1,-0.02736052819642576,0.02736052819642576,11
2019-03-07,1,-0.002757817946773322,-0.002757817946773322,11
2019-03-08,-1,0.014380543693527814,-0.014380543693527814,11
2019-03-11,-1,-0.0016358062375083637,0.0016358062375083637,11
2019-03-12,1,0.01419990368462054,0.01419990368462054,11
2019-03-13,1,0.005923565544388332,0.005923565544388332,11
2019-03-14,1,0.013383297425896279,0.013383297425896279,11
2019-03-15,1,0.0073956358896707375,0.0073956358896707375,11
2019-03-18,-1,-0.0005243958595630982,0.0005243958595630982,11
2019-03-19,-1,-0.010493119684929164,0.010493119684929164,11
2019-03-20,-1,-0.009013789543603656,0.009013789543603656,11
2019-03-21,-1,-0.027287330888647876,0.027287330888647876,11
2019-03-22,1,0.002200165429443013,0.002200165429443013,11
2019-03-25,-1,-0.0027441953317692835,0.0027441953317692835,11
2019-03-26,-1,0.010456826266363572,-0.010456826266363572,11
2019-03-27,-1,-0.013616557281542097,0.013616557281542097,11
2019-03-28,-1,0.0027608633559055296,-0.0027608633559055296,11
2019-03-29,-1,0.02312775769950237,-0.02312775769950237,11
2019-04-01,1,0.0069967255812921625,0.0069967255812921625,11
2019-04-02,1,0.014430810848502063,0.014430810848502063,11
2019-04-03,1,0.0021075298467909676,0.0021075298467909676,11
2019-04-04,1,-0.001051548753013165,-0.001051548753013165,11
2019-04-05,-1,-0.0015789835076582825,0.0015789835076582825,11
2019-04-08,-1,-0.0010542198808073389,0.0010542198808073389,11
2019-04-09,-1,-0.000527716542439105,0.000527716542439105,11
2019-04-10,-1,0.01003160619596244,-0.01003160619596244,11
2019-04-11,-1,0.017250388822956486,-0.017250388822956486,11
2019-04-12,-1,0.004111091203417461,-0.004111091203417461,11
2019-04-15,-1,0.00870000823849626,-0.00870000823849626,11
2019-04-16,-1,0.010147172614381805,-0.010147172614381805,11
2019-04-17,-1,-0.007031611789119818,0.007031611789119818,11
2019-04-18,-1,-0.0005058284598020713,0.0005058284598020713,11
2019-04-22,-1,-0.006072916894909852,0.006072916894909852,11
2019-04-23,-1,-0.014765734072861525,0.014765734072861525,11
2019-04-24,-1,-0.0010336153679265658,0.0010336153679265658,11
2019-04-25,-1,0.002069369668143972,-0.002069369668143972,11
2019-04-26,-1,0.01187400786119075,-0.01187400786119075,11
2019-04-29,1,-0.0015306472480414168,-0.0015306472480414168,11
2019-04-30,1,-0.006642777863761662,-0.006642777863761662,12
2019-05-01,1,0.0,0.0,12
2019-05-02,1,0.010288006692203311,0.010288006692203311,12
2019-05-03,1,-0.013747380794591368,-0.013747380794591368,12
2019-05-06,1,-0.02323184013642321,-0.02323184013642321,12
2019-05-07,1,0.001057106642865735,0.001057106642865735,12
2019-05-08,1,-0.008975716552291235,-0.008975716552291235,12
2019-05-09,1,0.007458678009276909,0.007458678009276909,12
2019-05-10,1,-0.026441036701987386,-0.026441036701987386,12
2019-05-13,1,0.009777311606066208,0.009777311606066208,12
2019-05-14,1,0.002151641089316758,0.002151641089316758,12
2019-05-15,1,0.011808976415116135,0.011808976415116135,12
2019-05-16,1,-0.01167115205575242,-0.01167115205575242,12
2019-05-17,1,-0.006977947752159319,-0.006977947752159319,12
2019-05-20,1,0.007567534575591228,0.007567534575591228,12
2019-05-21,1,-0.012339031639886033,-0.012339031639886033,12
2019-05-22,1,-0.011949989960777563,-0.011949989960777563,12
2019-05-23,1,0.014293580057627375,0.014293580057627375,12
2019-05-24,1,-0.01355013494103352,-0.01355013494103352,12
2019-05-28,1,-0.00494506312170917,-0.00494506312170917,12
2019-05-29,1,0.006073920447029479,0.006073920447029479,12
2019-05-30,1,-0.013172326024307512,-0.013172326024307512,12
2019-05-31,1,0.0,0.0,12
2019-06-03,1,0.025584038016281063,0.025584038016281063,12
2019-06-04,1,-0.0048807022766439445,-0.0048807022766439445,12
2019-06-05,1,-0.0016349147695824406,-0.0016349147695824406,12
2019-06-06,1,0.008733616270600209,0.008733616270600209,12
2019-06-07,1,0.00487013824768745,0.00487013824768745,12
2019-06-10,1,0.0048465349524466905,0.0048465349524466905,12
2019-06-11,1,-0.010718154586008222,-0.010718154586008222,12
2019-06-12,1,-0.0005416209116506643,-0.0005416209116506643,12
2019-06-13,1,-0.009756113698236146,-0.009756113698236146,12
2019-06-14,1,-0.037766859155408894,-0.037766859155408894,12
2019-06-17,1,0.010238925253523767,0.010238925253523767,12
2019-06-18,1,0.012387348565273237,0.012387348565273237,12
2019-06-19,1,0.0016685588103066973,0.0016685588103066973,12
2019-06-20,1,-0.0016657793594803127,-0.0016657793594803127,12
2019-06-21,1,0.0005561862701022324,0.0005561862701022324,12
2019-06-24,1,-0.006114542065095652,-0.006114542065095652,12
2019-06-25,1,0.006152159704399418,0.006152159704399418,12
2019-06-26,1,0.0038910336695279213,0.0038910336695279213,12
2019-06-27,1,0.004983397300626358,0.004983397300626358,12
2019-06-28,1,0.003305755768783891,0.003305755768783891,12
2019-07-01,1,0.006040670833715733,0.006040670833715733,12
2019-07-02,1,0.009825344332655028,0.009825344332655028,12
2019-07-03,1,0.0016216587375950109,0.0016216587375950109,12
2019-07-05,1,-0.008095063158147231,-0.008095063158147231,12
2019-07-08,1,-0.0038084710566058666,-0.0038084710566058666,12
2019-07-09,1,0.001638486483918733,0.001638486483918733,12
2019-07-10,1,0.003816777221473444,0.003816777221473444,12
2019-07-11,1,0.0005431954896644164,0.0005431954896644164,12
2019-07-12,1,0.0,0.0,12
2019-07-15,1,-0.001085801177026724,-0.001085801177026724,12
2019-07-16,1,-0.007608662638636465,-0.007608662638636465,12
2019-07-17,1,0.0027381838134625802,0.0027381838134625802,12
2019-07-18,1,-0.010922930716782853,-0.010922930716782853,12
2019-07-19,1,-0.0011043874704366186,-0.0011043874704366186,12
2019-07-22,1,0.0071862443156478495,0.0071862443156478495,12
2019-07-23,1,-0.003293055334991468,-0.003293055334991468,12
2019-07-24,1,-0.011013257963653267,-0.011013257963653267,12
2019-07-25,1,-0.00278392202724409,-0.00278392202724409,12
2019-07-26,1,-0.002233333809016802,-0.002233333809016802,12
2019-07-29,1,-0.019585918580446005,-0.019585918580446005,12
2019-07-30,1,-0.00684936279098225,-0.00684936279098225,12
2019-07-31,1,-0.004022971055106961,-0.004022971055106961,12
2019-08-01,1,-0.011540724975184102,-0.011540724975184102,12
2019-08-02,1,-0.022767040791319193,-0.022767040791319193,12
2019-08-05,1,0.007168509012792201,0.007168509012792201,12
2019-08-06,1,-0.005338087148860082,-0.005338087148860082,12
2019-08-07,1,0.0071555711752655515,0.0071555711752655515,12
2019-08-08,1,-0.01065721205923198,-0.01065721205923198,12
2019-08-09,1,-0.014961101956750378,-0.014961101956750378,12
2019-08-12,1,0.010935620606782548,0.010935620606782548,12
2019-08-13,1,-0.033653815293452016,-0.033653815293452016,12
2019-08-14,1,0.000621904784159355,0.000621904784159355,12
2019-08-15,1,0.01864507359947387,0.01864507359947387,12
2019-08-16,1,0.0024405684574098085,0.0024405684574098085,12
2019-08-19,1,-0.006695107018160562,-0.006695107018160562,12
2019-08-20,1,0.006127474469343364,0.006127474469343364,12
2019-08-21,-1,0.006090157186667833,-0.006090157186667833,12
2019-08-22,1,-0.015738512208069988,-0.015738512208069988,12
2019-08-23,-1,0.007380008007110472,-0.007380008007110472,12
2019-08-26,-1,-0.0061049132627925,0.0061049132627925,12
2019-08-27,1,-0.003685587884540764,-0.003685587884540764,12
2019-08-28,1,0.010480892940234465,0.010480892940234465,12
2019-08-29,1,0.0012202842287050153,0.0012202842287050153,12
2019-08-30,1,-0.0067032669941742284,-0.0067032669941742284,12
2019-09-03,1,0.01963200105220131,0.01963200105220131,12
2019-09-04,1,0.018652193158173347,0.018652193158173347,12
2019-09-05,1,0.0023626111906496217,0.0023626111906496217,12
2019-09-06,1,0.01885690130352735,0.01885690130352735,12
2019-09-09,1,0.01619426052461459,0.01619426052461459,12
2019-09-10,1,0.004553211445394778,0.004553211445394778,12
2019-09-11,1,0.005099158897057476,0.005099158897057476,12
2019-09-12,-1,0.017474603717136494,-0.017474603717136494,12
2019-09-13,1,-0.0155123984006591,-0.0155123984006591,12
2019-09-16,1,-0.006753001471137887,-0.006753001471137887,12
2019-09-17,1,-0.0005665852180153363,-0.0005665852180153363,12
2019-09-18,1,0.009070286448309206,0.009070286448309206,12
2019-09-19,1,-0.0005617034809971555,-0.0005617034809971555,12
2019-09-20,1,-0.008431788541842233,-0.008431788541842233,12
2019-09-23,1,-0.011337803997214624,-0.011337803997214624,12
2019-09-24,1,-0.0011468152036242518,-0.0011468152036242518,12
2019-09-25,1,0.003444286204340008,0.003444286204340008,12
2019-09-26,1,0.002860477443855869,0.002860477443855869,12
2019-09-27,1,0.003993137026945259,0.003993137026945259,12
2019-09-30,1,-0.015340934767702818,-0.015340934767702818,12
2019-10-01,1,-0.025966576163909183,-0.025966576163909183,12
2019-10-02,1,0.005924193509567965,0.005924193509567965,12
2019-10-03,1,0.0035336498768310243,0.0035336498768310243,12
2019-10-04,1,-0.0011737357211903943,-0.0011737357211903943,12
2019-10-07,1,-0.014688601250064104,-0.014688601250064104,12
2019-10-08,1,0.007751887729163354,0.007751887729163354,12
2019-10-09,1,0.020710082211242264,0.020710082211242264,12
2019-10-10,1,0.04000003095986182,0.04000003095986182,12
2019-10-11,1,-0.008361182500831621,-0.008361182500831621,12
2019-10-14,1,0.023608664830294224,0.023608664830294224,12
2019-10-15,-1,0.003844129911711125,-0.003844129911711125,12
2019-10-16,1,0.005470375840529895,0.005470375840529895,12
2019-10-17,1,0.0048966352936512525,0.0048966352936512525,12
2019-10-18,-1,0.013535463416029625,-0.013535463416029625,13
2019-10-21,-1,-0.006944399868319628,0.006944399868319628,13
2019-10-22,-1,0.006455025868736142,-0.006455025868736142,13
2019-10-23,-1,0.0,-0.0,13
2019-10-24,-1,-0.0032068128743082402,0.0032068128743082402,13
2019-10-25,-1,0.0021448212517709564,-0.0021448212517709564,13
2019-10-28,-1,-0.003745301916747601,0.003745301916747601,13
2019-10-29,-1,-0.006444727917549242,0.006444727917549242,13
2019-10-30,-1,-0.005405426025390625,0.005405426025390625,13
2019-10-31,-1,0.009782625484106244,-0.009782625484106244,13
2019-11-01,-1,0.010764303754612792,-0.010764303754612792,13
2019-11-04,-1,0.0005324935312140955,-0.0005324935312140955,13
2019-11-05,1,0.0005321086240577255,0.0005321086240577255,13
2019-11-06,-1,0.006914950712283208,-0.006914950712283208,13
2019-11-07,1,-0.006339188446847999,-0.006339188446847999,13
2019-11-08,-1,0.0005316442937672861,-0.0005316442937672861,13
2019-11-11,-1,0.001062723596598758,-0.001062723596598758,13
2019-11-12,-1,-0.013800436665395766,0.013800436665395766,13
2019-11-13,-1,-0.0005382254533314867,0.0005382254533314867,13
2019-11-14,-1,0.0037695043605050493,-0.0037695043605050493,13
2019-11-15,-1,0.0005364929833306942,-0.0005364929833306942,13
2019-11-18,-1,0.0,-0.0,13
2019-11-19,-1,-0.008042875152728501,0.008042875152728501,13
2019-11-20,-1,-0.0010811058250633776,0.0010811058250633776,13
2019-11-21,-1,0.006493552067419417,-0.006493552067419417,13
2019-11-22,-1,0.006451555345359905,-0.006451555345359905,13
2019-11-25,1,-0.0032050997939716552,-0.0032050997939716552,13
2019-11-26,1,0.004287241391223828,0.004287241391223828,13
2019-11-27,-1,-0.009071508984538346,0.009071508984538346,13
2019-11-29,-1,-0.0070004934250395,0.0070004934250395,13
2019-12-02,-1,-0.007592261005551326,0.007592261005551326,13
2019-12-03,-1,0.01530058460759176,-0.01530058460759176,13
2019-12-04,-1,-0.0010764509066629735,0.0010764509066629735,13
2019-12-05,1,0.009159487132846866,0.009159487132846866,13
2019-12-06,1,-0.0026694734801139264,-0.0026694734801139264,13
2019-12-09,1,0.0005353441498106015,0.0005353441498106015,13
2019-12-10,-1,0.004280359626543495,-0.004280359626543495,13
2019-12-11,-1,0.021310581181409827,-0.021310581181409827,13
2019-12-12,-1,0.014084530865368095,-0.014084530865368095,13
2019-12-13,-1,0.005658369340588276,-0.005658369340588276,13
2019-12-16,-1,-0.004603588547322235,0.004603588547322235,13
2019-12-17,-1,-0.0020554475878997724,0.0020554475878997724,13
2019-12-18,-1,-0.002059779370246928,0.002059779370246928,13
2019-12-19,-1,-0.0015479246953532533,0.0015479246953532533,13
2019-12-20,-1,-0.0020672307358531317,0.0020672307358531317,13
2019-12-23,-1,0.0,-0.0,13
2019-12-24,-1,0.005178683802974815,-0.005178683802974815,13
2019-12-26,-1,0.0025759524705619707,-0.0025759524705619707,13
2019-12-27,-1,-0.00565255437708112,0.00565255437708112,13
2019-12-30,-1,0.007235110433512215,-0.007235110433512215,13
2019-12-31,-1,0.015905565396761245,-0.015905565396761245,13
2020-01-02,-1,-0.019191877545901126,0.019191877545901126,13
2020-01-03,-1,0.0005149448425616487,-0.0005149448425616487,13
2020-01-06,-1,-0.00514669994333905,0.00514669994333905,13
2020-01-07,-1,0.00620801033145546,-0.00620801033145546,13
2020-01-08,-1,0.003598955890921962,-0.003598955890921962,13
2020-01-09,1,-0.01229506995337748,-0.01229506995337748,13
2020-01-10,-1,0.0005186840521620439,-0.0005186840521620439,13
2020-01-13,-1,-0.0031104909509215295,0.0031104909509215295,13
2020-01-14,-1,-0.010400356752559792,0.010400356752559792,13
2020-01-15,-1,0.007882270789172141,-0.007882270789172141,13
2020-01-16,-1,0.0015640656318853807,-0.0015640656318853807,13
2020-01-17,1,-0.010411185066243833,-0.010411185066243833,13
2020-01-21,1,0.002104103508528077,0.002104103508528077,13
2020-01-22,-1,-0.0047244176478916655,0.0047244176478916655,13
2020-01-23,1,-0.005274181379206322,-0.005274181379206322,13
2020-01-24,-1,-0.022799591265112107,0.022799591265112107,13
2020-01-27,1,0.01682037226311528,0.01682037226311528,13
2020-01-28,-1,0.002134520598500389,-0.002134520598500389,13
2020-01-29,1,0.004792340218171098,0.004792340218171098,13
2020-01-30,-1,-0.01695821875680703,0.01695821875680703,13
2020-01-31,1,-0.0010780890155016598,-0.0010780890155016598,13
2020-02-03,-1,0.01672959818969666,-0.01672959818969666,13
2020-02-04,1,0.014331234372446877,0.014331234372446877,13
2020-02-05,1,0.010465664531820185,0.010465664531820185,13
2020-02-06,-1,-0.0015535359982679076,0.0015535359982679076,13
2020-02-07,-1,0.0031120053841047213,-0.0031120053841047213,13
2020-02-10,-1,0.008790076264358015,-0.008790076264358015,13
2020-02-11,-1,0.0071757759100989915,-0.0071757759100989915,13
2020-02-12,-1,-0.003562325505503172,0.003562325505503172,13
2020-02-13,-1,-0.0005107369213892543,0.0005107369213892543,13
2020-02-14,-1,-0.009708765305084133,0.009708765305084133,13
2020-02-18,-1,0.002064030818346163,-0.002064030818346163,13
2020-02-19,-1,-0.00926881073473873,0.00926881073473873,13
2020-02-20,-1,-0.005197525086244603,0.005197525086244603,13
2020-02-21,-1,-0.04284220067779643,0.04284220067779643,13
2020-02-24,-1,-0.030567656947101063,0.030567656947101063,13
2020-02-25,-1,0.003941424207325461,-0.003941424207325461,13
2020-02-26,-1,-0.040381341359245315,0.040381341359245315,13
2020-02-27,1,-0.00935124732346937,-0.00935124732346937,13
2020-02-28,1,0.008849534618207366,0.008849534618207366,13
2020-03-02,-1,-0.022222284189362895,0.022222284189362895,13
2020-03-03,1,0.02571772265758021,0.02571772265758021,13
2020-03-04,-1,-0.04198246818481244,0.04198246818481244,13
2020-03-05,1,-0.008520960867197003,-0.008520960867197003,13
2020-03-06,1,-0.1154082849880782,-0.1154082849880782,13
2020-03-09,1,0.05135321158598494,0.05135321158598494,13
2020-03-10,1,-0.05016496992369224,-0.05016496992369224,13
2020-03-11,1,-0.14593469988652008,-0.14593469988652008,13
2020-03-12,1,0.07648491320593731,0.07648491320593731,13
2020-03-13,1,-0.149659834523444,-0.149659834523444,13
2020-03-16,1,0.04444444444444451,0.04444444444444451,13
2020-03-17,1,-0.0740425434518368,-0.0740425434518368,13
2020-03-18,1,0.022977940934777896,0.022977940934777896,13
2020-03-19,1,-0.010781660765967538,-0.010781660765967538,13
2020-03-20,1,-0.005449629279689172,-0.005449629279689172,13
2020-03-23,1,0.11963474360138959,0.11963474360138959,13
2020-03-24,1,0.05301791243029652,0.05301791243029652,13
2020-03-25,1,0.04260264889508214,0.04260264889508214,13
2020-03-26,1,-0.04531943944639272,-0.04531943944639272,13
2020-03-27,1,-0.011673195933978087,-0.011673195933978087,13
2020-03-30,1,-0.013385832980085888,-0.013385832980085888,13
2020-03-31,1,-0.0630486814596043,-0.0630486814596043,13
2020-04-01,1,-0.001703535304877657,-0.001703535304877657,13
2020-04-02,1,-0.01621164929425256,-0.01621164929425256,13
2020-04-03,1,0.06678234827376262,0.06678234827376262,13
2020-04-06,1,0.021138229662604813,0.021138229662604813,13
2020-04-07,1,0.0023885136917938254,0.0023885136917938254,13
2020-04-08,1,0.021445552090311626,0.021445552090311626,13
2020-04-09,-1,-0.010108873865592893,0.010108873865592893,13
2020-04-13,-1,0.009426617717876118,-0.009426617717876118,14
2020-04-14,-1,-0.05603114752176053,0.05603114752176053,14
2020-04-15,-1,-0.007419633284318272,0.007419633284318272,14
2020-04-16,-1,0.03737539955904445,-0.03737539955904445,14
2020-04-17,1,-0.0256204724330088,-0.0256204724330088,14
2020-04-20,1,-0.023007373148386856,-0.023007373148386856,14
2020-04-21,1,0.012615610950298395,0.012615610950298395,14
2020-04-22,1,-0.0016610883847775204,-0.0016610883847775204,14
2020-04-23,1,0.0116472033541406,0.0116472033541406,14
2020-04-24,1,0.028782926468885917,0.028782926468885917,14
2020-04-27,1,0.026378890301231417,0.026378890301231417,14
2020-04-28,1,0.05607478648539521,0.05607478648539521,14
2020-04-29,1,-0.03539826556467118,-0.03539826556467118,14
2020-04-30,-1,-0.028287453189391742,0.028287453189391742,14
2020-05-01,-1,-0.004720725368734691,0.004720725368734691,14
2020-05-04,1,-0.0086956252959971,-0.0086956252959971,14
2020-05-05,1,-0.013556624945062934,-0.013556624945062934,14
2020-05-06,1,0.021827038016295708,0.021827038016295708,14
2020-05-07,1,0.018987323148685453,0.018987323148685453,14
2020-05-08,1,-0.015527935363983336,-0.015527935363983336,14
2020-05-11,-1,-0.01735017837018571,0.01735017837018571,14
2020-05-12,1,-0.028892428216299115,-0.028892428216299115,14
2020-05-13,1,0.0,0.0,14
2020-05-14,1,-0.007438028905000671,-0.007438028905000671,14
2020-05-15,1,0.05828474570564679,0.05828474570564679,14
2020-05-18,1,-0.016522426240495047,-0.016522426240495047,14
2020-05-19,1,0.019199981689453027,0.019199981689453027,14
2020-05-20,1,-0.013343805286350041,-0.013343805286350041,14
2020-05-21,1,-0.004773227318938478,-0.004773227318938478,14
2020-05-22,-1,0.05355715939533856,-0.05355715939533856,14
2020-05-26,1,0.03945367921464715,0.03945367921464715,14
2020-05-27,1,-0.005109466846625721,-0.005109466846625721,14
2020-05-28,1,-0.013206185155132277,-0.013206185155132277,14
2020-05-29,1,0.027509285561788888,0.027509285561788888,14
2020-06-01,1,0.02604924879169057,0.02604924879169057,14
2020-06-02,1,0.05641743440361857,0.05641743440361857,14
2020-06-03,-1,0.001335144083768558,-0.001335144083768558,14
2020-06-04,-1,0.037999979654947946,-0.037999979654947946,14
2020-06-05,-1,0.018625559893198362,-0.018625559893198362,14
2020-06-08,-1,-0.029003786135222698,0.029003786135222698,14
2020-06-09,-1,-0.01688307023687663,0.01688307023687663,14
2020-06-10,-1,-0.06935271908352025,0.06935271908352025,14
2020-06-11,1,0.02413059963845665,0.02413059963845665,14
2020-06-12,-1,-0.009009016749243592,0.009009016749243592,14
2020-06-15,1,0.011188800369091867,0.011188800369091867,14
2020-06-16,-1,-0.007607168491497673,0.007607168491497673,14
2020-06-17,1,-0.0069686675129888576,-0.0069686675129888576,14
2020-06-18,-1,-0.016140318753426586,0.016140318753426586,14
2020-06-19,1,0.014265321165120692,0.014265321165120692,14
2020-06-22,-1,0.015471118792071525,-0.015471118792071525,14
2020-06-23,-1,-0.031855959246140264,0.031855959246140264,14
2020-06-24,1,0.030042924896030332,0.030042924896030332,14
2020-06-25,-1,-0.02916667273751028,0.02916667273751028,14
2020-06-26,1,0.02002866207538645,0.02002866207538645,14
2020-06-29,-1,-0.0021038349343602825,0.0021038349343602825,14
2020-06-30,-1,0.0035137169601766605,-0.0035137169601766605,14
2020-07-01,-1,0.01890759543505216,-0.01890759543505216,14
2020-07-02,1,0.030927821537190647,0.030927821537190647,14
2020-07-06,1,-0.023333358764648482,-0.023333358764648482,14
2020-07-07,1,0.010238947174773916,0.010238947174773916,14
2020-07-08,-1,-0.02229729185494489,0.02229729185494489,14
2020-07-09,-1,0.022114698612229144,-0.022114698612229144,14
2020-07-10,-1,-0.006085203030427477,0.006085203030427477,14
2020-07-13,-1,0.021088464193129486,-0.021088464193129486,14
2020-07-14,-1,0.010659549964845638,-0.010659549964845638,14
2020-07-15,1,-0.003955202327945995,-0.003955202327945995,14
2020-07-16,1,-0.0013235939473047464,-0.0013235939473047464,14
2020-07-17,-1,0.005301519078668493,-0.005301519078668493,14
2020-07-20,-1,0.009887911521152537,-0.009887911521152537,14
2020-07-21,1,0.00326372008687148,0.00326372008687148,14
2020-07-22,1,-0.016265452300678773,-0.016265452300678773,14
2020-07-23,-1,-0.0039682186770177985,0.0039682186770177985,14
2020-07-24,-1,0.0,-0.0,14
2020-07-27,-1,-0.0026560398896752213,0.0026560398896752213,14
2020-07-28,-1,0.010652452898522125,-0.010652452898522125,14
2020-07-29,-1,-0.03491440553296954,0.03491440553296954,14
2020-07-30,1,-0.015699627865205512,-0.015699627865205512,14
2020-07-31,1,0.02011095425233589,0.02011095425233589,14
2020-08-03,-1,0.010197118840332031,-0.010197118840332031,14
2020-08-04,1,0.006056537999141076,0.006056537999141076,14
2020-08-05,1,-0.001337759487927248,-0.001337759487927248,14
2020-08-06,1,-0.0020094230430194315,-0.0020094230430194315,14
2020-08-07,1,0.006711435169794333,0.006711435169794333,14
2020-08-10,-1,0.01466668446858721,-0.01466668446858721,14
2020-08-11,1,0.01839682838756307,0.01839682838756307,14
2020-08-12,1,-0.011612922914566504,-0.011612922914566504,14
2020-08-13,-1,-0.0065273779234600315,0.0065273779234600315,14
2020-08-14,-1,-0.0026281183410804543,0.0026281183410804543,14
2020-08-17,-1,-0.001976329778812902,0.001976329778812902,14
2020-08-18,-1,-0.0006600181821317941,0.0006600181821317941,14
2020-08-19,-1,-0.00594452777721266,0.00594452777721266,14
2020-08-20,-1,-0.010631218962416256,0.010631218962416256,14
2020-08-21,-1,0.016118184391163526,-0.016118184391163526,14
2020-08-24,-1,0.005287503179177033,-0.005287503179177033,14
2020-08-25,1,0.00723206156484979,0.00723206156484979,14
2020-08-26,1,-0.010443854477762415,-0.010443854477762415,14
2020-08-27,-1,0.01715041104873216,-0.01715041104873216,14
2020-08-28,-1,-0.018158218650183522,0.018158218650183522,14
2020-08-31,-1,-0.007265561945649313,0.007265561945649313,14
2020-09-01,-1,0.0033266927227668663,-0.0033266927227668663,14
2020-09-02,-1,-0.01923076679842295,0.01923076679842295,14
2020-09-03,-1,0.012170406060854955,-0.012170406060854955,14
2020-09-04,-1,-0.023380118585608622,0.023380118585608622,14
2020-09-08,-1,0.02188780419487535,-0.02188780419487535,14
2020-09-09,-1,-0.010709494772824124,0.010709494772824124,14
2020-09-10,-1,0.0006766054846081282,-0.0006766054846081282,14
2020-09-11,-1,0.006085203030427477,-0.006085203030427477,14
2020-09-14,-1,-0.004704280529963523,0.004704280529963523,14
2020-09-15,1,-0.0006752348817350429,-0.0006752348817350429,14
2020-09-16,-1,-0.008108100271120633,0.008108100271120633,14
2020-09-17,1,-0.015667608387552434,-0.015667608387552434,14
2020-09-18,1,-0.047058779271779594,-0.047058779271779594,14
2020-09-21,1,-0.010167054369545792,-0.010167054369545792,14
2020-09-22,-1,-0.02274397777064252,0.02274397777064252,14
2020-09-23,-1,0.005255304061736243,-0.005255304061736243,14
2020-09-24,-1,-0.006721445129220682,0.006721445129220682,14
2020-09-25,-1,0.04285711929698288,-0.04285711929698288,14
2020-09-28,-1,-0.013698599996465832,0.013698599996465832,14
2020-09-29,1,0.004385925775139299,0.004385925775139299,14
2020-09-30,-1,0.0007278187080363985,-0.0007278187080363985,14
2020-10-01,-1,0.007999975031072415,-0.007999975031072415,15
2020-10-02,-1,0.021645035942719826,-0.021645035942719826,15
2020-10-05,-1,0.0007062308608474233,-0.0007062308608474233,15
2020-10-06,-1,0.00493999255097588,-0.00493999255097588,15
2020-10-07,-1,0.01123594452133525,-0.01123594452133525,15
2020-10-08,-1,0.0,-0.0,15
2020-10-09,-1,0.004861156274508227,-0.004861156274508227,15
2020-10-12,-1,-0.02971667569043346,0.02971667569043346,15
2020-10-13,-1,-0.004985733263134562,0.004985733263134562,15
2020-10-14,-1,-0.015032214325908289,0.015032214325908289,15
2020-10-15,1,0.010174374078467219,0.010174374078467219,15
2020-10-16,1,0.0007194409464950091,0.0007194409464950091,15
2020-10-19,1,0.015815979111584166,0.015815979111584166,15
2020-10-20,1,-0.00778483055812762,-0.00778483055812762,15
2020-10-21,-1,0.007845909635212145,-0.007845909635212145,15
2020-10-22,-1,0.012738874997730631,-0.012738874997730631,15
2020-10-23,1,-0.01816912797049386,-0.01816912797049386,15
2020-10-26,1,-0.023487538734958124,-0.023487538734958124,15
2020-10-27,1,-0.038629786904536556,-0.038629786904536556,15
2020-10-28,1,0.0007581674905212665,0.0007581674905212665,15
2020-10-29,-1,0.0037878932922232877,-0.0037878932922232877,15
2020-10-30,1,0.02037739303876762,0.02037739303876762,15
2020-11-02,1,0.043638992524942966,0.043638992524942966,15
2020-11-03,1,-0.003543532124530291,-0.003543532124530291,15
2020-11-04,1,0.02702696653098391,0.02702696653098391,15
2020-11-05,-1,0.0020776099388717384,-0.0020776099388717384,15
2020-11-06,-1,0.08845886035591755,-0.08845886035591755,15
2020-11-09,-1,0.02412693084232398,-0.02412693084232398,15
2020-11-10,-1,0.00061997702431138,-0.00061997702431138,15
2020-11-11,-1,-0.021065626503780188,0.021065626503780188,15
2020-11-12,-1,0.031645508879100115,-0.031645508879100115,15
2020-11-13,-1,0.01963200105220131,-0.01963200105220131,15
2020-11-16,-1,0.004211774445821659,-0.004211774445821659,15
2020-11-17,-1,0.0011982354568671472,-0.0011982354568671472,15
2020-11-18,-1,0.0023938311022717595,-0.0023938311022717595,15
2020-11-19,-1,-0.0035820576682019656,0.0035820576682019656,15
2020-11-20,-1,0.011383979666224286,-0.011383979666224286,15
2020-11-23,-1,0.035545048062815,-0.035545048062815,15
2020-11-24,-1,-0.008581214099453227,0.008581214099453227,15
2020-11-25,-1,-0.0023080789587307526,0.0023080789587307526,15
2020-11-27,-1,-0.02313484700395152,0.02313484700395152,15
2020-11-30,-1,0.037892322091456876,-0.037892322091456876,15
2020-12-01,-1,0.009697665124648536,-0.009697665124648536,15
2020-12-02,-1,0.0016948462149044552,-0.0016948462149044552,15
2020-12-03,-1,0.008460215589568776,-0.008460215589568776,15
2020-12-04,-1,-0.017337778551052896,0.017337778551052896,15
2020-12-07,-1,-0.0005691650003147863,0.0005691650003147863,15
2020-12-08,-1,-0.0005694891335976671,0.0005694891335976671,15
2020-12-09,-1,-0.00512821404560726,0.00512821404560726,15
2020-12-10,-1,-0.01660933696363187,0.01660933696363187,15
2020-12-11,-1,0.0,-0.0,15
2020-12-14,-1,0.025626123011211366,-0.025626123011211366,15
2020-12-15,-1,-0.0017036164455254132,0.0017036164455254132,15
2020-12-16,-1,0.005119462626761884,-0.005119462626761884,15
2020-12-17,-1,-0.010186774442478286,0.010186774442478286,15
2020-12-18,-1,-0.022298421655354006,0.022298421655354006,15
2020-12-21,1,-0.002339234773976351,-0.002339234773976351,15
2020-12-22,-1,0.02696371666010955,-0.02696371666010955,15
2020-12-23,1,0.0028538376572011526,0.0028538376572011526,15
2020-12-24,1,0.005122376445709564,0.005122376445709564,15
2020-12-28,1,-0.003963742663025904,-0.003963742663025904,15
2020-12-29,-1,0.001137035678804743,-0.001137035678804743,15
2020-12-30,-1,-0.003974996729021796,0.003974996729021796,15
2020-12-31,-1,-0.0051311372799426325,0.0051311372799426325,15
2021-01-04,-1,0.008595966302124447,-0.008595966302124447,15
2021-01-05,-1,0.044886306309996904,-0.044886306309996904,15
2021-01-06,-1,0.001087572508291057,-0.001087572508291057,15
2021-01-07,-1,-0.004888655803033104,0.004888655803033104,15
2021-01-08,-1,-0.013100424405900424,0.013100424405900424,15
2021-01-11,-1,0.009402659126731772,-0.009402659126731772,15
2021-01-12,-1,-0.00986303042059078,0.00986303042059078,15
2021-01-13,-1,0.008854446602892807,-0.008854446602892807,15
2021-01-14,-1,-0.02084471586991521,0.02084471586991521,15
2021-01-15,-1,0.0033613145467867867,-0.0033613145467867867,15
2021-01-19,-1,0.002791693885344726,-0.002791693885344726,15
2021-01-20,-1,0.0038976395178869083,-0.0038976395178869083,15
2021-01-21,-1,-0.01442042257238585,0.01442042257238585,15
2021-01-22,-1,-0.02138441521250567,0.02138441521250567,15
2021-01-25,1,0.010350794220437276,0.010350794220437276,15
2021-01-26,-1,-0.03016498511681831,0.03016498511681831,15
2021-01-27,1,0.017605588083459578,0.017605588083459578,15
2021-01-28,-1,-0.029988492110022524,0.029988492110022524,15
2021-01-29,1,0.01367417041672736,0.01367417041672736,15
2021-02-01,-1,0.023460501101340014,-0.023460501101340014,15
2021-02-02,1,0.0005729696903187254,0.0005729696903187254,15
2021-02-03,1,0.01546394455448663,0.01546394455448663,15
2021-02-04,1,0.006204208301840097,0.006204208301840097,15
2021-02-05,1,0.006165953442304417,0.006165953442304417,15
2021-02-08,1,0.011141997052376063,0.011141997052376063,15
2021-02-09,-1,-0.0022038021498289595,0.0022038021498289595,15
2021-02-10,-1,0.001656475885468911,-0.001656475885468911,15
2021-02-11,-1,0.006615261481313972,-0.006615261481313972,15
2021-02-12,-1,0.029025228915780854,-0.029025228915780854,15
2021-02-16,-1,-0.00904736923953331,0.00904736923953331,15
2021-02-17,-1,-0.008055935505805412,0.008055935505805412,15
2021-02-18,-1,0.008662688324867718,-0.008662688324867718,15
2021-02-19,-1,0.009661852564913032,-0.009661852564913032,15
2021-02-22,-1,0.005847985830660596,-0.005847985830660596,15
2021-02-23,-1,0.014270637244974127,-0.014270637244974127,15
2021-02-24,-1,-0.013027618188770296,0.013027618188770296,15
2021-02-25,-1,-0.011615692423425306,0.011615692423425306,15
2021-02-26,-1,0.016025702746429227,-0.016025702746429227,15
2021-03-01,-1,0.0068348663321686765,-0.0068348663321686765,15
2021-03-02,-1,0.007832878408265298,-0.007832878408265298,15
2021-03-03,-1,-0.013989562750685414,0.013989562750685414,15
2021-03-04,-1,0.011035159059138877,-0.011035159059138877,15
2021-03-05,-1,0.007796238062094174,-0.007796238062094174,15
2021-03-08,-1,0.0010314831559175008,-0.0010314831559175008,15
2021-03-09,-1,0.005152003207411715,-0.005152003207411715,15
2021-03-10,-1,-0.004613026731524972,0.004613026731524972,15
2021-03-11,-1,0.008753865892177082,-0.008753865892177082,15
2021-03-12,-1,-0.008167424510763577,0.008167424510763577,15
2021-03-15,-1,-0.0010293596216951473,0.0010293596216951473,15
2021-03-16,-1,0.0072127455306034705,-0.0072127455306034705,15
2021-03-17,-1,0.0005115206788794957,-0.0005115206788794957,15
2021-03-18,-1,-0.004089975761264686,0.004089975761264686,15
2021-03-19,-1,-0.00872690350558547,0.00872690350558547,15
2021-03-22,-1,-0.014500196118115705,0.014500196118115705,15
2021-03-23,-1,0.0026273901868871796,-0.0026273901868871796,15
2021-03-24,-1,0.007861615258389243,-0.007861615258389243,15
2021-03-25,-1,0.00936039050757298,-0.00936039050757298,16
2021-03-26,-1,-0.009788796267453326,0.009788796267453326,16
2021-03-29,-1,0.010405867330103735,-0.010405867330103735,16
2021-03-30,-1,-0.007723976207053562,0.007723976207053562,16
2021-03-31,-1,0.011416674007698635,-0.011416674007698635,16
2021-04-01,-1,0.019497233072231834,-0.019497233072231834,16
2021-04-05,1,-0.01056874599655988,-0.01056874599655988,16
2021-04-06,-1,0.006103806722521199,-0.006103806722521199,16
2021-04-07,-1,-0.0015167181801850615,0.0015167181801850615,16
2021-04-08,-1,-0.0005063407028778055,0.0005063407028778055,16
2021-04-09,-1,0.0025329860683349636,-0.0025329860683349636,16
2021-04-12,-1,-0.0025265862605367007,0.0025265862605367007,16
2021-04-13,-1,0.0015197916410010226,-0.0015197916410010226,16
2021-04-14,-1,-0.0010116569196040315,0.0010116569196040315,16
2021-04-15,-1,0.011645546442345722,-0.011645546442345722,16
2021-04-16,-1,0.005005024212254572,-0.005005024212254572,16
2021-04-19,1,-0.02788841972460654,-0.02788841972460654,16
2021-04-20,-1,0.0025614362647548017,-0.0025614362647548017,16
2021-04-21,-1,-0.012774655283521508,0.012774655283521508,16
2021-04-22,1,0.012422348597782795,0.012422348597782795,16
2021-04-23,-1,0.01073624731876599,-0.01073624731876599,16
2021-04-26,1,0.008093062403004447,0.008093062403004447,16
2021-04-27,1,0.0115403682245101,0.0115403682245101,16
2021-04-28,1,0.008432543530786152,0.008432543530786152,16
2021-04-29,1,-0.01377278345776134,-0.01377278345776134,16
2021-04-30,-1,0.00947633622381483,-0.00947633622381483,16
2021-05-03,-1,-0.018774662305522716,0.018774662305522716,16
2021-05-04,-1,0.015609237483145133,-0.015609237483145133,16
2021-05-05,-1,0.012394645466254905,-0.012394645466254905,16
2021-05-06,1,0.012732626244388534,0.012732626244388534,16
2021-05-07,-1,-0.0009671401096965626,0.0009671401096965626,16
2021-05-10,-1,-0.011132601352131122,0.011132601352131122,16
2021-05-11,-1,-0.01174741887093178,0.01174741887093178,16
2021-05-12,-1,0.01238236718113428,-0.01238236718113428,16
2021-05-13,-1,0.022994094964497114,-0.022994094964497114,16
2021-05-14,1,-0.0047824190434943015,-0.0047824190434943015,16
2021-05-17,-1,0.0024027460688316182,-0.0024027460688316182,16
2021-05-18,-1,-0.011984659285002142,0.011984659285002142,16
2021-05-19,-1,0.007278001653960864,-0.007278001653960864,16
2021-05-20,-1,0.0052986805943540105,-0.0052986805943540105,16
2021-05-21,1,0.004791493536172142,0.004791493536172142,16
2021-05-24,-1,-0.005245527258214033,0.005245527258214033,16
2021-05-25,-1,-0.005273279344823023,0.005273279344823023,16
2021-05-26,-1,0.013975947736257543,-0.013975947736257543,16
2021-05-27,-1,0.0038022775772321715,-0.0038022775772321715,16
2021-05-28,1,0.005681767382406999,0.005681767382406999,16
2021-06-01,1,0.0014124617216946245,0.0014124617216946245,16
2021-06-02,-1,-0.004701475285263879,0.004701475285263879,16
2021-06-03,-1,0.0014171320990736813,-0.0014171320990736813,16
2021-06-04,-1,0.0028301633859970643,-0.0028301633859970643,16
2021-06-07,1,-0.003762931460243979,-0.003762931460243979,16
2021-06-08,-1,-0.012747896783443013,0.012747896783443013,16
2021-06-09,-1,-0.016738421043701934,0.016738421043701934,16
2021-06-10,-1,0.0009727849359530971,-0.0009727849359530971,16
2021-06-11,-1,-0.0004859197725417541,0.0004859197725417541,16
2021-06-14,1,0.00680599862544784,0.00680599862544784,16
2021-06-15,-1,-0.01158859399941281,0.01158859399941281,16
2021-06-16,1,-0.012701526018724096,-0.012701526018724096,16
2021-06-17,1,-0.027214213853335223,-0.027214213853335223,16
2021-06-18,1,0.01424215100807169,0.01424215100807169,16
2021-06-21,-1,-0.0035105161960582443,0.0035105161960582443,16
2021-06-22,1,-0.004529448856901097,-0.004529448856901097,16
2021-06-23,1,0.013650077909113989,0.013650077909113989,16
2021-06-24,-1,0.00548631493951568,-0.00548631493951568,16
2021-06-25,1,-0.01438487154631285,-0.01438487154631285,16
2021-06-28,1,-0.004529448856901097,-0.004529448856901097,16
2021-06-29,1,-0.0116279798584763,-0.0116279798584763,16
2021-06-30,1,0.009718697773523965,0.009718697773523965,16
2021-07-01,-1,-0.004052681085797372,0.004052681085797372,16
2021-07-02,1,-0.008138344285550492,-0.008138344285550492,16
2021-07-06,1,-0.0025640634390023953,-0.0025640634390023953,16
2021-07-07,1,-0.020565630343885588,-0.020565630343885588,16
2021-07-08,1,0.028871452306370005,0.028871452306370005,16
2021-07-09,-1,0.004081628681073202,-0.004081628681073202,16
2021-07-12,1,-0.013719535242723624,-0.013719535242723624,16
2021-07-13,1,0.0041215829126717285,0.0041215829126717285,16
2021-07-14,-1,-0.009748616536115917,0.009748616536115917,16
2021-07-15,1,-0.00932634222500428,-0.00932634222500428,16
2021-07-16,-1,-0.03556486795651448,0.03556486795651448,16
2021-07-19,1,0.013557483338368925,0.013557483338368925,16
2021-07-20,-1,0.029427459676008016,-0.029427459676008016,16
2021-07-21,1,-0.0005197624220789621,-0.0005197624220789621,16
2021-07-22,1,0.007280358831500466,0.007280358831500466,16
2021-07-23,1,0.01600410183330947,0.01600410183330947,16
2021-07-26,1,-0.004573178414241208,-0.004573178414241208,16
2021-07-27,-1,0.0005104762023453446,-0.0005104762023453446,16
2021-07-28,-1,0.012755101792567114,-0.012755101792567114,16
2021-07-29,1,-0.008564235416974708,-0.008564235416974708,16
2021-07-30,-1,-0.0015244251107870976,0.0015244251107870976,16
2021-08-02,-1,0.008651403541689362,-0.008651403541689362,16
2021-08-03,-1,0.002018209694412354,-0.002018209694412354,16
2021-08-04,-1,0.007049314468573931,-0.007049314468573931,16
2021-08-05,1,0.00950002670288086,0.00950002670288086,16
2021-08-06,1,0.0009905175773177177,0.0009905175773177177,16
2021-08-09,1,0.001979263599179326,0.001979263599179326,16
2021-08-10,1,0.012839517475646156,0.012839517475646156,16
2021-08-11,1,-0.0009751563891017279,-0.0009751563891017279,16
2021-08-12,1,0.006344610520614857,0.006344610520614857,16
2021-08-13,1,-0.008729403387476964,-0.008729403387476964,16
2021-08-16,-1,-0.018101801837866582,0.018101801837866582,16
2021-08-17,-1,0.0,-0.0,16
2021-08-18,-1,-0.013452937811120225,0.013452937811120225,16
2021-08-19,-1,0.005555586595461515,-0.005555586595461515,16
2021-08-20,-1,0.010547513482205506,-0.010547513482205506,16
2021-08-23,-1,0.0019880221923607166,-0.0019880221923607166,16
2021-08-24,1,0.006448465729126607,0.006448465729126607,16
2021-08-25,1,-0.00985710960645636,-0.00985710960645636,16
2021-08-26,1,0.00995523949330046,0.00995523949330046,16
2021-08-27,-1,-0.00837851496417874,0.00837851496417874,16
2021-08-30,1,-0.0009940584954982734,-0.0009940584954982734,16
2021-08-31,-1,0.00995019163159827,-0.00995019163159827,16
2021-09-01,1,0.0,0.0,16
2021-09-02,1,0.0,0.0,16
2021-09-03,-1,-0.004433505220216127,0.004433505220216127,16
2021-09-07,-1,-0.010390850766242687,0.010390850766242687,16
2021-09-08,-1,-0.0010000228881835715,0.0010000228881835715,16
2021-09-09,-1,-0.0070069766194182925,0.0070069766194182925,16
2021-09-10,-1,0.013608893935842747,-0.013608893935842747,16
2021-09-13,-1,-0.009945338481815003,0.009945338481815003,16
2021-09-14,-1,0.007031611789119818,-0.007031611789119818,16
2021-09-15,-1,0.0004987645517389172,-0.0004987645517389172,17
2021-09-16,1,-0.012961128404976319,-0.012961128404976319,17
2021-09-17,1,-0.041919189681205005,-0.041919189681205005,17
2021-09-20,1,0.004217181159818839,0.004217181159818839,17
2021-09-21,1,0.01994756342960713,0.01994756342960713,17
2021-09-22,1,0.02007202179737222,0.02007202179737222,17
2021-09-23,1,-0.0020181134608774354,-0.0020181134608774354,17
2021-09-24,1,0.014661223362570697,0.014661223362570697,17
2021-09-27,1,-0.022421467983722465,-0.022421467983722465,17
2021-09-28,1,0.0030580766246657287,0.0030580766246657287,17
2021-09-29,1,-0.0030487533034541103,-0.0030487533034541103,17
2021-09-30,1,0.009683925513858771,0.009683925513858771,17
2021-10-01,1,-0.006057492938910447,-0.006057492938910447,17
2021-10-04,1,0.019299093471801587,0.019299093471801587,17
2021-10-05,1,0.00498258011909769,0.00498258011909769,17
2021-10-06,1,0.0014873914988611237,0.0014873914988611237,17
2021-10-07,1,0.0049504193239715555,0.0049504193239715555,17
2021-10-08,1,0.0009852442618401014,0.0009852442618401014,17
2021-10-11,1,0.0009842745110260065,0.0009842745110260065,17
2021-10-12,1,0.0,0.0,17
2021-10-13,1,0.008357919125792979,0.008357919125792979,17
2021-10-14,1,0.01218917587567625,0.01218917587567625,17
2021-10-15,1,-0.0028901476532215975,-0.0028901476532215975,17
2021-10-18,1,0.008212563769480985,0.008212563769480985,17
2021-10-19,1,0.0033540820320729914,0.0033540820320729914,17
2021-10-20,1,-0.0033428697726329837,-0.0033428697726329837,17
2021-10-21,-1,0.005270661168165436,-0.005270661168165436,17
2021-10-22,-1,-0.0009533106863709451,0.0009533106863709451,17
2021-10-25,-1,0.004771010774700324,-0.004771010774700324,17
2021-10-26,-1,-0.006172799813068952,0.006172799813068952,17
2021-10-27,1,0.009555606912311498,0.009555606912311498,17
2021-10-28,-1,-0.0037860826731406227,0.0037860826731406227,17
2021-10-29,-1,0.01330169580968632,-0.01330169580968632,17
2021-11-01,1,-0.004219416451467728,-0.004219416451467728,17
2021-11-02,1,0.01082860380013173,0.01082860380013173,17
2021-11-03,-1,-0.02049364884866589,0.02049364884866589,17
2021-11-04,1,0.007132649245490841,0.007132649245490841,17
2021-11-05,1,-0.0009443086626766961,-0.0009443086626766961,17
2021-11-08,1,-0.006616228291965731,-0.006616228291965731,17
2021-11-09,1,-0.007611790862402823,-0.007611790862402823,17
2021-11-10,1,0.0033556899700895038,0.0033556899700895038,17
2021-11-11,1,0.0004777940150990645,0.0004777940150990645,17
2021-11-12,1,-0.0009551316740007421,-0.0009551316740007421,17
2021-11-15,1,-0.004302110528664693,-0.004302110528664693,17
2021-11-16,1,-0.0014402634064037967,-0.0014402634064037967,17
2021-11-17,1,-0.002884589814574512,-0.002884589814574512,17
2021-11-18,1,-0.024108004123330917,-0.024108004123330917,17
2021-11-19,1,0.0,0.0,17
2021-11-22,1,0.0014822473806703762,0.0014822473806703762,17
2021-11-23,1,-0.003946715436575765,-0.003946715436575765,17
2021-11-24,1,-0.041109455262567485,-0.041109455262567485,17
2021-11-26,1,0.0041322273338813,0.0041322273338813,17
2021-11-29,1,-0.008744859651424242,-0.008744859651424242,17
2021-11-30,1,0.0010379064498471369,0.0010379064498471369,17
2021-12-01,1,0.020217696793083606,0.020217696793083606,17
2021-12-02,1,-0.014735818649915133,-0.014735818649915133,17
2021-12-03,1,0.0180505617579636,0.0180505617579636,17
2021-12-06,1,0.014184432112060108,0.014184432112060108,17
2021-12-07,1,0.001997952410795145,0.001997952410795145,17
2021-12-08,1,-0.011465580675952602,-0.011465580675952602,17
2021-12-09,1,0.0025213937091737026,0.0025213937091737026,17
2021-12-10,1,-0.03621727081233583,-0.03621727081233583,17
2021-12-13,1,0.0026095635416876206,0.0026095635416876206,17
2021-12-14,-1,0.006246790471239327,-0.006246790471239327,17
2021-12-15,1,0.00620801033145546,0.00620801033145546,17
2021-12-16,1,-0.013367620497848343,-0.013367620497848343,17
2021-12-17,1,-0.005732183808767388,-0.005732183808767388,17
2021-12-20,1,0.01781971456747522,0.01781971456747522,17
2021-12-21,-1,0.01029870041986225,-0.01029870041986225,17
2021-12-22,1,0.010193621153720356,0.010193621153720356,17
2021-12-23,1,0.012108969465869146,0.012108969465869146,17
2021-12-27,1,-0.0009969367371615023,-0.0009969367371615023,17
2021-12-28,1,0.0034929985841458677,0.0034929985841458677,17
2021-12-29,1,-0.005469945649575925,-0.005469945649575925,17
2021-12-30,1,0.002499961853027255,0.002499961853027255,17
2021-12-31,1,0.009975100775553747,0.009975100775553747,17
2022-01-03,1,0.023209842634789757,0.023209842634789757,17
2022-01-04,1,-0.00772200061362871,-0.00772200061362871,17
2022-01-05,1,0.010214056287752182,0.010214056287752182,17
2022-01-06,1,0.012518065630790609,0.012518065630790609,17
2022-01-07,1,-0.0004755220425735063,-0.0004755220425735063,17
2022-01-10,1,0.00903894493678803,0.00903894493678803,17
2022-01-11,1,0.012258380014366743,0.012258380014366743,17
2022-01-12,1,0.004191902909466361,0.004191902909466361,17
2022-01-13,1,0.0,0.0,17
2022-01-14,1,-0.015306119289443587,-0.015306119289443587,17
2022-01-18,1,-0.008478582621618824,-0.008478582621618824,17
2022-01-19,1,-0.01092634444524787,-0.01092634444524787,17
2022-01-20,1,-0.010086411505801363,-0.010086411505801363,17
2022-01-21,1,-0.017952490454928083,-0.017952490454928083,17
2022-01-24,1,0.00741104843016438,0.00741104843016438,17
2022-01-25,1,0.005885279196934157,0.005885279196934157,17
2022-01-26,1,0.0009751563891016168,0.0009751563891016168,17
2022-01-27,1,0.0,0.0,17
2022-01-28,1,0.012177301102703986,0.012177301102703986,17
2022-01-31,1,0.01876801620603774,0.01876801620603774,17
2022-02-01,1,0.006140725569111938,0.006140725569111938,17
2022-02-02,1,-0.004694764211404467,-0.004694764211404467,17
2022-02-03,1,-0.0014151266776345484,-0.0014151266776345484,17
2022-02-04,1,0.0089749897672593,0.0089749897672593,17
2022-02-07,-1,0.01591760968504463,-0.01591760968504463,17
2022-02-08,1,0.0064515845495976,0.0064515845495976,17
2022-02-09,1,-0.010531114497683514,-0.010531114497683514,17
2022-02-10,1,-0.030078737043975123,-0.030078737043975123,17
2022-02-11,1,-0.009541930549938904,-0.009541930549938904,17
2022-02-14,1,0.022639658389821182,0.022639658389821182,17
2022-02-15,-1,-0.0004710423503279104,0.0004710423503279104,17
2022-02-16,1,-0.024976380605409743,-0.024976380605409743,17
2022-02-17,1,-0.004833271091758351,-0.004833271091758351,17
2022-02-18,1,-0.01942688759426736,-0.01942688759426736,17
2022-02-22,1,-0.011887061157493273,-0.011887061157493273,17
2022-02-23,1,-0.04110283562976824,-0.04110283562976824,17
2022-02-24,1,0.02404605394676107,0.02404605394676107,17
2022-02-25,1,-0.045431311011545183,-0.045431311011545183,17
2022-02-28,1,-0.054545476799399806,-0.054545476799399806,17
2022-03-01,1,0.024321283809587868,0.024321283809587868,17
2022-03-02,1,-0.022087328127988415,-0.022087328127988415,17
2022-03-03,1,-0.06549971244375419,-0.06549971244375419,17
2022-03-04,1,-0.04169181946777245,-0.04169181946777245,17
2022-03-07,1,0.04728883795142824,0.04728883795142824,17
2022-03-08,-1,0.06321488250916585,-0.06321488250916585,18
2022-03-09,1,-0.01812002817605407,-0.01812002817605407,18
2022-03-10,1,-0.00807378249229962,-0.00807378249229962,18
2022-03-11,-1,0.035465039299142465,-0.035465039299142465,18
2022-03-14,1,0.008422213533308298,0.008422213533308298,18
2022-03-15,1,0.049554640443524534,0.049554640443524534,18
2022-03-16,1,-0.001061032220632363,-0.001061032220632363,18
2022-03-17,1,0.002655296721355782,0.002655296721355782,18
2022-03-18,-1,-0.006885549075486441,0.006885549075486441,18
2022-03-21,1,0.023466695149739536,0.023466695149739536,18
2022-03-22,1,-0.023970869151613505,-0.023970869151613505,18
2022-03-23,1,0.001601745188399839,0.001601745188399839,18
2022-03-24,-1,0.0026652045016273274,-0.0026652045016273274,18
2022-03-25,-1,-0.0005316442937673971,0.0005316442937673971,18
2022-03-28,-1,0.034574550651978564,-0.034574550651978564,18
2022-03-29,1,-0.009254514041909911,-0.009254514041909911,18
2022-03-30,1,-0.01868192017642234,-0.01868192017642234,18
2022-03-31,-1,0.012162852675422053,-0.012162852675422053,18
2022-04-01,-1,-0.005747058856356069,0.005747058856356069,18
2022-04-04,1,-0.016290139889935107,-0.016290139889935107,18
2022-04-05,-1,-0.01388890162492451,0.01388890162492451,18
2022-04-06,-1,0.003792069644885876,-0.003792069644885876,18
2022-04-07,-1,0.005936249267503024,-0.005936249267503024,18
2022-04-08,1,-0.005901218165490718,-0.005901218165490718,18
2022-04-11,1,-0.010793348922193635,-0.010793348922193635,18
2022-04-12,-1,0.010911116408723665,-0.010911116408723665,18
2022-04-13,-1,0.0,-0.0,18
2022-04-14,1,-0.0026983886970504134,-0.0026983886970504134,18
2022-04-18,-1,0.0037878623678659906,-0.0037878623678659906,18
2022-04-19,-1,0.011859904568814805,-0.011859904568814805,18
2022-04-20,1,-0.008524232472563953,-0.008524232472563953,18
2022-04-21,1,-0.018269755047658043,-0.018269755047658043,18
2022-04-22,1,-0.01423099191939814,-0.01423099191939814,18
2022-04-25,1,-0.03831207802824421,-0.03831207802824421,18
2022-04-26,1,-0.0034641724595591006,-0.0034641724595591006,18
2022-04-27,1,0.01680179631130274,0.01680179631130274,18
2022-04-28,-1,-0.017093974364798536,0.017093974364798536,18
2022-04-29,1,0.0011594468268796287,0.0011594468268796287,18
2022-05-02,-1,0.016792067196983895,-0.016792067196983895,18
2022-05-03,1,0.00968109803326933,0.00968109803326933,18
2022-05-04,1,-0.03722503465608451,-0.03722503465608451,18
2022-05-05,1,-0.01698881156199672,-0.01698881156199672,18
2022-05-06,1,-0.028009606762243955,-0.028009606762243955,18
2022-05-09,1,0.015941154959860926,0.015941154959860926,18
2022-05-10,-1,-0.001207028251781983,0.001207028251781983,18
2022-05-11,1,-0.0024168586116390944,-0.0024168586116390944,18
2022-05-12,1,0.0272561386645902,0.0272561386645902,18
2022-05-13,-1,0.002948180843650894,-0.002948180843650894,18
2022-05-16,1,0.02939447344339441,0.02939447344339441,18
2022-05-17,1,-0.023415182298846315,-0.023415182298846315,18
2022-05-18,1,0.009941524707693272,0.009941524707693272,18
2022-05-19,-1,0.0011581040667940634,-0.0011581040667940634,18
2022-05-20,1,0.029496720331298354,0.029496720331298354,18
2022-05-23,1,0.011235998399541591,0.011235998399541591,18
2022-05-24,1,-0.0005555682712130583,-0.0005555682712130583,18
2022-05-25,1,0.015008363601935137,0.015008363601935137,18
2022-05-26,1,0.009857628856492218,0.009857628856492218,18
2022-05-27,1,-0.00867678106172498,-0.00867678106172498,18
2022-05-31,1,-0.016411440543782185,-0.016411440543782185,18
2022-06-01,1,0.017241456128116228,0.017241456128116228,18
2022-06-02,-1,-0.0158557080924554,0.0158557080924554,18
2022-06-03,1,0.012777752346462723,0.012777752346462723,18
2022-06-06,-1,0.0,-0.0,18
2022-06-07,1,-0.021393274791086214,-0.021393274791086214,18
2022-06-08,-1,-0.05997756085607453,0.05997756085607453,18
2022-06-09,1,-0.04114493233291361,-0.04114493233291361,18
2022-06-10,1,-0.02798506289802405,-0.02798506289802405,18
2022-06-13,1,-0.0038387984118607443,-0.0038387984118607443,18
2022-06-14,1,0.03853567072767383,0.03853567072767383,18
2022-06-15,1,-0.025355587228053866,-0.025355587228053866,18
2022-06-16,1,0.0,0.0,18
2022-06-17,-1,0.0253806860863639,-0.0253806860863639,18
2022-06-21,1,-0.006188142476111547,-0.006188142476111547,18
2022-06-22,1,-0.01930258258101336,-0.01930258258101336,18
2022-06-23,1,0.027936541844927998,0.027936541844927998,18
2022-06-24,-1,-0.002470717369230324,0.002470717369230324,18
2022-06-27,1,-0.006811065362300028,-0.006811065362300028,18
2022-06-28,1,-0.008728259913099112,-0.008728259913099112,18
2022-06-29,1,-0.001886775703832666,-0.001886775703832666,18
2022-06-30,1,-0.008191563665933765,-0.008191563665933765,18
2022-07-01,1,-0.04002542081334237,-0.04002542081334237,18
2022-07-05,1,-0.006618095967409254,-0.006618095967409254,18
2022-07-06,1,0.02065286217290585,0.02065286217290585,18
2022-07-07,1,0.004569233021733288,0.004569233021733288,18
2022-07-08,1,-0.021442489690991606,-0.021442489690991606,18
2022-07-11,1,0.0,0.0,18
2022-07-12,1,-0.003984091497005848,-0.003984091497005848,18
2022-07-13,1,-0.03133335113525393,-0.03133335113525393,18
2022-07-14,1,0.013076430664102023,0.013076430664102023,18
2022-07-15,-1,0.012907579954932302,-0.012907579954932302,18
2022-07-18,1,0.038900062350216924,0.038900062350216924,18
2022-07-19,1,-0.02259518611794953,-0.02259518611794953,18
2022-07-20,1,0.01849403742548006,0.01849403742548006,18
2022-07-21,1,-0.012970156178702452,-0.012970156178702452,18
2022-07-22,1,0.019053873637653984,0.019053873637653984,18
2022-07-25,1,-0.0238555693165039,-0.0238555693165039,18
2022-07-26,1,0.025099082286911045,0.025099082286911045,18
2022-07-27,1,0.004510289481931107,0.004510289481931107,18
2022-07-28,1,0.019243116600294874,0.019243116600294874,18
2022-07-29,1,0.002517304026984135,0.002517304026984135,18
2022-08-01,1,-0.018204642579875197,-0.018204642579875197,18
2022-08-02,1,0.02173907873721581,0.02173907873721581,18
2022-08-03,1,0.006883642897537179,0.006883642897537179,18
2022-08-04,1,-0.0006215182589807133,-0.0006215182589807133,18
2022-08-05,1,0.004975119657066207,0.004975119657066207,18
2022-08-08,1,0.0030940122235554313,0.0030940122235554313,18
2022-08-09,1,0.020974717568835066,0.020974717568835066,18
2022-08-10,1,0.0018127303944719397,0.0018127303944719397,18
2022-08-11,1,0.009047021665893107,0.009047021665893107,18
2022-08-12,1,-0.014943216188909814,-0.014943216188909814,18
2022-08-15,1,0.0024272400872844546,0.0024272400872844546,18
2022-08-16,1,-0.013922490064353421,-0.013922490064353421,18
2022-08-17,1,-0.006752646050910416,-0.006752646050910416,18
2022-08-18,-1,-0.022249728279448933,0.022249728279448933,18
2022-08-19,1,-0.023388109525699585,-0.023388109525699585,18
2022-08-22,1,0.0006472640132875185,0.0006472640132875185,18
2022-08-23,-1,-0.0019404743141764325,0.0019404743141764325,18
2022-08-24,1,0.00907319422420727,0.00907319422420727,18
2022-08-25,1,-0.028901722420375253,-0.028901722420375253,18
2022-08-26,1,0.005952391089225406,0.005952391089225406,18
2022-08-29,-1,0.0006574772423901809,-0.0006574772423901809,19
2022-08-30,-1,-0.0013140905001821634,0.0013140905001821634,19
2022-08-31,-1,-0.015131549021213275,0.015131549021213275,19
2022-09-01,-1,-0.0006680179494626959,0.0006680179494626959,19
2022-09-02,-1,0.006016052965133412,-0.006016052965133412,19
2022-09-06,-1,0.00996675193549934,-0.00996675193549934,19
2022-09-07,-1,0.009210549018390024,-0.009210549018390024,19
2022-09-08,1,0.028683153585827847,0.028683153585827847,19
2022-09-09,1,0.027249642508105465,0.027249642508105465,19
2022-09-12,-1,-0.02899440714988677,0.02899440714988677,19
2022-09-13,-1,0.004447309372073827,-0.004447309372073827,19
2022-09-14,-1,0.006325074328988212,-0.006325074328988212,19
2022-09-15,-1,-0.006913869122075367,0.006913869122075367,19
2022-09-16,-1,0.0031645689956498746,-0.0031645689956498746,19
2022-09-19,-1,-0.020820183959860294,0.020820183959860294,19
2022-09-20,-1,-0.016752591573009568,0.016752591573009568,19
2022-09-21,-1,-0.00655310484730276,0.00655310484730276,19
2022-09-22,-1,-0.04353561042579923,0.04353561042579923,19
2022-09-23,-1,-0.021379339283910337,0.021379339283910337,19
2022-09-26,-1,-0.013389681888783311,0.013389681888783311,19
2022-09-27,-1,0.008571420397077256,-0.008571420397077256,19
2022-09-28,-1,-0.01628891955385603,0.01628891955385603,19
2022-09-29,1,0.0014398490709159883,0.0014398490709159883,19
2022-09-30,-1,0.020129384330890954,-0.020129384330890954,19
2022-10-03,-1,0.055673008119404566,-0.055673008119404566,19
2022-10-04,-1,-0.020026651951136176,0.020026651951136176,19
2022-10-05,-1,-0.02792914433847482,0.02792914433847482,19
2022-10-06,-1,-0.01331468310880446,0.01331468310880446,19
2022-10-07,-1,-0.005681812794001595,0.005681812794001595,19
2022-10-10,-1,-0.021428585052490234,0.021428585052490234,19
2022-10-11,-1,-0.005109466846625721,0.005109466846625721,19
2022-10-12,-1,0.044754193070839055,-0.044754193070839055,19
2022-10-13,-1,-0.01544939023107983,0.01544939023107983,19
2022-10-14,1,0.03495005386014971,0.03495005386014971,19
2022-10-17,-1,0.016540300987759382,-0.016540300987759382,19
2022-10-18,-1,-0.012881327483613592,0.012881327483613592,19
2022-10-19,-1,0.000686763387317546,-0.000686763387317546,19
2022-10-20,-1,0.023335632100848436,-0.023335632100848436,19
2022-10-21,-1,0.006036227599526933,-0.006036227599526933,19
2022-10-24,-1,0.017333348592122322,-0.017333348592122322,19
2022-10-25,-1,0.002621229439913275,-0.002621229439913275,19
2022-10-26,-1,-0.0019607668364186592,0.0019607668364186592,19
2022-10-27,-1,0.008513369801538273,-0.008513369801538273,19
2022-10-28,-1,-0.011038966266556982,0.011038966266556982,19
2022-10-31,-1,0.00853579240632274,-0.00853579240632274,19
2022-11-01,-1,-0.0182291496894319,0.0182291496894319,19
2022-11-02,-1,-0.0006631451546703637,0.0006631451546703637,19
2022-11-03,-1,0.047777059164513025,-0.047777059164513025,19
2022-11-04,-1,0.0037998999215740348,-0.0037998999215740348,19
2022-11-07,1,0.01135648585764204,0.01135648585764204,19
2022-11-08,-1,-0.016219601855565813,0.016219601855565813,19
2022-11-09,-1,0.04882691410351825,-0.04882691410351825,19
2022-11-10,-1,0.02478838118002824,-0.02478838118002824,19
2022-11-11,-1,-0.008259663167872966,0.008259663167872966,19
2022-11-14,-1,0.0005948976323346677,-0.0005948976323346677,19
2022-11-15,-1,0.004161694179207309,-0.004161694179207309,19
2022-11-16,-1,0.0023683195365808984,-0.0023683195365808984,19
2022-11-17,-1,0.005906696967935332,-0.005906696967935332,19
2022-11-18,-1,-0.0058720127679233736,0.0058720127679233736,19
2022-11-21,-1,0.011222712972989823,-0.011222712972989823,19
2022-11-22,-1,0.00992991051170744,-0.00992991051170744,19
2022-11-23,-1,0.008675512468918622,-0.008675512468918622,19
2022-11-25,-1,-0.02121564380177876,0.02121564380177876,19
2022-11-28,-1,0.014645577297567325,-0.014645577297567325,19
2022-11-29,-1,0.010970007933337023,-0.010970007933337023,19
2022-11-30,-1,0.004568813401504057,-0.004568813401504057,19
2022-12-01,-1,0.0017055535182068926,-0.0017055535182068926,19
2022-12-02,-1,-0.009080689395001396,0.009080689395001396,19
2022-12-05,-1,-0.000572641584047684,0.000572641584047684,19
2022-12-06,-1,-0.005730680635963603,0.005730680635963603,19
2022-12-07,-1,0.0023054182881419027,-0.0023054182881419027,19
2022-12-08,-1,0.005175397110218638,-0.005175397110218638,19
2022-12-09,-1,0.0022883819550847395,-0.0022883819550847395,19
2022-12-12,-1,0.01141545949573275,-0.01141545949573275,19
2022-12-13,-1,-0.006207601990144029,0.006207601990144029,19
2022-12-14,-1,-0.023850088684668203,0.023850088684668203,19
2022-12-15,-1,-0.0034904811766665045,0.0034904811766665045,19
2022-12-16,-1,-0.0005836732062487471,0.0005836732062487471,19
2022-12-19,-1,0.00992991051170744,-0.00992991051170744,19
2022-12-20,-1,0.017929407144448906,-0.017929407144448906,19
2022-12-21,-1,-0.005113644922567606,0.005113644922567606,19
2022-12-22,-1,0.003997698110178138,-0.003997698110178138,19
2022-12-23,-1,0.0017065237073778938,-0.0017065237073778938,19
2022-12-27,-1,-0.005110741026038701,0.005110741026038701,19
2022-12-28,-1,0.010273989753009305,-0.010273989753009305,19
2022-12-29,-1,-0.00960452367041098,0.00960452367041098,19
2022-12-30,-1,0.015402084417527995,-0.015402084417527995,19
2023-01-03,-1,0.03089894202152821,-0.03089894202152821,19
2023-01-04,-1,-0.006539555135626984,0.006539555135626984,19
2023-01-05,-1,0.02194183371225722,-0.02194183371225722,19
2023-01-06,-1,0.004830926282456627,-0.004830926282456627,19
2023-01-09,-1,0.006410301476228897,-0.006410301476228897,19
2023-01-10,-1,0.003715482710046736,-0.003715482710046736,19
2023-01-11,-1,0.01586458167537219,-0.01586458167537219,19
2023-01-12,-1,0.005205642177805059,-0.005205642177805059,19
2023-01-13,-1,-0.0010356577404526668,0.0010356577404526668,19
2023-01-17,-1,-0.0020736606339476493,0.0020736606339476493,19
2023-01-18,-1,-0.0036363477830763102,0.0036363477830763102,19
2023-01-19,-1,0.011991633919539613,-0.011991633919539613,19
2023-01-20,-1,0.0025759524705619707,-0.0025759524705619707,19
2023-01-23,-1,0.003083318402563151,-0.003083318402563151,19
2023-01-24,-1,0.007684406506794694,-0.007684406506794694,19
2023-01-25,-1,0.010676109997871608,-0.010676109997871608,19
2023-01-26,-1,-0.0040241412013706235,0.0040241412013706235,19
2023-01-27,-1,-0.006565614433119538,0.006565614433119538,19
2023-01-30,-1,0.009659406879545696,-0.009659406879545696,19
2023-01-31,-1,0.01661630984714324,-0.01661630984714324,19
2023-02-01,-1,-0.007429401414687731,0.007429401414687731,19
2023-02-02,-1,-0.013972089513656583,0.013972089513656583,19
2023-02-03,-1,-0.011133568360638724,0.011133568360638724,19
2023-02-06,-1,0.01228248515216035,-0.01228248515216035,19
2023-02-07,-1,0.0,-0.0,19
2023-02-08,-1,0.0050555344110077005,-0.0050555344110077005,19
2023-02-09,-1,-0.01106636431799568,0.01106636431799568,19
2023-02-10,-1,0.011698857783389194,-0.011698857783389194,19
2023-02-13,-1,0.006033224882643795,-0.006033224882643795,19
2023-02-14,-1,-0.00649680492894722,0.00649680492894722,19
2023-02-15,-1,0.0030181778583486807,-0.0030181778583486807,19
2023-02-16,-1,0.001002936302879398,-0.001002936302879398,19
2023-02-17,-1,-0.007013997799095395,0.007013997799095395,19
2023-02-21,-1,-0.013118074313075434,0.013118074313075434,20
2023-02-22,-1,0.007668692363282048,-0.007668692363282048,20
2023-02-23,-1,-0.011161812459332121,0.011161812459332121,20
2023-02-24,-1,0.020010230591504197,-0.020010230591504197,20
2023-02-27,-1,0.0040241412013706235,-0.0040241412013706235,20
2023-02-28,-1,0.0025050674700719533,-0.0025050674700719533,20
2023-03-01,-1,-0.008995517397144992,0.008995517397144992,20
2023-03-02,-1,0.015128554625051027,-0.015128554625051027,20
2023-03-03,-1,0.003974164284217929,-0.003974164284217929,20
2023-03-06,-1,-0.024245412831049085,0.024245412831049085,20
2023-03-07,-1,0.005071013435685279,-0.005071013435685279,20
2023-03-08,-1,-0.019172510929242548,0.019172510929242548,20
2023-03-09,-1,-0.023662601809881445,0.023662601809881445,20
2023-03-10,-1,-0.03003159686889323,0.03003159686889323,20
2023-03-13,1,0.018468232232803805,0.018468232232803805,20
2023-03-14,-1,-0.05706665039062497,0.05706665039062497,20
2023-03-15,1,0.015837034754739632,0.015837034754739632,20
2023-03-16,-1,-0.03229398403519379,0.03229398403519379,20
2023-03-17,1,0.021864274249969062,0.021864274249969062,20
2023-03-20,-1,0.041666653242197205,-0.041666653242197205,20
2023-03-21,1,-0.01405406642604523,-0.01405406642604523,20
2023-03-22,1,-0.01864035947666287,-0.01864035947666287,20
2023-03-23,-1,-0.003910597559552698,0.003910597559552698,20
2023-03-24,-1,0.011217092753519342,-0.011217092753519342,20
2023-03-27,-1,0.0005546438436490053,-0.0005546438436490053,20
2023-03-28,1,0.02217292673117255,0.02217292673117255,20
2023-03-29,1,0.011388236355243109,0.011388236355243109,20
2023-03-30,1,0.0026810265647136955,0.0026810265647136955,20
2023-03-31,1,0.006951826495335878,0.006951826495335878,20
2023-04-03,-1,0.003186376324242346,-0.003186376324242346,20
2023-04-04,1,-0.003705648337001932,-0.003705648337001932,20
2023-04-05,1,0.019659981149476646,0.019659981149476646,20
2023-04-06,-1,-0.0020844666187659344,0.0020844666187659344,20
2023-04-10,1,0.005221952138994457,0.005221952138994457,20
2023-04-11,-1,0.008311680385044706,-0.008311680385044706,20
2023-04-12,-1,0.011849538590645192,-0.011849538590645192,20
2023-04-13,-1,0.00763755247151221,-0.00763755247151221,20
2023-04-14,-1,-0.01616986292920164,0.01616986292920164,20
2023-04-17,-1,0.012840267530390914,-0.012840267530390914,20
2023-04-18,-1,0.0060852354671296904,-0.0060852354671296904,20
2023-04-19,-1,-0.004032254188043427,0.004032254188043427,20
2023-04-20,-1,0.0015182533551623134,-0.0015182533551623134,20
2023-04-21,-1,0.0065689315185732955,-0.0065689315185732955,20
2023-04-24,-1,-0.029116461921919967,0.029116461921919967,20
2023-04-25,-1,0.011375352203658373,-0.011375352203658373,20
2023-04-26,-1,0.014314963920783352,-0.014314963920783352,20
2023-04-27,-1,-0.003528210397472642,0.003528210397472642,20
2023-04-28,-1,-0.0005058284598020713,0.0005058284598020713,20
2023-05-01,-1,-0.017206485255548465,0.017206485255548465,20
2023-05-02,-1,-0.0005149448425617598,0.0005149448425617598,20
2023-05-03,-1,-0.007727955677973464,0.007727955677973464,20
2023-05-04,-1,0.021806857284670356,-0.021806857284670356,20
2023-05-05,-1,-0.0010162834071913984,0.0010162834071913984,20
2023-05-08,-1,-0.005595148077584655,0.005595148077584655,20
2023-05-09,-1,-0.004092067868442739,0.004092067868442739,20
2023-05-10,-1,-0.00513602864138285,0.00513602864138285,20
2023-05-11,-1,-0.0036139183861605417,0.0036139183861605417,20
2023-05-12,-1,0.010362734240704219,-0.010362734240704219,20
2023-05-15,-1,-0.012820512820512775,0.012820512820512775,20
2023-05-16,-1,0.007792187975598663,-0.007792187975598663,20
2023-05-17,-1,0.0015464271770837534,-0.0015464271770837534,20
2023-05-18,-1,0.008749360454135546,-0.008749360454135546,20
2023-05-19,-1,0.0035714129317261367,-0.0035714129317261367,20
2023-05-22,-1,-0.009659406879545696,0.009659406879545696,20
2023-05-23,-1,-0.020533861803384457,0.020533861803384457,20
2023-05-24,-1,-0.0005241210126741835,0.0005241210126741835,20
2023-05-25,-1,0.009963321295132666,-0.009963321295132666,20
2023-05-26,-1,-0.007268919417690256,0.007268919417690256,20
2023-05-30,-1,-0.01725940947810578,0.01725940947810578,20
2023-05-31,-1,0.01756252834630545,-0.01756252834630545,20
2023-06-01,-1,0.016736384977954266,-0.016736384977954266,20
2023-06-02,1,-0.00925927470323018,-0.00925927470323018,20
2023-06-05,1,0.008307364772103032,0.008307364772103032,20
2023-06-06,-1,-0.03913492409351582,0.03913492409351582,20
2023-06-07,-1,0.010718154586008222,-0.010718154586008222,20
2023-06-08,-1,-0.007953421051141163,0.007953421051141163,20
2023-06-09,1,0.0,0.0,20
2023-06-12,-1,0.005344756085675861,-0.005344756085675861,20
2023-06-13,1,0.008506105898716587,0.008506105898716587,20
2023-06-14,-1,0.009488682745974808,-0.009488682745974808,20
2023-06-15,1,-0.0015665159213813507,-0.0015665159213813507,20
2023-06-16,1,-0.006799218745245916,-0.006799218745245916,20
2023-06-20,-1,-0.0005266050027575853,0.0005266050027575853,20
2023-06-21,-1,-0.011591112679688265,0.011591112679688265,20
2023-06-22,-1,-0.013326225850206264,0.013326225850206264,20
2023-06-23,-1,0.004321983939320928,-0.004321983939320928,20
2023-06-26,-1,0.015599731350101065,-0.015599731350101065,20
2023-06-27,1,-0.0026482647925348823,-0.0026482647925348823,20
2023-06-28,1,0.004248535530015474,0.004248535530015474,20
2023-06-29,-1,0.014278184026565333,-0.014278184026565333,20
2023-06-30,1,0.005213784143827116,0.005213784143827116,20
2023-07-03,1,-0.022302919598629733,-0.022302919598629733,20
2023-07-05,-1,-0.015384663642363905,0.015384663642363905,20
2023-07-06,-1,0.01077590348569002,-0.01077590348569002,20
2023-07-07,-1,0.002132143267095099,-0.002132143267095099,20
2023-07-10,1,0.013297872880078332,0.013297872880078332,20
2023-07-11,1,0.023622088239457995,0.023622088239457995,20
2023-07-12,1,0.018461569761618613,0.018461569761618613,20
2023-07-13,1,-0.008056386832572038,-0.008056386832572038,20
2023-07-14,1,0.006598941915330281,0.006598941915330281,20
2023-07-17,-1,0.00806857529136118,-0.00806857529136118,20
2023-07-18,-1,0.0005002615806071198,-0.0005002615806071198,20
2023-07-19,1,0.0015000343322753018,0.0015000343322753018,20
2023-07-20,-1,0.000998429841710946,-0.000998429841710946,20
2023-07-21,-1,-0.0004986694221276178,0.0004986694221276178,20
2023-07-24,-1,0.0019959584007662734,-0.0019959584007662734,20
2023-07-25,-1,0.00547811806621068,-0.00547811806621068,20
2023-07-26,-1,-0.013372979228416515,0.013372979228416515,20
2023-07-27,-1,0.011546161714629743,-0.011546161714629743,20
2023-07-28,-1,-0.003473930329995878,0.003473930329995878,20
2023-07-31,-1,-0.010956141144939258,0.010956141144939258,20
2023-08-01,-1,-0.02215511180942653,0.02215511180942653,20
2023-08-02,-1,0.0036045156822459568,-0.0036045156822459568,20
2023-08-03,-1,0.005130855959162961,-0.005130855959162961,20
2023-08-04,-1,0.013272089170835999,-0.013272089170835999,20
2023-08-07,1,-0.01561710125868676,-0.01561710125868676,20
2023-08-08,-1,0.002558814468673676,-0.002558814468673676,20
2023-08-09,-1,0.01071970815910972,-0.01071970815910972,20
2023-08-10,1,-0.006565614433119538,-0.006565614433119538,20
2023-08-11,1,-0.0015252001285788186,-0.0015252001285788186,20
2023-08-14,-1,-0.01578408735113168,0.01578408735113168,21
2023-08-15,-1,-0.005690667914419301,0.005690667914419301,21
2023-08-16,-1,-0.011446374672949733,0.011446374672949733,21
2023-08-17,-1,-0.0021053113435444137,0.0021053113435444137,21
2023-08-18,-1,0.003164629545797437,-0.003164629545797437,21
2023-08-21,-1,-0.006309192236870653,0.006309192236870653,21
2023-08-22,-1,0.006878363531170439,-0.006878363531170439,21
2023-08-23,-1,-0.010509761204570256,0.010509761204570256,21
2023-08-24,-1,0.004248535530015474,-0.004248535530015474,21
2023-08-25,-1,0.012691685513207984,-0.012691685513207984,21
2023-08-28,-1,0.01462144606909388,-0.01462144606909388,21
2023-08-29,1,-0.0005146798108475181,-0.0005146798108475181,21
2023-08-30,1,-0.00978375557730049,-0.00978375557730049,21
2023-08-31,1,-0.0015599989605297182,-0.0015599989605297182,21
2023-09-01,-1,-0.013020832815931915,0.013020832815931915,21
2023-09-05,-1,-0.0084432633757473,0.0084432633757473,21
2023-09-06,-1,-0.005854209951669631,0.005854209951669631,21
2023-09-07,-1,0.002141274492786227,-0.002141274492786227,21
2023-09-08,-1,0.014957302185677035,-0.014957302185677035,21
2023-09-11,1,0.0021053113435443027,0.0021053113435443027,21
2023-09-12,1,0.0015755660637815083,0.0015755660637815083,21
2023-09-13,1,0.015207179872480658,0.015207179872480658,21
2023-09-14,1,-0.0015496221952321365,-0.0015496221952321365,21
2023-09-15,1,-0.009311966160694629,-0.009311966160694629,21
2023-09-18,-1,0.007832878408265298,-0.007832878408265298,21
2023-09-19,-1,0.0,-0.0,21
2023-09-20,-1,-0.006735708078007163,0.006735708078007163,21
2023-09-21,-1,-0.005216503968270114,0.005216503968270114,21
2023-09-22,-1,-0.005243858577347993,0.005243858577347993,21
2023-09-25,-1,-0.006852881680131873,0.006852881680131873,21
2023-09-26,-1,-0.0069002689523532945,0.0069002689523532945,21
2023-09-27,-1,0.013361839242818307,-0.013361839242818307,21
2023-09-28,-1,-0.002637090689603161,0.002637090689603161,21
2023-09-29,1,-0.01956631067532244,-0.01956631067532244,21
2023-10-02,-1,-0.009169367200600798,0.009169367200600798,21
2023-10-03,-1,0.0032661656614756396,-0.0032661656614756396,21
2023-10-04,-1,0.008681489135253795,-0.008681489135253795,21
2023-10-05,-1,0.018827346885255558,-0.018827346885255558,21
2023-10-06,1,-0.007919726203837518,-0.007919726203837518,21
2023-10-09,1,0.016498108080783114,0.016498108080783114,21
2023-10-10,1,0.008900527376893397,0.008900527376893397,21
2023-10-11,1,-0.011935627232622315,-0.011935627232622315,21
2023-10-12,-1,-0.015756361868897062,0.015756361868897062,21
2023-10-13,-1,0.014941338850870345,-0.014941338850870345,21
2023-10-16,-1,0.0,-0.0,21
2023-10-17,-1,-0.015772930451572353,0.015772930451572353,21
2023-10-18,-1,-0.009615299381915077,0.009615299381915077,21
2023-10-19,-1,-0.014023744123123794,0.014023744123123794,21
2023-10-20,-1,0.0005470584521991562,-0.0005470584521991562,21
2023-10-23,-1,-0.003280556057275952,0.003280556057275952,21
2023-10-24,-1,-0.007679615642560922,0.007679615642560922,21
2023-10-25,-1,-0.002763915789873228,0.002763915789873228,21
2023-10-26,-1,-0.008314940036937446,0.008314940036937446,21
2023-10-27,-1,0.015651240704207314,-0.015651240704207314,21
2023-10-30,-1,0.0005503703269040816,-0.0005503703269040816,21
2023-10-31,1,0.008250803961074249,0.008250803961074249,21
2023-11-01,-1,0.014184409708893675,-0.014184409708893675,21
2023-11-02,1,0.011834282493207393,0.011834282493207393,21
2023-11-03,1,-0.0037214086555908965,-0.0037214086555908965,21
2023-11-06,1,-0.004268939417456652,-0.004268939417456652,21
2023-11-07,-1,0.006430913194784393,-0.006430913194784393,21
2023-11-08,-1,-0.0026624676560706995,0.0026624676560706995,21
2023-11-09,-1,0.00694079398251346,-0.00694079398251346,21
2023-11-10,-1,0.0068928502947793735,-0.0068928502947793735,21
2023-11-13,-1,0.025276437494557324,-0.025276437494557324,21
2023-11-14,1,0.003595357197821558,0.003595357197821558,21
2023-11-15,-1,-0.0010235648324754543,0.0010235648324754543,21
2023-11-16,-1,0.017930346990874257,-0.017930346990874257,21
2023-11-17,-1,0.0030196005741436327,-0.0030196005741436327,21
2023-11-20,-1,-0.005017580528774879,0.005017580528774879,21
2023-11-21,-1,-0.0005042979788356661,0.0005042979788356661,21
2023-11-22,-1,0.0141271791602815,-0.0141271791602815,21
2023-11-24,-1,-0.003482571815707658,0.003482571815707658,21
2023-11-27,-1,0.002995479974315929,-0.002995479974315929,21
2023-11-28,-1,0.00497761974665023,-0.00497761974665023,21
2023-11-29,-1,0.0004953060236410067,-0.0004953060236410067,21
2023-11-30,-1,0.010891054705211678,-0.010891054705211678,21
2023-12-01,-1,-0.004897178310289019,0.004897178310289019,21
2023-12-04,-1,-0.001968455156468263,0.001968455156468263,21
2023-12-05,-1,0.004437877196284079,-0.004437877196284079,21
2023-12-06,-1,0.006381892754575569,-0.006381892754575569,21
2023-12-07,-1,0.005853699474799967,-0.005853699474799967,21
2023-12-08,-1,0.0019398160305894585,-0.0019398160305894585,21
2023-12-11,-1,0.0033881749923143634,-0.0033881749923143634,21
2023-12-12,-1,0.010612697808067173,-0.010612697808067173,21
2023-12-13,-1,0.0038186119710112987,-0.0038186119710112987,21
2023-12-14,-1,-0.01331434510239049,0.01331434510239049,21
2023-12-15,-1,0.0033734792686370696,-0.0033734792686370696,21
2023-12-18,-1,0.011047048300077744,-0.011047048300077744,21
2023-12-19,-1,-0.025653160463207536,0.025653160463207536,21
2023-12-20,-1,0.012676754070227059,-0.012676754070227059,21
2023-12-21,-1,0.005296037582021906,-0.005296037582021906,21
2023-12-22,-1,0.006226105045037844,-0.006226105045037844,21
2023-12-26,-1,0.005711515020347724,-0.005711515020347724,21
2023-12-27,-1,-0.008991889931627028,0.008991889931627028,21
2023-12-28,-1,0.000955040587631073,-0.000955040587631073,21
2023-12-29,-1,-0.007156470662319614,0.007156470662319614,21
2024-01-02,-1,-0.012494004591751762,0.012494004591751762,21
2024-01-03,-1,0.00973239758465616,-0.00973239758465616,21
2024-01-04,-1,0.004337356751223709,-0.004337356751223709,21
2024-01-05,-1,0.011516303712135967,-0.011516303712135967,21
2024-01-08,-1,-0.015180251232560726,0.015180251232560726,21
2024-01-09,-1,0.00192673447676861,-0.00192673447676861,21
2024-01-10,-1,-0.009615329948400753,0.009615329948400753,21
2024-01-11,-1,0.00048544799498317914,-0.00048544799498317914,21
2024-01-12,-1,-0.019893247708405393,0.019893247708405393,21
2024-01-16,-1,-0.0059406353812402335,0.0059406353812402335,21
2024-01-17,-1,0.008466139289833752,-0.008466139289833752,21
2024-01-18,-1,0.00543212890625,-0.00543212890625,21
2024-01-19,-1,0.004911516263425453,-0.004911516263425453,21
2024-01-22,1,-0.003910064872230001,-0.003910064872230001,21
2024-01-23,1,0.00883220375800109,0.00883220375800109,21
2024-01-24,1,-0.00048639246797654856,-0.00048639246797654856,21
2024-01-25,1,0.006326086274533127,0.006326086274533127,21
2024-01-26,-1,-0.002417850274241351,0.002417850274241351,21
2024-01-29,-1,0.006301554697222933,-0.006301554697222933,21
2024-01-30,-1,-0.008188828247575719,0.008188828247575719,21
2024-01-31,-1,-0.000971367538390111,0.000971367538390111,21
2024-02-01,-1,-0.0038891553180812055,0.0038891553180812055,21
2024-02-02,-1,-0.006344517433809038,0.006344517433809038,21
2024-02-05,-1,0.00196458776913655,-0.00196458776913655,22
2024-02-06,-1,-0.004411772268178793,0.004411772268178793,22
2024-02-07,-1,-0.001477044809734207,0.001477044809734207,22
2024-02-08,-1,0.000986121781948901,-0.000986121781948901,22
2024-02-09,-1,0.005911371612976168,-0.005911371612976168,22
2024-02-12,-1,-0.014691441524959825,0.014691441524959825,22
2024-02-13,-1,0.011928417550071346,-0.011928417550071346,22
2024-02-14,-1,0.010314296570594683,-0.010314296570594683,22
2024-02-15,-1,0.003402999312724031,-0.003402999312724031,22
2024-02-16,1,0.011627896231359847,0.011627896231359847,22
2024-02-20,-1,-0.006704951881008503,0.006704951881008503,22
2024-02-21,-1,0.012054002061665514,-0.012054002061665514,22
2024-02-22,-1,0.002858478637286277,-0.002858478637286277,22
2024-02-23,-1,-0.0004749796624980984,0.0004749796624980984,22
2024-02-26,-1,0.00237638949072716,-0.00237638949072716,22
2024-02-27,-1,-0.00047416921808840495,0.00047416921808840495,22
2024-02-28,-1,0.005692639452927528,-0.005692639452927528,22
2024-02-29,-1,0.005188617879449353,-0.005188617879449353,22
2024-03-01,-1,-0.0004692740090311842,0.0004692740090311842,22
2024-03-04,-1,0.002347471652589528,-0.002347471652589528,22
2024-03-05,-1,0.011709601664315672,-0.011709601664315672,22
2024-03-06,-1,0.01111110031850071,-0.01111110031850071,22
2024-03-07,-1,0.001373657803841688,-0.001373657803841688,22
2024-03-08,-1,0.003657975337730157,-0.003657975337730157,22
2024-03-11,-1,0.013211799457808926,-0.013211799457808926,22
2024-03-12,-1,0.002697817741001085,-0.002697817741001085,22
2024-03-13,-1,-0.011210762715387124,0.011210762715387124,22
2024-03-14,-1,0.010430905103995913,-0.010430905103995913,22
2024-03-15,-1,-0.005834877204162536,0.005834877204162536,22
2024-03-18,-1,0.006320600424748912,-0.006320600424748912,22
2024-03-19,-1,0.010767149450899183,-0.010767149450899183,22
2024-03-20,-1,0.0017753664873352282,-0.0017753664873352282,22
2024-03-21,-1,-0.002215296310881798,0.002215296310881798,22
2024-03-22,-1,0.0022202147444143616,-0.0022202147444143616,22
2024-03-25,-1,0.003987600966097071,-0.003987600966097071,22
2024-03-26,-1,0.005295712270143804,-0.005295712270143804,22
2024-03-27,-1,-0.001755966388130692,0.001755966388130692,22
2024-03-28,-1,-0.0026384989686142335,0.0026384989686142335,22
2024-04-01,-1,-0.0017637087737699675,0.0017637087737699675,22
2024-04-02,-1,0.01060069688994325,-0.01060069688994325,22
2024-04-03,-1,-0.006993000580457598,0.006993000580457598,22
2024-04-04,-1,0.00176060372958875,-0.00176060372958875,22
2024-04-05,-1,0.007029870202245103,-0.007029870202245103,22
2024-04-08,-1,-0.010471194167507636,0.010471194167507636,22
2024-04-09,-1,-0.00925930286576604,0.00925930286576604,22
2024-04-10,-1,-0.009345753933683865,0.009345753933683865,22
2024-04-11,-1,-0.016621780567339428,0.016621780567339428,22
2024-04-12,-1,0.001370520213887838,-0.001370520213887838,22
2024-04-15,-1,-0.015054740992585303,0.015054740992585303,22
2024-04-16,-1,0.010189870856861516,-0.010189870856861516,22
2024-04-17,-1,0.002751094670346621,-0.002751094670346621,22
2024-04-18,1,0.003657975337730157,0.003657975337730157,22
2024-04-19,-1,0.014578573289369068,-0.014578573289369068,22
2024-04-22,1,0.01796136552798444,0.01796136552798444,22
2024-04-23,-1,-0.011027789993764747,0.011027789993764747,22
2024-04-24,-1,-0.0035682392254157147,0.0035682392254157147,22
2024-04-25,-1,0.00537148303783086,-0.00537148303783086,22
2024-04-26,-1,0.0013357385515766484,-0.0013357385515766484,22
2024-04-29,-1,-0.010671399446894325,0.010671399446894325,22
2024-04-30,-1,-0.0008988969781426048,0.0008988969781426048,22
2024-05-01,-1,0.01619435977349304,-0.01619435977349304,22
2024-05-02,-1,0.002213334958956148,-0.002213334958956148,22
2024-05-03,-1,0.015459381223736024,-0.015459381223736024,22
2024-05-06,-1,0.011309274966086358,-0.011309274966086358,22
2024-05-07,-1,0.003010739562331999,-0.003010739562331999,22
2024-05-08,-1,0.0017153051479765757,-0.0017153051479765757,22
2024-05-09,-1,0.007705492314757034,-0.007705492314757034,22
2024-05-10,-1,0.0004247375167520939,-0.0004247375167520939,22
2024-05-13,-1,0.009766516222344812,-0.009766516222344812,22
2024-05-14,-1,0.008830911623589177,-0.008830911623589177,22
2024-05-15,-1,-0.001667320073377665,0.001667320073377665,22
2024-05-16,-1,0.0075155904840586985,-0.0075155904840586985,22
2024-05-17,-1,-0.004144155723125098,0.004144155723125098,22
2024-05-20,-1,0.0033291685984226937,-0.0033291685984226937,22
2024-05-21,-1,-0.00829534458218073,0.00829534458218073,22
2024-05-22,-1,-0.007946488300717536,0.007946488300717536,22
2024-05-23,-1,0.012226008597060689,-0.012226008597060689,22
2024-05-24,-1,-0.0008330053133283055,0.0008330053133283055,22
2024-05-28,-1,-0.014172578400656,0.014172578400656,22
2024-05-29,-1,0.01141651002616162,-0.01141651002616162,22
2024-05-30,-1,0.011705714287309155,-0.011705714287309155,22
2024-05-31,-1,0.002066084110919464,-0.002066084110919464,22
2024-06-03,-1,-0.014845385993878857,0.014845385993878857,22
2024-06-04,-1,0.0008371895468670676,-0.0008371895468670676,22
2024-06-05,-1,0.00878297754753099,-0.00878297754753099,22
2024-06-06,-1,-0.007048095786855169,0.007048095786855169,22
2024-06-07,-1,-0.009603400511822402,0.009603400511822402,22
2024-06-10,-1,-0.05227655172907353,0.05227655172907353,22
2024-06-11,-1,0.01734881249727427,-0.01734881249727427,22
2024-06-12,-1,-0.024923549683260826,0.024923549683260826,22
2024-06-13,-1,-0.014798203363057705,0.014798203363057705,22
2024-06-14,-1,0.016841185744074894,-0.016841185744074894,22
2024-06-17,-1,0.007162034302563569,-0.007162034302563569,22
2024-06-18,1,0.007111104329427187,0.007111104329427187,22
2024-06-20,1,-0.014563103527281851,-0.014563103527281851,22
2024-06-21,1,0.01612183661359423,0.01612183661359423,22
2024-06-24,-1,-0.007933023399695482,0.007933023399695482,22
2024-06-25,1,-0.006663688005556501,-0.006663688005556501,22
2024-06-26,-1,0.0,-0.0,22
2024-06-27,-1,0.0,-0.0,22
2024-06-28,-1,0.011627916895559975,-0.011627916895559975,22
2024-07-01,-1,-0.005747173443501952,0.005747173443501952,22
2024-07-02,-1,0.012005356181035154,-0.012005356181035154,22
2024-07-03,-1,0.008348002291164835,-0.008348002291164835,22
2024-07-05,-1,-0.003921575145793721,0.003921575145793721,22
2024-07-08,-1,-0.006561746363689114,0.006561746363689114,22
2024-07-09,-1,0.010568106038845837,-0.010568106038845837,22
2024-07-10,-1,0.009150286600938529,-0.009150286600938529,22
2024-07-11,-1,0.006908456324104417,-0.006908456324104417,22
2024-07-12,-1,-0.006861057011403826,0.006861057011403826,22
2024-07-15,-1,0.0060448786947673305,-0.0060448786947673305,22
2024-07-16,-1,-0.0030042788461932535,0.0030042788461932535,22
2024-07-17,-1,-0.00430479481017243,0.00430479481017243,22
2024-07-18,-1,-0.003026359592046779,0.003026359592046779,22
2024-07-19,-1,0.01517781394516704,-0.01517781394516704,22
2024-07-22,-1,-0.005980324244381108,0.005980324244381108,22
2024-07-23,-1,-0.010313698598922505,0.010313698598922505,22
2024-07-24,-1,-0.0013026784954853765,0.0013026784954853765,22
2024-07-25,-1,0.013478237649668712,-0.013478237649668712,22
2024-07-26,-1,-0.0081509494235118,0.0081509494235118,22
2024-07-29,-1,0.009948076725240895,-0.009948076725240895,23
2024-07-30,-1,-0.000428275319848459,0.000428275319848459,23
2024-07-31,1,-0.037703558798720116,-0.037703558798720116,23
2024-08-01,-1,-0.018699830189916278,0.018699830189916278,23
2024-08-02,1,-0.022686024465985666,-0.022686024465985666,23
2024-08-05,1,0.0018569640890719885,0.0018569640890719885,23
2024-08-06,1,0.007877668067421961,0.007877668067421961,23
2024-08-07,1,0.012873594788299192,0.012873594788299192,23
2024-08-08,1,0.0072628162698651355,0.0072628162698651355,23
2024-08-09,1,0.0,0.0,23
2024-08-12,1,0.014871559971328718,0.014871559971328718,23
2024-08-13,1,0.007992908593113635,0.007992908593113635,23
2024-08-14,1,0.013656363679445116,0.013656363679445116,23
2024-08-15,1,0.010864841265242786,0.010864841265242786,23
2024-08-16,1,0.01246771304063099,0.01246771304063099,23
2024-08-19,1,-0.004670858028302027,-0.004670858028302027,23
2024-08-20,1,0.00895900510614478,0.00895900510614478,23
2024-08-21,1,-0.0008456853313435486,-0.0008456853313435486,23
2024-08-22,1,0.019890022742086177,0.019890022742086177,23
2024-08-23,1,-0.0029045516064821753,-0.0029045516064821753,23
2024-08-26,1,0.0066583371968453875,0.0066583371968453875,23
2024-08-27,1,-0.004547358740099705,-0.004547358740099705,23
2024-08-28,1,0.001661167593608015,0.001661167593608015,23
2024-08-29,-1,0.0012437304416705874,-0.0012437304416705874,23
2024-08-30,-1,-0.02070393407444815,0.02070393407444815,23
2024-09-03,-1,0.002114213328358927,-0.002114213328358927,23
2024-09-04,-1,0.009282671150733224,-0.009282671150733224,23
2024-09-05,-1,-0.01923081063353238,0.01923081063353238,23
2024-09-06,-1,0.013214040297904184,-0.013214040297904184,23
2024-09-09,-1,-0.009255415080619778,0.009255415080619778,23
2024-09-10,1,0.006794048942486475,0.006794048942486475,23
2024-09-11,-1,0.008435291887903595,-0.008435291887903595,23
2024-09-12,1,0.007109999053904081,0.007109999053904081,23
2024-09-13,1,0.010797351731960392,0.010797351731960392,23
2024-09-16,1,-0.0032867675926266937,-0.0032867675926266937,23
2024-09-17,1,0.0,0.0,23
2024-09-18,-1,0.01978563634409536,-0.01978563634409536,23
2024-09-19,1,-0.006871466364862577,-0.006871466364862577,23
2024-09-20,1,-0.002848990463722445,-0.002848990463722445,23
2024-09-23,1,0.008979563810387337,0.008979563810387337,23
2024-09-24,-1,-0.010922271760306135,0.010922271760306135,23
2024-09-25,-1,0.022903862923031593,-0.022903862923031593,23
2024-09-26,-1,-0.0035985666439122266,0.0035985666439122266,23
2024-09-27,-1,-0.007624419481377265,0.007624419481377265,23
2024-09-30,-1,-0.020218358643559697,0.020218358643559697,23
2024-10-01,-1,-0.0028889680621825287,0.0028889680621825287,23
2024-10-02,-1,-0.008278177326266678,0.008278177326266678,23
2024-10-03,1,0.012938288194339398,0.012938288194339398,23
2024-10-04,1,-0.002884206572061565,-0.002884206572061565,23
2024-10-07,1,-0.0037190144525003355,-0.0037190144525003355,23
2024-10-08,1,0.002073796590410737,0.002073796590410737,23
2024-10-09,-1,0.0020695048582917153,-0.0020695048582917153,23
2024-10-10,1,0.007021895197136807,0.007021895197136807,23
2024-10-11,1,0.0028712717220065187,0.0028712717220065187,23
2024-10-14,1,-0.004908009631447219,-0.004908009631447219,23
2024-10-15,1,0.002877093918772111,0.002877093918772111,23
2024-10-16,1,0.00327868544904808,0.00327868544904808,23
2024-10-17,1,0.008578472048537567,0.008578472048537567,23
2024-10-18,1,-0.012555745912738892,-0.012555745912738892,23
2024-10-21,1,-0.0028711934878514755,-0.0028711934878514755,23
2024-10-22,1,-0.009049745709073576,-0.009049745709073576,23
2024-10-23,-1,0.006226634187636471,-0.006226634187636471,23
2024-10-24,-1,-0.010313531450518942,0.010313531450518942,23
2024-10-25,1,0.013755728505814524,0.013755728505814524,23
2024-10-28,-1,-0.0049341666690194685,0.0049341666690194685,23
2024-10-29,1,-0.004545479623290771,-0.004545479623290771,23
2024-10-30,1,-0.003735996347771775,-0.003735996347771775,23
2024-10-31,-1,0.006249984105427986,-0.006249984105427986,23
2024-11-01,-1,0.004140802610737682,-0.004140802610737682,23
2024-11-04,-1,0.01278348313164468,-0.01278348313164468,23
2024-11-05,1,-0.016286629773138106,-0.016286629773138106,23
2024-11-06,1,0.005380838946038358,0.005380838946038358,23
2024-11-07,-1,-0.01976127754190904,0.01976127754190904,23
2024-11-08,-1,0.0054599357845928065,-0.0054599357845928065,23
2024-11-11,-1,-0.021720987726124186,0.021720987726124186,23
2024-11-12,1,-0.005550775420286591,-0.005550775420286591,23
2024-11-13,1,0.0055817585082158505,0.0055817585082158505,23
2024-11-14,1,0.008966656011466956,0.008966656011466956,23
2024-11-15,1,0.008887050329225543,0.008887050329225543,23
2024-11-18,1,-0.007969821008453004,-0.007969821008453004,23
2024-11-19,1,-0.002114132679366776,-0.002114132679366776,23
2024-11-20,1,0.002118611705608453,0.002118611705608453,23
2024-11-21,1,-0.008879454032131084,-0.008879454032131084,23
2024-11-22,1,0.006399300986035694,0.006399300986035694,23
2024-11-25,1,-0.008478201002364627,-0.008478201002364627,23
2024-11-26,1,0.007268066726379807,0.007268066726379807,23
2024-11-27,1,0.013582330308911983,0.013582330308911983,23
2024-11-29,1,-0.0008374602645671025,-0.0008374602645671025,23
2024-12-02,1,0.0020955253890000414,0.0020955253890000414,23
2024-12-03,1,0.005437100332282396,0.005437100332282396,23
2024-12-04,1,0.02163055451795648,0.02163055451795648,23
2024-12-05,1,-0.003257325954627577,-0.003257325954627577,23
2024-12-06,1,-0.00612743551205841,-0.00612743551205841,23
2024-12-09,1,-0.002466069302528906,-0.002466069302528906,23
2024-12-10,-1,0.004532290932353078,-0.004532290932353078,23
2024-12-11,-1,-0.009844125487271649,0.009844125487271649,23
2024-12-12,1,0.00787077625772814,0.00787077625772814,23
2024-12-13,-1,0.0004110246162432052,-0.0004110246162432052,23
2024-12-16,-1,-0.028348419463105623,0.028348419463105623,23
2024-12-17,-1,-0.025792757414041634,0.025792757414041634,23
2024-12-18,1,0.0008679926050507714,0.0008679926050507714,23
2024-12-19,1,0.0013009838395623419,0.0013009838395623419,23
2024-12-20,1,0.002598504354520692,0.002598504354520692,23
2024-12-23,1,0.009071317290787029,0.009071317290787029,23
2024-12-24,1,0.0017122862642813264,0.0017122862642813264,23
2024-12-26,1,-0.0025640797829273865,-0.0025640797829273865,23
2024-12-27,1,-0.0008569176363717457,-0.0008569176363717457,23
2024-12-30,1,-0.0008576525739882879,-0.0008576525739882879,23
2024-12-31,1,-0.011587920998108237,-0.011587920998108237,23
2025-01-02,1,0.010855405668527274,0.010855405668527274,23
2025-01-03,1,0.014175254036627116,0.014175254036627116,23
2025-01-06,1,0.00042355902682400526,0.00042355902682400526,23
2025-01-07,1,0.0016934380506994362,0.0016934380506994362,23
2025-01-08,1,-0.011411684678992229,-0.011411684678992229,23
2025-01-10,1,-0.0008550043153865428,-0.0008550043153865428,23
2025-01-13,1,0.012836937367880275,0.012836937367880275,23
2025-01-14,1,0.018588953639180117,0.018588953639180117,23
2025-01-15,1,0.004562368320957244,0.004562368320957244,23
2025-01-16,1,0.004128835024969968,0.004128835024969968,23
2025-01-17,1,0.021381598038191507,0.021381598038191507,23
2025-01-21,-1,-0.004025780227674747,0.004025780227674747,24
2025-01-22,-1,0.01859341132081571,-0.01859341132081571,24
2025-01-23,-1,0.0007935932464118167,-0.0007935932464118167,24
2025-01-24,-1,0.00832676437505242,-0.00832676437505242,24
2025-01-27,-1,-0.0031458876423910986,0.0031458876423910986,24
2025-01-28,-1,0.001972356461860114,-0.001972356461860114,24
2025-01-29,-1,0.004724442560457787,-0.004724442560457787,24
2025-01-30,-1,-0.009796238068794594,0.009796238068794594,24
2025-01-31,-1,-0.0174119717485971,0.0174119717485971,24
2025-02-03,-1,0.014901362882411728,-0.014901362882411728,24
2025-02-04,-1,0.009126965685436694,-0.009126965685436694,24
2025-02-05,-1,0.016909174204306376,-0.016909174204306376,24
2025-02-06,-1,-0.006960568481337526,0.006960568481337526,24
2025-02-07,-1,0.00428351281325301,-0.00428351281325301,24
2025-02-10,-1,0.010856873569488501,-0.010856873569488501,24
2025-02-11,-1,0.011507523894169536,-0.011507523894169536,24
2025-02-12,-1,0.0015168375770091558,-0.0015168375770091558,24
2025-02-13,-1,0.0037864589946041693,-0.0037864589946041693,24
2025-02-14,-1,0.01848358230432323,-0.01848358230432323,24
2025-02-18,-1,-0.016296316076208073,0.016296316076208073,24
2025-02-19,-1,0.006024090761646228,-0.006024090761646228,24
2025-02-20,-1,-0.002994009197675007,0.002994009197675007,24
2025-02-21,-1,0.0018769198781816154,-0.0018769198781816154,24
2025-02-24,-1,0.021356301364508168,-0.021356301364508168,24
2025-02-25,-1,0.009170946364671195,-0.009170946364671195,24
2025-02-26,-1,-0.006906598781418527,0.006906598781418527,24
2025-02-27,-1,0.004392417297725437,-0.004392417297725437,24
2025-02-28,-1,0.01749269434745715,-0.01749269434745715,24
2025-03-03,-1,-0.0025071523865665135,0.0025071523865665135,24
2025-03-04,-1,0.03482941831483388,-0.03482941831483388,24
2025-03-05,-1,-0.010756400736466887,0.010756400736466887,24
2025-03-06,-1,0.017888468073921082,-0.017888468073921082,24
2025-03-07,-1,-0.03101308078337739,0.03101308078337739,24
2025-03-10,-1,-0.00035562690552570775,0.00035562690552570775,24
2025-03-11,-1,0.008182125124238881,-0.008182125124238881,24
2025-03-12,-1,-0.009174319953491383,0.009174319953491383,24
2025-03-13,-1,0.02635326827381612,-0.02635326827381612,24
2025-03-14,-1,0.01110338994492377,-0.01110338994492377,24
2025-03-17,-1,0.011324637289569894,-0.011324637289569894,24
2025-03-18,-1,-0.00237528661198505,0.00237528661198505,24
2025-03-19,-1,-0.01598637140995951,0.01598637140995951,24
2025-03-20,-1,-0.003110962725146882,0.003110962725146882,24
2025-03-21,-1,0.006934839177575647,-0.006934839177575647,24
2025-03-24,-1,0.014118451600767301,-0.014118451600767301,24
2025-03-25,-1,-0.014261462323032714,0.014261462323032714,24
2025-03-26,-1,0.003789138835726291,-0.003789138835726291,24
2025-03-27,-1,-0.00995192224615249,0.00995192224615249,24
2025-03-28,-1,-0.012478357212875157,0.012478357212875157,24
2025-03-31,-1,0.004563042090545144,-0.004563042090545144,24
2025-04-01,-1,0.007686907998021741,-0.007686907998021741,24
2025-04-02,-1,-0.031206644028034636,0.031206644028034636,24
2025-04-03,-1,-0.08339298064314238,0.08339298064314238,24
2025-04-04,1,-0.027723583557210274,-0.027723583557210274,24
2025-04-07,1,-0.00522084990996774,-0.00522084990996774,24
2025-04-08,1,0.08720225302761753,0.08720225302761753,24
2025-04-09,1,-0.008169373123283696,-0.008169373123283696,24
2025-04-10,1,0.025458642024854594,0.025458642024854594,24
2025-04-11,1,0.014238820945153607,0.014238820945153607,24
2025-04-14,1,0.017998559670315606,0.017998559670315606,24
2025-04-15,1,-0.000707229748163174,-0.000707229748163174,24
2025-04-16,1,0.009908021386332067,0.009908021386332067,24
2025-04-17,-1,-0.00665734155440223,0.00665734155440223,24
2025-04-21,-1,0.029276892858476344,-0.029276892858476344,24
2025-04-22,-1,0.006168619029927047,-0.006168619029927047,24
2025-04-23,-1,0.007833771711681647,-0.007833771711681647,24
2025-04-24,-1,0.005745186732588614,-0.005745186732588614,24
2025-04-25,-1,0.00638442649853288,-0.00638442649853288,24
2025-04-28,-1,0.007679450296406376,-0.007679450296406376,24
2025-04-29,-1,-0.009609042829519465,0.009609042829519465,24
2025-04-30,-1,-0.0036801172716325325,0.0036801172716325325,24
2025-05-01,-1,0.01746133439977471,-0.01746133439977471,24
2025-05-02,-1,0.00825082529026,-0.00825082529026,24
2025-05-05,-1,0.00032733974244103514,-0.00032733974244103514,24
2025-05-06,-1,-0.0029450312225361985,0.0029450312225361985,24
2025-05-07,-1,0.0006563983660776707,-0.0006563983660776707,24
2025-05-08,-1,0.009183361388895195,-0.009183361388895195,24
2025-05-09,-1,-0.0009749979265254449,0.0009749979265254449,24
2025-05-12,-1,0.0022771533944507816,-0.0022771533944507816,24
2025-05-13,-1,0.006491423771705529,-0.006491423771705529,24
2025-05-14,-1,0.006449495456776866,-0.006449495456776866,24
2025-05-15,-1,0.0016020873398248092,-0.0016020873398248092,24
2025-05-16,-1,0.015674976568472276,-0.015674976568472276,24
2025-05-19,-1,0.004724397434024308,-0.004724397434024308,24
2025-05-20,-1,-0.006583043479118755,0.006583043479118755,24
2025-05-21,-1,0.0018933248637185152,-0.0018933248637185152,24
2025-05-22,-1,-0.005039365272822338,0.005039365272822338,24
2025-05-23,-1,0.007280770532616998,-0.007280770532616998,24
2025-05-27,-1,-0.009428008797540799,0.009428008797540799,24
2025-05-28,-1,0.006979673545667975,-0.006979673545667975,24
2025-05-29,-1,0.0012602682991744718,-0.0012602682991744718,24
2025-05-30,-1,0.01258652013492112,-0.01258652013492112,24
2025-06-02,-1,-0.009944055058717649,0.009944055058717649,24
2025-06-03,-1,0.0,-0.0,24
2025-06-04,-1,0.006277487730947273,-0.006277487730947273,24
2025-06-05,-1,0.0065501895033481805,-0.0065501895033481805,24
2025-06-06,-1,-0.0015494030477621878,0.0015494030477621878,24
2025-06-09,-1,-0.013345756948621168,0.013345756948621168,24
2025-06-10,-1,0.0003145115207694449,-0.0003145115207694449,24
2025-06-11,-1,0.007232690180956958,-0.007232690180956958,24
2025-06-12,-1,-0.017795807572513755,0.017795807572513755,24
2025-06-13,-1,-0.0108073189807264,0.0108073189807264,24
2025-06-16,-1,-0.02249359717423116,0.02249359717423116,24
2025-06-17,-1,0.004602215295769874,-0.004602215295769874,24
2025-06-18,-1,-0.0045811319402823125,0.0045811319402823125,24
2025-06-20,1,0.0039448007538605,0.0039448007538605,24
2025-06-23,-1,0.02062865559530125,-0.02062865559530125,24
2025-06-24,1,-0.0038498825453857632,-0.0038498825453857632,24
2025-06-25,1,0.006763317133052782,0.006763317133052782,24
2025-06-26,-1,0.010556619363078612,-0.010556619363078612,24
2025-06-27,-1,0.0012661920856442688,-0.0012661920856442688,24
2025-06-30,-1,-0.004109995707108682,0.004109995707108682,24
2025-07-01,-1,0.0019047449505518177,-0.0019047449505518177,24
2025-07-02,-1,0.006654023934566489,-0.006654023934566489,24
2025-07-03,-1,-0.0028328659518762622,0.0028328659518762622,24
2025-07-07,-1,0.011047931526184662,-0.011047931526184662,24
2025-07-08,-1,0.014985936950662193,-0.014985936950662193,24
2025-07-09,-1,-0.008305034051249827,0.008305034051249827,24
2025-07-10,-1,-0.013957839314878484,0.013957839314878484,24
2025-07-11,-1,0.004089309752209003,-0.004089309752209003,24
2025-07-14,-1,-0.01629074111907225,0.01629074111907225,24
2025-07-15,-1,0.011783466360778094,-0.011783466360778094,25
2025-07-16,-1,0.0015737877349739637,-0.0015737877349739637,25
2025-07-17,-1,-0.0006285499043208187,0.0006285499043208187,25
2025-07-18,-1,0.006603744953173285,-0.006603744953173285,25
2025-07-21,-1,0.004686083528408158,-0.004686083528408158,25
2025-07-22,-1,0.02580851476967516,-0.02580851476967516,25
2025-07-23,-1,-0.008184311731633143,0.008184311731633143,25
2025-07-24,1,0.0024449270590736205,0.0024449270590736205,25
2025-07-25,-1,-0.01676826981261348,0.01676826981261348,25
2025-07-28,-1,0.007441912510598447,-0.007441912510598447,25
2025-07-29,-1,-0.009541439128224916,0.009541439128224916,25
2025-07-30,-1,-0.00341829115315051,0.00341829115315051,25
2025-07-31,-1,-0.01091363844091997,0.01091363844091997,25
2025-08-01,-1,0.019230849019702845,-0.019230849019702845,25
2025-08-04,-1,0.0037116896099120833,-0.0037116896099120833,25
2025-08-05,-1,0.01694912863264686,-0.01694912863264686,25
2025-08-06,-1,0.014242461233427983,-0.014242461233427983,25
2025-08-07,-1,0.0071705364510437075,-0.0071705364510437075,25
2025-08-08,-1,0.0002967112578498021,-0.0002967112578498021,25
2025-08-11,-1,0.007413997359125402,-0.007413997359125402,25
2025-08-12,-1,0.00735943453094845,-0.00735943453094845,25
2025-08-13,-1,0.006721202046514829,-0.006721202046514829,25
2025-08-14,-1,-0.0005805647988602614,0.0005805647988602614,25
2025-08-15,1,-0.0063898117558265355,-0.0063898117558265355,25
2025-08-18,-1,-0.001169275550945592,0.001169275550945592,25
2025-08-19,-1,0.00848700412840242,-0.00848700412840242,25
2025-08-20,-1,-0.0034822674136063547,0.0034822674136063547,25
2025-08-21,-1,0.011648268028582542,-0.011648268028582542,25
2025-08-22,-1,-0.015831981150960184,0.015831981150960184,25
2025-08-25,-1,-0.007604513950757896,0.007604513950757896,25
2025-08-26,-1,-0.01237848452298751,0.01237848452298751,25
2025-08-27,-1,0.0020890335132157656,-0.0020890335132157656,25
2025-08-28,-1,-0.004466989806420574,0.004466989806420574,25
2025-08-29,-1,-0.013760068210392329,0.013760068210392329,25
2025-09-02,-1,0.0006066259333685764,-0.0006066259333685764,25
2025-09-03,-1,0.011518558171702109,-0.011518558171702109,25
2025-09-04,1,-0.0017979490714463697,-0.0017979490714463697,25
2025-09-05,1,0.007204979101621101,0.007204979101621101,25
2025-09-08,-1,0.0005961388440682835,-0.0005961388440682835,25
2025-09-09,1,0.004170372085824603,0.004170372085824603,25
2025-09-10,1,0.011569249487997757,0.011569249487997757,25
2025-09-11,1,0.0,0.0,25
2025-09-12,1,0.009677473484496879,0.009677473484496879,25
2025-09-15,1,-0.01132731298842915,-0.01132731298842915,25
2025-09-16,-1,-0.0020563952097982785,0.0020563952097982785,25
2025-09-17,-1,0.0011774241799467067,-0.0011774241799467067,25
2025-09-18,-1,-0.0011760394826233478,0.0011760394826233478,25
2025-09-19,-1,0.002060632684980801,-0.002060632684980801,25
2025-09-22,-1,-0.0008813922792949569,0.0008813922792949569,25
2025-09-23,-1,-0.005292458081791573,0.005292458081791573,25
2025-09-24,-1,-0.007981094979303882,0.007981094979303882,25
2025-09-25,-1,0.01728241932728336,-0.01728241932728336,25
2025-09-26,-1,0.0005858365003292842,-0.0005858365003292842,25
2025-09-29,-1,0.00526932980034589,-0.00526932980034589,25
2025-09-30,-1,0.0029120114640872607,-0.0029120114640872607,25
2025-10-01,-1,-0.0037746010046920686,0.0037746010046920686,25
2025-10-02,-1,0.006703571350346049,-0.006703571350346049,25
2025-10-03,-1,-0.0069485139578819854,0.0069485139578819854,25
2025-10-06,-1,-0.00903782989764046,0.00903782989764046,25
2025-10-07,-1,0.008826102449138729,-0.008826102449138729,25
2025-10-08,-1,-0.01603963903108252,0.01603963903108252,25
2025-10-09,-1,-0.010077063890749027,0.010077063890749027,25
2025-10-10,-1,0.006886213524814444,-0.006886213524814444,25
2025-10-13,-1,0.008325862932021755,-0.008325862932021755,25
2025-10-14,-1,-0.006192836491229925,0.006192836491229925,25
2025-10-15,-1,-0.0020771422326256728,0.0020771422326256728,25
2025-10-16,-1,-0.011894187129781297,0.011894187129781297,25
2025-10-17,-1,0.003912159792539338,-0.003912159792539338,25
2025-10-20,-1,-0.008393248626320182,0.008393248626320182,25
2025-10-21,-1,0.004534392469133008,-0.004534392469133008,25
2025-10-22,-1,0.00451403936037531,-0.00451403936037531,25
2025-10-23,-1,0.005092814964217984,-0.005092814964217984,25
2025-10-24,1,0.011624423204684708,0.011624423204684708,25
2025-10-27,1,0.0029464435139858747,0.0029464435139858747,25
2025-10-28,1,0.0005875574978186915,0.0005875574978186915,25
2025-10-29,-1,-0.002642400145599133,0.002642400145599133,25
2025-10-30,-1,-0.0035326094280178078,0.0035326094280178078,25
2025-10-31,-1,-0.001181598305260101,0.001181598305260101,25
2025-11-03,-1,-0.00739426175230784,0.00739426175230784,25
2025-11-04,-1,0.01311080478855886,-0.01311080478855886,25
2025-11-05,-1,0.0011764975155101887,-0.0011764975155101887,25
2025-11-06,-1,0.00264395270761697,-0.00264395270761697,25
2025-11-07,-1,0.016700840228121905,-0.016700840228121905,25
2025-11-10,-1,0.009221893019840666,-0.009221893019840666,25
2025-11-11,-1,0.010279857385660174,-0.010279857385660174,25
2025-11-12,-1,-0.007348844781827513,0.007348844781827513,25
2025-11-13,-1,-0.013382614473235632,0.013382614473235632,25
2025-11-14,-1,-0.019047613805130093,0.019047613805130093,25
2025-11-17,-1,-0.014416053376579252,0.014416053376579252,25
2025-11-18,-1,-0.0026865717190415195,0.0026865717190415195,25
2025-11-19,-1,-0.013169668623720931,0.013169668623720931,25
2025-11-20,-1,0.01850168601050939,-0.01850168601050939,25
2025-11-21,-1,-0.0011912124284148007,0.0011912124284148007,25
2025-11-24,1,0.021765042406375557,0.021765042406375557,25
2025-11-25,1,0.014006406064333454,0.014006406064333454,25
2025-11-26,1,0.007194244604316502,0.007194244604316502,25
2025-11-28,1,-0.004857090541294684,-0.004857090541294684,25
2025-12-01,-1,0.010910055510797045,-0.010910055510797045,25
2025-12-02,-1,-0.002556096419428222,0.002556096419428222,25
2025-12-03,-1,0.0022779565343908903,-0.0022779565343908903,25
2025-12-04,-1,-0.0025568224612838586,0.0025568224612838586,25
2025-12-05,-1,0.001139302615550175,-0.001139302615550175,25
2025-12-08,-1,0.003413909720499264,-0.003413909720499264,25
2025-12-09,-1,0.017578648251712403,-0.017578648251712403,25
2025-12-10,-1,0.014488728520671179,-0.014488728520671179,25
2025-12-11,-1,-0.007964870001172408,0.007964870001172408,25
2025-12-12,-1,0.011351048159920829,-0.011351048159920829,25
2025-12-15,-1,-0.012044857416156018,0.012044857416156018,25
2025-12-16,-1,0.0022166255477746866,-0.0022166255477746866,25
2025-12-17,-1,0.009123634165345784,-0.009123634165345784,25
2025-12-18,-1,0.007671199432791154,-0.007671199432791154,25
2025-12-19,1,0.005165917556071209,0.005165917556071209,25
2025-12-22,-1,0.005680256357553315,-0.005680256357553315,25
2025-12-23,-1,0.003227512934368182,-0.003227512934368182,25
2025-12-24,-1,0.002412872772889152,-0.002412872772889152,25
2025-12-26,-1,-0.009093344694785399,0.009093344694785399,25
2025-12-29,-1,0.006207815032996278,-0.006207815032996278,25
2025-12-30,-1,-0.005096529853281462,0.005096529853281462,25
2025-12-31,-1,0.011862998784007317,-0.011862998784007317,25
2026-01-02,-1,0.0074607674687323655,-0.0074607674687323655,25
