Date,MLP,LSTM,BuyAndHold
2013-12-30,1.0,1.0,1.0
2013-12-31,1.0023753513644384,1.0023753513644384,1.0023753513644384
2014-01-02,0.9729216287181294,0.9729216287181294,0.9729216287181294
2014-01-03,0.9760094495763151,0.9698338078599438,0.9698338078599439
2014-01-06,0.9736190637984932,0.9722090686139925,0.9722090686139927
2014-01-07,0.9862263667905754,0.9847981137091524,0.9847981137091526
2014-01-08,0.9838476611949454,0.9871733744632011,0.9824228529551038
2014-01-09,0.9824203833924863,0.9857412720146993,0.9809976421364408
2014-01-10,0.9926489807889384,0.9960044452742842,0.9912114264775519
2014-01-13,0.9836097361903011,1.0050742453510533,0.9821852725134651
2014-01-14,0.9964549641870275,1.018199784231114,0.9950118980502638
2014-01-15,1.008110839385939,1.006289552420247,1.006650893210038
2014-01-16,1.0035911717157193,1.0017780501337288,1.0021377709227999
2014-01-17,0.9924111465260963,0.9906182231538248,0.9909739366463028
2014-01-21,1.0002609475851167,0.9984538424981035,0.9988123696229756
2014-01-22,0.9971685577173562,1.001540645550269,0.9957244581544005
2014-01-23,0.9959792049195412,1.0027352130681593,0.9945368277773761
2014-01-24,0.9595844830039518,1.0393768106580739,0.9581948127001697
2014-01-27,0.9607738358017667,1.0406650617080182,0.9570071823231453
2014-01-28,0.9476583018064556,1.0548711916898719,0.9700712976911929
2014-01-29,0.9309512711609902,1.073468364629724,0.9529691303087948
2014-01-30,0.9256143227085517,1.0796223336985964,0.9584323025314186
2014-01-31,0.9120799333086156,1.0638360297157599,0.9444180466175957
2014-02-03,0.9308904287447611,1.0418957566640508,0.9249406184811488
2014-02-04,0.9225233565262148,1.0512605720827248,0.9332542123410988
2014-02-05,0.9241669389115622,1.0531335147529155,0.9349169129910109
2014-02-06,0.9448292326297456,1.0766792109795253,0.9558195519461209
2014-02-07,0.9593867150007619,1.0932681755159521,0.9705463679640806
2014-02-10,0.9535167523192286,1.0865790653887795,0.964608125468569
2014-02-11,0.9687786015501016,1.1039706904787963,0.9800475015906653
2014-02-12,0.9685438424529901,1.1037031709835063,0.9798100117594164
2014-02-13,0.9779358185708523,1.114405788014071,0.9893112359963908
2014-02-14,0.9823969579641495,1.1194894749663429,0.9938242676732394
2014-02-18,0.9859189714004784,1.1235029818697346,0.9973872494147021
2014-02-19,0.9791097931934544,1.1157435896259613,0.9904988663734152
2014-02-20,0.9744138051345234,1.1210948981412436,0.9952494784919024
2014-02-21,0.9769718574567866,1.1240380208603145,0.9978622290772002
2014-02-24,0.9841811559471185,1.1323325541623879,1.005225682391375
2014-02-25,0.9853439231324109,1.1336703557742784,1.0064133127683994
2014-02-26,0.9799951231093065,1.1275163867054059,1.0009501405457755
2014-02-27,0.978134624642079,1.129656950938607,1.0028504216373262
2014-02-28,0.974891179675603,1.1334028362789885,1.0061758229371502
2014-03-03,0.9463532504569521,1.1665808674195624,0.9767221002908413
2014-03-04,0.9233388225620345,1.1382107094010274,1.0004750702728877
2014-03-05,0.9248733296237088,1.1363191043600924,1.0021377709227999
2014-03-06,0.9345188981535058,1.1481698556378723,1.0125891357055496
2014-03-07,0.9270655423006459,1.157327207651304,1.004513122287238
2014-03-10,0.9237772650974219,1.161432216952099,1.0009501405457755
2014-03-11,0.9294768508087321,1.168598102840942,0.9947744082190147
2014-03-12,0.9308085099794191,1.170272350434243,0.9933491974003517
2014-03-13,0.9552917225128473,1.201054220572398,0.9672209666642564
2014-03-14,0.9515381241519908,1.196334955192623,0.9710214382369683
2014-03-17,0.9354774592358589,1.1761424538570324,0.9874109549048401
2014-03-18,0.9444789606519453,1.1648251870865842,0.9969121791418145
2014-03-19,0.9314267921830881,1.1809224165771464,0.9831354130592406
2014-03-20,0.9372777938569481,1.1735041427051904,0.9893112359963908
2014-03-21,0.9422286282202634,1.179702758177867,0.9840855536050159
2014-03-24,0.9422286282202634,1.179702758177867,0.9840855536050159
2014-03-25,0.9556468041876237,1.1629027388149333,0.9980998095188389
2014-03-26,0.9558741926673086,1.1626260354506341,0.998337299350088
2014-03-27,0.9576936475303187,1.1604130396293324,1.0002375804416386
2014-03-28,0.9686101164392312,1.147185831846053,1.0116389951597742
2014-03-31,0.9702020960661738,1.1453003503281334,1.0133016958096863
2014-04-01,0.9799814490638964,1.1337560582062267,1.0235154801507975
2014-04-02,0.9779346057212014,1.1361240836848683,1.0213777092279976
2014-04-03,0.9767974898100115,1.1374451380427835,1.022565339605022
2014-04-04,0.9747554009670762,1.1350671998825412,1.0204275686822224
2014-04-07,0.9792933857908057,1.1297828816608932,1.0156769565637351
2014-04-08,0.9783772811710872,1.1308397654632203,1.0166270971095104
2014-04-09,0.9909498692036479,1.1163079659461785,1.0296912124775581
2014-04-10,0.9690049787612247,1.1410289500988682,1.006888383041287
2014-04-11,0.9644331047854091,1.146412452430588,1.0021377709227999
2014-04-14,0.9591754802336562,1.1401627641666463,1.0076009431454236
2014-04-15,0.9532965545928926,1.14715098712171,1.001425210818663
2014-04-16,0.9657328064813215,1.1321858028239467,1.0144893261867107
2014-04-17,0.970255103419561,1.1268840461110479,1.019239938305198
2014-04-21,0.9722901327289867,1.1292475915890134,1.0213777092279976
2014-04-22,0.980656325998564,1.1389643451406735,1.0301662827504459
2014-04-23,0.9768124296672263,1.1434287642768604,1.026128321346485
2014-04-24,0.9761340290603244,1.1426346478794076,1.0254156706319586
2014-04-25,0.9675417597588731,1.1526925132088235,1.0163896072782614
2014-04-28,0.9614366718305957,1.1454191432726661,1.0228029200466606
2014-04-29,0.9692513805480343,1.136108996045797,1.031116423296221
2014-04-30,0.9752799066331742,1.12904265303543,1.0375297360646205
2014-05-01,0.9772894153282208,1.1267163249598466,1.0396675069874202
2014-05-02,0.9701445144511521,1.134953676487602,1.0320665638419966
2014-05-05,0.9690281396592234,1.1336476507815716,1.033254194219021
2014-05-06,0.9745972668986442,1.1401628671653739,1.0273159517235093
2014-05-07,0.9822588442271363,1.1311997330888126,1.0353919651418206
2014-05-08,0.9845122139282334,1.1286046826910356,1.0377672258958694
2014-05-09,0.9779774074108339,1.1360959185860071,1.0308789334649722
2014-05-12,0.9680624603812449,1.1476139053697045,1.0413302076373323
2014-05-13,0.9643085247520953,1.1520641024429166,1.0372921556229817
2014-05-14,0.9634253201055871,1.1510089335397748,1.036342105687596
2014-05-15,0.9521635974532022,1.137554498505286,1.0242280402549342
2014-05-16,0.9486305261619777,1.1333335209845927,1.028028511827646
2014-05-19,0.9484112948305852,1.1330716042426527,1.0282660922692846
2014-05-20,0.9541075054442608,1.1398768948726998,1.0220902693321343
2014-05-21,0.9450165469793699,1.1290158824110574,1.0318289834003578
2014-05-22,0.9476270667730153,1.1321346831535364,1.0289786523734215
2014-05-23,0.9524396040059344,1.1263851214257259,1.0342043347647962
2014-05-27,0.964252149879453,1.1124152320362803,1.0470309603015948
2014-05-28,0.9614083702921203,1.1156959752836748,1.0439430488330197
2014-05-29,0.9644708636415469,1.1121420104859168,1.047268450132844
2014-05-30,0.9681895817239405,1.107853915572434,1.0513064115368047
2014-06-02,0.9668771322580065,1.1093556899224917,1.0498812913285314
2014-06-03,0.9708146475491795,1.104837944237248,1.0456057494829318
2014-06-04,0.9705940609917432,1.1045869051750958,1.045368169041293
2014-06-05,0.9564794658350854,1.120650054135601,1.06057014594253
2014-06-06,0.9650481015361284,1.1106106937465534,1.070071279569115
2014-06-09,0.962905963040204,1.1130759407298623,1.0676960188150662
2014-06-10,0.9646197392108199,1.1110948926353152,1.0657957377235154
2014-06-11,0.97364890198865,1.1006946735236605,1.055819533824043
2014-06-12,0.9754012910466141,1.0987136254291134,1.0539192527324923
2014-06-13,0.9769401189561939,1.1004469952810558,1.0522565520825802
2014-06-16,0.9776016767783059,1.1011921886694958,1.0515439919784435
2014-06-17,0.9764975580188164,1.10243589250327,1.052731622355468
2014-06-18,0.9881749613874989,1.0892524610659267,1.0653206674506277
2014-06-19,0.9939035591505169,1.0829379019487206,1.071496490387778
2014-06-20,0.96878608108644,1.055570388524981,1.0444181191059074
2014-06-23,0.972091047799627,1.0519693613574679,1.0408551373644446
2014-06-24,0.9780806650913146,1.0454875674026993,1.0344418245960454
2014-06-25,0.9792035878902803,1.0442872555395033,1.033254194219021
2014-06-26,0.984831194717236,1.0382856046455982,1.0273159517235093
2014-06-27,0.9834649236387882,1.0397260338281884,1.0287411625421723
2014-06-30,0.9825566000163641,1.0387657477064616,1.027791021996397
2014-07-01,0.9746089848764241,1.0471680223267588,1.0361045252459573
2014-07-02,0.97237470212221,1.0447673986003667,1.0337292644919085
2014-07-03,0.9658951628095956,1.051729335615999,1.0406176475331956
2014-07-07,0.9513439041908485,1.0358849809192063,1.0249406909694605
2014-07-08,0.9650133320630271,1.0210008207662153,1.0102137843411112
2014-07-09,0.957298667365917,1.0291630696450433,1.0182897977594225
2014-07-10,0.9724832580393967,1.0128385718873871,1.0021377709227999
2014-07-11,0.9731747325968138,1.0121184030850545,1.001425210818663
2014-07-14,0.9671732193627186,1.0183600797204289,1.0076009431454236
2014-07-15,0.9594213248110129,1.0101979224195257,0.9995250203375019
2014-07-16,0.9676292285083808,1.018840222781292,1.0080760134183113
2014-07-17,0.9477933090337517,0.9979545033123209,0.9874109549048401
2014-07-18,0.9589653156653505,1.009717779358662,0.9990499500646143
2014-07-21,0.9669453452521644,1.0013154131604398,0.9907363562046643
2014-07-22,0.9602223761430038,1.0082773501760718,0.9976247392459512
2014-07-23,0.9622799990089842,1.0104379481609946,0.999762510168751
2014-07-24,0.9702818172581981,1.018840222781292,1.0080760134183113
2014-07-25,0.9583933392784532,1.0063567779326181,0.9957244581544005
2014-07-28,0.9599937029282959,1.0046763230085587,0.9940617575044883
2014-07-29,0.9613699820332207,1.0032359854038935,0.992636637296215
2014-07-30,0.9599896633469552,1.0017955562213032,0.9912114264775519
2014-07-31,0.9823043327819847,0.978509121448015,0.9681710165996421
2014-08-01,0.9917032068254018,0.9691465607059909,0.9589073728043064
2014-08-04,0.9865444118276403,0.9741880170560944,0.9638955653644322
2014-08-05,1.0042915951667775,0.9566631158573172,0.9465558175403954
2014-08-06,1.0042915951667775,0.9566631158573172,0.9465558175403954
2014-08-07,1.0191606595853353,0.942499216084584,0.9325415616265724
2014-08-08,1.0342170802162598,0.956423090115848,0.9463183277091465
2014-08-11,1.0334383339859476,0.9557029213135154,0.9456057676050097
2014-08-12,1.0386302065837398,0.9509015822828063,0.9408551554865225
2014-08-13,1.0302393622509791,0.958583688100771,0.9484560986319462
2014-08-14,1.0359156436328814,0.9638651701923435,0.9536817810233211
2014-08-15,1.0310133648308666,0.9593038569031036,0.9491686587360829
2014-08-18,1.03875368590031,0.9665058196602048,0.9562945316086189
2014-08-19,1.0413338585391392,0.9689065349645218,0.9586698829730573
2014-08-20,1.0483001770286948,0.9624247410097533,0.952256570204658
2014-08-21,1.0354872849277716,0.9741880170560946,0.9638955653644322
2014-08-22,1.0260458575698053,0.965305507797009,0.9551069012315946
2014-08-25,1.0109907164031364,0.9794694075697423,0.9691211571454176
2014-08-26,1.0189200479415856,0.9717873017517776,0.9767221002908413
2014-08-27,1.020902428088742,0.9698966216555883,0.978622381382392
2014-08-28,1.0129730965502928,0.9774297919758184,0.9710214382369683
2014-08-29,1.0134686915870816,0.9779079975227993,0.9705463679640806
2014-09-02,1.0132206987899461,0.9781472887230703,0.9707838577953296
2014-09-03,1.0248726434368405,0.9893958923869338,0.9819477826822162
2014-09-04,1.0280955398528322,0.9862845589973745,0.9850356941507913
2014-09-05,1.0335495631283584,0.9810523420170014,0.9902612859317765
2014-09-08,1.0206580720357232,0.9932890338794025,0.9779097306678656
2014-09-09,1.023137164927205,0.990876418087156,0.9755344699138169
2014-09-10,1.0208950782058506,0.9930478091143351,0.9776722408366166
2014-09-11,1.0246155791791463,0.9966668248380978,0.9741092590951538
2014-09-12,1.0261145900487858,0.9952087029490687,0.9726841388868803
2014-09-15,1.0251122573925417,0.9961808460141983,0.9736342794326557
2014-09-16,1.0278631492901227,0.9988541003803065,0.9762470300179535
2014-09-17,1.0236116928474732,1.0029855693441094,0.9722090686139927
2014-09-18,1.0148586381707592,0.9944088916940111,0.9805225718635531
2014-09-19,1.0079749369050213,1.0011538840396972,0.9738717692639047
2014-09-22,1.005024792617333,1.0040840644479179,0.9710214382369683
2014-09-23,1.0200215079034582,1.0190667424360362,0.9565321120502576
2014-09-24,1.0103962469623673,1.0094504909782653,0.9655582660143444
2014-09-25,1.0300325060074622,1.0290683699971546,0.9467933979820341
2014-09-26,1.0370096571332768,1.0220977496580974,0.9532067107504334
2014-09-29,1.0243473979990423,1.0096175702521832,0.9415677155906592
2014-09-30,1.0227968871122266,1.0111457852281323,0.9429929264093223
2014-10-01,1.011976314991442,1.0004484747146247,0.9330166318994602
2014-10-02,0.997033741836244,0.9856761185833887,0.9192399564272759
2014-10-03,1.0006405664503055,0.9821103807985754,0.9159145551274517
2014-10-06,0.9967480926604315,0.9859307724998462,0.9194774462585249
2014-10-07,0.9738313989099308,0.9632627847314753,0.8983373174721658
2014-10-08,0.9542620189661984,0.9826197857905584,0.9163896254003393
2014-10-09,0.9243330465785556,0.9518014153095273,0.887648462858167
2014-10-10,0.909987011020825,0.9370290591782913,0.8738717873859827
2014-10-13,0.9082555945630837,0.938811928070698,0.8755344880358947
2014-10-14,0.9119516406318979,0.9426323197719688,0.879097379166968
2014-10-15,0.8991385681305792,0.9293881786166818,0.8667459145134466
2014-10-16,0.9126910190398045,0.9153797842348186,0.8536817085350094
2014-10-17,0.891867246483362,0.9362649031107828,0.8731591366714563
2014-10-20,0.8947787406088084,0.9393213330626808,0.8760095583087825
2014-10-21,0.9083653429870748,0.953584284201934,0.889311163508079
2014-10-22,0.8947787406088084,0.9393213330626808,0.8760095583087825
2014-10-23,0.877795395084188,0.9571501191458148,0.8926366554182928
2014-10-24,0.8819997613102373,0.9525656685361034,0.8969121066535027
2014-10-27,0.8735909397542663,0.9616472523169938,0.8883611135726933
2014-10-28,0.8586418048495987,0.9451912729204659,0.9035629998635407
2014-10-29,0.8441956897653567,0.9610935290511488,0.8883611135726933
2014-10-30,0.8399070262577342,0.9562110038316709,0.8928741452495419
2014-10-31,0.8247131706616675,0.9389132179370567,0.9090261720861647
2014-11-03,0.8148002545676216,0.9501987997370096,0.8980998276409168
2014-11-04,0.8212652784783586,0.957738141957163,0.8909738641579912
2014-11-05,0.8164484463836846,0.9521208780335984,0.8961995465493661
2014-11-06,0.8157992956535627,0.9528779006795197,0.8954869864452294
2014-11-07,0.8099566914410378,0.9597022365991432,0.8890736736768301
2014-11-10,0.8047633205057775,0.953548710423329,0.894774335730703
2014-11-11,0.8101041975938019,0.9472204070202682,0.9007125782262146
2014-11-12,0.7962179660621284,0.9634569873545978,0.8852732021041182
2014-11-13,0.7923725280391253,0.9588038467692066,0.8895487439497177
2014-11-14,0.791103091024156,0.9572677749720233,0.8909738641579912
2014-11-17,0.7870958522764983,0.9524188487533355,0.8954869864452294
2014-11-18,0.8023366904788887,0.9339767981024862,0.9128266436588766
2014-11-19,0.8025454341725028,0.9337338056419652,0.9130641334901256
2014-11-20,0.7964909113444835,0.9407780331720634,0.9061758410592282
2014-11-21,0.7837554753220674,0.9257355282519095,0.9206650766355492
2014-11-24,0.7940680910084957,0.9135547460682678,0.9327791420682111
2014-11-25,0.7993254469656808,0.9075062943789967,0.9389548743949718
2014-11-26,0.8027630112398118,0.9036034895478122,0.9429929264093223
2014-11-28,0.8011453157846995,0.905424394644084,0.9410926453177716
2014-12-01,0.8023585102400688,0.9067955015253149,0.9396675251094981
2014-12-02,0.8045895497441968,0.9093169387136152,0.9370546839138106
2014-12-03,0.8074448613716562,0.9060899725804108,0.9337292826139865
2014-12-04,0.8136070570998468,0.8991749446627072,0.9266033191310609
2014-12-05,0.8035959282755418,0.9102389541597401,0.938004824459586
2014-12-08,0.7954561565906101,0.9194589327645232,0.9285036002226116
2014-12-09,0.7885373739464028,0.9114615887835066,0.9204275868043003
2014-12-10,0.7985085903791134,0.8999359705031987,0.908788591644526
2014-12-11,0.8001781958698888,0.898054290010588,0.9068884011633649
2014-12-12,0.8205075259005278,0.8752383195913878,0.8838479912854552
2014-12-15,0.8370455710380292,0.8575971275504166,0.8660332637989203
2014-12-16,0.828551079319013,0.8663001802279371,0.8748219279317581
2014-12-17,0.8157280046820767,0.8528928814550185,0.8883611135726933
2014-12-18,0.8340491710041964,0.8337369958578587,0.908313611982028
2014-12-19,0.8185633628590385,0.8492170078406414,0.8914489344308789
2014-12-22,0.8133287082518561,0.85464769033181,0.8971496870951414
2014-12-23,0.8156974308687436,0.8521586311199314,0.8997625282908289
2014-12-24,0.8189274399552544,0.8487842425078028,0.9033254194219021
2014-12-26,0.8197888085695103,0.847891469752733,0.9042755599676775
2014-12-29,0.8133287082518562,0.8545730246798412,0.8971496870951414
2014-12-30,0.8260336078059167,0.8412238531456121,0.8831354311813184
2014-12-31,0.8331430887161588,0.833983633294189,0.8755344880358947
2015-01-02,0.8338211482719716,0.8333048896550646,0.8748219279317581
2015-01-05,0.8693655974714394,0.7977824477268449,0.8375296816983866
2015-01-06,0.8792278852117162,0.7887322160676805,0.8280285480718018
2015-01-07,0.8688869990250927,0.7980087531467056,0.8377672621400253
2015-01-08,0.8819436773027608,0.7860171552009539,0.8503563072351853
2015-01-09,0.8686405934106801,0.7978733002421335,0.8375296816983866
2015-01-12,0.8642062321133199,0.8019463984943102,0.8418052235439861
2015-01-13,0.8683517394335382,0.7980995451138952,0.8458432755583367
2015-01-14,0.8710341101075157,0.7956341860692702,0.8484561167540241
2015-01-15,0.8688394516489517,0.7976388668000443,0.8463183458312243
2015-01-16,0.8500629499527025,0.7804010819514844,0.8646081435906469
2015-01-20,0.8573024397353881,0.773754861622156,0.871971506294432
2015-01-21,0.865709669625273,0.7661669501704151,0.880522589985631
2015-01-22,0.8692127117747458,0.7630667016527547,0.8840855717270938
2015-01-23,0.8626737057014673,0.7688071812026178,0.8774346785170558
2015-01-26,0.8465598187171672,0.7544466275555772,0.8938242857953173
2015-01-27,0.8438601243108833,0.7568525713474028,0.8909738641579912
2015-01-28,0.864332334887316,0.7752139617835153,0.8693586650987445
2015-01-29,0.8407166963375367,0.7540332515621296,0.8931116350807909
2015-01-30,0.8248414806746595,0.768271627625882,0.8762470481400315
2015-02-02,0.8100842223284527,0.7545264618521352,0.8919240047037665
2015-02-03,0.8299318683098716,0.7360400209541641,0.9137767842046519
2015-02-04,0.8122416198787709,0.75172893630143,0.894299356068205
2015-02-05,0.7986503856451239,0.7391502604450907,0.9092636619174137
2015-02-06,0.7792474304187924,0.757107679193925,0.8871733925852793
2015-02-09,0.785923707530272,0.7635942718629714,0.8795724494398557
2015-02-10,0.7746749465957882,0.752665107450665,0.8921615851454052
2015-02-11,0.7697249124996399,0.7574745026185792,0.8864608324811426
2015-02-12,0.7488936206375914,0.7369747472048358,0.9104513829048277
2015-02-13,0.7522150539316558,0.7337061755482007,0.9144893443087886
2015-02-17,0.75377813397481,0.7321815563923568,0.9163896254003393
2015-02-18,0.7545595994646284,0.7314224807535015,0.9173396753357251
2015-02-19,0.7545595994646284,0.7314224807535015,0.9173396753357251
2015-02-20,0.7660870539217345,0.7202484935140947,0.9313539312495481
2015-02-23,0.7608117705737274,0.725208132062758,0.9249406184811488
2015-02-24,0.7520196316603823,0.7168274380661667,0.9356294730951477
2015-02-25,0.7510650642975949,0.7177373346278,0.9344418427181233
2015-02-26,0.7466739961657158,0.7219335536865195,0.9289786704954993
2015-02-27,0.7438102940773538,0.7191647380642169,0.9325415616265724
2015-03-02,0.7453259891366395,0.7176992643419843,0.9344418427181233
2015-03-03,0.7381265821496689,0.7246318135534141,0.9254156887540365
2015-03-04,0.7396422049366363,0.7261197270296971,0.9235154982728754
2015-03-05,0.7375495842640633,0.7240653646076992,0.9261283394685628
2015-03-06,0.7222272926404123,0.7391075270708162,0.9068884011633649
2015-03-09,0.7192006751523118,0.7360101700617215,0.9106888727360768
2015-03-10,0.7372088125271296,0.7544392020546733,0.8878860432998057
2015-03-11,0.7318838603826118,0.7598886114738553,0.894299356068205
2015-03-12,0.7262465645246184,0.754035610534938,0.9011876484991024
2015-03-13,0.7210782220900223,0.7594017140505881,0.894774335730703
2015-03-16,0.7084444474582234,0.7727069419945255,0.9104513829048277
2015-03-17,0.7053023406067991,0.7761340671350995,0.9064133308904773
2015-03-18,0.7165768390337615,0.7885408348646638,0.9209026570771879
2015-03-19,0.7058568010192214,0.8003374591278267,0.9071258909946139
2015-03-20,0.6855257163211422,0.8233899092070465,0.9332542123410988
2015-03-23,0.688666333151591,0.8196176915566937,0.9375297541866984
2015-03-24,0.6921558482447704,0.8154646377951786,0.9422802756947959
2015-03-25,0.6872704738677319,0.8212203502650915,0.9356294730951477
2015-03-26,0.6932027427076646,0.828308825734116,0.9275534596768362
2015-03-27,0.6898298818606159,0.8242785900823196,0.9320665819640744
2015-03-30,0.6873687259408714,0.8213377517903803,0.9353919832638986
2015-03-31,0.6775940326944598,0.8330175449966526,0.9220902874542123
2015-04-01,0.6716594093992546,0.8257216641457051,0.9301663008725237
2015-04-02,0.6646272271612661,0.8170764711522485,0.9399050149407472
2015-04-06,0.671681681443385,0.808403897452014,0.9498813094506092
2015-04-07,0.667482621345539,0.8134576850459222,0.9439430669550977
2015-04-08,0.6656350246508752,0.8157093417663773,0.9413302257594102
2015-04-09,0.667314687133557,0.8177677015692688,0.9389548743949718
2015-04-10,0.665626526290243,0.8156989273622359,0.9413302257594102
2015-04-13,0.6694896045698518,0.8204329766894998,0.9358670535367862
2015-04-14,0.6669408252689318,0.8173095486713426,0.9394299446678595
2015-04-15,0.6691330634820081,0.8146230476256361,0.9425178561364346
2015-04-16,0.6667722212501381,0.8174972091322896,0.9391924548366104
2015-04-17,0.6784078927188202,0.8317631438081425,0.922802847558349
2015-04-20,0.6761377832172716,0.828979872215842,0.9258907590269242
2015-04-21,0.6730155408173426,0.8251518416428363,0.9301663008725237
2015-04-22,0.6745623105212138,0.8232554220323817,0.9323040717953235
2015-04-23,0.6764528141104493,0.8209481965827309,0.9349169129910109
2015-04-24,0.6733592747027066,0.8171938540109084,0.9391924548366104
2015-04-27,0.6825553955018717,0.8060333730015133,0.952019080373409
2015-04-28,0.6823850608776512,0.8062345220842165,0.9517814999317704
2015-04-29,0.6730186704178902,0.8173008653688529,0.9387173845637228
2015-04-30,0.6713157139574336,0.8152328279577178,0.9410926453177716
2015-05-01,0.6650464392304211,0.8076195419006744,0.9498813094506092
2015-05-04,0.6622192522052082,0.8110528231807188,0.9458432574362587
2015-05-05,0.6748582658671884,0.8265324512323543,0.9277910401184749
2015-05-06,0.6657012242764887,0.8153173673920873,0.9403800852136348
2015-05-07,0.6625064195802641,0.8192302034501682,0.9358670535367862
2015-05-08,0.6468685731708961,0.7998930382290589,0.9579573228689207
2015-05-11,0.6386884507012888,0.8100082660924649,0.9458432574362587
2015-05-12,0.6361221509665008,0.8132629421339161,0.942042785863547
2015-05-13,0.6345182365767879,0.8112123860677156,0.9444180466175957
2015-05-14,0.6480831756149055,0.7938700215308961,0.964608125468569
2015-05-15,0.6479235544350544,0.794065549627062,0.9643705450269303
2015-05-18,0.6517536104644776,0.7987594915671078,0.9586698829730573
2015-05-19,0.6504617622186286,0.7971762612919417,0.9605700734542185
2015-05-20,0.6523919600589735,0.7948106988756798,0.9634204950915446
2015-05-21,0.6548046153225059,0.7918713551474387,0.9669833862226178
2015-05-22,0.6477274073150388,0.8004299971673534,0.9565321120502576
2015-05-26,0.6644554204504327,0.8211016614436598,0.9318290015224358
2015-05-27,0.6539542311623527,0.8081248029424053,0.9465558175403954
2015-05-28,0.6552670302410152,0.8097470961338744,0.9446556270592343
2015-05-29,0.6674596049616837,0.8248140864123648,0.9270783894039486
2015-06-01,0.6681436031670287,0.8239688347287341,0.9261283394685628
2015-06-02,0.6612891302123619,0.8155157535851516,0.9356294730951477
2015-06-03,0.6713621182257201,0.8030935315414746,0.9498813094506092
2015-06-04,0.6614570485690666,0.8149421258466596,0.9358670535367862
2015-06-05,0.6513840605557083,0.8025317928053949,0.9216152171813247
2015-06-08,0.6527270871989028,0.8008771290747091,0.9197150267001635
2015-06-09,0.655255755999925,0.7977745260887751,0.9161520449587007
2015-06-10,0.6365681662290673,0.8205266849773863,0.9422802756947959
2015-06-11,0.638493801012534,0.8180445710276504,0.9451306973321221
2015-06-12,0.6295076889949972,0.8295576665955868,0.9318290015224358
2015-06-15,0.6376914225796496,0.8187732408368443,0.9197150267001635
2015-06-16,0.6390089969558342,0.8170815219210271,0.9178147456086128
2015-06-17,0.6419857520355183,0.8132752350260362,0.9135392037630132
2015-06-18,0.630134235991834,0.8282888774087239,0.9304037907037727
2015-06-19,0.6140470706753083,0.8071428749545955,0.9066508207217262
2015-06-22,0.5903989180223624,0.8382275243751556,0.9415677155906592
2015-06-23,0.5890584540080361,0.8401306678226511,0.9394299446678595
2015-06-24,0.5841434571662898,0.8471405656535143,0.9315915116911867
2015-06-25,0.5831008803569444,0.8456285927003453,0.9332542123410988
2015-06-26,0.5854754298532288,0.8421849571023144,0.9370546839138106
2015-06-29,0.5590585030166237,0.880184738579461,0.894774335730703
2015-06-30,0.5626202989541875,0.874577027741934,0.8890736736768301
2015-07-01,0.5591631146058765,0.8799511210999627,0.894536845899454
2015-07-02,0.55693594198915,0.8834560072231344,0.8909738641579912
2015-07-06,0.5365946548711669,0.8511890426690981,0.8584323206534966
2015-07-07,0.5352583626290015,0.8533087755140106,0.8605700915762964
2015-07-08,0.5420543427525628,0.842474625349274,0.8496437471310485
2015-07-09,0.5291735667298052,0.8624942545600195,0.8698337353716322
2015-07-10,0.5582188979856044,0.8151535843055837,0.9175772557773637
2015-07-13,0.5573518542488705,0.8164197073485313,0.9161520449587007
2015-07-14,0.5611089886508228,0.8109161846715592,0.922327867895851
2015-07-15,0.5592304214498466,0.8136310949262098,0.9192399564272759
2015-07-16,0.5535947749708124,0.8054317247927579,0.9285036002226116
2015-07-17,0.5511871973419601,0.8089345385653071,0.9244655482082611
2015-07-20,0.5496293625275186,0.8066482256885597,0.9270783894039486
2015-07-21,0.5486436108276296,0.8080949367158387,0.9254156887540365
2015-07-22,0.5508967652444384,0.8114135986667462,0.9216152171813247
2015-07-23,0.5511807391542856,0.8109953346531351,0.9211401469084369
2015-07-24,0.5568659129822646,0.8026302937080223,0.9116390132818522
2015-07-27,0.5622343838407118,0.794892529119771,0.9028503491490144
2015-07-28,0.5560218195967563,0.8036759138541986,0.9128266436588766
2015-07-29,0.5564558548743487,0.8030485577216335,0.9135392037630132
2015-07-30,0.554140908072714,0.8063893702478577,0.9097387321903014
2015-07-31,0.5500897097753394,0.8004940407455998,0.9163896254003393
2015-08-03,0.5526561745889363,0.7967593048424203,0.9206650766355492
2015-08-04,0.5493767454693814,0.8014872275287451,0.9152019044129254
2015-08-05,0.5559356581000312,0.791918412060498,0.9261283394685628
2015-08-06,0.5570763030847921,0.7902935877631257,0.928028529949724
2015-08-07,0.5565059533966417,0.7911027115740507,0.9270783894039486
2015-08-10,0.5485212209371558,0.7797519911346047,0.9403800852136348
2015-08-11,0.539792527990897,0.7921602908412585,0.9254156887540365
2015-08-12,0.5454730941949827,0.7838239046502155,0.915676974685813
2015-08-13,0.5501424857027168,0.7771141682344639,0.9078385417091402
2015-08-14,0.5515819285595814,0.7750808560153495,0.9054631903447019
2015-08-17,0.553897065675994,0.7718276340276968,0.90166271877199
2015-08-18,0.5588582113922712,0.7649145276085686,0.8935867053536787
2015-08-19,0.5634633332968558,0.75861145363664,0.8862233426498936
2015-08-20,0.5778104406894494,0.7392954141511703,0.8636580030448715
2015-08-21,0.5889344160064862,0.7250625388690911,0.8470309059353611
2015-08-24,0.6052845579820363,0.7049331744959757,0.8235154257845636
2015-08-25,0.5995232362920306,0.7116429884746577,0.831353949371626
2015-08-26,0.6130553478791912,0.7277058059724747,0.8501188174039362
2015-08-27,0.6202495953501289,0.7362454846039639,0.8600950213034088
2015-08-28,0.614425652726721,0.7431585910230921,0.8520190078850973
2015-08-31,0.6161385501218452,0.7410868116156433,0.8496437471310485
2015-09-01,0.6319855918064009,0.7220261091271767,0.8277909676301631
2015-09-02,0.6230996803484155,0.7321780179036401,0.8394299627899374
2015-09-03,0.6234523198160318,0.7325923895917936,0.8389548925170497
2015-09-04,0.6096841416561216,0.7164139871415943,0.8204276049263781
2015-09-08,0.5918561178166296,0.7373629421316517,0.8444180647396736
2015-09-09,0.5871945427374582,0.7431705575501178,0.8377672621400253
2015-09-10,0.5926885328651678,0.750123911863239,0.845605695116698
2015-09-11,0.5915231390953749,0.7515988682441767,0.843942994466786
2015-09-14,0.5970171292230846,0.7585796209640892,0.8361045614901133
2015-09-15,0.5924377288057783,0.7643982812047486,0.8425178742585125
2015-09-16,0.5999538032577444,0.7547005963458335,0.8532066382621217
2015-09-17,0.6052986621770086,0.747977131652636,0.8608076720179351
2015-09-18,0.5817481383972193,0.7770788864167539,0.8273159879676651
2015-09-21,0.582750311391141,0.7784175541712554,0.825890777149002
2015-09-22,0.6011865112157151,0.8030439873024512,0.7997624558025171
2015-09-23,0.6026148964540147,0.8011360000875543,0.7978622653213561
2015-09-24,0.6053059697965223,0.7975583989591304,0.7942992835798932
2015-09-25,0.5993325222311973,0.8054290850487925,0.8021378071669556
2015-09-28,0.588861504322579,0.7913573267829953,0.7881235512531326
2015-09-29,0.5913461411650857,0.794696372645697,0.7914489525529568
2015-09-30,0.5819399966323744,0.8073370722636896,0.8040379976481167
2015-10-01,0.5800489615429173,0.8099605433114008,0.8014252470628189
2015-10-02,0.5896762877483034,0.7965172740687342,0.8147268522621156
2015-10-05,0.6034296577425987,0.7779396290035985,0.8337292101256748
2015-10-06,0.6084152748596686,0.7715121869966598,0.8406175931669618
2015-10-07,0.6140885768717635,0.7643180519647057,0.8484561167540241
2015-10-08,0.617183093318135,0.7604664988319118,0.8527316585996236
2015-10-09,0.6206213866307779,0.7562299814908982,0.8574821801077213
2015-10-12,0.6190741284075921,0.7581153226710233,0.8553444091849215
2015-10-13,0.6252630957190941,0.7656943034991006,0.8467934161041121
2015-10-14,0.6226322954601902,0.7624726376344776,0.8503563072351853
2015-10-15,0.6302848020506724,0.7531014133547482,0.8608076720179351
2015-10-16,0.631328277425682,0.751854607502594,0.8622327922262085
2015-10-19,0.6302848020506724,0.7530972918501343,0.8608076720179351
2015-10-20,0.6325457759383218,0.7557988218667121,0.8577197605493599
2015-10-21,0.6330712702835671,0.7564267100325051,0.8570072004452232
2015-10-22,0.6414934960185318,0.7664900264439366,0.8684086151633588
2015-10-23,0.6485119839973856,0.758103969422475,0.8779097487899435
2015-10-26,0.6465818780496833,0.7603602438113305,0.875296907594256
2015-10-27,0.651494826328271,0.7661377186799541,0.8686461049946078
2015-10-28,0.6479318111955363,0.7619477233413877,0.873396717113095
2015-10-29,0.6444075562333778,0.766092137920966,0.8686461049946078
2015-10-30,0.6435265092977313,0.7671395544573011,0.8698337353716322
2015-11-02,0.6510829430349752,0.7581316284018517,0.8800475197127433
2015-11-03,0.648974191095935,0.7605870936517749,0.8771971886858069
2015-11-04,0.6560034536074227,0.7688252738713909,0.8676959644488325
2015-11-05,0.6542076187039004,0.7709299628847427,0.8700713158132708
2015-11-06,0.6526002262990238,0.772824142853921,0.867933544890471
2015-11-09,0.6611729630816807,0.7626721115045887,0.8565321301723355
2015-11-10,0.6639232944614678,0.759499566409909,0.8529691484308727
2015-11-11,0.6620744691576053,0.7616145426855799,0.8553444091849215
2015-11-12,0.6538008922479437,0.7711320166072724,0.8446556451813123
2015-11-13,0.6606037076727828,0.7631083677573504,0.8358669810484746
2015-11-16,0.6545965183262452,0.7700476816058828,0.8434679241938983
2015-11-17,0.6568086665609736,0.7726499863414422,0.8463183458312243
2015-11-18,0.6632605897772086,0.765060137670593,0.8546318490807848
2015-11-19,0.665288357165365,0.7627211414735356,0.8572446902764722
2015-11-20,0.6616015137615069,0.7669479303225186,0.8524940781579851
2015-11-23,0.6575459789851941,0.7622466351495977,0.8472683957666101
2015-11-24,0.6592049846802068,0.7603234669619234,0.8451307154541999
2015-11-25,0.6549436907815646,0.7652384203164269,0.8505938876768239
2015-11-27,0.6600647024234073,0.7592550130183897,0.8572446902764722
2015-11-30,0.6606133623083046,0.7586239040278303,0.857957250380609
2015-12-01,0.6624423448722134,0.7565235682305296,0.8603326017450473
2015-12-02,0.6532976413583222,0.7669670185719683,0.8484561167540241
2015-12-03,0.6595160425385103,0.7596666575856084,0.8403801033357128
2015-12-04,0.6516868870299236,0.768684707205802,0.8503563072351853
2015-12-07,0.653507213725357,0.7708318384750458,0.8479810464811365
2015-12-08,0.6637583321937269,0.7829233476878575,0.8346793506714502
2015-12-09,0.6667805642288475,0.7864881632354165,0.8308788790987384
2015-12-10,0.6686867117379686,0.7887365227913645,0.8285036183446896
2015-12-11,0.6809561806104776,0.7742643072603465,0.8133017320538422
2015-12-14,0.6821494721988167,0.7729075047063602,0.8118765212351791
2015-12-15,0.6743660352347668,0.7817265056542488,0.8211401650305149
2015-12-16,0.6866556310186553,0.767480380751624,0.8361045614901133
2015-12-17,0.6802181988985191,0.7746755490884736,0.8282660379030509
2015-12-18,0.6671483691966157,0.7597907995813152,0.8123515915080668
2015-12-21,0.664612404323747,0.762678916928866,0.8154395029766419
2015-12-22,0.6686778860887642,0.7580135552697013,0.8204276049263781
2015-12-23,0.6799063700851039,0.7452849407133878,0.8342042803985625
2015-12-24,0.6781640102071375,0.7471948427756218,0.8320665094757628
2015-12-28,0.6768088496187984,0.7457017393559483,0.8304038088258506
2015-12-29,0.6704201721160172,0.7527407252212948,0.838242332412913
2015-12-30,0.6630111766172893,0.7610594675217706,0.8289786886175772
2015-12-31,0.6719400032283389,0.7508102164293984,0.8178147637306907
2016-01-04,0.6861867615907902,0.7348912181882794,0.8004751065170436
2016-01-05,0.6922952334097188,0.7283491766515495,0.7933492336445075
2016-01-06,0.7041098457972677,0.7159192727757913,0.7798100480035722
2016-01-07,0.7139755951830765,0.7058880536871291,0.7688836129479347
2016-01-08,0.7212542648745341,0.6986918329526977,0.761045179971262
2016-01-11,0.7172022678683845,0.7026170745120499,0.7653207218168615
2016-01-12,0.726106031205839,0.711339768832166,0.7748218554434464
2016-01-13,0.7109695825841325,0.6965111385760259,0.7586698739120183
2016-01-14,0.7196508303830365,0.7050158424857177,0.767933563012549
2016-01-15,0.6958330915057309,0.6816824667266,0.7425178470753956
2016-01-19,0.69004560712536,0.6873522554686327,0.7486936247073511
2016-01-20,0.6753777580547418,0.6727416572162025,0.7327791330071721
2016-01-21,0.6683722256788526,0.6797198459469239,0.7403800761525958
2016-01-22,0.651432431194153,0.6969472441767317,0.7591448988797113
2016-01-25,0.642464052491715,0.7065422328848308,0.7486936247073511
2016-01-26,0.656528116815673,0.7220090210612997,0.7650831413752229
2016-01-27,0.6512286379810488,0.7278370601467855,0.7589074090484622
2016-01-28,0.6516363021612495,0.7273814396762788,0.7584323387755746
2016-01-29,0.6434729600788401,0.736493675284975,0.767933563012549
2016-02-01,0.6406864376161561,0.7396830185785221,0.7646080711023352
2016-02-02,0.6597935646675759,0.717623526471363,0.7418052416660641
2016-02-03,0.6507089845100777,0.7275043570799794,0.7520190260071753
2016-02-04,0.6478315725988578,0.7242873587714308,0.7553444273069995
2016-02-05,0.6586287408663092,0.7363587872374303,0.7427553822118395
2016-02-08,0.6735832356668037,0.753078181596924,0.7258907499658852
2016-02-09,0.6801956198398472,0.7604709461216027,0.7187648770933491
2016-02-10,0.6774982389001217,0.7634866665635639,0.7216152081202857
2016-02-11,0.6672398920194423,0.751926324979359,0.7106888636750378
2016-02-12,0.6583195811372434,0.7619788063425832,0.7201900426068174
2016-02-16,0.6704785065187369,0.7760522802510973,0.7334916931113089
2016-02-17,0.6852429366170965,0.75896303796661,0.7496437199479317
2016-02-18,0.6793806234770593,0.7654560330089805,0.7432304524847272
2016-02-19,0.6769922476043563,0.7681470086678047,0.7406176112890397
2016-02-22,0.6685244297474527,0.7777549901177275,0.7498812550843755
2016-02-23,0.6564541502218861,0.7917974390027618,0.7363420694434402
2016-02-24,0.651371929389537,0.7856674001597743,0.7306413620843724
2016-02-25,0.6429015613356219,0.7958841315647535,0.7401425410161521
2016-02-26,0.6424889064708383,0.7953732828152,0.7396674707432643
2016-02-29,0.6383624758818037,0.7902649414713195,0.7349169039299719
2016-03-01,0.6187618420397879,0.8145296724684926,0.7574821982297992
2016-03-02,0.622254388999022,0.8099321311569474,0.7617577400753988
2016-03-03,0.627881278435187,0.8026081192521879,0.7686461231166857
2016-03-04,0.6315678228847815,0.7978956829862066,0.7731591547935343
2016-03-07,0.6302096184024787,0.7996115802402688,0.7714964541436222
2016-03-08,0.6350603698440157,0.8057662261108798,0.7655582116481106
2016-03-09,0.6323018198771886,0.8092662813841359,0.7688836129479347
2016-03-10,0.6336691642049205,0.8110163090207639,0.7705463135978468
2016-03-11,0.655546822477986,0.8390169419455203,0.7971497052172194
2016-03-14,0.6539841006664768,0.8410170280270115,0.7952494241256687
2016-03-15,0.650077370652381,0.8460410438439256,0.7904988120071814
2016-03-16,0.6422639106241895,0.8358722421339845,0.8000000362441558
2016-03-17,0.6418825100273613,0.8363686146792085,0.7995249659712682
2016-03-18,0.6426453112210179,0.8373625395293918,0.7985748254254929
2016-03-21,0.6405426527225121,0.8346227895781683,0.7959619842298054
2016-03-22,0.6426452383031894,0.831883134638387,0.7933492336445075
2016-03-23,0.649571964873828,0.8229167148021799,0.7847981499533084
2016-03-24,0.6428875047934977,0.8144484399581444,0.7767221365349971
2016-03-28,0.6415112990414521,0.8161918999250245,0.7783848371849091
2016-03-29,0.6499290607292211,0.8269017797281117,0.7885986215260203
2016-03-30,0.656780692485691,0.8181844798937116,0.7969121247755807
2016-03-31,0.6505163221148655,0.8259883186367742,0.789311181630157
2016-04-01,0.6436646903583956,0.8172885095742652,0.7809976783805966
2016-04-04,0.6452308202896947,0.8152999276052304,0.7790973972890459
2016-04-05,0.6607714590278618,0.7956631073546446,0.7603325292567357
2016-04-06,0.6518951096391682,0.8063514983861884,0.7705463135978468
2016-04-07,0.6661628331474834,0.7887032601046373,0.7536817266570873
2016-04-08,0.6535659459624658,0.8036173404099763,0.767933563012549
2016-04-11,0.654981022181884,0.8053573022224783,0.769596263662461
2016-04-12,0.6634714794983937,0.7949175313474673,0.7795724675619335
2016-04-13,0.6760050447771855,0.7799008334512262,0.7942992835798932
2016-04-14,0.6786330765200496,0.7768688972808807,0.7973871950484684
2016-04-15,0.6788352743318923,0.7766374302384484,0.797624775490107
2016-04-18,0.6855063369211685,0.769005244490007,0.8054632084667798
2016-04-19,0.6990507370274337,0.7538110527601838,0.8213777454721535
2016-04-20,0.7016786916544275,0.7509772366449131,0.8244655663303391
2016-04-21,0.7010722524506398,0.7516262830572815,0.8237530062262023
2016-04-22,0.6982421000118032,0.7546605166197317,0.8204276049263781
2016-04-25,0.7010722524506396,0.7577193472195606,0.817102203626554
2016-04-26,0.6988305170474102,0.7601422163039331,0.8197149542118518
2016-04-27,0.7036905722549628,0.7654286670909383,0.8254157068761144
2016-04-28,0.6961980611726113,0.7735785315300067,0.8166271333536663
2016-04-29,0.7018681384560821,0.767278240990241,0.8099762401436283
2016-05-02,0.6961049446671238,0.7735785315300067,0.8166271333536663
2016-05-03,0.6815268063795531,0.7897791560124733,0.7995249659712682
2016-05-04,0.6908405826243343,0.7789859982481171,0.7885986215260203
2016-05-05,0.6947942390792963,0.7745278886671785,0.7840854992387821
2016-05-06,0.6901636547561448,0.7796898726005203,0.789311181630157
2016-05-09,0.69078670824525,0.778985998248117,0.7885986215260203
2016-05-10,0.6989013584983197,0.7881367228529361,0.7978622653213561
2016-05-11,0.6926593259476315,0.7951757348946513,0.7907363924488201
2016-05-12,0.6957803819088507,0.7915927499052924,0.7871734107073572
2016-05-13,0.6884320995770303,0.7832325730889127,0.7788599074577969
2016-05-16,0.6806639039562101,0.7920704873118131,0.787648480980245
2016-05-17,0.6894903722243079,0.7817993608693505,0.7774346966391338
2016-05-18,0.6886477126910968,0.782754835682392,0.7783848371849091
2016-05-19,0.6934810558851316,0.7772609921860435,0.7729216649622852
2016-05-20,0.6860220114916861,0.7856211690024231,0.7812351682118457
2016-05-23,0.6822675519685074,0.7813216234628297,0.7769596263662462
2016-05-24,0.6966596733297706,0.7978032450709687,0.7933492336445075
2016-05-25,0.7070887098792149,0.8097464068767072,0.8052257186355307
2016-05-26,0.711677431855251,0.8150013361102487,0.8104513104165161
2016-05-27,0.7108431694023937,0.8159567198041967,0.8095012604811302
2016-05-31,0.7148062542142125,0.8114076071130301,0.8049881381938921
2016-06-01,0.7139625568076562,0.8104498895640505,0.8040379976481167
2016-06-02,0.7135407081043781,0.8109287483385402,0.8045130679210044
2016-06-03,0.7124873720505858,0.8121258496082784,0.8057006982980288
2016-06-06,0.7139577912494566,0.8138019009854788,0.8073634895583305
2016-06-07,0.720049161633488,0.8068586770878081,0.8142517819892279
2016-06-08,0.7204692699578125,0.8063879202772188,0.8147268522621156
2016-06-09,0.7099668022321083,0.7946329940641895,0.8028503672710924
2016-06-10,0.7351727407992923,0.7664211532163252,0.7743467851705587
2016-06-13,0.7482524570968905,0.7527854854443554,0.7605701096983744
2016-06-14,0.7618060599021595,0.7391497728309008,0.7467933889209951
2016-06-15,0.755748441844258,0.7450272359374154,0.7527316314165068
2016-06-16,0.7629028739093289,0.752080173728639,0.7598575042890428
2016-06-17,0.7745884705418884,0.7405603514208484,0.7482185544344634
2016-06-20,0.7573753746579701,0.7570172660556834,0.7648456515439739
2016-06-21,0.7667837103471171,0.766421153216325,0.7743467851705587
2016-06-22,0.7681950010769167,0.7678317766477577,0.7757719959892218
2016-06-23,0.7954793271086138,0.7405603514208484,0.80332543754398
2016-06-24,0.6983377250089384,0.830995409299728,0.7052256914524139
2016-06-27,0.7103334270360514,0.8167209788073316,0.6931116713249468
2016-06-28,0.6915891824074596,0.8382725730831991,0.7114014690843693
2016-06-29,0.7045203865121,0.8539464355634172,0.7247031195888608
2016-06-30,0.7197607452177199,0.872419215404187,0.7403800761525958
2016-07-01,0.7190679856243879,0.871579524180549,0.7396674707432643
2016-07-05,0.697362046888178,0.8452698397921243,0.717339711579881
2016-07-06,0.6952838121516426,0.8427508195061186,0.7152019406570812
2016-07-07,0.7005948809469338,0.8363132935613771,0.7097387231292624
2016-07-08,0.6862922264291936,0.8533866414143252,0.7242280493159731
2016-07-11,0.6957459092636961,0.8651420516207158,0.7342042985206404
2016-07-12,0.7097013621839849,0.88249529654821,0.748931159843795
2016-07-13,0.7117271544293827,0.8799762762622042,0.7510689307665948
2016-07-14,0.7205055159393374,0.8691227492819015,0.7603325292567357
2016-07-15,0.7171292527730896,0.8731954275063324,0.7567696381256624
2016-07-18,0.7146532749327009,0.8762102432044426,0.7541567969299751
2016-07-19,0.7214058871293192,0.8844893740537644,0.747030924057439
2016-07-20,0.7149832237629062,0.8923639667096714,0.7536817266570873
2016-07-21,0.7145325464236403,0.8929264529398475,0.7532066563841997
2016-07-22,0.7154339011021721,0.8940528445086717,0.7541567969299751
2016-07-25,0.715208562432539,0.8943344424008778,0.7539192617935312
2016-07-26,0.7188138951887532,0.8988427403010479,0.757719733366243
2016-07-27,0.7251232490016062,0.890953192104175,0.7643705812710861
2016-07-28,0.7255739263408721,0.890399448427385,0.7648456515439739
2016-07-29,0.7339112422225086,0.8801681801956124,0.773634225066422
2016-08-01,0.7242218943230745,0.8917884623459458,0.7634204407253108
2016-08-02,0.7318832371747686,0.9012224455143275,0.7553444273069995
2016-08-03,0.7334942939193703,0.8992386311222436,0.7536817266570873
2016-08-04,0.7318761288556956,0.9012224455143274,0.7553444273069995
2016-08-05,0.7380901821436922,0.8935705436692424,0.7617577400753988
2016-08-08,0.7410821532368361,0.8899483071173642,0.7648456515439739
2016-08-09,0.7516690198185388,0.8772347854775403,0.7757719959892218
2016-08-10,0.755351412011964,0.8729372523337329,0.7795724675619335
2016-08-11,0.7606448453028154,0.8668197882781357,0.7850356397845575
2016-08-12,0.7608750441996792,0.866557456967704,0.7852732202261962
2016-08-15,0.762946395295678,0.8641984037277283,0.7874109911489959
2016-08-16,0.7613353541982517,0.8660232490292071,0.7857482904990838
2016-08-17,0.7636369041911144,0.8686412750956849,0.7833729391346455
2016-08-18,0.7608583834475539,0.871801858074742,0.7862232701615819
2016-08-19,0.7537325752246702,0.8799667058100662,0.7788599074577969
2016-08-22,0.7555715500480891,0.8778197419257612,0.7769596263662462
2016-08-23,0.7514137049426957,0.8826503082925751,0.7812351682118457
2016-08-24,0.7516422164167531,0.8823818866206007,0.7814727486534843
2016-08-25,0.7479868171961609,0.878090672010551,0.7776722770807725
2016-08-26,0.7495861360597874,0.8762131697024419,0.7760094858204707
2016-08-29,0.7518806060161323,0.8788952427778645,0.7783848371849091
2016-08-30,0.7493567328266926,0.875945013550213,0.7809976783805966
2016-08-31,0.7486729540833404,0.8751457245675791,0.7802850276660702
2016-09-01,0.7527752787856694,0.8799410519591326,0.7845605695116697
2016-09-02,0.7634869140572446,0.867419908033847,0.7957244943985563
2016-09-06,0.7682729305634796,0.8619823741072661,0.8007125963482926
2016-09-07,0.7700962246264906,0.8599366852867876,0.8026128774398433
2016-09-08,0.7705520481422434,0.8594276847870094,0.803087947712731
2016-09-09,0.7539148810447743,0.8779837862657676,0.7857482904990838
2016-09-12,0.7484451727346332,0.8843536236740066,0.7914489525529568
2016-09-13,0.7652919279774961,0.9042595427565489,0.773634225066422
2016-09-14,0.7688164891692384,0.9084241209719304,0.7700712433249591
2016-09-15,0.7640736176985803,0.9028200022943105,0.7748218554434464
2016-09-16,0.7828123770864439,0.9249614902369258,0.7558194975798871
2016-09-19,0.7766620597970492,0.9322286296076671,0.7617577400753988
2016-09-20,0.7776307905030944,0.9333913985200449,0.7627078806211741
2016-09-21,0.7892552818259013,0.9473442928053384,0.7741092953393096
2016-09-22,0.8025750056926648,0.9313566083672571,0.7871734107073572
2016-09-23,0.7979736734138178,0.9366962728158145,0.7826603790305087
2016-09-26,0.7870756839289221,0.9239037378340321,0.7719715244165098
2016-09-27,0.7875600492819448,0.9233351686744552,0.7714964541436222
2016-09-28,0.7793158823884143,0.9136697098486061,0.7795724675619335
2016-09-29,0.7655437413127276,0.9298161639694336,0.7657957920897492
2016-09-30,0.7778911406575917,0.9448131012759201,0.7781472567432705
2016-10-03,0.7750417477765128,0.948273924499141,0.775296925716334
2016-10-04,0.7736170060456902,0.9500171150257944,0.7767221365349971
2016-10-05,0.7797680494214867,0.9424635110633608,0.7828978688617577
2016-10-06,0.7774022843342157,0.9453228835038637,0.7805226081077089
2016-10-07,0.7826070758239958,0.9516519213756384,0.775296925716334
2016-10-10,0.7787707702156328,0.9469869653383588,0.7790973972890459
2016-10-11,0.7692736198233411,0.9585355210537563,0.769596263662461
2016-10-12,0.7730724980947382,0.9632690250625505,0.7657957920897492
2016-10-13,0.7778682512391843,0.9692446618460041,0.761045179971262
2016-10-14,0.7737410298093227,0.9641020334731696,0.7650831413752229
2016-10-17,0.7725399598846868,0.9655985987476908,0.7638955109981985
2016-10-18,0.7807073636622764,0.9553901512206214,0.7719715244165098
2016-10-19,0.7821487025532962,0.9536263136482539,0.7733967352351729
2016-10-20,0.7850312886995744,0.9501117517861999,0.7762470662621094
2016-10-21,0.7826291488503027,0.9530190260988043,0.7738718055080606
2016-10-24,0.7799868316704083,0.9498014376035044,0.7764845560933584
2016-10-25,0.7795096186285485,0.9503825469438132,0.7760094858204707
2016-10-26,0.7821341538301558,0.9535823951430384,0.7733967352351729
2016-10-27,0.7809331062465835,0.9521180711190649,0.7745843656121973
2016-10-28,0.7818910344474667,0.9509501596249818,0.7755345061579727
2016-10-31,0.7838068908492332,0.9532802591795391,0.773634225066422
2016-11-01,0.7881386526199942,0.9585486269774555,0.7693586832208225
2016-11-02,0.7822988379689496,0.9656511162373758,0.7636580211669495
2016-11-03,0.7847321714253686,0.9686547652961796,0.761282669802511
2016-11-04,0.7913429843362124,0.9768149958331016,0.7548694023393065
2016-11-07,0.7773986281678456,0.9596024135746969,0.768171052843798
2016-11-08,0.7812447525122601,0.9548548489790314,0.7719715244165098
2016-11-09,0.7805236328535691,0.955736217590572,0.7712589643123732
2016-11-10,0.7834082948860083,0.9592684309200149,0.768408542675047
2016-11-11,0.7911576125710408,0.9687573217894989,0.7608075995296233
2016-11-14,0.7970856845085514,0.9760161321735583,0.7551069374757504
2016-11-15,0.7935754137908744,0.9717178730085331,0.7584323387755746
2016-11-16,0.8055051297855179,0.9863255814259787,0.747030924057439
2016-11-17,0.8029439443508204,0.9831894589860255,0.7494061848114878
2016-11-18,0.8131238898090837,0.9956546069431587,0.7399050058797082
2016-11-21,0.8050318199961563,1.0055631912190905,0.747268413888688
2016-11-22,0.8024729041844066,1.0023668560112025,0.7496437199479317
2016-11-23,0.7938277548026781,1.0131654900340143,0.7415677065296202
2016-11-25,0.7882338060862889,1.0060259112548944,0.7467933889209951
2016-11-28,0.7792082130051625,1.0175453112526434,0.7382423052297961
2016-11-29,0.7704333361562042,1.0060864551401787,0.7465558537845514
2016-11-30,0.769207674427768,1.0076870110944622,0.7453681781023321
2016-12-01,0.7674917947621717,1.0099348691295615,0.74370547745242
2016-12-02,0.7679820126993319,1.0105799420692199,0.7432304524847272
2016-12-05,0.7505557899459343,0.9876489477367935,0.7600950394254866
2016-12-06,0.7627523322693425,0.9715996382076391,0.7724465946893976
2016-12-07,0.7756524920143937,0.9551673180286604,0.7855107100574452
2016-12-08,0.7728379328545988,0.9586332708255276,0.7826603790305087
2016-12-09,0.7730724421707389,0.9583423839225774,0.7828978688617577
2016-12-12,0.7721342259597331,0.9571793203967772,0.7838480094075331
2016-12-13,0.7817274051968591,0.9452870969025741,0.7935867234757565
2016-12-14,0.769326490129829,0.9602826374512599,0.7809976783805966
2016-12-15,0.7702623425689219,0.9591144951085653,0.7819477283159824
2016-12-16,0.770496283364617,0.9594057932751094,0.7817102384847333
2016-12-19,0.7728374700255002,0.9623209897453394,0.7793349777306845
2016-12-20,0.7775483852654531,0.9564550570076729,0.7840854992387821
2016-12-21,0.7794328232453931,0.9541370273265802,0.7859857803303328
2016-12-22,0.7789617137504081,0.9547137325918507,0.7855107100574452
2016-12-23,0.7815527710453513,0.9515380720455775,0.7881235512531326
2016-12-27,0.7824949900353213,0.9503909233508557,0.789073691798908
2016-12-28,0.7770773656254166,0.956970979620692,0.783610519576284
2016-12-29,0.7718953408904787,0.9505893148002001,0.7888361113572694
2016-12-30,0.77770605575174,0.943433417924215,0.794774353852781
2017-01-03,0.7793330488197354,0.9414597163955646,0.796437054502693
2017-01-04,0.7846788958523592,0.935001758993591,0.8019002267253169
2017-01-05,0.7925814716102535,0.9255852673901243,0.8099762401436283
2017-01-06,0.7895599637208177,0.9291138171833497,0.8068884192854429
2017-01-09,0.7890950958921802,0.929660849888397,0.8064133490125551
2017-01-10,0.791419435035368,0.9323992360658472,0.8040379976481167
2017-01-11,0.787210993491794,0.9274411221927896,0.8083135394937163
2017-01-12,0.787905039118379,0.92662344248545,0.8090261902082426
2017-01-13,0.7918375819414085,0.9219985369606999,0.8130641516122035
2017-01-17,0.7899869995084637,0.9241533150801179,0.8111639611310424
2017-01-18,0.7911437128044935,0.925506477129352,0.8099762401436283
2017-01-19,0.7941597396175599,0.929034726555482,0.8068884192854429
2017-01-20,0.786912534095976,0.920556702218365,0.8142517819892279
2017-01-23,0.7864534147417653,0.9210937954534123,0.8137767117163401
2017-01-24,0.7843874214318491,0.9186741052549319,0.8159144826391399
2017-01-25,0.7942065435737569,0.9071739549444647,0.8261282669802511
2017-01-26,0.7853008484006755,0.9173463902852015,0.8168646231849154
2017-01-27,0.7866709017447249,0.9189468132214832,0.8154395029766419
2017-01-30,0.794232883223513,0.9277803149642834,0.8076009793895795
2017-01-31,0.7937656767165886,0.927234549346536,0.8080760496624673
2017-02-01,0.7914324799084373,0.9245090338015809,0.8104513104165161
2017-02-02,0.7921284068753718,0.9236960891927478,0.8111639611310424
2017-02-03,0.796535531407107,0.9185569682380947,0.815676992807891
2017-02-06,0.7851696681102627,0.9316639703989588,0.8040379976481167
2017-02-07,0.7884170323424927,0.935517216871422,0.8007125963482926
2017-02-08,0.788884807542249,0.9360722679865625,0.8002375260754049
2017-02-09,0.7820941478284343,0.9280146299402181,0.8071259091166919
2017-02-10,0.7802528888150769,0.9301994248356272,0.8052257186355307
2017-02-13,0.7834751579386389,0.926357910208293,0.8085511199353549
2017-02-14,0.7857767536553978,0.9236365713416839,0.8109263806894037
2017-02-15,0.7889990227789596,0.9198489744302435,0.8142517819892279
2017-02-16,0.7922212919025214,0.9160923145826723,0.817577183289052
2017-02-17,0.7883085616239816,0.9206168359176106,0.8135392218850912
2017-02-21,0.786927551513777,0.9190040395838912,0.8149644327037542
2017-02-22,0.7862395053174609,0.9182005129662013,0.815676992807891
2017-02-23,0.7860105864082779,0.9179331727239242,0.8159144826391399
2017-02-24,0.7798324137977383,0.9251482785813953,0.8095012604811302
2017-02-27,0.777315422540216,0.922162265063746,0.8121140110664281
2017-02-28,0.777315422540216,0.922162265063746,0.8121140110664281
2017-03-01,0.7902744623596549,0.9067884063103815,0.8256531967073634
2017-03-02,0.786636838668721,0.9109623422612028,0.8218527251346516
2017-03-03,0.7989138511485441,0.8967449861766379,0.8346793506714502
2017-03-06,0.7948215136552698,0.9013384515716371,0.8304038088258506
2017-03-07,0.7918660040317415,0.9046900398488907,0.8273159879676651
2017-03-08,0.7950490006481248,0.9083265456731757,0.8239904960574513
2017-03-09,0.7842771927606573,0.8960199846422177,0.8351544209443379
2017-03-10,0.7925303703739213,0.8865909050431339,0.843942994466786
2017-03-13,0.7927534775229113,0.886341318684631,0.8441805749084246
2017-03-14,0.7842771927606573,0.8958182640740069,0.8351544209443379
2017-03-15,0.7731242178436454,0.883079096440877,0.8470309059353611
2017-03-16,0.7638016252739855,0.8724306308607099,0.8572446902764722
2017-03-17,0.7616852773455931,0.8748479689458781,0.8548694295224234
2017-03-20,0.7595688486837022,0.8772788329409479,0.8524940781579851
2017-03-21,0.7597805319166405,0.8770343452689389,0.8527316585996236
2017-03-22,0.7616852773455931,0.874835648289995,0.8548694295224234
2017-03-23,0.7633783395416073,0.8728910772080817,0.8567696200035846
2017-03-24,0.7650714824711199,0.8709550393628148,0.8586699010951353
2017-03-27,0.7697274640602828,0.8656546841395825,0.8638954928761206
2017-03-28,0.7733253524187479,0.8616084092488729,0.867933544890471
2017-03-29,0.7714206069897954,0.8637306009938231,0.8657957739676713
2017-03-30,0.776923240777213,0.8698916928096113,0.859619951030521
2017-03-31,0.7734883801888642,0.8660458087699285,0.8634204226032328
2017-04-03,0.7762545801667501,0.8691430187066602,0.8603326017450473
2017-04-04,0.7756116566702346,0.8684231614809046,0.8610451618491841
2017-04-05,0.7813886360453465,0.8748914277190404,0.8546318490807848
2017-04-06,0.7783482265535075,0.8714871957166043,0.857957250380609
2017-04-07,0.7779172375919639,0.8719697578252682,0.8574821801077213
2017-04-10,0.7828734873456076,0.8775252329948171,0.8520190078850973
2017-04-11,0.7811274233830535,0.8755680646779296,0.853919288976648
2017-04-12,0.7815619965599065,0.8760551790513698,0.8534442187037604
2017-04-13,0.7883052554017591,0.8836137180515911,0.8460807653895858
2017-04-17,0.7836576867877951,0.8784042444945593,0.8510689579497116
2017-04-18,0.7784084780085351,0.8842880983119579,0.845368205285449
2017-04-19,0.779283360043969,0.8852819823628363,0.8444180647396736
2017-04-20,0.7871748506564409,0.8763170861371391,0.8529691484308727
2017-04-21,0.7882708724368171,0.8750969472923561,0.8541567788078971
2017-04-24,0.8321124126206815,0.826426370564215,0.90166271877199
2017-04-25,0.8384694560164062,0.8201127665110053,0.908551101813277
2017-04-26,0.8310163908403052,0.827402661040496,0.9004750883949656
2017-04-27,0.8294819436235581,0.8289304356119205,0.8988123877450536
2017-04-28,0.8297011145311927,0.8291494607966584,0.8985748979138045
2017-05-01,0.8343068894718235,0.8245467481550915,0.9035629998635407
2017-05-02,0.8400092655413709,0.8189110813468271,0.9097387321903014
2017-05-03,0.8386933776527925,0.8176282440997017,0.908313611982028
2017-05-04,0.8566779038959922,0.8351610600310084,0.9277910401184749
2017-05-05,0.8704952287178849,0.8216907795527043,0.9427553459676836
2017-05-08,0.8571165610806194,0.8343193701268681,0.9282661103913625
2017-05-09,0.8617224196865535,0.8298360160237207,0.9232779178312367
2017-05-10,0.8601705722963091,0.8313304402447658,0.9249406184811488
2017-05-11,0.8643675736634246,0.827274157564788,0.9204275868043003
2017-05-12,0.8565604167121484,0.8347462786700135,0.9287410900538606
2017-05-15,0.8624752942988468,0.8405105212826212,0.9351544028222599
2017-05-16,0.8716762428453518,0.8494771480489037,0.9451306973321221
2017-05-17,0.8559032359474893,0.8341058344152832,0.928028529949724
2017-05-18,0.8554650875816313,0.8345328243984407,0.9285036002226116
2017-05-19,0.8432097378252176,0.8225773491900678,0.9418052960322979
2017-05-22,0.8442730377483152,0.8236146313666132,0.9429929264093223
2017-05-23,0.8446983739424712,0.8240295600651428,0.9434679966822099
2017-05-24,0.8449110014772571,0.824236984844629,0.943705486513459
2017-05-25,0.8468249737886663,0.8223698452710245,0.9415677155906592
2017-05-26,0.8506703006317399,0.8186355661238155,0.9372921737450597
2017-05-30,0.8530416704859846,0.8163534978516813,0.9346793325493722
2017-05-31,0.8489227376702643,0.8202952809179338,0.9391924548366104
2017-06-01,0.8530020029865188,0.8242369848446292,0.943705486513459
2017-06-02,0.8626635070528542,0.833572682712652,0.9543943411274578
2017-06-05,0.856222531642446,0.8273489105138225,0.9472684682549218
2017-06-06,0.8618047703925267,0.8219549165724951,0.9410926453177716
2017-06-07,0.8613697252038481,0.8223698452710246,0.9415677155906592
2017-06-08,0.8615870697414099,0.8221623413519812,0.9418052960322979
2017-06-09,0.8622390204614415,0.8227844599390071,0.9410926453177716
2017-06-12,0.8694206755358754,0.8159314249317023,0.9332542123410988
2017-06-13,0.8627822043404638,0.8097013715015815,0.9403800852136348
2017-06-14,0.8619104670850634,0.810519476983748,0.9394299446678595
2017-06-15,0.8497064780432191,0.8219958091470686,0.9261283394685628
2017-06-16,0.8551547111893111,0.8272663642494106,0.9201900969730512
2017-06-19,0.8502984435061863,0.8319642590951903,0.9254156887540365
2017-06-20,0.8417867422284881,0.8402924305757116,0.9161520449587007
2017-06-21,0.8422232504036805,0.8407281638762,0.9166271152315884
2017-06-22,0.8433144792139509,0.8396388721787936,0.915439484854564
2017-06-23,0.8411263588423283,0.8418174555736063,0.9178147456086128
2017-06-26,0.8443916341859175,0.8450854137734547,0.9213777273500756
2017-06-27,0.8465684290553759,0.8472639971682674,0.9237529881041244
2017-06-28,0.8550580453014258,0.8557605887587181,0.9330166318994602
2017-06-29,0.8406909832605564,0.8413817222731178,0.9173396753357251
2017-06-30,0.843956175564744,0.8381138471808988,0.9137767842046519
2017-07-03,0.8422011764018784,0.839856697275223,0.915676974685813
2017-07-05,0.8419827432417238,0.8396388721787935,0.915439484854564
2017-07-06,0.8452598240214257,0.8363709139789451,0.9118765031131012
2017-07-07,0.8415167698650934,0.840074605479282,0.9159145551274517
2017-07-10,0.8395526455135423,0.8381138471808989,0.9180523260502514
2017-07-11,0.8434625996257662,0.8342105938223292,0.922327867895851
2017-07-12,0.8495447136391862,0.8402259926616866,0.9289786704954993
2017-07-13,0.8523685878008121,0.8374330937918437,0.9320665819640744
2017-07-14,0.8571473561559613,0.8327380606507323,0.9372921737450597
2017-07-17,0.8534546677514101,0.8363255910310207,0.9332542123410988
2017-07-18,0.854975196254765,0.8348355799650571,0.9315915116911867
2017-07-19,0.8523592832729883,0.8373898730496356,0.9344418427181233
2017-07-20,0.8465093240515803,0.8431370933895723,0.9408551554865225
2017-07-21,0.8405254418565389,0.8371770491257179,0.9342043528868742
2017-07-24,0.8413803054627679,0.8363255910310207,0.9332542123410988
2017-07-25,0.83859646412295,0.839092708039517,0.9363420331992843
2017-07-26,0.8445530647362326,0.8450528335028845,0.9429929264093223
2017-07-27,0.8426384576018724,0.8431370933895723,0.9408551554865225
2017-07-28,0.8402983731985998,0.8454785625502331,0.9434679966822099
2017-07-31,0.8402983731985998,0.8454785625502331,0.9434679966822099
2017-08-01,0.8455872600778417,0.8508000538428211,0.9494062391777216
2017-08-02,0.8457987800441273,0.8510128777667388,0.9496437290089706
2017-08-03,0.8481259031833152,0.848671408606078,0.952256570204658
2017-08-04,0.8525685487933963,0.8442259055343128,0.9572446721543943
2017-08-07,0.8523570288271106,0.8444353557132207,0.9570071823231453
2017-08-08,0.8563766345046204,0.8484176038033029,0.9524940600359071
2017-08-09,0.8617156411573096,0.8431282170446548,0.9465558175403954
2017-08-10,0.87555497630181,0.8566690342332521,0.9313539312495481
2017-08-11,0.87555497630181,0.8566690342332521,0.9313539312495481
2017-08-14,0.8663997247061319,0.8656268047387201,0.9410926453177716
2017-08-15,0.8672744542148445,0.8665007538964191,0.942042785863547
2017-08-16,0.8709920129174747,0.8627865116483876,0.9460808378778974
2017-08-17,0.8591834148062457,0.8510891607878232,0.9332542123410988
2017-08-18,0.8556845801901923,0.8545550333428512,0.9370546839138106
2017-08-21,0.8574198484258468,0.856288010936825,0.9351544028222599
2017-08-22,0.8506684809452721,0.8630304662714648,0.9425178561364346
2017-08-23,0.8502397067796174,0.8634654714190624,0.942042785863547
2017-08-24,0.8510972551109269,0.8625945836350003,0.9410926453177716
2017-08-25,0.8440083187110272,0.8697792832748664,0.9489311689048339
2017-08-28,0.8429520040376254,0.868690715071004,0.9477435385278095
2017-08-29,0.8389378954503974,0.8645540396229248,0.9432304162405714
2017-08-30,0.8425293814582921,0.8608528911193067,0.9391924548366104
2017-08-31,0.8376284869825926,0.8658603712990178,0.9446556270592343
2017-09-01,0.8399452997498893,0.8634654714190625,0.9472684682549218
2017-09-05,0.8329948614479993,0.8563204067503304,0.9394299446678595
2017-09-06,0.822463952756256,0.8454946112602015,0.9513064296588827
2017-09-07,0.8296515750139091,0.8381057210039734,0.9596200235188327
2017-09-08,0.8290354438648595,0.8387281305267885,0.9589073728043064
2017-09-11,0.8376605749063725,0.8300021585704243,0.9688836673141685
2017-09-12,0.8411516452847886,0.826543005738586,0.9729216287181294
2017-09-13,0.8374551717439048,0.8301752810461861,0.9686460868725298
2017-09-14,0.8405355924740923,0.8332289240729509,0.9722090686139927
2017-09-15,0.8423838292445341,0.8350610943575363,0.9700712976911929
2017-09-18,0.8397023699606059,0.8377192440588671,0.9731592091597681
2017-09-19,0.8429816535110635,0.8344477051955519,0.9769596807324799
2017-09-20,0.8401122901774488,0.8372880204493114,0.9736342794326557
2017-09-21,0.8386776085106415,0.8358581618615716,0.9752969800825678
2017-09-22,0.8378606413467449,0.8350439411586621,0.9762470300179535
2017-09-25,0.8301140536513888,0.8427644865577916,0.9672209666642564
2017-09-26,0.833783522671738,0.8464898760524899,0.9629454248186569
2017-09-27,0.8313155125611265,0.8489954971349665,0.9657957558455934
2017-09-28,0.8341778751976389,0.8460722592633675,0.9691211571454176
2017-09-29,0.843378382238952,0.8554039545891013,0.9798100117594164
2017-10-02,0.840924939692446,0.8578923803074212,0.9769596807324799
2017-10-03,0.838675918194177,0.8601867805748437,0.9795725219281674
2017-10-04,0.8348119398837995,0.856223696633944,0.9750593996409291
2017-10-05,0.832778246673742,0.8583095512257904,0.9774347510053676
2017-10-06,0.8325759044047906,0.8581010055502143,0.9776722408366166
2017-10-09,0.8337895996870668,0.8593519102865186,0.9762470300179535
2017-10-10,0.8260805741340863,0.8672972790436819,0.9852731839820403
2017-10-11,0.8284703713288986,0.8647882446111758,0.9881235150089768
2017-10-12,0.8260805741340864,0.8622936852490066,0.9852731839820403
2017-10-13,0.8266780044402187,0.8616700652336174,0.9845606238779036
2017-10-16,0.8252819318958619,0.8602148989973011,0.9828979232279915
2017-10-17,0.8270768931786416,0.8583439596505211,0.9807601523051918
2017-10-18,0.8228704173611348,0.8627094583594702,0.985748254254928
2017-10-19,0.8230686661084344,0.8625016114545446,0.985985744086177
2017-10-20,0.8274308192963479,0.8579304689619313,0.9807601523051918
2017-10-23,0.8310379347403484,0.861670545077422,0.9764846104595922
2017-10-24,0.8273992317570102,0.85789771708491,0.9807601523051918
2017-10-25,0.8263973104827297,0.8589365698429418,0.9795725219281674
2017-10-26,0.8271988016371382,0.8581035201050076,0.9805225718635531
2017-10-27,0.8255957428866278,0.8597664702374612,0.978622381382392
2017-10-30,0.8207864901934036,0.8547581665389994,0.984323043436265
2017-10-31,0.8249459387516144,0.8504265618331376,0.9893112359963908
2017-11-01,0.8273227125303947,0.8479763751505992,0.9921615670233273
2017-11-02,0.829699486309175,0.8455402665040485,0.9950118980502638
2017-11-03,0.8251439717513978,0.8501827558110875,0.9895487258276399
2017-11-06,0.8255401133072404,0.8505909181817375,0.9890736555547521
2017-11-07,0.8332721052630369,0.8585575354678524,0.9798100117594164
2017-11-08,0.8326661138453393,0.8579331553946363,0.9805225718635531
2017-11-09,0.8399277494574441,0.8654151434933814,0.971971488172354
2017-11-10,0.8419803275873584,0.867530006584854,0.9695962274183052
2017-11-13,0.8454868223215064,0.8711429050103099,0.9655582660143444
2017-11-14,0.8419509992891125,0.8674997883268536,0.9695962274183052
2017-11-15,0.8392696046289809,0.870262549226299,0.9665083159497301
2017-11-16,0.8343193436165635,0.8753956158168691,0.9722090686139927
2017-11-17,0.8306502076442862,0.8792453953629653,0.9679335267683932
2017-11-20,0.8290194459859427,0.8809715608003994,0.9660332456768423
2017-11-21,0.8345231499443586,0.8868201650640335,0.9724465584452417
2017-11-22,0.8353385307735304,0.885953686810477,0.9733966989910171
2017-11-24,0.8473651258473289,0.873198371626414,0.9874109549048401
2017-11-27,0.8420653059757038,0.8786597647622109,0.9812352225780794
2017-11-28,0.846753629104948,0.8737676965714929,0.9866983948007033
2017-11-29,0.8441036802896377,0.8765021869743668,0.9836104833321282
2017-11-30,0.8436959898750518,0.8769255254200307,0.9831354130592406
2017-12-01,0.837173098759669,0.8837053250009933,0.9755344699138169
2017-12-04,0.8355423371013255,0.881983921430548,0.9774347510053676
2017-12-05,0.8316843765166171,0.8860563173512984,0.9729216287181294
2017-12-06,0.8343239440721444,0.888868448459792,0.9698338078599439
2017-12-07,0.831258877298141,0.8856030008273812,0.9733966989910171
2017-12-08,0.835721492470633,0.8808486391041809,0.978622381382392
2017-12-11,0.8351129047966898,0.8814900891915582,0.9779097306678656
2017-12-12,0.8336929958562121,0.8829888513965204,0.9762470300179535
2017-12-13,0.8340986177998625,0.8834184575655841,0.9757720503554554
2017-12-14,0.8261798953270618,0.8918054101914786,0.9665083159497301
2017-12-15,0.8263829811993358,0.8915861927054907,0.9667458963913688
2017-12-18,0.815215659315811,0.879537747580933,0.9798100117594164
2017-12-19,0.8140298639439979,0.8808171044952636,0.9783848009407533
2017-12-20,0.8090891629784476,0.8861631662448513,0.9724465584452417
2017-12-21,0.8071128373587592,0.8839985754323545,0.9748219098096801
2017-12-22,0.8088828246125959,0.8859371720430159,0.9726841388868803
2017-12-26,0.8080926890097626,0.8850717679570288,0.9736342794326557
2017-12-27,0.8071069095782166,0.8861514529438628,0.9724465584452417
2017-12-28,0.8055297978556846,0.8878830201350134,0.9705463679640806
2017-12-29,0.8084869857414985,0.8911425356962658,0.9669833862226178
2018-01-02,0.8049122397961067,0.8872023261166092,0.9712589280682173
2018-01-03,0.8017626717484213,0.8837307624354843,0.9750593996409291
2018-01-04,0.8160205619856059,0.8680152188538016,0.9923990568545763
2018-01-05,0.8242237755983578,0.8592893183176055,1.0023753513644384
2018-01-08,0.8209034041698304,0.8627509506871756,0.998337299350088
2018-01-09,0.8214893958961934,0.8621350866081054,0.9990499500646143
2018-01-10,0.8185596607831551,0.8652097792919502,0.9954869683231514
2018-01-11,0.8236377838719947,0.8598422514654401,1.0016627006499121
2018-01-12,0.835161294407015,0.8478122044748354,1.0156769565637351
2018-01-16,0.8373097568890753,0.8456311973743564,1.0182897977594225
2018-01-17,0.8404347729067287,0.8424751239916209,1.0220902693321343
2018-01-18,0.8416066818531958,0.8413003699633375,1.0235154801507975
2018-01-19,0.8480519947931174,0.8348574028650422,1.03135391312747
2018-01-22,0.8552786548702763,0.8277431802696728,1.040142577260308
2018-01-23,0.8574271173523365,0.8256638869803292,1.0427554184559953
2018-01-24,0.8587943072034186,0.8243473444266364,1.0444181191059074
2018-01-25,0.8554739357748913,0.8275345329613738,1.0403800670915568
2018-01-26,0.8634817939767692,0.8197882078894014,1.0501187811597803
2018-01-29,0.8562552084058693,0.826649116452445,1.0413302076373323
2018-01-30,0.8634817939767692,0.8336258338125345,1.032541634114884
2018-01-31,0.8620913302002038,0.8322834470555572,1.0342043347647962
2018-02-01,0.8624873389479195,0.8319011308042891,1.034679405037684
2018-02-02,0.8844653334949927,0.853099724326628,1.0083135938599501
2018-02-05,0.9217608276823668,0.889072616202615,0.9657957558455934
2018-02-06,0.8956903318066126,0.8639266528704181,0.9931117075691026
2018-02-07,0.9130428880127053,0.8806638390044225,0.9738717692639047
2018-02-08,0.9399887674902576,0.8546735356160438,0.9451306973321221
2018-02-09,0.9371539435272731,0.8572510653728748,0.9479810283590585
2018-02-12,0.9242390360875602,0.8454372985543566,0.9610451437271061
2018-02-13,0.9214978670404438,0.8479447522147052,0.9581948127001697
2018-02-14,0.9048222840318472,0.8632893054773983,0.9755344699138169
2018-02-15,0.9107707240780777,0.857613909582746,0.9819477826822162
2018-02-16,0.9125331781422705,0.8559543205330623,0.9838479731633772
2018-02-20,0.9043816495051883,0.8636004383104607,0.9750593996409291
2018-02-21,0.9109909993201858,0.8572891233912538,0.9679335267683932
2018-02-22,0.9042843341725764,0.8636004383104607,0.9750593996409291
2018-02-23,0.9106727212537221,0.8574994657790473,0.9819477826822162
2018-02-26,0.9181625340994174,0.8504469755000733,0.9900237961005275
2018-02-27,0.9018611470705281,0.8655461162080668,0.9724465584452417
2018-02-28,0.9104523856807729,0.8737914134322221,0.9631829146499059
2018-03-01,0.9187598188884645,0.8817643331792716,0.9543943411274578
2018-03-02,0.9192171513128815,0.8822032503064324,0.9539192708545702
2018-03-05,0.9128082947079446,0.8760524576242593,0.9605700734542185
2018-03-06,0.9170970140556213,0.8719364311306624,0.9650831957414566
2018-03-07,0.9225142259300135,0.8667859788709305,0.9707838577953296
2018-03-08,0.9231914419930853,0.8661496728155469,0.9714965085098559
2018-03-09,0.926351496603986,0.8631848703457561,0.9748219098096801
2018-03-12,0.9274800752357318,0.8621332479286823,0.9760095401867045
2018-03-13,0.9198056199928175,0.8692669893440711,0.9679335267683932
2018-03-14,0.9225142259300135,0.8667072074975932,0.9707838577953296
2018-03-15,0.9231914419930853,0.8660709592681356,0.9714965085098559
2018-03-16,0.9254485992565771,0.8639534587503762,0.9738717692639047
2018-03-19,0.9189027226454086,0.8700643683603915,0.9669833862226178
2018-03-20,0.9202569825614915,0.8713466513153165,0.9655582660143444
2018-03-21,0.9225208891076851,0.8734902344940346,0.9631829146499059
2018-03-22,0.9423135451684909,0.892230939434099,0.9425178561364346
2018-03-23,0.9534750500351252,0.9027992264164058,0.9313539312495481
2018-03-26,0.9332917790360827,0.8836886671586497,0.9510689398276336
2018-03-27,0.9214041469144223,0.8949444887797424,0.9389548743949718
2018-03-28,0.9272313931537833,0.9006043959161958,0.9448931168904834
2018-03-29,0.9386528349062883,0.8895109399288824,0.9565321120502576
2018-04-02,0.9244343398555718,0.9029850449724149,0.942042785863547
2018-04-03,0.9344572105006105,0.893194731144851,0.952256570204658
2018-04-04,0.9307277764640882,0.8896299763394497,0.9560570417773699
2018-04-05,0.920322106662901,0.8796837858279823,0.9667458963913688
2018-04-06,0.9146690225756096,0.8850872487846034,0.9608076538958571
2018-04-09,0.9237139053597454,0.8938396064368255,0.9703087875224419
2018-04-10,0.9336633885592778,0.8842119045090773,0.9807601523051918
2018-04-11,0.9286886469595116,0.8889231589057581,0.9755344699138169
2018-04-12,0.9343417310468031,0.8835121340365653,0.9814727124093284
2018-04-13,0.9334372168906242,0.8826568268124123,0.9824228529551038
2018-04-16,0.9370481890876097,0.8792422969399951,0.9862233245278157
2018-04-17,0.9463013107231582,0.8705599943482506,0.9959620385960392
2018-04-18,0.9494609006339745,0.867653295875223,0.9992874398958633
2018-04-19,0.945849928436989,0.8709531388976541,0.9954869683231514
2018-04-20,0.9431417208123419,0.8734468980665855,0.992636637296215
2018-04-23,0.943593103098511,0.8738649248052998,0.9921615670233273
2018-04-24,0.9386232292116616,0.8784675426669205,0.9869358846319524
2018-04-25,0.9397527225019053,0.8795246475459171,0.985748254254928
2018-04-26,0.9379411095250672,0.8778291395396182,0.9876485353464787
2018-04-27,0.9404223628203264,0.8755069079804745,0.9902612859317765
2018-04-30,0.9383921839059843,0.8773969477479384,0.9881235150089768
2018-05-01,0.9332039680248999,0.8822479310110056,0.9826603427863528
2018-05-02,0.9347829865082711,0.8807551321827594,0.984323043436265
2018-05-03,0.9368131654226132,0.8788422919579547,0.9864608143590647
2018-05-04,0.9383921839059843,0.8773609846128088,0.9881235150089768
2018-05-07,0.9374898630440427,0.8765173489416604,0.9890736555547521
2018-05-08,0.9327619087734529,0.8809378062783603,0.9840855536050159
2018-05-09,0.9293847495031871,0.8777482814371146,0.9876485353464787
2018-05-10,0.9358666848337025,0.8716264813970473,0.9945368277773761
2018-05-11,0.9351961603807333,0.8722509793935074,0.9938242676732394
2018-05-14,0.9354196401100355,0.8720425413983395,0.9940617575044883
2018-05-15,0.9280436153321859,0.8789188214301937,0.9862233245278157
2018-05-16,0.9296082292324891,0.8804006145081575,0.9845606238779036
2018-05-17,0.9264684323130865,0.8774270186961292,0.9878860251777277
2018-05-18,0.9231269637385318,0.8805916109339006,0.984323043436265
2018-05-21,0.9188944255471524,0.8765540973840941,0.9888361657235031
2018-05-22,0.9197772771457067,0.8757119253515082,0.9897862156588888
2018-05-23,0.9056506411521286,0.889161772300398,0.9745843293680415
2018-05-24,0.9085200561998669,0.891978944898064,0.9714965085098559
2018-05-25,0.9185160147129016,0.9017929104421993,0.9608076538958571
2018-05-29,0.9514418218077203,0.9341192487238197,0.9263658292998118
2018-05-30,0.9311931434938121,0.9142392311119171,0.9460808378778974
2018-05-31,0.936336593628411,0.9192890362239642,0.9408551554865225
2018-06-01,0.9453193984810115,0.92810829424691,0.9498813094506092
2018-06-04,0.9502835445145975,0.9329820597858668,0.9548694114003455
2018-06-05,0.9476832517802745,0.9304291096844798,0.952256570204658
2018-06-06,0.9587935606723008,0.9413371370146117,0.9634204950915446
2018-06-07,0.9505198937744345,0.9494601681129735,0.9551069012315946
2018-06-08,0.952174609118963,0.9511130386309766,0.9567696018815066
2018-06-11,0.9639940559657236,0.9393067691739895,0.9686460868725298
2018-06-12,0.9569024058927118,0.9462168065097695,0.9615202139999939
2018-06-13,0.959975487321932,0.9492555712554684,0.964608125468569
2018-06-14,0.9609210647117266,0.9483205530001382,0.9655582660143444
2018-06-15,0.9372821710182053,0.9716494710174328,0.9418052960322979
2018-06-18,0.9493380573000261,0.9841474101552828,0.929691230599636
2018-06-19,0.9580698479333281,0.9931993691194292,0.9211401469084369
2018-06-20,0.9602933248600446,0.995504374214444,0.9190023759856372
2018-06-21,0.9699731859061068,0.98546958196537,0.9097387321903014
2018-06-22,0.9831425464997644,0.9988493376818742,0.9220902874542123
2018-06-25,0.970226496719125,0.9857269396992121,0.90997631263194
2018-06-26,0.9674406574345362,0.9828965935462494,0.9073634714362526
2018-06-27,0.9770644395240876,0.9731190608778009,0.8983373174721658
2018-06-28,0.9786145508048469,0.9746629128212032,0.8997625282908289
2018-06-29,0.9669889625770655,0.9862415570136795,0.9104513829048277
2018-07-02,0.9624479163978173,0.981610099336689,0.9061758410592282
2018-07-03,0.9568978236965201,0.9872706934893978,0.9114014328402135
2018-07-05,0.9748537168507713,1.0057965241973599,0.9285036002226116
2018-07-06,0.9805896060231385,1.011714476083911,0.9339667724452355
2018-07-09,0.9855773646919398,1.006568401092453,0.9387173845637228
2018-07-10,0.9873230659559827,1.0047855195114803,0.9403800852136348
2018-07-11,0.9668733410341227,1.0255969318930827,0.9209026570771879
2018-07-12,0.9593917505977126,1.0176609428947139,0.928028529949724
2018-07-13,0.9566906070359945,1.0147957438743975,0.9306413711454113
2018-07-16,0.9588882155082249,1.0124646624276683,0.9327791420682111
2018-07-17,0.9579114799324268,1.0134959716449865,0.9318290015224358
2018-07-18,0.9544929985637642,1.0098791269063399,0.9351544028222599
2018-07-19,0.9491593437648884,1.0155222763685292,0.9299288110412747
2018-07-20,0.9447953855304247,1.010853200697145,0.9342043528868742
2018-07-23,0.9440746555268674,1.0116243224046513,0.9334917021723479
2018-07-24,0.948638942878067,1.0067334548531433,0.938004824459586
2018-07-25,0.9572868781820354,0.9975559212390404,0.9465558175403954
2018-07-26,0.9512813140989922,1.0038141142091532,0.9406175750448839
2018-07-27,0.9553651453270321,0.9995047607445188,0.9446556270592343
2018-07-30,0.9570466959392734,0.9977455194213567,0.9463183277091465
2018-07-31,0.9608902532869157,0.9937385131399281,0.9501187992818583
2018-08-01,0.9541640508379506,1.000694652405415,0.9434679966822099
2018-08-02,0.9644936283917958,1.011527960378674,0.9332542123410988
2018-08-03,0.9659665462051183,1.013072706251179,0.9318290015224358
2018-08-06,0.969167583274595,1.0164298445491098,0.9287410900538606
2018-08-07,0.9597485364408526,1.0065514700819471,0.9377672440179474
2018-08-08,0.9568313935688609,1.0096108698463178,0.9349169129910109
2018-08-09,0.9509970150905777,1.0157670766451994,0.9292161603267484
2018-08-10,0.980168722013394,1.0469255965895732,0.9007125782262146
2018-08-13,0.9850798696958367,1.0521712304298567,0.8961995465493661
2018-08-14,0.9845576844701083,1.0527289804036093,0.8966746168222538
2018-08-15,0.9649969357720266,1.0736441257096412,0.8788598893357189
2018-08-16,0.958215919999448,1.0811886032936544,0.8850356216624795
2018-08-17,0.9507579622272887,1.089603678412745,0.8919240047037665
2018-08-20,0.9573411607955925,1.0971482666893884,0.8980998276409168
2018-08-21,0.9710137720772228,1.1128175833165896,0.9109263625673257
2018-08-22,0.9768374079596917,1.1194916847507856,0.9163896254003393
2018-08-23,0.9702542093913878,1.127036273027429,0.9102138024631891
2018-08-24,0.959873100806589,1.1149776951660213,0.9199525165314125
2018-08-27,0.97325632722931,1.0994318913111667,0.9327791420682111
2018-08-28,0.971273584999713,1.1016716815683483,0.9308788609766604
2018-08-29,0.974991179409031,1.097454982434804,0.9344418427181233
2018-08-30,0.9876308302244765,1.1116822370567943,0.922327867895851
2018-08-31,1.0016200124294368,1.12742853100822,0.9092636619174137
2018-09-04,1.0123479138232865,1.1395039108520517,0.8995249478491902
2018-09-05,1.0217041386743915,1.1500353246704302,0.8912114445996299
2018-09-06,1.026877976117958,1.1558590221567928,0.8866984129227813
2018-09-07,1.0158746882210654,1.1682443784355325,0.8771971886858069
2018-09-10,1.0043213303709453,1.1549581478433597,0.8871733925852793
2018-09-11,1.0053969334322497,1.1537212165127866,0.8881235331310547
2018-09-12,1.0078169890326076,1.1509441347469391,0.8902613040538545
2018-09-13,1.0196483149814946,1.1374325593762742,0.9007125782262146
2018-09-14,1.0156149573643336,1.1329332901577003,0.8971496870951414
2018-09-17,1.0185728144953439,1.1362328229057688,0.8997625282908289
2018-09-18,1.0247573782351136,1.1293338518980252,0.9052257005134529
2018-09-19,1.0285218863745251,1.125185175764651,0.908551101813277
2018-09-20,1.050033434724844,1.101651913485865,0.9275534596768362
2018-09-21,1.050840188308399,1.1008055007911417,0.9282661103913625
2018-09-24,1.0457311250547803,1.1061574896054704,0.9237529881041244
2018-09-25,1.0497645852470947,1.1018909605772553,0.9273159698455872
2018-09-26,1.0505712362554962,1.1010442550710977,0.928028529949724
2018-09-27,1.0457311250547803,1.1061169016918526,0.9237529881041244
2018-09-28,1.062402562204383,1.1237510315029005,0.9090261720861647
2018-10-01,1.0618473352036193,1.1231637429015517,0.9095012423590524
2018-10-02,1.05325046593572,1.1322570386551427,0.9021377890448777
2018-10-03,1.0482587490431452,1.1268908823899562,0.9064133308904773
2018-10-04,1.0361719457973653,1.1398843426280354,0.895962056718117
2018-10-05,1.044962367210676,1.1302140714198872,0.8883611135726933
2018-10-08,1.053903212798044,1.1205438002117392,0.8807601704272696
2018-10-09,1.0533348599034331,1.1211480912933633,0.8812351500897677
2018-10-10,1.0746286921788881,1.098483371534505,0.8634204226032328
2018-10-11,1.0645771396437136,1.088208693966007,0.8553444091849215
2018-10-12,1.0642814427241114,1.088510954785545,0.8555819896265602
2018-10-15,1.061031259303854,1.0918351321281068,0.8581948308222476
2018-10-16,1.0428237246230625,1.1105712681840532,0.8729216468402073
2018-10-17,1.0314732190156626,1.098483371534505,0.8634204226032328
2018-10-18,1.051903977563961,1.0767253189555348,0.8463183458312243
2018-10-19,1.043637577877574,1.0851867774429829,0.8529691484308727
2018-10-22,1.0532281747018308,1.0752143606940228,0.8451307154541999
2018-10-23,1.059444615364905,1.0688681515497107,0.8401425228940741
2018-10-24,1.089098218352376,1.0389507860241045,0.8166271333536663
2018-10-25,1.0723087853003657,1.0549671510978387,0.8292161784488262
2018-10-26,1.0778377428896062,1.0495276091334147,0.8249406366032267
2018-10-29,1.0790791623273772,1.0483187964127147,0.8239904960574513
2018-10-30,1.0731688803028931,1.054060599196677,0.8285036183446896
2018-10-31,1.0651693935180293,1.0619176513237751,0.8346793506714502
2018-11-01,1.0797192179395805,1.047412244511553,0.8460807653895858
2018-11-02,1.081841060107407,1.045353891348456,0.8477434660394978
2018-11-05,1.0821442464923685,1.0450609305069698,0.8479810464811365
2018-11-06,1.085781673689825,1.0415481519989782,0.8508313775080729
2018-11-07,1.0715349200215094,1.0278817950187649,0.8619953023949595
2018-11-08,1.0549997585003486,1.043743332694975,0.8486936065852732
2018-11-09,1.056771419153657,1.0454960904371353,0.8472683957666101
2018-11-12,1.0804724668819505,1.0689442574580035,0.8282660379030509
2018-11-13,1.0717963813432854,1.0603607422847439,0.8349169311130888
2018-11-14,1.0751504115687132,1.0570424982214242,0.8375296816983866
2018-11-15,1.080943979713957,1.0513465065908862,0.8420428039856248
2018-11-16,1.081858820973641,1.0522362984584617,0.8413301532710985
2018-11-19,1.0922435769380894,1.062336708017069,0.8332542304631767
2018-11-20,1.0710712301058072,1.0829293319607638,0.817102203626554
2018-11-21,1.0570602195384085,1.0687632019337725,0.8277909676301631
2018-11-23,1.0470508137739563,1.0788834243738354,0.8199525346534905
2018-11-26,1.0312783081179828,1.0626314004135675,0.8323040899174013
2018-11-27,1.0262749019111659,1.0677869209966488,0.8282660379030509
2018-11-28,1.0103818877560087,1.051251046818601,0.8410926634398495
2018-11-29,1.006101774072391,1.0557042877613882,0.8375296816983866
2018-11-30,1.0009657900389872,1.0610934844665998,0.8332542304631767
2018-12-03,0.9878402677193512,1.0471795162249435,0.8441805749084246
2018-12-04,0.9625466698089639,1.0739924924610091,0.8225653758491779
2018-12-06,0.9497608123142567,1.0882587253510125,0.8116389407935404
2018-12-07,0.9611568266248676,1.101316551960565,0.8019002267253169
2018-12-10,0.9648578856822513,1.10555731422409,0.7988124058671314
2018-12-11,0.9628495670559836,1.103256134558659,0.8004751065170436
2018-12-12,0.9817065567577944,1.124862925774698,0.8161520630807786
2018-12-13,0.9811351196164679,1.1255176921611136,0.815676992807891
2018-12-14,0.9668495180547783,1.1091298399893033,0.8038005078168677
2018-12-17,0.9734208816942965,1.1015914429937972,0.7983373355942438
2018-12-18,0.9713935337794877,1.1038857322954994,0.8000000362441558
2018-12-19,0.9633178508456803,1.0947085750886902,0.7933492336445075
2018-12-20,0.9679325425254169,1.0894644673948866,0.7895487620717957
2018-12-21,0.9848219113176526,1.0704544988614795,0.7757719959892218
2018-12-24,1.0023110343335189,1.0514446553574621,0.7619953205170373
2018-12-26,0.9748163053142025,1.080287185158688,0.7828978688617577
2018-12-27,0.9742247770107032,1.080942714249087,0.7833729391346455
2018-12-28,0.9697937519916309,1.0858591199123862,0.7869359208761082
2018-12-31,0.973891866358864,1.0812705413089816,0.7902613221759324
2019-01-02,0.969500965728119,1.0861455707304617,0.7866983404344696
2019-01-03,0.9823807696916008,1.1005749963023137,0.7762470662621094
2019-01-04,0.9493141436947975,1.1376200025839274,0.8023752969982046
2019-01-07,0.9501573020090491,1.1366095954705304,0.803087947712731
2019-01-08,0.9563398554917192,1.1292138204782696,0.8083135394937163
2019-01-09,0.9687051768647678,1.1146132663876713,0.8187649042764661
2019-01-10,0.9678620185505162,1.1155834227006287,0.8180522535619397
2019-01-11,0.9760117627600158,1.124977033943876,0.8111639611310424
2019-01-14,0.9794414578403753,1.1289301914221466,0.8083135394937163
2019-01-15,0.9782901632055107,1.1276031787026861,0.8092636800394917
2019-01-16,0.979151551845287,1.1285960380861717,0.8085511199353549
2019-01-17,0.9774257380666744,1.12660681936988,0.8099762401436283
2019-01-18,0.9630939817352414,1.1100876570563554,0.8218527251346516
2019-01-22,0.9514032959927669,1.1235626513885424,0.8118765212351791
2019-01-23,0.9452795427853192,1.1307945165914366,0.817102203626554
2019-01-24,0.9461038808992734,1.1298083987533947,0.8178147637306907
2019-01-25,0.9609425958961124,1.1120884578794585,0.8306413892674893
2019-01-28,0.9590190704140344,1.1143145330853985,0.8289786886175772
2019-01-29,0.9546224257658166,1.1092059328714257,0.8327791601902891
2019-01-30,0.9619740652938342,1.1006638308206933,0.8391924729586884
2019-01-31,0.9641523750210356,1.1031561919097868,0.8372921918671377
2019-02-01,0.9619641777042296,1.1006525177171032,0.8391924729586884
2019-02-04,0.9614196058698339,1.1012756015849825,0.8387174026858006
2019-02-05,0.9524344302684484,1.0909833685107362,0.8465558356624734
2019-02-06,0.9484259289486546,1.0955749793697807,0.8429929445314002
2019-02-07,0.9315899379650766,1.115023087979538,0.8280285480718018
2019-02-08,0.9353312466407572,1.1195010727479806,0.8247031467719776
2019-02-11,0.9358700442339531,1.120145961375131,0.82422807649909
2019-02-12,0.9240031414908036,1.1059424261047497,0.8346793506714502
2019-02-13,0.9240031414908036,1.1059424261047497,0.8346793506714502
2019-02-14,0.9211106852786191,1.1024804356665527,0.8320665094757628
2019-02-15,0.9048077685021467,1.1219934508531304,0.8467934161041121
2019-02-19,0.9086147555575657,1.1172726530302584,0.8503563072351853
2019-02-20,0.9124218394311495,1.112591295311015,0.853919288976648
2019-02-21,0.9116603645655339,1.113519824496167,0.8532066382621217
2019-02-22,0.9152136880293557,1.1091797256242604,0.8565321301723355
2019-02-25,0.9172440617619462,1.1067190441363353,0.8584323206534966
2019-02-26,0.9243505150532602,1.0981446117451843,0.865083123253145
2019-02-27,0.9200359103601523,1.1032704377369336,0.8610451618491841
2019-02-28,0.9154674484391176,1.0977921200684075,0.8653207036947836
2019-03-01,0.9220010745170355,1.089957255774717,0.8714964360215443
2019-03-04,0.9179803594241455,1.0947104038024393,0.8676959644488325
2019-03-05,0.9172264094395097,1.0938113029843726,0.8684086151633588
2019-03-06,0.9192335152789664,1.0962048178580068,0.866508334071808
2019-03-07,0.9038625445439867,1.114535015674745,0.8520190078850973
2019-03-08,0.900334799678353,1.1101850232971993,0.8553444091849215
2019-03-11,0.894084210663885,1.1024775456865066,0.861282651680433
2019-03-12,0.8943307451875964,1.1027815425286234,0.8610451618491841
2019-03-13,0.9044459305410549,1.115254377402158,0.8707838759174076
2019-03-14,0.9064196711530138,1.1128205969151068,0.8726841570089583
2019-03-15,0.9172749621793909,1.099493446342245,0.8831354311813184
2019-03-18,0.9212223492901763,1.0947619029801843,0.8869359027540303
2019-03-19,0.9241828660949823,1.091243685023866,0.8897862337809668
2019-03-20,0.9244296307280435,1.0909523137407637,0.8900238142226055
2019-03-21,0.9207289141371867,1.095319661122429,0.8864608324811426
2019-03-22,0.9486073885457461,1.1284845163506463,0.859619951030521
2019-03-25,0.9467725659365738,1.1263017704331015,0.861282651680433
2019-03-26,0.9449447279497512,1.1241273335781568,0.8629454429407348
2019-03-27,0.947545692060988,1.1210331686343076,0.8653207036947836
2019-03-28,0.9446845720063749,1.124418135193218,0.8627078624990961
2019-03-29,0.9379219065644854,1.1163688202256252,0.8688836854362464
2019-04-01,0.9489471418837265,1.1032459484173156,0.879097379166968
2019-04-02,0.9520240472755584,1.0996687382046757,0.881947800804294
2019-04-03,0.9620237452741384,1.0881182366054831,0.8912114445996299
2019-04-04,0.9635621979700543,1.0863781356539168,0.8926366554182928
2019-04-05,0.9643313754130374,1.0855109186146272,0.8933492155224296
2019-04-08,0.9648441929783427,1.0849336595099364,0.8938242857953173
2019-04-09,0.9594596574476115,1.090988382003611,0.8888360932351914
2019-04-10,0.963818557847732,1.0860319363021909,0.8928741452495419
2019-04-11,0.9625365628394434,1.0845873827502335,0.8940617756265663
2019-04-12,0.9702081951236385,1.0759429780577072,0.9011876484991024
2019-04-15,0.9704639714781668,1.0756593268022436,0.901425228940741
2019-04-16,0.9712311054415571,1.074809037840593,0.9021377890448777
2019-04-17,0.9791585140802804,1.0660362026175265,0.9095012423590524
2019-04-18,0.9796699692392397,1.065479367633583,0.90997631263194
2019-04-22,0.9796699692392397,1.065479367633583,0.90997631263194
2019-04-23,0.9789027377257522,1.0663138010381854,0.9092636619174137
2019-04-24,0.9863185936554193,1.0743918553939087,0.9023753694865163
2019-04-25,0.9873571207679416,1.0755231177248403,0.901425228940741
2019-04-26,0.98631640435189,1.0743894705966477,0.9023753694865163
2019-04-29,0.9920280927138685,1.0681677573529433,0.9076009612675017
2019-04-30,1.0008553554978463,1.0586629887271557,0.915676974685813
2019-05-01,0.9933261992034466,1.0666270157580728,0.908788591644526
2019-05-02,0.989172199013291,1.0710875533235142,0.9049881200718142
2019-05-03,0.9803449362293132,1.0615292870203714,0.9130641334901256
2019-05-06,0.9887609584941249,1.070642257143597,0.9052257005134529
2019-05-07,1.0126303373604124,1.096488307643951,0.8833729210125675
2019-05-08,1.0058231958253683,1.0891174529240448,0.889311163508079
2019-05-09,1.0101215816095177,1.0937717967454519,0.8855106919353672
2019-05-10,1.0036186072806546,1.1008132955564531,0.8912114445996299
2019-05-13,1.0258202403179786,1.0764615620859344,0.8714964360215443
2019-05-14,1.0157549384251454,1.0870237543420231,0.8800475197127433
2019-05-15,1.0228831019694247,1.0946520540473434,0.8862233426498936
2019-05-16,1.011094304600983,1.0820361146215514,0.8964371269910048
2019-05-17,1.0062719072693604,1.0871968677265047,0.8921615851454052
2019-05-20,0.9952875805028308,1.0990645603137514,0.8824228710771818
2019-05-21,0.9893936188084298,1.092556045041321,0.887648462858167
2019-05-22,0.9867460979357018,1.0954796185098417,0.8852732021041182
2019-05-23,0.998660143855873,1.1087065210603986,0.8745843474901194
2019-05-24,0.9861836974767165,1.0948552448826767,0.8855106919353672
2019-05-28,0.9748087161258624,1.107483681171261,0.875296907594256
2019-05-29,0.9655500573108939,1.1180024766820986,0.8669834043446957
2019-05-30,0.9607884325169638,1.112489030463193,0.8712589461902952
2019-05-31,0.9710039968339036,1.1243175484365149,0.8619953023949595
2019-06-03,0.9629769797249491,1.1150231312903192,0.8691211752674954
2019-06-04,0.9803468801630306,1.0949106663150892,0.8847981318312306
2019-06-05,0.9787677617976254,1.0966743211770997,0.8833729210125675
2019-06-06,0.9821891347249981,1.092840795003609,0.8864608324811426
2019-06-07,0.9979799167976745,1.0752710518411945,0.9007125782262146
2019-06-10,0.9982431533895807,1.074987428210801,0.9009501586678533
2019-06-11,1.0042962898639514,1.0684689305991741,0.9064133308904773
2019-06-12,0.9964008988276132,1.0768688222470875,0.8992874580179412
2019-06-13,0.9974536444045499,1.0757310584304394,0.9002375985637165
2019-06-14,0.989821389564774,1.083962271603162,0.8933492155224296
2019-06-17,0.9895582533682118,1.0836741087968482,0.8935867053536787
2019-06-18,0.9706193067809992,1.0629338987136203,0.9106888727360768
2019-06-19,0.9749229975540572,1.0582208883909268,0.9147268341400376
2019-06-20,0.9845431428811864,1.0477787932100098,0.9237529881041244
2019-06-21,0.9637839479885596,1.0698713183876827,0.9042755599676775
2019-06-24,0.9622649471769307,1.0681851153705426,0.9057007707863405
2019-06-25,0.9690787937268843,1.0757489879655413,0.8992874580179412
2019-06-26,0.9708705322035857,1.0737600260096227,0.9009501586678533
2019-06-27,0.9726622706802869,1.0717784052996209,0.9026128593177654
2019-06-28,0.9649833775455062,1.0633170183552036,0.9097387321903014
2019-07-01,0.965991216170556,1.0622064790581465,0.9106888727360768
2019-07-02,0.9692666436455772,1.0586048104017325,0.9137767842046519
2019-07-03,0.9773291604204133,1.0497991643003826,0.9213777273500756
2019-07-05,0.9702743861578458,1.0573770576295711,0.9147268341400376
2019-07-08,0.9753133870575322,1.0628684155595707,0.90997631263194
2019-07-09,0.9773501099502426,1.0650879774589925,0.9080760315403893
2019-07-10,0.9755605674377623,1.0631377856129083,0.9097387321903014
2019-07-11,0.9747964518571808,1.0639704967468007,0.9090261720861647
2019-07-12,0.9750511246619498,1.063692526561249,0.9092636619174137
2019-07-15,0.9760700102135745,1.0625810146422607,0.9102138024631891
2019-07-16,0.9742870090813681,1.0645220466710532,0.908551101813277
2019-07-17,0.9707210068169553,1.0684183195286021,0.9052257005134529
2019-07-18,0.9725040079491618,1.0664558699060929,0.9068884011633649
2019-07-19,0.9801454552538001,1.07483554368224,0.8997625282908289
2019-07-22,0.976781774854109,1.0711469041728734,0.9028503491490144
2019-07-23,0.9855191062711253,1.061565474892554,0.9109263625673257
2019-07-24,0.9857761413884879,1.0612886059767808,0.9111639430089644
2019-07-25,0.975496893357819,1.0723552653885133,0.90166271877199
2019-07-26,0.9721561230433253,1.068682785587097,0.9047506302405651
2019-07-29,0.9703695483081739,1.066718819492182,0.9064133308904773
2019-07-30,0.9525692488620249,1.0862865341271974,0.8897862337809668
2019-07-31,0.9604521679425305,1.095276021093103,0.8824228710771818
2019-08-01,0.9645887007556015,1.0999932213367412,0.8786223995044699
2019-08-02,0.953114752011976,1.0869086124976926,0.8681710347217201
2019-08-05,0.9711078541655187,1.0663897215090128,0.8517815180538483
2019-08-06,0.966504213500524,1.0714450560587367,0.8558194794578092
2019-08-07,0.9597979669959038,1.0788794516482418,0.8617577219533208
2019-08-08,0.951067672144517,1.0886929082775283,0.8695962455403832
2019-08-09,0.9461317208569631,1.0830426950279848,0.865083123253145
2019-08-12,0.9536653691229272,1.074418882358463,0.8581948308222476
2019-08-13,0.9423153445551082,1.087206051847602,0.8684086151633588
2019-08-14,0.9706673411870484,1.1199174605053495,0.8422802938168739
2019-08-15,0.9706673411870484,1.1199174605053495,0.8422802938168739
2019-08-16,0.9591703806884188,1.1331821973094227,0.852256588326736
2019-08-19,0.9671901792907468,1.1426569404678202,0.859382461199272
2019-08-20,0.9631802290009468,1.1379195086496734,0.8558194794578092
2019-08-21,0.976011927160126,1.1227598955006584,0.8672208941759447
2019-08-22,0.9725367456847227,1.1267575868009303,0.8641330733177592
2019-08-23,0.9578337645842426,1.1437921056271498,0.8510689579497116
2019-08-26,0.967457461720673,1.1323000187759689,0.859619951030521
2019-08-27,0.9677248461278715,1.1319870754360595,0.8598575314721597
2019-08-28,0.967457461720673,1.132299845842165,0.859619951030521
2019-08-29,0.9546257635614938,1.1172817903488612,0.8710213657486565
2019-08-30,0.9543654784291086,1.1175864247404865,0.8707838759174076
2019-09-03,0.950200221157979,1.1224640477130068,0.8669834043446957
2019-09-04,0.9364028250675309,1.1061652922310197,0.8795724494398557
2019-09-05,0.94424204114352,1.0969048879376717,0.8869359027540303
2019-09-06,0.9447478063546982,1.0963173517889757,0.887410973026918
2019-09-09,0.9480352319949326,1.092502511735511,0.8904988844954931
2019-09-10,0.9490466659524389,1.0913369494212233,0.8914489344308789
2019-09-11,0.9528398568038515,1.0869750465971943,0.8950119161723417
2019-09-12,0.9437362759323417,1.0765899171640039,0.9035629998635407
2019-09-13,0.9462171430536523,1.073759808163491,0.9059382606175895
2019-09-16,0.934556859377661,1.0869918068172655,0.894774335730703
2019-09-17,0.9283545969353701,1.0797778974752592,0.9007125782262146
2019-09-18,0.9285993751053382,1.080062601249645,0.9004750883949656
2019-09-19,0.9317837304495937,1.076358847824192,0.9035629998635407
2019-09-20,0.9298240984099292,1.0786225354326406,0.90166271877199
2019-09-23,0.9251701124763239,1.084021292161099,0.8971496870951414
2019-09-24,0.9288443758304955,1.0883264244337667,0.8935867053536787
2019-09-25,0.9347699652059042,1.095269434119146,0.8878860432998057
2019-09-26,0.9300186274690676,1.089702294407733,0.8923990749766543
2019-09-27,0.9282858347985198,1.091732606589724,0.8907363743267421
2019-09-30,0.9342269056904824,1.0847454690425649,0.8964371269910048
2019-10-01,0.9240776510072234,1.0965299273628777,0.8866984129227813
2019-10-02,0.9475942443748097,1.1244352104189876,0.8641330733177592
2019-10-03,0.9405615101185246,1.1160900204073028,0.8705463860861585
2019-10-04,0.933119215446473,1.1072588374139007,0.8774346785170558
2019-10-07,0.9333718734285829,1.1069590281516937,0.8776722589586945
2019-10-08,0.9232676740814924,1.118942391919042,0.8681710347217201
2019-10-09,0.9124056935096454,1.1057783541613766,0.8783848190628313
2019-10-10,0.9215346587942062,1.094714622008711,0.8871733925852793
2019-10-11,0.9402861537850099,1.0724392408767462,0.9052257005134529
2019-10-14,0.9400393715741687,1.0727207072429064,0.9049881200718142
2019-10-15,0.9274561141766858,1.058361392959885,0.9171021855044761
2019-10-16,0.9291375864359175,1.0564425902313228,0.9187648861543881
2019-10-17,0.9312994924311248,1.0539844725071499,0.9209026570771879
2019-10-18,0.9327407936390515,1.0523533011109376,0.922327867895851
2019-10-21,0.9286572443333077,1.0477460869508461,0.9263658292998118
2019-10-22,0.9234186359392531,1.0536564822871568,0.9211401469084369
2019-10-23,0.9174657048858345,1.0468639570457063,0.9270783894039486
2019-10-24,0.9172305878667706,1.0465956794069509,0.9273159698455872
2019-10-25,0.9162907809404403,1.0476680355642631,0.9263658292998118
2019-10-28,0.9139413532495358,1.0449817482580612,0.9287410900538606
2019-10-29,0.9132401479805748,1.045783491942425,0.928028529949724
2019-10-30,0.9085652381323607,1.040430087849983,0.9327791420682111
2019-10-31,0.9062515482343492,1.0430795757269284,0.9304037907037727
2019-11-01,0.9004674558766883,1.036422187263263,0.9363420331992843
2019-11-04,0.9057214017742367,1.0303749880409454,0.9418052960322979
2019-11-05,0.9048076644756383,1.0314144821461655,0.9408551554865225
2019-11-06,0.9034371456665257,1.0298521910612513,0.9422802756947959
2019-11-07,0.9057145791563237,1.0272560836499998,0.9446556270592343
2019-11-08,0.9057145791563237,1.0272560836499998,0.9446556270592343
2019-11-11,0.9059423659429059,1.0275144380672485,0.9444180466175957
2019-11-12,0.9061701804159346,1.0277728238863,0.9441805567863467
2019-11-13,0.9086778350807934,1.0306169908782559,0.9415677155906592
2019-11-14,0.9089070291601355,1.0308769414385748,0.9413302257594102
2019-11-15,0.9022559972076638,1.0233333805939526,0.9482185181903076
2019-11-18,0.9020300191019743,1.0235896836161007,0.9479810283590585
2019-11-19,0.9029341039612873,1.0246156050549764,0.9470308878132832
2019-11-20,0.8974988829459674,1.0307832891027797,0.9413302257594102
2019-11-21,0.8961401208877776,1.0292227420647138,0.9427553459676836
2019-11-22,0.8972690280153678,1.0305192992239263,0.9415677155906592
2019-11-25,0.8943263959814436,1.0271396672442281,0.9446556270592343
2019-11-26,0.8950009924074837,1.0263648888728412,0.9453681871633711
2019-11-27,0.8950009924074837,1.0263648888728412,0.9453681871633711
2019-11-29,0.8967999448045442,1.028427882760848,0.9434679966822099
2019-12-02,0.9076373957047061,1.0408560020402347,0.9320665819640744
2019-12-03,0.9085626333510379,1.0419170415721617,0.9311164414182991
2019-12-04,0.8997551138509517,1.0318167971594319,0.9401425953823858
2019-12-05,0.8988457902875504,1.0328595868166695,0.9391924548366104
2019-12-06,0.9043015582322227,1.0265903888229857,0.9448931168904834
2019-12-09,0.8979364667241491,1.0338162325768556,0.938242314290835
2019-12-10,0.8956632445335136,1.0311990162280125,0.9406175750448839
2019-12-11,0.8881993424604466,1.022605643080298,0.9484560986319462
2019-12-12,0.8962071637215492,1.0133860424581027,0.9570071823231453
2019-12-13,0.9008783645059311,1.0081040832548813,0.9619952842728815
2019-12-16,0.9099983643080125,0.9978985889262387,0.971733998341105
2019-12-17,0.9046597885160164,1.0037528381849832,0.9660332456768423
2019-12-18,0.9079963241389535,1.0074548454409067,0.9624703545457692
2019-12-19,0.908220457969857,1.0077035300533528,0.9622327741041306
2019-12-20,0.905978440484994,1.005215930358684,0.964608125468569
2019-12-23,0.9062014954865694,1.0049684427464958,0.964845615299818
2019-12-24,0.9046398551664975,1.0067002863247831,0.9631829146499059
2019-12-26,0.899285598995526,1.0007419691120387,0.9688836673141685
2019-12-27,0.9023721258931283,0.9973072237890024,0.9722090686139927
2019-12-30,0.8948762388125723,1.0055917242956487,0.9641330551956813
2019-12-31,0.8992855989955258,1.000636831186295,0.9688836673141685
2020-01-02,0.8889236992823677,0.9891071252668118,0.9800475015906653
2020-01-03,0.8775051705699747,1.0018125443242738,0.9674584564955054
2020-01-06,0.8759970661055276,1.0000908017963601,0.9691211571454176
2020-01-07,0.8809352751244539,1.0057285574558992,0.9636579849227936
2020-01-08,0.8765924669299632,1.0007705470956763,0.9684085970412808
2020-01-09,0.8729373501132801,0.9965976464670164,0.9724465584452417
2020-01-10,0.8701655020007437,0.999762154555666,0.9693587375870562
2020-01-13,0.868033298631355,0.9973123950218422,0.971733998341105
2020-01-14,0.8710038225241973,1.0007253289527307,0.9684085970412808
2020-01-15,0.8724992849005244,1.0024435155321527,0.9667458963913688
2020-01-16,0.8682118028520444,0.9975174844719101,0.9714965085098559
2020-01-17,0.8720327902271108,0.993127424693807,0.9757720503554554
2020-01-21,0.8633293671127942,1.0030394466732682,0.9660332456768423
2020-01-22,0.8665134692739224,1.0067388228227556,0.9624703545457692
2020-01-23,0.8690796264704164,1.0097202537719379,0.9596200235188327
2020-01-24,0.8705854508846037,1.0114697613697679,0.9579573228689207
2020-01-27,0.8494305630683702,1.0360480831296226,0.9346793325493722
2020-01-28,0.8399324300048844,1.02446323678481,0.9451306973321221
2020-01-29,0.8386659335478726,1.0229184945967758,0.9465558175403954
2020-01-30,0.8378241717613909,1.0239451890945412,0.9456057676050097
2020-01-31,0.8527665874967576,1.0422070335499394,0.9287410900538606
2020-02-03,0.8490588632738394,1.0376756455708067,0.9327791420682111
2020-02-04,0.8637611876794474,1.0197072282691428,0.9489311689048339
2020-02-05,0.8730582481852812,1.0087316485201572,0.9591449532459451
2020-02-06,0.8778148243321909,1.003235899630599,0.9643705450269303
2020-02-07,0.8717609551573341,1.010154738000074,0.957719742427282
2020-02-10,0.8704636621293869,1.0086514971276734,0.9591449532459451
2020-02-11,0.8663678994738666,1.0039055240169015,0.9636579849227936
2020-02-12,0.8710660014432036,0.9984615890300717,0.9688836673141685
2020-02-13,0.8646595505974801,1.0058049993811427,0.9617577944416325
2020-02-14,0.8646595505974801,1.0058049993811427,0.9617577944416325
2020-02-18,0.8685034373974027,1.0102763552549612,0.9574822525960329
2020-02-19,0.8639788797069717,1.005013217015316,0.9624703545457692
2020-02-20,0.8588614962186454,1.010965952855396,0.9567696018815066
2020-02-21,0.8644052537711188,1.0174915104233053,0.950593869554746
2020-02-24,0.9017720872600127,1.0614760138497712,0.9095012423590524
2020-02-25,0.9248521659120331,1.088643576732899,0.8862233426498936
2020-02-26,0.9246043243418078,1.088351842395869,0.8864608324811426
2020-02-27,0.9508658961951714,1.119264341243596,0.861282651680433
2020-02-28,0.958470649806289,1.1103127850095083,0.8543943592495358
2020-03-02,0.9376864988063026,1.13438958755481,0.8729216468402073
2020-03-03,0.9504441382458442,1.1498234594943313,0.8610451618491841
2020-03-04,0.915834870040824,1.1916928833738967,0.8923990749766543
2020-03-05,0.8848763735373488,1.2319763680609368,0.8622327922262085
2020-03-06,0.9009650314929385,1.2095768024404119,0.8465558356624734
2020-03-09,0.9851460589637271,1.0965608534578646,0.7674584927396613
2020-03-10,0.9540457993414004,1.131178387501591,0.7916865329945955
2020-03-11,1.0055694547956657,1.0700886101186007,0.748931159843795
2020-03-12,1.1309068534052455,0.9367093372753735,0.6555819805655212
2020-03-13,1.0608398368393621,0.9947445578195474,0.6961995374883271
2020-03-16,1.1824509095388305,0.8807104232240612,0.6163895891561835
2020-03-17,1.1213917822700326,0.926188344873737,0.6482185725565414
2020-03-18,1.2076843103587434,0.854916970293423,0.5983373265332048
2020-03-19,1.1899454498818418,0.8674742691879209,0.6071259000556529
2020-03-20,1.1866866149800577,0.8698499708850953,0.608788600705565
2020-03-23,1.1959467880638461,0.8766377455053219,0.6135392128240522
2020-03-24,1.3084574759675638,0.9591089028958985,0.6712589371292562
2020-03-25,1.3570731638785638,0.9947445578195473,0.6961995374883271
2020-03-26,1.4140230782142178,0.9529998539512815,0.7254157249981923
2020-03-27,1.3579991988492537,0.9907579002485333,0.6966746077612148
2020-03-30,1.3357748894220283,0.9745436711376103,0.7080760224793503
2020-03-31,1.3492177426555239,0.9843511975737476,0.7009501496068143
2020-04-01,1.4177987863114483,1.034385992047098,0.6653206946337447
2020-04-02,1.397045580981254,1.019245038978942,0.6750594087019681
2020-04-03,1.4206409799099697,1.0364595763055844,0.6636579939838325
2020-04-06,1.3342026121973962,0.9733965820354924,0.7040380157701946
2020-04-07,1.3414047788223717,0.9681420844712468,0.7078384873429066
2020-04-08,1.3567094043645942,0.957096162831168,0.7159145007612179
2020-04-09,1.390919738761527,0.9329623434037053,0.7339667633841965
2020-04-13,1.3742647606374956,0.9441337050480294,0.7251781898617485
2020-04-14,1.4012728425528547,0.9255788812794565,0.7394299356068205
2020-04-15,1.3396042800944268,0.9663126465513194,0.7068883921023259
2020-04-16,1.3454560941375937,0.970533804992811,0.7038004806337508
2020-04-17,1.296868844149187,0.9354857875875229,0.7292161965709042
2020-04-20,1.2799714661806914,0.947674573684387,0.7197149723339298
2020-04-21,1.2474441989084775,0.9235917992165366,0.7014252198797021
2020-04-22,1.2335039184853374,0.9132705931146069,0.7092636981615695
2020-04-23,1.2202848672659294,0.9230578102986312,0.7016627550161458
2020-04-24,1.206652710846945,0.9333695569991777,0.7095012332980134
2020-04-27,1.2304867571144562,0.9149334543772472,0.7235154439066416
2020-04-28,1.23735421768161,0.909827126021272,0.7275534506157972
2020-04-29,1.2801748904183543,0.8783410656404649,0.7527316314165068
2020-04-30,1.2551288350996774,0.8955254199684173,0.7380047700933523
2020-05-01,1.2830026547017472,0.9154131902970188,0.7216152081202857
2020-05-04,1.2889150837187808,0.9111947146071572,0.7182898068204615
2020-05-05,1.2914724321729323,0.9130026245496092,0.7168646413069932
2020-05-06,1.3090172795809372,0.9254059026465946,0.7071259272387698
2020-05-07,1.3327615866616633,0.9421918704634531,0.7199525074703735
2020-05-08,1.355186816823944,0.9263384201812486,0.7320665275978406
2020-05-11,1.346832299578844,0.9320491533511156,0.7275534506157972
2020-05-12,1.366619208168105,0.945742299412302,0.7168646413069932
2020-05-13,1.341261155849282,0.9632908473657353,0.7035629908025018
2020-05-14,1.3498648131315785,0.9694699753288202,0.6990499138204584
2020-05-15,1.3466541395334355,0.9717758741297227,0.7007126144703705
2020-05-18,1.4228884621016522,0.9167634746742227,0.7403800761525958
2020-05-19,1.4032592522384113,0.9294105254576374,0.7301662918114847
2020-05-20,1.4393222353953639,0.9532958595981449,0.748931159843795
2020-05-21,1.425627395294232,0.9623662637406066,0.7418052416660641
2020-05-22,1.4233449654786015,0.9639070123690131,0.7406176112890397
2020-05-26,1.381804115936489,0.9357750295085234,0.7622328103482864
2020-05-27,1.419266506064953,0.9104050303721665,0.7828978688617577
2020-05-28,1.4326152493345896,0.9018423235303639,0.7902613221759324
2020-05-29,1.436490680331458,0.8994027098961234,0.7923990930987321
2020-06-01,1.4653409833266695,0.8813392159587801,0.8083135394937163
2020-06-02,1.4933302254442653,0.8645048975415062,0.8237530062262023
2020-06-03,1.5527534459756183,0.8301041573021792,0.8565321301723355
2020-06-04,1.5553369571322644,0.8287230086355144,0.857957250380609
2020-06-05,1.601411434393981,0.8041733576788238,0.8833729210125675
2020-06-08,1.6194968338000013,0.7950914964825436,0.8933492155224296
2020-06-09,1.5880628553862441,0.8105239989831818,0.8760095583087825
2020-06-10,1.5975361676590119,0.8153590386800663,0.8707838759174076
2020-06-11,1.6990707044074482,0.8671807776503615,0.8154395029766419
2020-06-12,1.669375400716956,0.8520247300061492,0.829691248721714
2020-06-15,1.6536041277143947,0.8439753034864524,0.8375296816983866
2020-06-16,1.6310931926569356,0.8324860522633422,0.8489311870269118
2020-06-17,1.637482449531797,0.8292250692265695,0.852256588326736
2020-06-18,1.629267640951492,0.8333850681417543,0.8479810464811365
2020-06-19,1.6397643021165056,0.8387542048387534,0.8425178742585125
2020-06-22,1.6309807398157887,0.8342613336354467,0.8470309059353611
2020-06-23,1.6488181345375577,0.8251373456287916,0.8562945497306969
2020-06-24,1.60262386037279,0.848254886592917,0.8323040899174013
2020-06-25,1.577925848693693,0.8351824435737236,0.8451307154541999
2020-06-26,1.6063091412010713,0.8502054737196616,0.8299287385529629
2020-06-29,1.6311347977826791,0.837065469362477,0.8427553640897616
2020-06-30,1.6334334307162832,0.8358858573168785,0.843942994466786
2020-07-01,1.6329735989048915,0.8356505450594832,0.8441805749084246
2020-07-02,1.603107839918811,0.8203671762456394,0.859619951030521
2020-07-06,1.6358876834479479,0.8035925669497771,0.8771971886858069
2020-07-07,1.6070945753618195,0.8177365255304949,0.8617577219533208
2020-07-08,1.5924764890775913,0.8102984174868046,0.8695962455403832
2020-07-09,1.6146607665369235,0.8215864239607948,0.8574821801077213
2020-07-10,1.5954279506999933,0.8118002071196868,0.8676959644488325
2020-07-13,1.5928075897595906,0.8131335230824753,0.866270844240559
2020-07-14,1.620322379262866,0.7990871323762081,0.8812351500897677
2020-07-15,1.6421596089920414,0.7883177635724113,0.8931116350807909
2020-07-16,1.6373555583996893,0.7906239452604242,0.8904988844954931
2020-07-17,1.644780136537285,0.7870388661192892,0.894536845899454
2020-07-20,1.6565722605836204,0.7813962518072605,0.9009501586678533
2020-07-21,1.6631234961443093,0.778306069124843,0.9045131404093161
2020-07-22,1.6688010559184092,0.7756490931153972,0.9076009612675017
2020-07-23,1.6522048812797216,0.783362899241076,0.8985748979138045
2020-07-24,1.6644338432193517,0.7891610391620266,0.8919240047037665
2020-07-27,1.6471468073696922,0.7809647054773176,0.9011876484991024
2020-07-28,1.6354248672513099,0.7865224502218761,0.894774335730703
2020-07-29,1.6163223727117617,0.7773355159203037,0.9052257005134529
2020-07-30,1.5853616124575247,0.7922254283238142,0.8878860432998057
2020-07-31,1.6205636724795607,0.8098163469254118,0.8681710347217201
2020-08-03,1.5864231855933344,0.7927559099663651,0.8864608324811426
2020-08-04,1.594924950064343,0.7885074697703696,0.8912114445996299
2020-08-05,1.5859981703407355,0.78409420098755,0.8961995465493661
2020-08-06,1.5876796275262122,0.7832629132515384,0.8971496870951414
2020-08-07,1.5792725019514122,0.7874104689394887,0.8923990749766543
2020-08-10,1.5801132305441505,0.7878296483367372,0.8919240047037665
2020-08-11,1.5687515446790736,0.7821648182431916,0.8983373174721658
2020-08-12,1.6064978079737515,0.7633448851126836,0.9199525165314125
2020-08-13,1.594468739019155,0.769060627900245,0.9130641334901256
2020-08-14,1.6077421398547722,0.7754627916625091,0.9054631903447019
2020-08-17,1.5993069440627832,0.7713942409198716,0.9102138024631891
2020-08-18,1.596802752681733,0.7726020883669639,0.908788591644526
2020-08-19,1.594716006135136,0.7736117464083755,0.9076009612675017
2020-08-20,1.585534289488398,0.778065883585643,0.9023753694865163
2020-08-21,1.6018112946523897,0.7860534638537026,0.8931116350807909
2020-08-24,1.5698602701911482,0.770374205294795,0.9109263625673257
2020-08-25,1.577638035402906,0.76655743904639,0.915439484854564
2020-08-26,1.5903278103821925,0.760391613177649,0.922802847558349
2020-08-27,1.5690417059998525,0.7705692477155658,0.9104513829048277
2020-08-28,1.5809127606329045,0.7647392754444641,0.9173396753357251
2020-08-31,1.5596265000956253,0.7750361367675924,0.9049881200718142
2020-09-01,1.5579890594031565,0.7742224318783774,0.9059382606175895
2020-09-02,1.5265351446645834,0.7898530463644137,0.924228058377012
2020-09-03,1.491225867746216,0.7715834768518002,0.9028503491490144
2020-09-04,1.4927952022003592,0.772395474927116,0.9038004896947898
2020-09-08,1.5190808808373886,0.7859960942248627,0.8878860432998057
2020-09-09,1.4792548100695508,0.8066027231849926,0.9111639430089644
2020-09-10,1.461130421242611,0.7967199218688449,0.900000018122078
2020-09-11,1.4742416530762283,0.8038691670356112,0.9080760315403893
2020-09-14,1.4765554517894526,0.8051308268458645,0.9095012423590524
2020-09-15,1.4850390861966212,0.809756752392124,0.9147268341400376
2020-09-16,1.4750129193139696,0.8042897203056955,0.908551101813277
2020-09-17,1.4703854689915146,0.8068129597138675,0.9114014328402135
2020-09-18,1.486480314490899,0.797981581679098,0.901425228940741
2020-09-21,1.5468012894370942,0.7655997017936078,0.8648456334218959
2020-09-22,1.551899188457921,0.7630764623854358,0.8619953023949595
2020-09-23,1.5762745547159167,0.7510909749312004,0.8484561167540241
2020-09-24,1.5820111548207045,0.7538244508682473,0.8515439376122096
2020-09-25,1.5780395717972802,0.7519320012590347,0.8494061666894098
2020-09-28,1.5436191294818202,0.7683332579429892,0.867933544890471
2020-09-29,1.5465762412848099,0.7698051542821175,0.8695962455403832
2020-09-30,1.5355925450304142,0.7643380419833544,0.8634204226032328
2020-10-01,1.5296781602739282,0.7672819148739455,0.8667459145134466
2020-10-02,1.5250668825668383,0.7649689119946484,0.8641330733177592
2020-10-05,1.4965609475720252,0.7792674023281809,0.880285100154382
2020-10-06,1.4779850611943264,0.7695948375409082,0.8693586650987445
2020-10-07,1.4933303050557247,0.7775851892478433,0.8783848190628313
2020-10-08,1.505444906400823,0.7838933278744407,0.8855106919353672
2020-10-09,1.518771075712291,0.790832336512332,0.8933492155224296
2020-10-12,1.5300780164283143,0.796719921868845,0.900000018122078
2020-10-13,1.5082716415798292,0.785365224213569,0.8871733925852793
2020-10-14,1.5159441864877714,0.7813700884662688,0.8826603609084308
2020-10-15,1.5412370761615801,0.7683332579429896,0.867933544890471
2020-10-16,1.5252090016915967,0.7763235294375901,0.8769596082441682
2020-10-19,1.5173599326196123,0.7723283936902898,0.8724465765673196
2020-10-20,1.529340215089755,0.7784262957880124,0.8793349596086066
2020-10-21,1.5095108635476282,0.7683332579429897,0.867933544890471
2020-10-22,1.5103371062272597,0.7679127046729053,0.8674584746175834
2020-10-23,1.4942081209531974,0.7761132929087153,0.8767221184129191
2020-10-26,1.4448194528664042,0.7504601049199069,0.8477434660394978
2020-10-27,1.4699185437045061,0.7374232743966277,0.8330166500215381
2020-10-28,1.5311127195451946,0.7067236075914751,0.7983373355942438
2020-10-29,1.5270127381144925,0.7086160572006878,0.8004751065170436
2020-10-30,1.531997080233319,0.7063030543213906,0.7978622653213561
2020-11-02,1.5037197194390215,0.7193398848446697,0.8125890813393158
2020-11-03,1.5529500690716727,0.7428903866953906,0.8391924729586884
2020-11-04,1.572290455777754,0.7521423180002446,0.8496437471310485
2020-11-05,1.6193228931925563,0.774641396569587,0.8750594177630071
2020-11-06,1.6241580317883666,0.776954399448884,0.8776722589586945
2020-11-09,1.7054757535339553,0.8158546544898466,0.9216152171813247
2020-11-10,1.7366841619723457,0.8307839346223385,0.9384798041220841
2020-11-11,1.7459149573266928,0.8351997038520577,0.9434679966822099
2020-11-12,1.7169042934289906,0.8213217667886096,0.9277910401184749
2020-11-13,1.691410154938118,0.8335174907717199,0.9415677155906592
2020-11-16,1.705064310885056,0.8402461826684018,0.9491686587360829
2020-11-17,1.7080511473253,0.8417180790075299,0.9508313593859951
2020-11-18,1.697383827818606,0.8364612834499764,0.9448931168904834
2020-11-19,1.7067711210710177,0.8410872892085706,0.9501187992818583
2020-11-20,1.7089045524182807,0.8400359461395268,0.9489311689048339
2020-11-23,1.7071934699316693,0.8408770526796957,0.9498813094506092
2020-11-24,1.7340883724564968,0.8541241197318499,0.964845615299818
2020-11-25,1.7370766949592553,0.8555960160709781,0.9665083159497301
2020-11-27,1.7498839775154922,0.8619042349099101,0.9736342794326557
2020-11-30,1.7217082490242237,0.848026297846462,0.9579573228689207
2020-12-01,1.7652524234505238,0.8694739531344261,0.9821852725134651
2020-12-02,1.7661062531443636,0.8698945064045105,0.9826603427863528
2020-12-03,1.764825590029285,0.8692637166055511,0.9819477826822162
2020-12-04,1.7810480285095192,0.8772540683124862,0.9909739366463028
2020-12-07,1.7712292313074034,0.872417826025017,0.9855107644236789
2020-12-08,1.7750713835040017,0.8743102756342296,0.9876485353464787
2020-12-09,1.7819020210547216,0.8709458494735541,0.9838479731633772
2020-12-10,1.7849135951882709,0.8724178260250168,0.9855107644236789
2020-12-11,1.7986802520103,0.8656890539160005,0.9779097306678656
2020-12-14,1.796495663578502,0.8667404771973788,0.9790974516552796
2020-12-15,1.8222097024976092,0.8791465179216986,0.9931117075691026
2020-12-16,1.8300546747953947,0.882931417140124,0.9973872494147021
2020-12-17,1.8479237414167164,0.8915525586460186,1.0071259634829257
2020-12-18,1.834848676749505,0.8852443398070866,1.0
2020-12-21,1.7925731774296094,0.8648480275881663,0.9769596807324799
2020-12-22,1.793880783650143,0.8642171575768723,0.9762470300179535
2020-12-23,1.7681292027408517,0.8766231983011922,0.9902612859317765
2020-12-24,1.7736427237889139,0.8793567544505736,0.9933491974003517
2020-12-28,1.785942054670565,0.885454656548296,1.0002375804416386
2020-12-29,1.7889108363611061,0.8869265528874243,1.0019002810915507
2020-12-30,1.7897590828136132,0.8873471061575087,1.0023753513644384
2020-12-31,1.7694016533128465,0.877254068312486,0.9909739366463028
2021-01-04,1.7562542377651562,0.8837724434679582,0.998337299350088
2021-01-05,1.767536404358498,0.8894497922955963,1.0047506121184873
2021-01-06,1.795950714430637,0.9037482826291288,1.02090263895511
2021-01-07,1.7967864481856899,0.9041688358992132,1.0213777092279976
2021-01-08,1.805143626336304,0.9083742883877229,1.026128321346485
2021-01-11,1.777565050019218,0.8944963513242749,1.0104513647827498
2021-01-12,1.7746400615764903,0.895968247663403,1.012114065432662
2021-01-13,1.7783884275479205,0.8940757980541904,1.009976294509862
2021-01-14,1.7670957256582178,0.8997531468818283,1.0163896072782614
2021-01-15,1.7328191971103297,0.8823005471288299,0.9966745987001758
2021-01-19,1.719191134183495,0.8892395557667212,1.004513122287238
2021-01-20,1.729760696718509,0.8947065878531496,1.010688854613999
2021-01-21,1.7338260323678978,0.8968093542035717,1.0130642059784372
2021-01-22,1.723256314756185,0.8913422419048086,1.006888383041287
2021-01-25,1.7399238032269333,0.8827211003989142,0.9971496689730636
2021-01-26,1.725003040055016,0.8902908988357647,1.0057007526642625
2021-01-27,1.6769278367872227,0.8654788173871252,0.9776722408366166
2021-01-28,1.6565569932133168,0.8759924085022324,0.9895487258276399
2021-01-29,1.620769575377069,0.8570679124101057,0.9681710165996421
2021-02-01,1.6430373188848,0.8688431633354661,0.9814727124093284
2021-02-02,1.6676907891238857,0.8818799938587452,0.9961995284272882
2021-02-03,1.672064823713493,0.8841929967380423,0.9988123696229756
2021-02-04,1.6776317216687775,0.8871367894162987,1.0021377709227999
2021-02-05,1.694332567221224,0.8959682476634026,1.012114065432662
2021-02-08,1.7042734997661155,0.901225043220956,1.0180523079281736
2021-02-09,1.707454519303453,0.9029071760889592,1.0199524984093347
2021-02-10,1.6987066018108312,0.8982812505426996,1.0147269066283493
2021-02-11,1.7134191395050251,0.9060612855084251,1.0235154801507975
2021-02-12,1.7245529354155942,0.911948870864938,1.0301662827504459
2021-02-16,1.7352891607664687,0.9176262196925761,1.036579595518845
2021-02-17,1.7197813302662923,0.909425631456766,1.0273159517235093
2021-02-18,1.72216720868424,0.9081639716465127,1.0258907409048463
2021-02-19,1.712597330614619,0.9132105306751914,1.0315914935691088
2021-02-22,1.7094425776478728,0.9115283175948536,1.0296912124775581
2021-02-23,1.7114143734655396,0.9125797408762321,1.0308789334649722
2021-02-24,1.7244273533861152,0.9195186693017888,1.038717366441645
2021-02-25,1.691697618704079,0.9369711888424526,1.0190024484739488
2021-02-26,1.6751354664824638,0.9461443763467091,1.0090261539640868
2021-03-01,1.643588688949507,0.9283262316343034,1.028028511827646
2021-03-02,1.64168978754932,0.9272537005363877,1.02921623281506
2021-03-03,1.6318388105414063,0.9216897048572026,1.0230404098779098
2021-03-04,1.6488884672616522,0.931319634583648,1.0123515552639109
2021-03-05,1.6415376262893886,0.9271677573256668,1.0168646775511492
2021-03-08,1.6331018867878713,0.9224031113317245,1.0220902693321343
2021-03-09,1.6562530179979003,0.9093269673190677,1.036579595518845
2021-03-10,1.6748498734088832,0.8991167989759591,1.0482185906786192
2021-03-11,1.6911695185314342,0.8903558542990809,1.0584323750197304
2021-03-12,1.6911695185314342,0.8903558542990809,1.0584323750197304
2021-03-15,1.6987600747150562,0.8943520806154958,1.0536817629012432
2021-03-16,1.7014407033258205,0.8957633604136724,1.052019062251331
2021-03-17,1.7187278922796692,0.8866621143701656,1.06270791686533
2021-03-18,1.6979832655350506,0.8973639099794791,1.0498812913285314
2021-03-19,1.698751601326896,0.8969578536747191,1.050356361601419
2021-03-22,1.698751601326896,0.8969578536747191,1.050356361601419
2021-03-23,1.678391069205666,0.9077084184876492,1.0377672258958694
2021-03-24,1.682616696243213,0.9099937245201614,1.0351544753105717
2021-03-25,1.6718059894699766,0.9041470718967579,1.04180527791022
2021-03-26,1.6504606347158173,0.8926030649239816,1.0551068831095165
2021-03-29,1.6474882442994307,0.8942105948098877,1.0532066926283554
2021-03-30,1.653433166870338,0.8974373327041482,1.0570071642010674
2021-03-31,1.6530616712200898,0.897235695243288,1.0572446540323164
2021-04-01,1.6816588020120555,0.8817139715382343,1.075534451791739
2021-04-05,1.7113702024072375,0.8661359263301013,1.0945369002656877
2021-04-06,1.6939147759262367,0.8749702346307496,1.0833729753788013
2021-04-07,1.6913150496428269,0.8736273789283858,1.0850356760287134
2021-04-08,1.6994606576338325,0.8694198682339926,1.0902613584200882
2021-04-09,1.702422607023127,0.8679045771113717,1.0921615489012493
2021-04-12,1.696128376295717,0.8711134111782938,1.0881235874972885
2021-04-13,1.6857613415728043,0.8657890129148773,1.094774390096937
2021-04-14,1.6850298163308834,0.8661647164628863,1.0942993198240492
2021-04-15,1.6978311592540658,0.8595843750018987,1.1026128230736094
2021-04-16,1.7216052412818885,0.8475479429163264,1.1180522898060956
2021-04-19,1.71758192221341,0.8495286268259815,1.1154394486104082
2021-04-20,1.685029816330883,0.8656291373477969,1.0942993198240492
2021-04-21,1.6608900414441863,0.8532281149395157,1.1099762763877843
2021-04-22,1.6655105738971032,0.855601762861079,1.1068883649192092
2021-04-23,1.6833808596099025,0.8464214861349304,1.1187648499102323
2021-04-26,1.6858826887025375,0.8451635403251304,1.1204275505601444
2021-04-27,1.6840956873991497,0.8460593964592836,1.11923992018312
2021-04-28,1.677662373635385,0.8428274152833151,1.1235154620287195
2021-04-29,1.6773077476711922,0.843005572992214,1.1232779721974704
2021-04-30,1.6482235477433154,0.8576231305985993,1.1038005440610235
2021-05-03,1.6276518592756417,0.8469190268442868,1.1175772195332079
2021-05-04,1.5947874483684104,0.8640194250312491,1.0950118799281858
2021-05-05,1.5684958668562345,0.8497752464953865,1.1130641878563594
2021-05-06,1.5832234814193256,0.841796161207311,1.1235154620287195
2021-05-07,1.6069885393570555,0.8291603363994854,1.140380048969479
2021-05-10,1.5889137802931552,0.8384863974999333,1.12755351404307
2021-05-11,1.5688305302321643,0.8490845383195211,1.1133016776876083
2021-05-12,1.58489705366973,0.8577800834230235,1.1019002629694727
2021-05-13,1.5674730206084728,0.8483498251622461,1.1140143284021347
2021-05-14,1.530709313256696,0.8284525227563081,1.14014255913823
2021-05-17,1.524650299352333,0.8317317902900018,1.1356295274613815
2021-05-18,1.5224180246691545,0.8329495474500848,1.1339668268114693
2021-05-19,1.5016896207255315,0.8442905289705548,1.1185273600789833
2021-05-20,1.4745833586298827,0.8290506551329153,1.138717348319567
2021-05-21,1.4791972459925513,0.8264566028412335,1.1422803300610298
2021-05-24,1.4908856745982233,0.8199260478228497,1.1513064840251164
2021-05-25,1.492731135674467,0.818911119829083,1.15273160423339
2021-05-26,1.48381113335522,0.8238046260430015,1.1458433118024924
2021-05-27,1.4804277489367634,0.8219261876939755,1.1484560623877904
2021-05-28,1.4883887497517778,0.8175062792892507,1.1546318853249407
2021-06-01,1.4948187080085715,0.8139745868793388,1.1596199872746769
2021-06-02,1.4975744210903614,0.8124740166728712,1.1617577581974767
2021-06-03,1.486551568763202,0.8184542076933071,1.1532066745062777
2021-06-04,1.4764472485292564,0.8128910482408342,1.1610451980933398
2021-06-07,1.4701041109742623,0.8093986920179138,1.1660333000430763
2021-06-08,1.4683072426657464,0.8103879980458232,1.164608089224413
2021-06-09,1.4713019089407438,0.8120408139803169,1.1622328284703642
2021-06-10,1.4722039580102328,0.8115429551410217,1.1629453885745011
2021-06-11,1.4655886256176116,0.8078962957430915,1.168171070965876
2021-06-14,1.4620125973832632,0.8059250331981291,1.1710214019928125
2021-06-15,1.4605298485886724,0.8051076774697012,1.1722090323698369
2021-06-16,1.4460281965540656,0.8131016198053121,1.1605701278204523
2021-06-17,1.4552027917474664,0.8182604944597548,1.1532066745062777
2021-06-18,1.4863750319014901,0.8357886443413393,1.1285035639784557
2021-06-21,1.4832464082331276,0.8340294193285982,1.1308789153428942
2021-06-22,1.4826233121028887,0.8336790523896969,1.131353985615782
2021-06-23,1.4972534769339731,0.8419055937189197,1.1201900607288953
2021-06-24,1.515350042406581,0.852081292044689,1.1337292463698307
2021-06-25,1.5147150603238029,0.8524383424544145,1.133254176096943
2021-06-28,1.5258269439962993,0.8461848919227322,1.1249406728473825
2021-06-29,1.526149189113725,0.846006182960399,1.124703092405744
2021-06-30,1.5429093259823963,0.8367153616440421,1.1123516277522227
2021-07-01,1.5389557179560531,0.8388593920895476,1.115201958779159
2021-07-02,1.5373168125137233,0.8379660517503785,1.1163895891561835
2021-07-06,1.5569420836147647,0.8272686399968571,1.1021378434111115
2021-07-07,1.5465401821294114,0.8327956065974328,1.1095012061148966
2021-07-08,1.574020920912195,0.817997518071312,1.0897862881472005
2021-07-09,1.5393705623426899,0.8360048437259863,1.113776747960496
2021-07-12,1.5475779124300229,0.8404621099587011,1.1197149904560078
2021-07-13,1.5341178632961656,0.8331521960575482,1.1099762763877843
2021-07-14,1.5426535775181571,0.8377877910265632,1.1161520993249345
2021-07-15,1.5249256712733044,0.8281600796409029,1.103325473788136
2021-07-16,1.5380574815067265,0.8210284264635652,1.0938242495511614
2021-07-19,1.57546514198457,0.8409969601426317,1.0672209485421784
2021-07-20,1.561439135830943,0.848484163904743,1.076722172779153
2021-07-21,1.5314711162963541,0.8321995778359078,1.0973872312926243
2021-07-22,1.5357804859417732,0.834541284160954,1.1004751427611994
2021-07-23,1.5516918587259938,0.8431875051525981,1.111876557479335
2021-07-26,1.5550066806364082,0.8449887754247528,1.1142518182333838
2021-07-27,1.5487084684256802,0.8415663344220362,1.1097387865565351
2021-07-28,1.539426865914639,0.8466099461553146,1.1163895891561835
2021-07-29,1.5512182406235937,0.8401252632330674,1.1249406728473825
2021-07-30,1.540409438825155,0.834271317464291,1.1171021492603201
2021-08-02,1.5364788972917098,0.8321425730014185,1.1199525708976463
2021-08-03,1.5462549838671078,0.826847936120251,1.1270784437701824
2021-08-04,1.5469067395467588,0.8264994147934344,1.12755351404307
2021-08-05,1.554075803403552,0.8226690435559334,1.1327791058240553
2021-08-06,1.5514689049946322,0.8240490371289731,1.1308789153428942
2021-08-09,1.5544017433982202,0.8256067884024606,1.1287411444200943
2021-08-10,1.5566914666015865,0.8243906221003507,1.1304038450700065
2021-08-11,1.546878349332795,0.8191938043471041,1.1375297179425425
2021-08-12,1.5514004213212484,0.8167990114033988,1.1408551192423666
2021-08-13,1.5607676408500277,0.8118672506886574,1.1477435022836537
2021-08-16,1.551723496873121,0.816571758978799,1.1410926996840054
2021-08-17,1.5675508720499278,0.8249006833098322,1.1294537045242312
2021-08-18,1.576451807061751,0.8295846699697021,1.1230403917558318
2021-08-19,1.5931232521523129,0.8383577737280399,1.1111639067648087
2021-08-20,1.5842687104753825,0.84301734657504,1.117339729701959
2021-08-23,1.56675552087857,0.8336982692453234,1.1296912849658698
2021-08-24,1.5660966515195178,0.8333476732289185,1.129216214692982
2021-08-25,1.5677437620839074,0.8342241298352544,1.1304038450700065
2021-08-26,1.5601669529545308,0.8301923759506271,1.1249406728473825
2021-08-27,1.5769676817776732,0.8391323403262174,1.1370546476696548
2021-08-30,1.5796031592138813,0.8377299562605978,1.1389549287612055
2021-08-31,1.579273661701115,0.8375552098786678,1.138717348319567
2021-09-01,1.5944274056263488,0.8455918772920125,1.1496437833752045
2021-09-02,1.6003571041913358,0.8424471088794466,1.153919325220804
2021-09-03,1.5901448176257513,0.8478229785960822,1.1465558719066293
2021-09-07,1.5881682095485954,0.8467691036729205,1.1479810827252923
2021-09-08,1.5704232839397452,0.8562302266586397,1.1351544571884937
2021-09-09,1.574366684311347,0.8583802575633724,1.1323040355511675
2021-09-10,1.57965089742098,0.8612613298416838,1.1285035639784557
2021-09-13,1.5942804549034053,0.85328496484048,1.1389549287612055
2021-09-14,1.589293082700916,0.8559542879833177,1.1353919470197427
2021-09-15,1.5866332438712938,0.8545217640037315,1.1334917565385816
2021-09-16,1.5856358201644534,0.8539845760501066,1.1342043166427183
2021-09-17,1.612201421135918,0.868292157396736,1.115201958779159
2021-09-20,1.5737421274125267,0.8475789247440135,1.088598657770176
2021-09-21,1.5531389670943492,0.8586752817421712,1.1028504035152482
2021-09-22,1.5725405935023016,0.8694017507672014,1.1166270789874326
2021-09-23,1.5949529601184138,0.8817927509457641,1.1325416159928063
2021-09-24,1.5785618187062613,0.8727306719764322,1.1209026208330322
2021-09-27,1.5778927795051347,0.8731005599495597,1.1213776911059197
2021-09-28,1.6183343989845382,0.8507228666922217,1.092636619174137
2021-09-29,1.6271296946311935,0.8460993728515032,1.0866983766786253
2021-09-30,1.6434898732071195,0.8375921611163211,1.0757720322333775
2021-10-01,1.6347807972361952,0.8420306756960172,1.0814726942872506
2021-10-04,1.6491429451542732,0.8494282235118166,1.0719715606606657
2021-10-05,1.664856039612758,0.8575216067755066,1.0821853450017769
2021-10-06,1.653162593419961,0.8514986339001326,1.074584401856353
2021-10-07,1.6345262071117137,0.8610977244829162,1.0866983766786253
2021-10-08,1.63023896341792,0.858839127604526,1.083848045651689
2021-10-11,1.6198779995596504,0.8533807859988745,1.0769596626104019
2021-10-12,1.618806222708457,0.852816154729152,1.0762471025062652
2021-10-13,1.5945116146285931,0.8656149900391967,1.092399129342888
2021-10-14,1.61947452361923,0.8791666431090382,1.1095012061148966
2021-10-15,1.631956044243912,0.8859425055437091,1.1180522898060956
2021-10-18,1.6215548211429194,0.8802959774479835,1.1109264169335595
2021-10-19,1.6149674107059937,0.883872095155393,1.1154394486104082
2021-10-20,1.6211576711924367,0.8872600263727284,1.1197149904560078
2021-10-21,1.616343053300425,0.8846249847146899,1.1163895891561835
2021-10-22,1.6039625323275386,0.8914008471493607,1.1249406728473825
2021-10-25,1.5968503984809101,0.8953534096364186,1.1199525708976463
2021-10-26,1.6066718612811743,0.9008603000841395,1.1268408633285436
2021-10-27,1.6029465501191846,0.9029490806324094,1.1242281127432459
2021-10-28,1.6225896049137882,0.9140141272281805,1.1380047882154303
2021-10-29,1.6171708178124415,0.9170665614038178,1.1342043166427183
2021-11-01,1.6012530741798277,0.9080399142137485,1.145368241529605
2021-11-02,1.6025812674407385,0.9072867212836963,1.1463182914649905
2021-11-03,1.6185208533272804,0.9163107719895399,1.1577197967935158
2021-11-04,1.615532196807999,0.9180027725323593,1.155582025870716
2021-11-05,1.627154679563226,0.9113984650390832,1.1638955291202764
2021-11-08,1.625826359626754,0.9121424808148337,1.1629453885745011
2021-11-09,1.6254943429804167,0.9123287531591519,1.162707898743252
2021-11-10,1.602249250794401,0.925375347915214,1.1460808016337416
2021-11-11,1.5972681143704117,0.9224985040976389,1.1496437833752045
2021-11-12,1.6015582065459095,0.9200207712870158,1.15273160423339
2021-11-15,1.593307854975588,0.9247602149014235,1.1467933617378783
2021-11-16,1.593307854975588,0.9247602149014235,1.1467933617378783
2021-11-17,1.5936379395370104,0.9249517968791333,1.1470309421795168
2021-11-18,1.597928031712508,0.9224618157058334,1.1501187630377023
2021-11-19,1.5721869750980244,0.9373217726948445,1.1315914754470309
2021-11-22,1.5896776801421861,0.9268939934819718,1.1190024303518709
2021-11-23,1.593726918545639,0.9245330024450962,1.1161520993249345
2021-11-24,1.6076325957126973,0.9164662142690989,1.106413385256711
2021-11-26,1.6628540583920832,0.8849860085410337,1.0684085789192028
2021-11-29,1.6573086904816516,0.887937303628042,1.0719715606606657
2021-11-30,1.670528990193452,0.8950203517932206,1.0634204769694666
2021-12-01,1.6694096283445923,0.8956200729843112,1.0641330370736033
2021-12-02,1.6869235697851634,0.905016111706576,1.07529696196049
2021-12-03,1.6697823440323496,0.8958200308890722,1.064370617515242
2021-12-06,1.6477968093843889,0.9076150306372953,1.078384873429065
2021-12-07,1.6957063074552177,0.9340038307076255,1.1097387865565351
2021-12-08,1.6942544709185858,0.933204151611774,1.1087886460107599
2021-12-09,1.669210913708074,0.9194100303855183,1.092399129342888
2021-12-10,1.6768328478432621,0.9236082312463445,1.0973872312926243
2021-12-13,1.6931656627434883,0.9146120320720056,1.0866983766786253
2021-12-14,1.6831731927104727,0.9092143125674023,1.0802850639102262
2021-12-15,1.658377031996295,0.9226086705073282,1.0961996009155999
2021-12-16,1.6537055091713952,0.9252075894380475,1.0931116894470247
2021-12-17,1.6242392336529015,0.9087219324749507,1.0736342613105778
2021-12-20,1.642925187873277,0.898267600331348,1.061282706046667
2021-12-21,1.6186563793258368,0.8849986550514786,1.0769596626104019
2021-12-22,1.6404336483160278,0.8730919563764699,1.0914489887971126
2021-12-23,1.6529287356778233,0.8797422468536275,1.099762492046673
2021-12-27,1.6682799208287369,0.8879126451442668,1.1099762763877843
2021-12-28,1.6664949278036572,0.8888626762863279,1.1087886460107599
2021-12-29,1.665423959225857,0.8882914510276128,1.108076085906623
2021-12-30,1.6682800570149752,0.8867680868203681,1.1061758048150723
2021-12-31,1.6715041381975948,0.8884818352345167,1.1083135757378721
2022-01-03,1.6861915887730525,0.8962888952016373,1.1180522898060956
2022-01-04,1.692281580630953,0.8995260078230307,1.122090341820446
2022-01-05,1.6840421557665923,0.895146372046204,1.1166270789874326
2022-01-06,1.6768776523866755,0.8989546372883088,1.111876557479335
2022-01-07,1.6729372301893783,0.901067051871503,1.1144893080646328
2022-01-10,1.6561794256436817,0.8920410673543671,1.103325473788136
2022-01-11,1.6404912305759154,0.9004909454632408,1.113776747960496
2022-01-12,1.657634405388362,0.8910807923289981,1.1254157431202703
2022-01-13,1.6439899057727476,0.8837460317274493,1.1161520993249345
2022-01-14,1.6443397065620247,0.8839340712393302,1.1163895891561835
2022-01-18,1.669529634135967,0.8703929305943642,1.0992874217737854
2022-01-19,1.6673651122379451,0.8715213828959191,1.1007126325924483
2022-01-20,1.6598091099526913,0.8754708583362265,1.0957245306427121
2022-01-21,1.6389399943948506,0.8864783304609345,1.0819477645601383
2022-01-24,1.6601688607608593,0.8749959515586695,1.0679335086463153
2022-01-25,1.6786315931292661,0.8652651244970998,1.056057023655292
2022-01-26,1.6710803649188863,0.8691574701697915,1.0608076357737792
2022-01-27,1.6650935175316512,0.866043608479702,1.0570071642010674
2022-01-28,1.6722028541984615,0.8697412960365838,1.061520195877916
2022-01-31,1.6961503864851024,0.8821968170372608,1.076722172779153
2022-02-01,1.7159817916919993,0.8925114699656227,1.089311217874313
2022-02-02,1.721220265313617,0.8952360896644111,1.092636619174137
2022-02-03,1.6935310069365923,0.8808344329475478,1.0750593815188512
2022-02-04,1.696150243747401,0.8794721230981536,1.0733966808689392
2022-02-07,1.6950241337969099,0.8800560232052645,1.0741093315834656
2022-02-08,1.7043951205728947,0.8849214367360494,1.080047574078977
2022-02-09,1.6751576875885934,0.900101503195196,1.0985748616696487
2022-02-10,1.6563234656562171,0.8899814341423252,1.0862233064057378
2022-02-11,1.611411207189472,0.8658490246042109,1.0567696743698183
2022-02-14,1.6287967491015938,0.8565073652936235,1.045368169041293
2022-02-15,1.583644872301613,0.8802506070807556,1.0743468214147145
2022-02-16,1.5899472504397811,0.876747503399365,1.078622363260314
2022-02-17,1.5594858451483526,0.8599501152898481,1.0579573047468427
2022-02-18,1.5664885023646038,0.8560886272877704,1.0532066926283554
2022-02-22,1.6042905369543112,0.8354297511761758,1.027791021996397
2022-02-23,1.6198626469781492,0.8273206190066368,1.0178147274865348
2022-02-24,1.5899983099787318,0.812067855558654,0.9990499500646143
2022-02-25,1.547280914245214,0.8338851265146415,1.0258907409048463
2022-02-28,1.4953347999811235,0.8058895042160327,0.9914490069191906
2022-03-01,1.5569538123889322,0.7726808105106249,0.950593869554746
2022-03-02,1.5254412009006668,0.7883198037757487,0.9698338078599439
2022-03-03,1.5687798563016428,0.8107164194574481,0.9422802756947959
2022-03-04,1.4869201645022894,0.7684128445059467,0.8931116350807909
2022-03-07,1.5422841249143033,0.7398017735695657,0.8598575314721597
2022-03-08,1.4971234240134144,0.761464427086134,0.8850356216624795
2022-03-09,1.6019944177458114,0.7081251165927342,0.9470308878132832
2022-03-10,1.554179739837997,0.6869897281086981,0.9187648861543881
2022-03-11,1.5674393612415163,0.6811286147063464,0.9109263625673257
2022-03-14,1.6009543507855404,0.6956925072335428,0.9304037907037727
2022-03-15,1.6164857368396905,0.6889433648238782,0.9394299446678595
2022-03-16,1.693733704347603,0.7218663120839967,0.984323043436265
2022-03-17,1.6957774267628798,0.7227373429662731,0.9855107644236789
2022-03-18,1.701499475331743,0.725176069955863,0.9888361657235031
2022-03-21,1.7288837653723266,0.7135049339266908,0.9729216287181294
2022-03-22,1.7542093083291266,0.723956706461068,0.987173465073591
2022-03-23,1.713688471801217,0.7072338836961298,0.9643705450269303
2022-03-24,1.6984931782301074,0.7135049339266909,0.9729216287181294
2022-03-25,1.696834455484386,0.7142017320523814,0.9738717692639047
2022-03-28,1.7100780288483426,0.7197759841572519,0.9814727124093284
2022-03-29,1.766363294583082,0.7434665888281148,1.013776766082574
2022-03-30,1.7481534206766036,0.7358020087964995,1.0033254919102137
2022-03-31,1.7030424495694239,0.7168146917985573,0.9774347510053676
2022-04-01,1.683177089523489,0.725176069955863,0.9888361657235031
2022-04-04,1.6803468738237828,0.726395433450658,0.9904988663734152
2022-04-05,1.7158074737449993,0.7110662069371008,0.9695962274183052
2022-04-06,1.750274931250307,0.6967821776120793,0.9501187992818583
2022-04-07,1.7489622784660213,0.6973047429811837,0.9508313593859951
2022-04-08,1.7485252722330804,0.6974789757377696,0.9510689398276336
2022-04-11,1.7367344976796464,0.6927756880648489,0.9446556270592343
2022-04-12,1.725380344441921,0.6882465666981874,0.9384798041220841
2022-04-13,1.705292265618047,0.6962596122429746,0.9494062391777216
2022-04-14,1.715105035908085,0.6922531226957443,0.9439430669550977
2022-04-18,1.7129469965960973,0.6913820918134679,0.9427553459676836
2022-04-19,1.7250313911291477,0.6962596122429746,0.9494062391777216
2022-04-20,1.6999997485358782,0.7063629192641799,0.9631829146499059
2022-04-21,1.6840687563683407,0.6997434699707737,0.9541567606858191
2022-04-22,1.6576570376867283,0.6887691985176188,0.9391924548366104
2022-04-25,1.6740071949445747,0.6819755829179532,0.9299288110412747
2022-04-26,1.73173167659446,0.6584591445533495,0.8978622471992782
2022-04-27,1.7312734486448962,0.6586333773099354,0.8980998276409168
2022-04-28,1.6978476676585603,0.6713496440773167,0.915439484854564
2022-04-29,1.672296169664248,0.6612462706057848,0.90166271877199
2022-05-02,1.6718557019296245,0.6610721042995256,0.901425228940741
2022-05-03,1.6586394851978448,0.6662979573415508,0.908551101813277
2022-05-04,1.6946309573487943,0.6807562194231583,0.9282661103913625
2022-05-05,1.6365243648454373,0.6574140138151406,0.8964371269910048
2022-05-06,1.6126745144238734,0.6478332057127132,0.8833729210125675
2022-05-09,1.6573384790002754,0.6298910859033067,0.8589073909263844
2022-05-10,1.6394634514013129,0.6366847015029722,0.8681710347217201
2022-05-11,1.6372207175170506,0.6358137370710224,0.8669834043446957
2022-05-12,1.640360579176943,0.6345943735762274,0.8653207036947836
2022-05-13,1.5899295585567472,0.6541042559432743,0.8919240047037665
2022-05-16,1.5882358531171081,0.6548010540689647,0.8909738641579912
2022-05-17,1.6339649308635202,0.6736543297025456,0.9166271152315884
2022-05-18,1.5776504364003245,0.6504368772936416,0.8850356216624795
2022-05-19,1.5611370506448041,0.65724504900047,0.894299356068205
2022-05-20,1.5586492841674362,0.6561976891933063,0.8957244762764784
2022-05-23,1.5987418788371879,0.673076834645266,0.9187648861543881
2022-05-24,1.590475343341119,0.669596589573295,0.914014274035901
2022-05-25,1.5946086899246785,0.6713367452993574,0.9163896254003393
2022-05-26,1.5644359693844196,0.684039583388921,0.9337292826139865
2022-05-27,1.5942840216878602,0.6970904526236971,0.9515440101005214
2022-05-31,1.5859264516634628,0.693436158789043,0.9465558175403954
2022-06-01,1.5596601717090368,0.6819513965176461,0.9308788609766604
2022-06-02,1.5170769625679983,0.7005706313155144,0.9562945316086189
2022-06-03,1.4955982382326793,0.6906519760074968,0.9427553459676836
2022-06-06,1.4835400120705844,0.696220341570589,0.9503562891131073
2022-06-07,1.4850232152996214,0.6969164038610138,0.9513064296588827
2022-06-08,1.50652909633648,0.6868237661704668,0.9375297541866984
2022-06-09,1.5508050899474344,0.6666384244092193,0.90997631263194
2022-06-10,1.6010008833584561,0.6450609580671218,0.880522589985631
2022-06-13,1.6597373871746377,0.6213953712339032,0.8482185363123855
2022-06-14,1.6750751093668526,0.6156530232882815,0.8403801033357128
2022-06-15,1.6338847896387603,0.6307920130141788,0.8610451618491841
2022-06-16,1.5874599802914593,0.6487151855216222,0.8365796317630009
2022-06-17,1.5793468834429891,0.6520306008344818,0.8408551736086004
2022-06-21,1.569085440807487,0.6477941821748463,0.8353919107755868
2022-06-22,1.5601627135959217,0.6441104498385049,0.8306413892674893
2022-06-23,1.5664086907200623,0.6415318090979897,0.8273159879676651
2022-06-24,1.5137903960426142,0.6630819383688871,0.8551069193536724
2022-06-27,1.5007549209968374,0.668791835910521,0.8477434660394978
2022-06-28,1.4868785924447545,0.6626080312678011,0.839905033062825
2022-06-29,1.4742637045591331,0.6569863711880686,0.8327791601902891
2022-06-30,1.485617151778293,0.6519268556713235,0.8263658474218898
2022-07-01,1.4877522400852274,0.6509899242385824,0.8251782170448654
2022-07-05,1.539571020648658,0.628315783259846,0.796437054502693
2022-07-06,1.538652675098593,0.6286905701295997,0.7969121247755807
2022-07-07,1.515263221475292,0.6191336836590967,0.8090261902082426
2022-07-08,1.515263221475292,0.6191336836590967,0.8090261902082426
2022-07-11,1.4850113303572594,0.6067728182199386,0.7928741633716199
2022-07-12,1.4885704562339515,0.6053185661247169,0.7909738822800692
2022-07-13,1.4849942290603455,0.6067728182199386,0.7928741633716199
2022-07-14,1.4614157159302155,0.5971385714454863,0.7802850276660702
2022-07-15,1.4284948595235378,0.6105901259560608,0.7978622653213561
2022-07-18,1.4370003689150816,0.6069545650605631,0.8026128774398433
2022-07-19,1.4961134077312088,0.6319224979436554,0.8356294912172255
2022-07-20,1.4786771864816384,0.6392871405100472,0.825890777149002
2022-07-21,1.4969639748932733,0.6471931992358213,0.8361045614901133
2022-07-22,1.5058946867513001,0.6510542781099885,0.8311164595403769
2022-07-25,1.519666787839663,0.6570084696022802,0.8387174026858006
2022-07-26,1.4839452877704502,0.6415647366207001,0.8190023941077151
2022-07-27,1.4391858771450734,0.6609158944604289,0.843705504635537
2022-07-28,1.452151503145821,0.6668700859527206,0.8513064477809607
2022-07-29,1.4784880179012199,0.6789645773474413,0.8667459145134466
2022-08-01,1.4764620132566093,0.6798949774390055,0.8655581935260326
2022-08-02,1.4497203903097604,0.6922092090053344,0.8498812369622976
2022-08-03,1.4760569050651593,0.6796341095801985,0.8653207036947836
2022-08-04,1.4910483811480635,0.6727314498900915,0.8741092772172318
2022-08-05,1.4780827551473157,0.6785812831272261,0.866508334071808
2022-08-08,1.4740309004205485,0.6767210944673153,0.8688836854362464
2022-08-09,1.4623449985823846,0.6820860405342557,0.8619953023949595
2022-08-10,1.4949847298800132,0.6973102900147022,0.8812351500897677
2022-08-11,1.4925670630978891,0.6961826103191797,0.8798100298814943
2022-08-12,1.5074765718846748,0.7031368980040611,0.8885986034039424
2022-08-15,1.4937758964889511,0.696746450166941,0.880522589985631
2022-08-16,1.4853137553167786,0.7006934724989929,0.8855106919353672
2022-08-17,1.467783282302539,0.6924235107034277,0.8750594177630071
2022-08-18,1.4753532281980006,0.6959946159040182,0.8705463860861585
2022-08-19,1.503934538585686,0.7094777857409847,0.8536817085350094
2022-08-22,1.5499647489595072,0.6877631360036884,0.8275534777989142
2022-08-23,1.5455160087425552,0.6897371676872674,0.8299287385529629
2022-08-24,1.5415349932279316,0.6915138263242813,0.8320665094757628
2022-08-25,1.5230523275821417,0.699804925065173,0.8420428039856248
2022-08-26,1.4684887983409942,0.6747343311004143,0.8118765212351791
2022-08-29,1.473644359654988,0.6771031841816054,0.8147268522621156
2022-08-30,1.4809480578587841,0.6737473152586247,0.8106888908581547
2022-08-31,1.468364516130486,0.6680225179499711,0.8038005078168677
2022-09-01,1.4904940502690427,0.6579548358765472,0.7916865329945955
2022-09-02,1.5025682793046893,0.6526248599655058,0.7852732202261962
2022-09-06,1.5025682793046893,0.6526248599655058,0.7852732202261962
2022-09-07,1.5375645955426098,0.6678251449034058,0.8035630179856187
2022-09-08,1.5466545770836373,0.663877006231766,0.7988124058671314
2022-09-09,1.5025039100947069,0.6828279814902589,0.8216152353034025
2022-09-12,1.5385569676097868,0.6992126553165138,0.8413301532710985
2022-09-13,1.4799163785077056,0.6725628510657882,0.8092636800394917
2022-09-14,1.4694913001979364,0.6773006325326523,0.8149644327037542
2022-09-15,1.4853384524972333,0.6846047154317544,0.8061757685709164
2022-09-16,1.4919029008537321,0.6815791071661692,0.8026128774398433
2022-09-19,1.4941104772014684,0.6805705710776409,0.8014252470628189
2022-09-20,1.525108652125222,0.6664508349991293,0.7847981499533084
2022-09-21,1.5477268657655974,0.6565669966602597,0.7731591547935343
2022-09-22,1.5534327206072087,0.6541464946585174,0.7703088237665978
2022-09-23,1.6133090968787531,0.6289327077134508,0.7406176112890397
2022-09-26,1.6350406535542774,0.620460873760981,0.7306413620843724
2022-09-27,1.647266225695274,0.6158215461966533,0.7251781898617485
2022-09-28,1.605180879598924,0.6315549246275359,0.74370547745242
2022-09-29,1.6267131729044693,0.6230830906750661,0.7337292282477528
2022-09-30,1.6335591214788943,0.6204608737609808,0.7306413620843724
2022-10-03,1.594791325574397,0.6351857161033352,0.7479810192980195
2022-10-04,1.6874705261250738,0.6720986986519852,0.7914489525529568
2022-10-05,1.6641741604527565,0.6813773537806406,0.7805226081077089
2022-10-06,1.7016510822154471,0.6660328505517484,0.7629453704524232
2022-10-07,1.7413844293032275,0.6504810639960802,0.7451306882710831
2022-10-10,1.749156060548071,0.6475780295620616,0.7418052416660641
2022-10-11,1.7676389736121647,0.640735227657432,0.7339667633841965
2022-10-12,1.7682110381602165,0.6405278652299778,0.7337292282477528
2022-10-13,1.7144033543454293,0.6600194983569352,0.756057032716331
2022-10-14,1.6858568586756724,0.6490295270039014,0.7434679423159762
2022-10-17,1.7434883720389196,0.6712167925870841,0.7688836129479347
2022-10-18,1.7677259723936347,0.680547904070824,0.7795724675619335
2022-10-19,1.7488746195979317,0.6732904168616252,0.7712589643123732
2022-10-20,1.7467203260386626,0.6741197874707636,0.7722090142477589
2022-10-21,1.7821812675390367,0.6878053912800229,0.7878859708114939
2022-10-24,1.7682116877292948,0.6931967352931518,0.7940617937486443
2022-10-25,1.8136996660959155,0.7110295085508154,0.8144893624308666
2022-10-26,1.8311542381606465,0.717872270905106,0.8223277954075393
2022-10-27,1.8136996660959153,0.7110295085508154,0.8144893624308666
2022-10-28,1.8406749872034567,0.721604715498602,0.8266033372531388
2022-10-31,1.8687081917347141,0.7106147836959071,0.8140142921579788
2022-11-01,1.8523495391429194,0.7168354983181744,0.8211401650305149
2022-11-02,1.8084118454717104,0.6998321747703273,0.801662736894068
2022-11-03,1.7923371143922209,0.6936114601480601,0.7945368640215319
2022-11-04,1.6958885235139889,0.7309358269823418,0.8372921918671377
2022-11-07,1.7122460371811323,0.7379859913144255,0.845368205285449
2022-11-08,1.7281223449463219,0.7448287536687161,0.8532066382621217
2022-11-09,1.707916101694939,0.7361197690176775,0.8432304343626492
2022-11-10,1.8142398487682325,0.7819457976258829,0.8957244762764784
2022-11-11,1.8589824542834699,0.8012300683253861,0.9178147456086128
2022-11-14,1.84310614651828,0.8080728306796768,0.90997631263194
2022-11-15,1.8551337246992303,0.8027995808642706,0.9159145551274517
2022-11-16,1.8609069108387286,0.800301264246264,0.9187648861543881
2022-11-17,1.863312389769663,0.7992667644449404,0.9199525165314125
2022-11-18,1.854171496421601,0.7953457835667179,0.9244655482082611
2022-11-21,1.8370210383355594,0.8027024625747254,0.9159145551274517
2022-11-22,1.8141535791530932,0.7927103256228134,0.9273159698455872
2022-11-23,1.8313470953114035,0.7851974678642006,0.9361045433680353
2022-11-25,1.8373881275215533,0.7877875848370234,0.9391924548366104
2022-11-28,1.809041950149546,0.7999411229364435,0.9247031286498998
2022-11-29,1.8192652081566398,0.795420495601302,0.9299288110412747
2022-11-30,1.7774431274527336,0.7771350141819736,0.9513064296588827
2022-12-01,1.7863192819681892,0.7732541752630173,0.9560570417773699
2022-12-02,1.7880945467309937,0.7740226442057716,0.9570071823231453
2022-12-05,1.8120601131331544,0.7636485333342842,0.9441805567863467
2022-12-06,1.8052220808827322,0.7665302552269969,0.9406175750448839
2022-12-07,1.8011192963121556,0.7682723724641668,0.9427553459676836
2022-12-08,1.794312275599513,0.7711759258062595,0.9463183277091465
2022-12-09,1.8010680381048425,0.7682723724641669,0.9427553459676836
2022-12-12,1.8092361612521952,0.7717566069385066,0.9470308878132832
2022-12-13,1.7765636686627846,0.785693544835865,0.9641330551956813
2022-12-14,1.7721868848397393,0.7837578918347557,0.9617577944416325
2022-12-15,1.7122239112896964,0.757238987908901,0.9292161603267484
2022-12-16,1.72798060019442,0.7642074568575802,0.9206650766355492
2022-12-19,1.7386800757011427,0.768939349661112,0.9149644145816763
2022-12-20,1.734166437266857,0.7669431720717038,0.9173396753357251
2022-12-21,1.7054283354518596,0.7796527312533766,0.9325415616265724
2022-12-22,1.6863150864037098,0.7709149282547137,0.9220902874542123
2022-12-23,1.684577473115353,0.7717092946423054,0.9230404279999876
2022-12-27,1.680675974730247,0.7699220081476984,0.9251781989227874
2022-12-28,1.6603956218610059,0.7606315260786985,0.914014274035901
2022-12-29,1.6940522375992657,0.7760497087422638,0.9325415616265724
2022-12-30,1.6698885810087472,0.7649802752011855,0.9192399564272759
2023-01-03,1.6452933364919318,0.7762474202868463,0.9327791420682111
2023-01-04,1.690541961880885,0.797595667405255,0.9584323025314186
2023-01-05,1.6716884611995984,0.8064907263850898,0.9477435385278095
2023-01-06,1.721964676115282,0.8307460239649667,0.9762470300179535
2023-01-09,1.7408183366207581,0.8216502488196575,0.9869358846319524
2023-01-10,1.755482365824657,0.81472896186477,0.9952494784919024
2023-01-11,1.7755928837557684,0.8053955605640509,1.006650893210038
2023-01-12,1.8003120920131284,0.7941831138521535,1.020665149123861
2023-01-13,1.812043187516896,0.7890081011432951,1.0273159517235093
2023-01-17,1.808272455415801,0.7906499704958033,1.0251781808007094
2023-01-18,1.7969602591125153,0.795596120975864,1.0187648680323103
2023-01-19,1.7839723061831125,0.8013464790695667,1.0114015053285252
2023-01-20,1.7663756629274612,0.793442203836433,1.0213777092279976
2023-01-23,1.7544628592201545,0.7987933425697028,1.0282660922692846
2023-01-24,1.755273440406841,0.7991623939019294,1.0287411625421723
2023-01-25,1.7451414074770908,0.8037754299707459,1.034679405037684
2023-01-26,1.7503494787040372,0.8061741580462025,1.0377672258958694
2023-01-27,1.7407344604173973,0.8017456828381715,1.0320665638419966
2023-01-30,1.757160256749371,0.7941803065008863,1.0223278497737731
2023-01-31,1.7363389565043763,0.8035908691099605,1.0344418245960454
2023-02-01,1.7116195921580617,0.8150311788516089,1.049168640614005
2023-02-02,1.719369767355814,0.8187216217845309,1.0539192527324923
2023-02-03,1.6984444864908683,0.808757517371789,1.0410927178060831
2023-02-06,1.7193699151781108,0.7987933425697028,1.0282660922692846
2023-02-07,1.7066603324451248,0.8046980231066403,1.0358670354147084
2023-02-08,1.7191833954560758,0.7987933425697028,1.0282660922692846
2023-02-09,1.7128292934664926,0.8017456828381716,1.0320665638419966
2023-02-10,1.6974552458877945,0.794549357833113,1.0228029200466606
2023-02-13,1.6718318833826387,0.8065432093784293,1.0382422961687572
2023-02-14,1.678716583806217,0.8098646009791247,1.0425178380143567
2023-02-15,1.6848363013043341,0.8128169412475935,1.0463183095870685
2023-02-16,1.693633386088779,0.8085729565110037,1.0408551373644446
2023-02-17,1.6893818866027224,0.810602703643578,1.043467978560132
2023-02-21,1.7159166276372124,0.7978707494338085,1.0270784618922602
2023-02-22,1.723059678160837,0.7945493578331131,1.0228029200466606
2023-02-23,1.7050529068630431,0.8028527664455073,1.03349168405027
2023-02-24,1.6627303642697653,0.7829244872306792,1.0078385235870624
2023-02-27,1.6341234258759585,0.796394544104902,1.0251781808007094
2023-02-28,1.6223861573880174,0.7906743540394056,1.0178147274865348
2023-03-01,1.6318516545593176,0.7952873901082221,1.0237529699820465
2023-03-02,1.6390455248460012,0.7987933425697029,1.0282660922692846
2023-03-03,1.6129208046487422,0.8115252967794724,1.0446556089371564
2023-03-06,1.6136543006643242,0.8118943481116991,1.045130679210044
2023-03-07,1.5821146714946028,0.7960254927726754,1.024703110527822
2023-03-08,1.5909164837815257,0.8004540383700507,1.0304038631920844
2023-03-09,1.6088867864131322,0.7914124567038588,1.0187648680323103
2023-03-10,1.6193900818813822,0.7862458788313745,1.012114065432662
2023-03-13,1.6395326482814891,0.7764662648900738,0.9995250203375019
2023-03-14,1.6056355097185713,0.7925196107005387,1.0201900788509732
2023-03-15,1.5473166842081625,0.7637342402909599,0.9831354130592406
2023-03-16,1.5177834246005073,0.7783114511618626,1.0019002810915507
2023-03-17,1.5400931471058732,0.7668711414202142,0.987173465073591
2023-03-20,1.5145237986604252,0.7796030956299838,1.0035629817414629
2023-03-21,1.5460689480215402,0.7958410023012341,1.0244656206965728
2023-03-22,1.543559688762126,0.794549357833113,1.0228029200466606
2023-03-23,1.5475027127809382,0.796579034576343,1.0254156706319586
2023-03-24,1.5328055642282097,0.7890136582390578,1.0156769565637351
2023-03-27,1.5202591311867653,0.7954719509690075,1.023990550423685
2023-03-28,1.5237855424888989,0.7973171372407962,1.0263658111777338
2023-03-29,1.5505867526714008,0.8113408063080311,1.0444181191059074
2023-03-30,1.5777405501745287,0.825548965846707,1.06270791686533
2023-03-31,1.5833828889723236,0.8285013061151758,1.0665083884380417
2023-04-03,1.5918463299070318,0.8329297813232068,1.0722090504919148
2023-04-04,1.5964307722189803,0.8353285797880079,1.07529696196049
2023-04-05,1.5854986819440167,0.8296083897225115,1.0679335086463153
2023-04-06,1.57703510648534,0.8340369353198869,1.0736342613105778
2023-04-10,1.5766862634809675,0.8342214257913281,1.0738717511418268
2023-04-11,1.5731987112073662,0.8360666824524613,1.0762471025062652
2023-04-12,1.587086944812404,0.843447497928961,1.08574823613285
2023-04-13,1.6093082245398846,0.8552568590028361,1.1009501224236975
2023-04-14,1.606530630798587,0.8537807240632739,1.0990499319425364
2023-04-17,1.5936839782903762,0.8469534503904419,1.0902613584200882
2023-04-18,1.5804901762329815,0.8539652145347151,1.0992874217737854
2023-04-19,1.578441223025191,0.8528581309273795,1.097862301565512
2023-04-20,1.5818563621619046,0.8510128742662463,1.0954869502010736
2023-04-21,1.5684798870959407,0.8582091992713048,1.1047505939964093
2023-04-24,1.5732012850333719,0.8607925585968912,1.108076085906623
2023-04-25,1.5452107190208302,0.8454772450615352,1.0883610773285375
2023-04-26,1.548920324506342,0.8475069921941095,1.0909739185242249
2023-04-27,1.52969794030409,0.8580247087998635,1.1045131041651604
2023-04-28,1.5237765188829826,0.854703317199168,1.1002375623195608
2023-05-01,1.5267372295935362,0.8530426213988204,1.098099791396761
2023-05-02,1.5098946288532185,0.8436320587897462,1.0859858165744887
2023-05-03,1.506261878934017,0.8456618059223207,1.088598657770176
2023-05-04,1.5006745453736139,0.8425249047930664,1.0845606057558257
2023-05-05,1.4763534396767244,0.8561795225280746,1.1021378434111115
2023-05-08,1.4753988183106503,0.8556259103350625,1.1014251926965852
2023-05-09,1.4613989591590824,0.8475069921941095,1.0909739185242249
2023-05-10,1.4633080805153418,0.8463998381974296,1.089548707705562
2023-05-11,1.4696883451618075,0.8427093952645075,1.0847980955870746
2023-05-12,1.4745153628268641,0.8399416158568243,1.0812352044560014
2023-05-15,1.4813177985281076,0.8438165492611874,1.0862233064057378
2023-05-16,1.4907117089164805,0.8384654105279178,1.0793349233644507
2023-05-17,1.5018658071518234,0.8447391423970819,1.0874109367827622
2023-05-18,1.504162228099198,0.846030786865203,1.0890736374326742
2023-05-19,1.5159724644831558,0.8526735700665938,1.0976247211238732
2023-05-22,1.5163005961302414,0.8528581309273794,1.097862301565512
2023-05-23,1.4867750051703466,0.8362511729239024,1.0764845923375144
2023-05-24,1.511379622588407,0.822412064717453,1.0586698648509794
2023-05-25,1.507649474908443,0.8244418118500274,1.061282706046667
2023-05-26,1.4847040385603352,0.8369892755883558,1.0774347328832896
2023-05-30,1.467028960753419,0.8270251007862696,1.064608107346491
2023-05-31,1.441498376050783,0.8126324507761523,1.0460808197558196
2023-06-01,1.4208775768037452,0.8242572509892419,1.0610451256050282
2023-06-02,1.4059276277788597,0.832929781323207,1.0722090504919148
2023-06-05,1.391911931861876,0.8246263023214685,1.061520195877916
2023-06-06,1.3956495299812886,0.8268406103148284,1.064370617515242
2023-06-07,1.4006328753281798,0.8238882700463597,1.06057014594253
2023-06-08,1.4185132848290642,0.8344059866521137,1.0741093315834656
2023-06-09,1.4078477669106564,0.8281322547829496,1.066033318165154
2023-06-12,1.4235323450457364,0.8373583269205827,1.0779098031561773
2023-06-13,1.435138899359822,0.8441856005934146,1.0866983766786253
2023-06-14,1.4454907783676154,0.8502748419911377,1.0945369002656877
2023-06-15,1.4630574292940508,0.8606079977361061,1.1078385054649844
2023-06-16,1.4652532606598554,0.8618996422042272,1.1095012061148966
2023-06-20,1.4203953576204198,0.8355130702594494,1.075534451791739
2023-06-21,1.4210227551054835,0.8351440189272228,1.0750593815188512
2023-06-22,1.427929987354535,0.8310845950514184,1.069833789737866
2023-06-23,1.4491714594811582,0.8187216217845312,1.0539192527324923
2023-06-26,1.4432924576502344,0.8220430133852266,1.0581947945780918
2023-06-27,1.4649986041409753,0.8344059866521139,1.0741093315834656
2023-06-28,1.4662943957222219,0.8351440189272228,1.0750593815188512
2023-06-29,1.4669423533054813,0.8355130702594493,1.075534451791739
2023-06-30,1.4896203743784753,0.8484295853300043,1.0921615489012493
2023-07-03,1.4896203743784753,0.8484295853300043,1.0921615489012493
2023-07-05,1.460463024643431,0.8318226977158716,1.0707839302836413
2023-07-06,1.4951280756288177,0.8120788385831402,1.045368169041293
2023-07-07,1.4805199058193064,0.820013266252652,1.0555819533824042
2023-07-10,1.4688595689225705,0.8264715589826017,1.0638955472423544
2023-07-11,1.4836170574949121,0.8347750379843402,1.074584401856353
2023-07-12,1.522314291272676,0.8565485034709571,1.1026128230736094
2023-07-13,1.5488777707028911,0.8714947656740865,1.1218527613788074
2023-07-14,1.5429747752739544,0.8681733740733911,1.1175772195332079
2023-07-17,1.5387114729973739,0.8657745756085902,1.1144893080646328
2023-07-18,1.534448170720793,0.8681733740733911,1.1175772195332079
2023-07-19,1.5461889207095245,0.8615305908720003,1.1090261358420088
2023-07-20,1.53724756862857,0.8565485034709572,1.1026128230736094
2023-07-21,1.526319207309263,0.8626377448686803,1.1104513466606718
2023-07-24,1.5152186990016059,0.8563640129995161,1.1023753332423605
2023-07-25,1.520768890883288,0.8532271822596063,1.0983373718383995
2023-07-26,1.522413421220706,0.8523045187343675,1.0971496508509857
2023-07-27,1.5204357875617802,0.8534116727310475,1.0985748616696487
2023-07-28,1.5470640054196365,0.8683579349341768,1.1178147999748465
2023-07-31,1.546077691524969,0.8678043227411647,1.1171021492603201
2023-08-01,1.5227369776402484,0.8547033171991686,1.1002375623195608
2023-08-02,1.556597453428095,0.8356976311202349,1.0757720322333775
2023-08-03,1.5631277539460777,0.832191678658754,1.0712589099461394
2023-08-04,1.557235629160085,0.8353285797880082,1.07529696196049
2023-08-07,1.5747789812491648,0.8447391423970824,1.0874109367827622
2023-08-08,1.55585964395513,0.834590477123555,1.0743468214147145
2023-08-09,1.5503558343564805,0.8375428173920237,1.0781472929874263
2023-08-10,1.5653847032998198,0.8456618059223211,1.088598657770176
2023-08-11,1.5483065378977063,0.8364357337846882,1.076722172779153
2023-08-14,1.550697600926379,0.8351440189272228,1.0750593815188512
2023-08-15,1.5726252534877363,0.8233346578533477,1.0598574952280038
2023-08-16,1.5831986821637138,0.8177990286486367,1.052731622355468
2023-08-17,1.5653376860776895,0.8085729565110038,1.0408551373644446
2023-08-18,1.5631943174906757,0.8096801105076837,1.0422803481831076
2023-08-21,1.5514383691908487,0.8157692815160624,1.0501187811597803
2023-08-22,1.5486310406541772,0.8142931465765002,1.0482185906786192
2023-08-23,1.557404159865436,0.8189061826453168,1.054156833174131
2023-08-24,1.5847763828342425,0.8045134622458552,1.0356294549730698
2023-08-25,1.5709640723003726,0.8115252967794727,1.0446556089371564
2023-08-28,1.5523896738185818,0.8211204202493323,1.0570071642010674
2023-08-29,1.5750650818352276,0.8331143421839928,1.0724466309335534
2023-08-30,1.5747161557003893,0.8329297813232074,1.0722090504919148
2023-08-31,1.5551805505919722,0.8225966255782389,1.0589074452926182
2023-09-01,1.5663439246092052,0.816691874651957,1.0513064115368047
2023-09-05,1.5840387278628145,0.8074658025143241,1.0394299265457816
2023-09-06,1.5916403433879398,0.8035908691099609,1.0344418245960454
2023-09-07,1.6033355083265564,0.7976861885730233,1.0268408814506216
2023-09-08,1.5992557515284573,0.7997159357055976,1.029453722646309
2023-09-11,1.6177058639638282,0.8089420078432307,1.0413302076373323
2023-09-12,1.6062667435791511,0.8032218177777343,1.0339667543231577
2023-09-13,1.6158607401097418,0.7984242912374766,1.027791021996397
2023-09-14,1.5983091682977852,0.8070968215714417,1.0389549468832835
2023-09-15,1.596116650205389,0.8059896675747619,1.0375297360646205
2023-09-18,1.5815001417094576,0.7986087817089177,1.028028511827646
2023-09-19,1.5807693023453255,0.7989778330411443,1.0285035821005337
2023-09-20,1.5814994665537025,0.7986087817089177,1.028028511827646
2023-09-21,1.5566514963544453,0.7860613179705893,1.0118764849910233
2023-09-22,1.5577476852359935,0.7855077761669215,1.0111639248868864
2023-09-25,1.572384787784634,0.7781268903010774,1.0016627006499121
2023-09-26,1.5955025713100848,0.766686580559429,0.9869358846319524
2023-09-27,1.5993424708411776,0.7648413942876401,0.9845606238779036
2023-09-28,1.579278326048643,0.7744365177574996,0.9969121791418145
2023-09-29,1.5807833666159177,0.7751745500326086,0.9978622290772002
2023-10-02,1.5529381783008638,0.7615200026869446,0.980285082032304
2023-10-03,1.5653557318911162,0.7554307612892216,0.9724465584452417
2023-10-04,1.551973267129151,0.7618890540191713,0.9807601523051918
2023-10-05,1.5470870414660018,0.764287782094628,0.9838479731633772
2023-10-06,1.5713653848285165,0.7762817040292885,0.9992874398958633
2023-10-09,1.5579189265036504,0.7696389208278978,0.9907363562046643
2023-10-10,1.5343876244351349,0.7812637914303316,1.0057007526642625
2023-10-11,1.5448971618526215,0.7866149301636014,1.0125891357055496
2023-10-12,1.524240561131834,0.7760972135578473,0.9990499500646143
2023-10-13,1.546709255936813,0.7646568334268546,0.984323043436265
2023-10-16,1.5295400772330927,0.7731448732893786,0.9952494784919024
2023-10-17,1.5273498942482877,0.7742519568967143,0.9966745987001758
2023-10-18,1.5564699794909802,0.7594902555543704,0.9776722408366166
2023-10-19,1.559495113391387,0.7580141206148082,0.9757720503554554
2023-10-20,1.5746801279277223,0.7506332347489642,0.966270826118481
2023-10-23,1.5638416689725805,0.7557998126214484,0.9729216287181294
2023-10-24,1.5558239608162117,0.7596747460258116,0.9779097306678656
2023-10-25,1.5444869187466435,0.7541391168211008,0.9707838577953296
2023-10-26,1.5376846646732403,0.7508177252204054,0.9665083159497301
2023-10-27,1.5509111897280181,0.7443595028798,0.9581948127001697
2023-10-30,1.5263057804302893,0.7561688639536751,0.9733966989910171
2023-10-31,1.532637527946559,0.7593057650829295,0.9774347510053676
2023-11-01,1.5456732697757463,0.7657639874235348,0.985748254254928
2023-11-02,1.5829184088064872,0.7842161316988008,1.0095012242369745
2023-11-03,1.5944644530544314,0.7899363217642971,1.0168646775511492
2023-11-06,1.5855255571723244,0.7855077761669217,1.0111639248868864
2023-11-07,1.5791939517349847,0.7823709454270117,1.0071259634829257
2023-11-08,1.5642959813700463,0.7897517609035115,1.0166270971095104
2023-11-09,1.565757973718784,0.7904898635679649,1.0175772376552858
2023-11-10,1.578184629836523,0.7967635954371292,1.0256532510735972
2023-11-13,1.5833014636338394,0.7993468843733713,1.0289786523734215
2023-11-14,1.5346912637128047,0.8238882700463602,1.06057014594253
2023-11-15,1.5377847114885994,0.825548965846708,1.06270791686533
2023-11-16,1.5384720277790547,0.8259179467895903,1.063182896527828
2023-11-17,1.5584076092491057,0.8366202242561298,1.0769596626104019
2023-11-20,1.56665684702362,0.8410487698535051,1.0826604152746646
2023-11-21,1.5563452670261804,0.8355130702594499,1.075534451791739
2023-11-22,1.5580639511038776,0.8364357337846885,1.076722172779153
2023-11-24,1.57456229553572,0.8452927545900948,1.0881235874972885
2023-11-27,1.5683753999841308,0.8419713629893993,1.083848045651689
2023-11-28,1.5687190581293584,0.8421558534608404,1.084085535482938
2023-11-29,1.5597823729472022,0.8469534503904425,1.0902613584200882
2023-11-30,1.5540053339790827,0.8438165492611882,1.0862233064057378
2023-12-01,1.5648796230148658,0.8497212297981257,1.0938242495511614
2023-12-04,1.5611415618528621,0.8476914826655514,1.091211408355474
2023-12-05,1.5567238414221531,0.8500902811303523,1.0942993198240492
2023-12-06,1.5573996649438875,0.8504593324625789,1.094774390096937
2023-12-07,1.5661851129261228,0.8552568590028364,1.1009501224236975
2023-12-08,1.5786876547279765,0.8620842030650127,1.1097387865565351
2023-12-11,1.584094114001696,0.8650365433334815,1.113539258129247
2023-12-12,1.5891625970644698,0.8678043227411647,1.1171021492603201
2023-12-13,1.61011273953777,0.8792447028721574,1.1318290558886694
2023-12-14,1.6165328696440127,0.8827505849442939,1.1363420875655181
2023-12-15,1.600313491822854,0.8738935641388876,1.1249406728473825
2023-12-18,1.5972723504251272,0.87223286833854,1.1228029019245829
2023-12-19,1.5827424669582266,0.8801672960080518,1.1330166862656939
2023-12-20,1.5585202183654092,0.866697239133829,1.1156770290520468
2023-12-21,1.5837378619517415,0.8807208378117196,1.1337292463698307
2023-12-22,1.579756155401514,0.8785066002077041,1.1308789153428942
2023-12-26,1.5913695189130812,0.8849648225483095,1.1391924185924547
2023-12-27,1.598005780880906,0.8886552654812315,1.1439430307109417
2023-12-28,1.5847332569452561,0.8812743796153875,1.1344418064739674
2023-12-29,1.5863924173693393,0.8821970431406263,1.1356295274613815
2024-01-02,1.5634973199091515,0.8694650185415125,1.11923992018312
2024-01-03,1.585065013084371,0.8574711669961963,1.1038005440610235
2024-01-04,1.5779020651000042,0.8613461004005596,1.1087886460107599
2024-01-05,1.580268231815887,0.8626377448686807,1.1071259453608477
2024-01-08,1.5599258478773423,0.8737422572879644,1.1213776911059197
2024-01-09,1.542743848921524,0.8833662009983686,1.1090261358420088
2024-01-10,1.5341527864204734,0.8784470083213745,1.115201958779159
2024-01-11,1.5361134099034899,0.8795696499828475,1.113776747960496
2024-01-12,1.538079051091903,0.8784441352122988,1.115201958779159
2024-01-16,1.5099054855708538,0.8945349228622674,1.094774390096937
2024-01-17,1.5194058971943225,0.900163387729753,1.0878860070556498
2024-01-18,1.4978422254026742,0.8873881129412939,1.103325473788136
2024-01-19,1.503001633875775,0.8843314507166679,1.1071259453608477
2024-01-22,1.502034283227694,0.8849006174977865,1.106413385256711
2024-01-23,1.49913210827345,0.8831908453322812,1.1042756143339112
2024-01-24,1.469143131092928,0.8655232962480183,1.1263657930556559
2024-01-25,1.4768885085065813,0.8609602251299829,1.1323040355511675
2024-01-26,1.4902105671128716,0.8531940582793351,1.1425178198922787
2024-01-29,1.4951676039302064,0.8503559933423673,1.1463182914649905
2024-01-30,1.498265825806716,0.848593922297978,1.148693642829429
2024-01-31,1.4824651896992183,0.8575431511586477,1.136579577396767
2024-02-01,1.5004345220277324,0.8471486555736704,1.1503563434793411
2024-02-02,1.5100388325672915,0.8525712705840901,1.1429928901651665
2024-02-05,1.5156873665806474,0.8493820957649786,1.138717348319567
2024-02-06,1.503356892098251,0.8424721719320302,1.1479810827252923
2024-02-07,1.5036679006853992,0.8422978845879661,1.1482185725565413
2024-02-08,1.508955877288864,0.8393357601023541,1.1522565339605022
2024-02-09,1.5198430764034965,0.8332799067259891,1.1605701278204523
2024-02-12,1.5195319491560708,0.8334504875495884,1.1603325473788135
2024-02-13,1.4896701410581736,0.8498294380100426,1.1375297179425425
2024-02-14,1.4694511417454832,0.8382948704910725,1.1529691846750285
2024-02-15,1.4518928654522931,0.8282781965554137,1.166745860147213
2024-02-16,1.448641458594848,0.8301330644125635,1.1641330189515255
2024-02-20,1.4581001479779283,0.8355532950405888,1.1717340527073388
2024-02-21,1.4675587246058812,0.8301331290260391,1.1793349958527624
2024-02-22,1.4909095222313806,0.8169246145229377,1.198099773274683
2024-02-23,1.4917963413094013,0.816438693464241,1.1988124239892093
2024-02-26,1.4935697539551878,0.8154681302154881,1.2002375441974829
2024-02-27,1.500663742803716,0.8115949118359919,1.2059382968617454
2024-02-28,1.4974123359462708,0.8133533505764928,1.203325455666058
2024-02-29,1.4959344544897395,0.8125506058644527,1.2045130860430824
2024-03-01,1.5018344355113715,0.8093458978377558,1.2092636981615696
2024-03-04,1.4971144732006214,0.8068022871415118,1.2130641697342814
2024-03-05,1.4871473858230717,0.8121735991128367,1.2049881563159701
2024-03-06,1.5053226233370771,0.8022475835697905,1.2197149723339298
2024-03-07,1.5311198104014987,0.7884992145062534,1.2406176112890397
2024-03-08,1.5170486479557213,0.7957456105494056,1.229216196570904
2024-03-11,1.5138239855942113,0.7974370598797439,1.2266033553752167
2024-03-12,1.4962349486662454,0.7881716829089543,1.2408551917306785
2024-03-13,1.4902202480674624,0.7850033190785533,1.2458432936804147
2024-03-14,1.478571247773266,0.7911396629557418,1.2361045796121912
2024-03-15,1.4808441679266877,0.7899234907308244,1.2380047700933523
2024-03-18,1.4913566539521903,0.7955311433369392,1.229216196570904
2024-03-19,1.4876102199820542,0.7935326911948574,1.2323041080394792
2024-03-20,1.4669649717653355,0.7825199412434646,1.249406184811488
2024-03-21,1.4602716548516168,0.7860903427587399,1.2437055227576148
2024-03-22,1.4527415935324177,0.7901439094110387,1.2372922099892156
2024-03-25,1.4482793467938204,0.7877169003004793,1.2410926815619274
2024-03-26,1.4452303207247894,0.7860585397298134,1.2437055227576148
2024-03-27,1.4570991036070817,0.7796031270478084,1.253919307098726
2024-03-28,1.4504746250222498,0.7831474736245179,1.2482185544344635
2024-04-01,1.4537868116684083,0.7813591413370281,1.2510688854613998
2024-04-02,1.4372257731451012,0.7902601154938717,1.236817139716328
2024-04-03,1.4250810185808436,0.7835823093176071,1.247268413888688
2024-04-04,1.4416358630422572,0.7926850081005762,1.232779178312367
2024-04-05,1.443857982617641,0.7914631732955676,1.234679368793528
2024-04-08,1.434413736008782,0.7862862282771372,1.2427553822118396
2024-04-09,1.4259146872583248,0.7909450549588554,1.235391928897665
2024-04-10,1.4083683584948754,0.8006778826603618,1.2201900426068175
2024-04-11,1.4089166943417792,0.8009896195594746,1.2197149723339298
2024-04-12,1.438823597115888,0.8179921284881,1.1938242314290834
2024-04-15,1.4379646945759934,0.8175038299098861,1.1945368821436098
2024-04-16,1.43367563324333,0.8199422236196875,1.1909739004021471
2024-04-17,1.4316741003748499,0.8187975146822015,1.192636601052059
2024-04-18,1.4308187234350906,0.8192867185535351,1.1919240409479224
2024-04-19,1.4325295860858378,0.8202663584087233,1.1904988301292594
2024-04-22,1.4168095103435248,0.8112650439449229,1.203562945497307
2024-04-23,1.4425341522827972,0.7965351154534978,1.2254157249981923
2024-04-24,1.4363825866020548,0.7999318725229757,1.2201900426068175
2024-04-25,1.4293922098429144,0.7960388810437289,1.2142518001113058
2024-04-26,1.4140134023057425,0.7874743116698532,1.2273159154793534
2024-04-29,1.409634808602916,0.7899127822363929,1.2235154439066416
2024-04-30,1.381994955427682,0.7744243215450078,1.1995249840933462
2024-05-01,1.3863735491305085,0.7768779408178679,1.1957245125206342
2024-05-02,1.3753574280854264,0.7707048704800278,1.2052257367576087
2024-05-03,1.362346570496659,0.7634140156752925,1.2166271514757443
2024-05-06,1.3756455409967419,0.7559617119122977,1.2285036364667674
2024-05-07,1.3857526855233777,0.750407509138984,1.2375296998204646
2024-05-08,1.3926682070027527,0.7466626423225976,1.2437055227576148
2024-05-09,1.4062331122690763,0.7393899782680293,1.255819497579887
2024-05-10,1.411286785995487,0.736732783188392,1.2603326198671252
2024-05-13,1.4126166627528767,0.7360385488098861,1.2615202502441496
2024-05-14,1.4216599667514567,0.7313265695963675,1.2695962636624611
2024-05-15,1.4091590034762822,0.7248958570473084,1.280760097938958
2024-05-16,1.394785182943489,0.7322899998860223,1.2676959825709104
2024-05-17,1.3908650047553306,0.73023182826213,1.271258964312373
2024-05-20,1.3926841401260674,0.7311869105620568,1.2695962636624611
2024-05-21,1.3911207545362563,0.7303661019906833,1.268171052843798
2024-05-22,1.4038880556368512,0.7370691893448011,1.2565321482944134
2024-05-23,1.409195781045358,0.7398558508940642,1.2517815361759261
2024-05-24,1.4225657597990997,0.7328363457689869,1.2636580211669495
2024-05-28,1.4236353825805614,0.7322853283941357,1.264608161712725
2024-05-29,1.3979649458496965,0.7454896111911872,1.241805241666064
2024-05-30,1.387803733435497,0.7400709643829236,1.2508313956301509
2024-05-31,1.3806881306174286,0.7362764429294486,1.25724470839855
2024-06-03,1.3848617540625223,0.7340507841755732,1.261045179971262
2024-06-04,1.3746885531342958,0.7394431246724017,1.2517815361759261
2024-06-05,1.351994481870788,0.7272360142484693,1.2724465946893975
2024-06-06,1.3583039577414844,0.7238421556597472,1.2783848371849091
2024-06-07,1.339123193455551,0.7340636128592217,1.2603326198671252
2024-06-10,1.3477040844906962,0.7387673771623072,1.2522566064488139
2024-06-11,1.3645759446865422,0.7480159800627315,1.2365796498850787
2024-06-12,1.3396750044464216,0.734366097628027,1.2591448988797114
2024-06-13,1.3096012171231723,0.7508515659424828,1.2308788972208162
2024-06-14,1.2752311193791819,0.7705574438656584,1.1985748435475707
2024-06-17,1.2557715759092614,0.7587990293734882,1.2168646413069932
2024-06-18,1.2518495914797223,0.7564291732344867,1.220665112879705
2024-06-20,1.2547727402565678,0.7546628627866819,1.2235154439066416
2024-06-21,1.244054466124651,0.7611091961991139,1.2130641697342814
2024-06-24,1.2589139528718878,0.7702001904618904,1.1985748435475707
2024-06-25,1.2579159799904234,0.7695896333212485,1.1995249840933462
2024-06-26,1.2681287593934596,0.7758377844545487,1.1897862700251227
2024-06-27,1.267875631842186,0.7756829216954559,1.1900237598563717
2024-06-28,1.2661041565925437,0.7745991378740434,1.1883610592064595
2024-07-01,1.2519322580572456,0.7832694675071316,1.2016627550161458
2024-07-02,1.2462405433824961,0.7797084550850923,1.196199582793522
2024-07-03,1.2249584223546122,0.7930235809616322,1.2166271514757443
2024-07-05,1.2333288551634385,0.7984425000686944,1.2249406547253046
2024-07-08,1.2261541854371765,0.7937977038252427,1.2178147818527687
2024-07-09,1.210608991671213,0.7837339294129402,1.2023753151202825
2024-07-10,1.1931505952193215,0.7950362885946618,1.2197149723339298
2024-07-11,1.190129935892934,0.79704905528948,1.222802883802505
2024-07-12,1.2095493091765193,0.8100545202082179,1.2427553822118396
2024-07-15,1.1940600922972326,0.7996811438999021,1.2268409358168553
2024-07-16,1.194753701185818,0.7992166229323048,1.226128285102329
2024-07-17,1.2107238373758924,0.788533585666187,1.2097387684344572
2024-07-18,1.2199950243929762,0.782495344643521,1.2004751246391214
2024-07-19,1.2315818277691375,0.7750636588416405,1.1890737099209858
2024-07-22,1.207225788114705,0.7903914923512099,1.2125890994613937
2024-07-23,1.1991854951019472,0.7851273741921543,1.2045130860430824
2024-07-24,1.180976593566889,0.7732056930948288,1.1862232882836599
2024-07-25,1.1859426330192817,0.7699543416305915,1.1812351863339237
2024-07-26,1.1687723102499732,0.7811018998643066,1.1983373537163218
2024-07-29,1.1534821311665442,0.7708833245039974,1.1826603971525866
2024-07-30,1.1502387732359494,0.7730508921468223,1.1859857984524107
2024-07-31,1.1589928681637618,0.7789343322214817,1.1950119524164975
2024-08-01,1.1272017460738102,0.7575681986274576,1.1622328284703642
2024-08-02,1.138259508566123,0.7501365128255771,1.1508314137522289
2024-08-05,1.1554097440070894,0.7388341536438555,1.1334917565385816
2024-08-06,1.1549254874439374,0.7391438146016575,1.1339668268114693
2024-08-07,1.1491194623066456,0.7428596279717034,1.1396674888653422
2024-08-08,1.1678004082511415,0.7549361100170354,1.1581947764560139
2024-08-09,1.1699559090418048,0.7563295547962499,1.1603325473788135
2024-08-12,1.1742669106231314,0.7535426652378211,1.156057005533214
2024-08-13,1.1933273579082446,0.7657740072929484,1.1748218735655243
2024-08-14,1.201771905306317,0.7711929854617992,1.1831354674254744
2024-08-15,1.2208322605537696,0.7834242684551379,1.201900244847395
2024-08-16,1.230483145569378,0.7896173694875993,1.2114014690843693
2024-08-19,1.2466482721272123,0.799990745795915,1.2273159154793534
2024-08-20,1.2464070414187693,0.7998359448479083,1.2270784256481044
2024-08-21,1.2587118323778923,0.8077320925555973,1.2391924004703767
2024-08-22,1.2471308255817586,0.8003004067537168,1.227790985752241
2024-08-23,1.2676389332305111,0.81346073168225,1.2479810646032143
2024-08-26,1.261607153105171,0.8095900583024088,1.2420428221077027
2024-08-27,1.2579881402525634,0.8119124268932403,1.245605713238776
2024-08-28,1.2534302450328172,0.8089707363868048,1.2410926815619274
2024-08-29,1.250071786290779,0.8111383040296297,1.2444180828617515
2024-08-30,1.2534122957226617,0.8133058716724546,1.2477434841615758
2024-09-03,1.2309830959499823,0.7987521610264957,1.2254157249981923
2024-09-04,1.236471088734083,0.7951911486044565,1.2199525527755684
2024-09-05,1.2424897368748549,0.7913204752246153,1.2140143102800567
2024-09-06,1.2655843599208287,0.7766119045688612,1.1914489706750346
2024-09-09,1.255239674991938,0.7829598065493292,1.201187684743258
2024-09-10,1.2639272758136637,0.777540887442267,1.1928741814936978
2024-09-11,1.2503367332407958,0.7859014970557646,1.2057007164201068
2024-09-12,1.25920438497436,0.791475276172622,1.2142518001113058
2024-09-13,1.265116184118356,0.7951911486044566,1.2199525527755684
2024-09-16,1.2722595806776005,0.7996811438999016,1.2268409358168553
2024-09-17,1.2715205470565636,0.7992166229323043,1.226128285102329
2024-09-18,1.2683184125698896,0.7972039152992748,1.2230404642441435
2024-09-19,1.298616160016328,0.8162476212406788,1.2522566064488139
2024-09-20,1.281866172067342,0.8057193849225678,1.2361045796121912
2024-09-23,1.2843294608626987,0.8041710801335581,1.2337292282477528
2024-09-24,1.2652895244181277,0.8160927612308835,1.2520190260071753
2024-09-25,1.2535272558773665,0.8085062744809964,1.2403801214577908
2024-09-26,1.2916947871206998,0.8331237595392579,1.2781473473536602
2024-09-27,1.2916947871206998,0.8331237595392579,1.2781473473536602
2024-09-30,1.2780120958797685,0.8242986289581631,1.264608161712725
2024-10-01,1.2979360693254582,0.8114479649874319,1.2448931531346392
2024-10-02,1.3009078484215701,0.8095900583024089,1.2420428221077027
2024-10-03,1.3145911207793926,0.8010745886791161,1.2289787067396551
2024-10-04,1.3049362889460236,0.8069579696919869,1.2380047700933523
2024-10-07,1.3104443972433053,0.8035518172797429,1.232779178312367
2024-10-08,1.3106968489591013,0.8037066182277496,1.233016668143616
2024-10-09,1.3053944960577013,0.8069579696919869,1.2380047700933523
2024-10-10,1.3086503997912418,0.8049452620589572,1.2349169492351668
2024-10-11,1.3003439558194323,0.8100545202082176,1.2427553822118396
2024-10-14,1.3080486273485983,0.8148541764614644,1.2501188355260142
2024-10-15,1.273999032521284,0.7936428438154469,1.21757720141113
2024-10-16,1.280709439726001,0.7894625685395924,1.2111639792531204
2024-10-17,1.2789512662216223,0.7905463523610048,1.2128266799030323
2024-10-18,1.2962343565777898,0.8012293896271225,1.229216196570904
2024-10-21,1.2797026758521537,0.7910108142668134,1.2135392400071692
2024-10-22,1.2844617627631254,0.7880691237603781,1.2090262083303205
2024-10-23,1.2925369564718838,0.7831146665591245,1.201425265184897
2024-10-24,1.2823152916737421,0.7893077085297973,1.2109263988114816
2024-10-25,1.2772846122118642,0.7862111580135666,1.2061757866929945
2024-10-28,1.290364340431855,0.7942621657310508,1.2185273419569054
2024-10-29,1.285333660969977,0.7911656152148201,1.2137767298384181
2024-10-30,1.2730085970382174,0.7835791284649329,1.2021378252890336
2024-10-31,1.2820638008791516,0.7780053493480755,1.1935867415978345
2024-11-01,1.2774713257465533,0.7807922389065043,1.197862283443434
2024-11-04,1.2751914801477413,0.7793987941272899,1.1957245125206342
2024-11-05,1.2868439813717631,0.7865208189713683,1.206650856965882
2024-11-06,1.2508731915152722,0.7645354225235289,1.1729216830843632
2024-11-07,1.228074832159441,0.778469811253884,1.1942993017019712
2024-11-08,1.2505455287454503,0.7642257615657271,1.1724466128114754
2024-11-11,1.2551058726276825,0.7614388720072983,1.168171070965876
2024-11-12,1.281136953487342,0.7456465175301317,1.1439430307109417
2024-11-13,1.2877873737403862,0.7417758441502905,1.1380047882154303
2024-11-14,1.2767668638590588,0.7481237461307585,1.1477435022836537
2024-11-15,1.2730676382217962,0.7459561784879336,1.1444181009838295
2024-11-18,1.277295339063859,0.7484334070885603,1.1482185725565413
2024-11-19,1.2849580783389538,0.7439434117931153,1.1413301895152543
2024-11-20,1.291108750024769,0.7403823993710761,1.1358670172926304
2024-11-21,1.2938086434950913,0.7388341536438551,1.1334917565385816
2024-11-22,1.2943509059524794,0.7385244926860531,1.1330166862656939
2024-11-25,1.2875670962813583,0.7423951660658943,1.1389549287612055
2024-11-26,1.278974373208991,0.7374407088646406,1.131353985615782
2024-11-27,1.2730669401175754,0.7408468612768847,1.136579577396767
2024-11-29,1.2539110408458713,0.7519944195105998,1.1536817447791652
2024-12-02,1.2575253455914934,0.7541619871534248,1.1570071460789895
2024-12-03,1.266044862619675,0.7592713043644737,1.1648456696660519
2024-12-04,1.2750806244837298,0.7646902234715358,1.1731591729156121
2024-12-05,1.2913450943214468,0.7744443369260364,1.1881235693752106
2024-12-06,1.2957338648032968,0.7770763664746698,1.1921615307791715
2024-12-09,1.2952175214850055,0.7767667055168679,1.1916864605062838
2024-12-10,1.2838582639298481,0.7699543416305913,1.1812351863339237
2024-12-11,1.2797276158659348,0.7724315702312181,1.1850356579066355
2024-12-12,1.2876793585285284,0.7676319730397598,1.1776722952028504
2024-12-13,1.2796281797739244,0.7724315702312182,1.1850356579066355
2024-12-16,1.2729594849854287,0.7684060959033704,1.1788599255798748
2024-12-17,1.2727030381195066,0.7685608968513771,1.1790974154111238
2024-12-18,1.2403983702799015,0.7880690646985896,1.1491687131023167
2024-12-19,1.243475079829368,0.7900238073644076,1.1463182914649905
2024-12-20,1.2429597447344802,0.7896963967066986,1.1467933617378783
2024-12-23,1.23987029595589,0.787733560356931,1.1496437833752045
2024-12-24,1.2355154266708244,0.7849667574921451,1.1536817447791652
2024-12-26,1.2408573478172715,0.7815728455825186,1.1586698467289016
2024-12-27,1.2357698593183444,0.7847772774779086,1.153919325220804
2024-12-30,1.2459450303914446,0.7912390332752414,1.1444181009838295
2024-12-31,1.2467208051889953,0.7917316900826292,1.1437055408796928
2025-01-02,1.259408142006498,0.7997888000461115,1.1320665457199186
2025-01-03,1.2520092174675272,0.7950901032684115,1.138717348319567
2025-01-06,1.284132096242554,0.7746904267754728,1.1679334905242373
2025-01-07,1.288049561791457,0.772327100551607,1.1714964722657002
2025-01-08,1.2823039722198093,0.7757722121889717,1.1662707898743252
2025-01-10,1.2930115984781516,0.7822501449488205,1.1565320758061017
2025-01-13,1.2980572019893184,0.785302649723418,1.1520190441292533
2025-01-14,1.2857457561231695,0.777854433230496,1.1629453885745011
2025-01-15,1.2988763298585244,0.7699106582327838,1.1748218735655243
2025-01-16,1.3188348580361273,0.7580802143226621,1.1928741814936978
2025-01-17,1.324349674962178,0.7549102392709895,1.197862283443434
2025-01-21,1.354024799654012,0.7379947252605763,1.2247031648940556
2025-01-22,1.3569134417259952,0.7364203060824092,1.2273159154793534
2025-01-23,1.3674179407856102,0.7307193334375481,1.236817139716328
2025-01-24,1.3697814480651072,0.7294563249510158,1.2389549106391275
2025-01-27,1.371882387948361,0.7283375012960844,1.2408551917306785
2025-01-28,1.3634787285936725,0.7327990355426833,1.233254157974865
2025-01-29,1.3603273187687914,0.7311053163581864,1.2361045796121912
2025-01-30,1.3747043167379096,0.7233784262902824,1.2491686949802387
2025-01-31,1.362418469521747,0.729843319661651,1.2380047700933523
2025-02-03,1.3373240621884155,0.7432863153071295,1.215201940657081
2025-02-04,1.3085700662501787,0.7273048099296565,1.2413301713931764
2025-02-05,1.3163323802688134,0.7229905065021638,1.248693624707351
2025-02-06,1.327349775037181,0.7169392447210855,1.2591448988797114
2025-02-07,1.3133276536080838,0.7245129900411409,1.2458432936804147
2025-02-10,1.3248458520729962,0.7181588373765148,1.2567696381256626
2025-02-11,1.311074084732902,0.7106935791307298,1.26983375349371
2025-02-12,1.327750680187341,0.701653701484422,1.285985780330333
2025-02-13,1.3405033763320966,0.6949145021848883,1.2983373355942438
2025-02-14,1.349577375944526,0.6902105573572738,1.3071259091166918
2025-02-18,1.3569347690091789,0.6864477865385228,1.3142518725996175
2025-02-19,1.334862776921498,0.69761359233783,1.2928741633716199
2025-02-20,1.3257887773090689,0.6928714228984383,1.3016627368940679
2025-02-21,1.3173211850549573,0.6972966773537808,1.2933492336445076
2025-02-24,1.3139341481533129,0.6990895351658206,1.2900238323446833
2025-02-25,1.3274822957598913,0.6918811311328237,1.30332543754398
2025-02-26,1.3313532082603183,0.6898636192399222,1.3071259091166918
2025-02-27,1.3028051939609802,0.7046562650565714,1.2790973972890458
2025-02-28,1.2977245463186793,0.7019082638908658,1.2840855898491716
2025-03-03,1.2722790262320927,0.6881453888042831,1.3092636800394917
2025-03-04,1.2759721404194555,0.6861478713997183,1.3130641516122035
2025-03-05,1.3168272656457236,0.6641782246325424,1.3551069193536724
2025-03-06,1.3052862728038668,0.6699992433311813,1.3432304343626493
2025-03-07,1.321443680392624,0.6617056980114969,1.3598575314721597
2025-03-10,1.285666620193025,0.6796208652966749,1.3230404461220655
2025-03-11,1.2835892379594591,0.6785227327878633,1.3251782170448654
2025-03-12,1.2833592014348656,0.6784011323516083,1.3254157068761143
2025-03-13,1.268639683211781,0.6861820699246947,1.310213820585267
2025-03-14,1.2382806549428567,0.669761473017515,1.3415677337127372
2025-03-17,1.252531439675553,0.6620535058970349,1.3570072004452232
2025-03-18,1.2573547140063353,0.6595040563746941,1.3622327922262085
2025-03-19,1.2595471874606097,0.6583540665424847,1.364608143590647
2025-03-20,1.2400346337062764,0.6685531041336793,1.343468014804288
2025-03-21,1.2520930286190088,0.6750542752547486,1.3304038088258507
2025-03-24,1.2552226887697455,0.6767416023275457,1.3270784075260265
2025-03-25,1.2430905711022162,0.6702006842710078,1.339905033062825
2025-03-26,1.219070558412141,0.683150850023462,1.314014292157979
2025-03-27,1.219952046819551,0.6836448243473046,1.3130641516122035
2025-03-28,1.2259105782660888,0.6869839057437873,1.3066508388438043
2025-03-31,1.2392816834980742,0.6944768944325485,1.2923990930987321
2025-04-01,1.2344985917930904,0.6917965137593773,1.2973871950484683
2025-04-02,1.2410530723650082,0.6881234704369299,1.3042755780897555
2025-04-03,1.2109930080957212,0.7047907961195621,1.2726841751310363
2025-04-04,1.1361817280871525,0.7483305203322348,1.1940618118707222
2025-04-07,1.1673719406205825,0.727787514405084,1.161282687924589
2025-04-08,1.183369835332349,0.7377612576679221,1.145368241529605
2025-04-09,1.0761254391168067,0.6709007054825655,1.2491686949802387
2025-04-10,1.0591414862299473,0.6814891978269416,1.2294536864021532
2025-04-11,1.0388835286738465,0.6945238862269407,1.2529691665529505
2025-04-14,1.0459735515062023,0.6897839995360319,1.2615202502441496
2025-04-15,1.0528665875218495,0.6852382766112292,1.26983375349371
2025-04-16,1.0497154746106312,0.6872891187656687,1.2660332819209983
2025-04-17,1.0589719016560355,0.6812285797521666,1.2771972068078847
2025-04-21,1.0463674500111622,0.6893369277443694,1.2619953205170373
2025-04-22,1.017810446993488,0.6705238456616076,1.2964371451130827
2025-04-23,1.0306775739102185,0.6620471047828835,1.3128266617809545
2025-04-24,1.045409548222844,0.652584144504814,1.3315915298132646
2025-04-25,1.0523093057460193,0.6482770551270611,1.3403801033357128
2025-04-28,1.0571577667020375,0.6452901519672172,1.3465558356624734
2025-04-29,1.0538011125260809,0.6473390570138703,1.3422802938168739
2025-04-30,1.0586495734820989,0.6503174161235069,1.3361045614901133
2025-05-01,1.0577085659978576,0.6497393650185583,1.3372921918671377
2025-05-02,1.0785621569346555,0.6369292211195636,1.3636580030448715
2025-05-05,1.0810044881104584,0.6354869379061963,1.3667459145134466
2025-05-06,1.0796894032465838,0.6362600329880597,1.3650832138635345
2025-05-07,1.074804740894978,0.6391385602938041,1.3589073909263842
2025-05-08,1.0740532433536925,0.6386916781408638,1.3598575314721597
2025-05-09,1.0834336210249038,0.6331135848819917,1.3717340164631828
2025-05-12,1.0884990335553502,0.6301535682978437,1.3781473292315822
2025-05-13,1.0975041875317209,0.6249403069752806,1.3895487439497178
2025-05-14,1.094877693234438,0.626435884095678,1.3862233426498936
2025-05-15,1.0999431057648843,0.6235377008589317,1.392636655418293
2025-05-16,1.103132399821127,0.6217297481814067,1.3966746168222537
2025-05-19,1.1157021431151835,0.6146453915491604,1.4125891538276274
2025-05-20,1.1205799080149084,0.611958208652563,1.4187648861543882
2025-05-21,1.1160773668100241,0.6144170846599032,1.4130642241005151
2025-05-22,1.115514495484462,0.614726953643161,1.4123515733859888
2025-05-23,1.1278965911477967,0.6215503593251591,1.3966746168222537
2025-05-27,1.1092901101199757,0.6112968794765766,1.4197150267001635
2025-05-28,1.095927382542875,0.6186606823218881,1.4026128593177654
2025-05-29,1.1009384053842879,0.615831915690466,1.4090261720861648
2025-05-30,1.0985256749499428,0.6171815247132421,1.4059382606175896
2025-06-02,1.0847917526292383,0.609465434583103,1.4235154982728753
2025-06-03,1.0777323813749966,0.613431580858572,1.4142518544775395
2025-06-04,1.0706730101207549,0.6094134764170666,1.4235154982728753
2025-06-05,1.0706730101207549,0.6094134764170666,1.4235154982728753
2025-06-06,1.0744247263021334,0.6072780472253229,1.4285036002226117
2025-06-09,1.0729955302977794,0.6080858463548287,1.4266034097414506
2025-06-10,1.0712090182545704,0.6070733978803076,1.4289786704954992
2025-06-11,1.0697845734942328,0.6078806563200843,1.4270784800143381
2025-06-12,1.0756605185079426,0.6045417847379602,1.4349169129910109
2025-06-13,1.0541152735835007,0.5924329450109934,1.4061758410592282
2025-06-16,1.0437878283164181,0.5866287232457418,1.4199525165314126
2025-06-17,1.0266765600857437,0.5962455832655283,1.3966746168222537
2025-06-18,1.0252797558457234,0.5954343848889635,1.3947744263410926
2025-06-20,1.0291210840670983,0.5932035216600642,1.3895487439497178
2025-06-23,1.020501065972424,0.5882347913816737,1.3779097487899437
2025-06-24,1.004140674139172,0.5976652094359508,1.400000018122078
2025-06-25,0.9963038264712378,0.5930007123954452,1.38907367367683
2025-06-26,1.0024370342077769,0.5966512017947669,1.3976247573680292
2025-06-27,1.0135108887309388,0.6032423675081992,1.4130642241005151
2025-06-30,1.0175996505621665,0.6056760013198057,1.4187648861543882
2025-07-01,1.0136812267281994,0.6033437527995528,1.4133017139317643
2025-07-02,1.0227106353460498,0.6087180629252696,1.425890759026924
2025-07-03,1.0208365924276965,0.60760263131082,1.4232779178312367
2025-07-07,1.0155552696465526,0.6044591844140024,1.4159145551274517
2025-07-08,1.0039703361419117,0.6113545446834073,1.4320665819640743
2025-07-09,1.0197900835431388,0.6209877720023036,1.4546319215690966
2025-07-10,1.0127960625397436,0.6167288548091243,1.4446556270592343
2025-07-11,1.0004733574020555,0.6092251054277737,1.4270784800143381
2025-07-14,1.0011394667402231,0.6088194868985353,1.4261283394685629
2025-07-15,1.013645372613069,0.6012143135439191,1.4083136119820279
2025-07-16,1.010909951758899,0.6028367489789608,1.4121140835547399
2025-07-17,1.0078491595387706,0.6010115042793,1.4163896254003394
2025-07-18,1.0012575018155245,0.5970806956990206,1.4071259816050037
2025-07-21,1.0048068460549773,0.5991972790194202,1.4121140835547399
2025-07-22,1.004637792819812,0.5990964673669936,1.411876503113101
2025-07-23,0.9808063801800435,0.6133078729371315,1.445368187163371
2025-07-24,0.967911649275788,0.6052446709200994,1.4263658292998118
2025-07-25,0.9721024752490005,0.6078652356058724,1.432541652236962
2025-07-28,0.9532438813433987,0.5960727714166542,1.4047506302405652
2025-07-29,0.9509873111210199,0.5974838269635873,1.4080760315403893
2025-07-30,0.9440891187724878,0.5931498486703612,1.397862247199278
2025-07-31,0.9598105619027573,0.5832724213934495,1.3745843474901194
2025-08-01,0.9717521746136962,0.5760155588023106,1.357482270718111
2025-08-04,0.9591695934391024,0.5834740062499227,1.375059417763007
2025-08-05,0.9614892196105758,0.5848850617968558,1.3783848190628312
2025-08-06,0.9694422507149447,0.5897229830070752,1.3897862337809668
2025-08-07,0.9826973657606325,0.5977862234724873,1.4087886822549156
2025-08-08,0.9866738497102805,0.6002051648534069,1.4144893443087887
2025-08-11,0.9788865423067726,0.5954680552956143,1.4033255100322917
2025-08-12,0.9692766534242292,0.60131386233982,1.417102185504476
2025-08-13,0.9796745157805579,0.6077644239534457,1.4323040717953235
2025-08-14,0.983736184637008,0.6102841769867919,1.4382423142908352
2025-08-15,0.9903973190825405,0.6144165704235447,1.4479810283590586
2025-08-18,0.9845485060130685,0.6107881199037852,1.4394299446678596
2025-08-19,0.9817865389630853,0.6125015719596183,1.44346799668221
2025-08-20,0.9840483377977819,0.6139126275065514,1.4467933979820342
2025-08-21,0.9762935725233666,0.6090747062963322,1.4353919832638986
2025-08-22,0.9611071648979778,0.6185489638602973,1.457719742427282
2025-08-25,0.9429405658425377,0.6068573113235058,1.4301663008725236
2025-08-26,0.9390253500138527,0.6043375582901596,1.4242280583770122
2025-08-27,0.9404348301018375,0.6034304456602197,1.4220902874542123
2025-08-28,0.9354082915348828,0.6066557264670326,1.429691230599636
2025-08-29,0.9293473400297466,0.6027249178867532,1.4204275868043001
2025-09-02,0.9397597317367392,0.5959719982126076,1.404513140409316
2025-09-03,0.9368989667198458,0.5977862234724873,1.4087886822549156
2025-09-04,0.9403741873840753,0.6000035799969337,1.414014274035901
2025-09-05,0.9414799476307957,0.6007091077704002,1.415676974685813
2025-09-08,0.9503260898639726,0.6063533684065127,1.4289786704954992
2025-09-09,0.9498522098323536,0.6060510103459927,1.4282661103913625
2025-09-10,0.9449552285544393,0.6029265027432266,1.4209026570771879
2025-09-11,0.9549071310343363,0.6092762911528056,1.4358670535367863
2025-09-12,0.9545911909267857,0.6090747062963323,1.4353919832638986
2025-09-15,0.9438494683077189,0.6159284376229046,1.4515440101005213
2025-09-16,0.9416871651140792,0.6145173820759715,1.4482186088006972
2025-09-17,0.9359724393384966,0.6107881199037855,1.4394299446678596
2025-09-18,0.9480196497175994,0.6186497755127243,1.4579573228689207
2025-09-19,0.9466295892476392,0.6177426628827845,1.4558195519461208
2025-09-22,0.9466295892476392,0.6177426628827845,1.4558195519461208
2025-09-23,0.9494097101875595,0.6195568881426641,1.4600950937917203
2025-09-24,0.9443128021582576,0.6162307956834245,1.4522565702046581
2025-09-25,0.9518808633359964,0.6112921012691587,1.4406176656552736
2025-09-26,0.9383835101337165,0.6199600194072307,1.4610451437271061
2025-09-29,0.9418923926456889,0.6222782260324837,1.4665084065601197
2025-09-30,0.9476895502823962,0.6261082229603365,1.4755344699138169
2025-10-01,0.9592839819482383,0.6337682937128021,1.4935867778419902
2025-10-02,0.9659965078310532,0.6382030452100748,1.5040380520143506
2025-10-03,0.9681323088757573,0.6396141007570079,1.5073634533141747
2025-10-06,0.9629453385402414,0.6361872350937218,1.4992874398958633
2025-10-07,0.9734718114875176,0.6292327305631028,1.4828979232279915
2025-10-08,0.9670786785030735,0.6333651239998556,1.492636637296215
2025-10-09,0.9569215846345553,0.6267129775297566,1.4769596807324799
2025-10-10,0.9401469839888958,0.6157268527664317,1.4510689398276337
2025-10-13,0.9318366184492622,0.6211695285460709,1.4638955653644323
2025-10-14,0.9377333522826045,0.6251003371263503,1.473159209159768
2025-10-15,0.9401525266162235,0.6267129775297566,1.4769596807324799
2025-10-16,0.9486196656227229,0.6323572381658691,1.4902613765421662
2025-10-17,0.9513411862800868,0.6341714249773688,1.494536827777376
2025-10-20,0.9585987669586096,0.639009384635968,1.5059383331059013
2025-10-21,0.9510388399563419,0.6339698785692754,1.494061848114878
2025-10-22,0.9455956832862826,0.630341428049516,1.485510764423679
2025-10-23,0.9390941414501192,0.634675406342742,1.49572454876479
2025-10-24,0.9395415239710374,0.6349777644032619,1.4964371088689268
2025-10-27,0.9480421332081511,0.6407227982434209,1.509976294509862
2025-10-28,0.9468490941890542,0.6399164972659077,1.508076104028701
2025-10-29,0.9441646852836556,0.638102272006028,1.5038005621831014
2025-10-30,0.9513230900680703,0.6332643507958087,1.492399147464966
2025-10-31,0.9566225528919756,0.6297366734800959,1.484085553605016
2025-11-03,0.9557038802396836,0.6303414280495158,1.485510764423679
2025-11-04,0.9453124680121965,0.6234876967229435,1.4693587375870563
2025-11-05,0.9372133013591535,0.628829560850156,1.481947782682216
2025-11-06,0.9304534567562603,0.6242939977004567,1.4712589280682173
2025-11-07,0.9339084757080023,0.6266121658773297,1.4767221002908413
2025-11-10,0.9462264465976163,0.6348769911992151,1.4961996190376778
2025-11-11,0.9553897278328543,0.6410251563039409,1.510688854613999
2025-11-12,0.9645530663719077,0.6471733598570466,1.5251781808007094
2025-11-13,0.9571923912628362,0.6422346654427807,1.513539276251325
2025-11-14,0.9495312149449521,0.6370943477236616,1.501425210818663
2025-11-17,0.9645530663719077,0.6270153355902764,1.4776722408366165
2025-11-18,0.976491762941172,0.6192544916337643,1.459382443077194
2025-11-19,0.9782399883205204,0.6181458325957312,1.4567696924918963
2025-11-20,0.9921169074668733,0.6093770643568526,1.4361045433680353
2025-11-21,1.0019626306602167,0.6154244947059117,1.450356379723497
2025-11-24,1.0006498425288974,0.6146181552800184,1.4484560986319461
2025-11-25,0.9844044336883317,0.6245963942093568,1.4719715787827437
2025-11-26,0.9964771414917171,0.6322564265134423,1.4900237961005276
2025-11-28,1.0020369897751917,0.6357841038291551,1.4983373899604775
2025-12-01,1.0004484357239958,0.6347761795467886,1.495962038596039
2025-12-02,1.0083910241885532,0.6398156856134811,1.5078385235870624
