feature_1,feature_2,correlation
HWMA_0.2_0.1_0.1,HWM_1,1.0
SQZ_ON,SQZPRO_ON_NORMAL,1.0
MACD_12_26_9,STCmacd_10_12_26_0.5,1.0
SQZPRO_ON_WIDE,SQZPRO_OFF,1.0
PIVOTS_TRAD_D_R3,PIVOTS_TRAD_D_R4,1.0
PIVOTS_TRAD_D_S3,PIVOTS_TRAD_D_S4,1.0
AMATe_LR_8_21_2,AMATe_SR_8_21_2,1.0
MEDIAN_30,QTL_30_0.5,1.0
AOBV_LR_2,AOBV_SR_2,1.0
STOCHk_14_3_3,STOCHFd_14_3,1.0
SQZ_20_2.0_20_1.5,SQZPRO_20_2.0_20_2.0_1.5_1.0,1.0
HLC3,VWAP_D,1.0
STOCHFk_14_3,WILLR_14,1.0
CMO_14,RSI_14,0.9999999999999997
SQZ_OFF,SQZPRO_ON_NORMAL,0.9999999999999996
SQZ_ON,SQZ_OFF,0.9999999999999996
WCP,VWAP_D,0.9999775324088481
HLC3,WCP,0.9999775324088481
HL2,OHLC4,0.9999635709971799
ABER_ZG_5_15,BBM_5_2.0_2.0,0.9999425732745078
AGl_13_8_5,EMA_10,0.9999258289993244
OHLC4,VWAP_D,0.9999257177005326
HLC3,OHLC4,0.9999257177005325
HL2,HLC3,0.9999142107026937
HL2,VWAP_D,0.9999142107026937
ALMA_9_6.0_0.85,BBM_5_2.0_2.0,0.9998977275367602
ALMA_9_6.0_0.85,ABER_ZG_5_15,0.9998707111694549
OHLC4,WCP,0.9998436642041463
AGt_13_8_5,SMMA_7,0.9998138487074055
SWMA_10,TRIMA_10,0.9998099007227659
HL2,WCP,0.999809392721422
Close,WCP,0.9997974742256884
Low,HL2,0.9996461772334932
Close,VWAP_D,0.9996425412142651
Close,HLC3,0.999642541214265
High,HL2,0.9996322690055777
High,OHLC4,0.9996172056225738
PIVOTS_TRAD_D_P,PIVOTS_TRAD_D_R1,0.9995885666856035
Low,VWAP_D,0.9995783394369503
Low,HLC3,0.9995783394369502
Low,OHLC4,0.9995736453741304
PWMA_10,SWMA_10,0.9995664015021224
ABER_ATR_5_15,ATRr_14,0.9995586720333001
PIVOTS_TRAD_D_P,PIVOTS_TRAD_D_S1,0.9995485631192168
PIVOTS_TRAD_D_R1,PIVOTS_TRAD_D_R2,0.9995328081024365
SMA_10,TRIMA_10,0.9995269516388477
SSF3_20,TRIMA_10,0.9995130364970386
High,VWAP_D,0.9995072746879905
High,HLC3,0.9995072746879904
MIDPOINT_2,MIDPRICE_2,0.9995007851947271
SMA_10,SWMA_10,0.9994980062941393
LOGRET_1,PCTRET_1,0.9994955422678609
Low,WCP,0.999474466377212
SMA_10,SSF_20,0.9994238186332994
SSF_20,TRIMA_10,0.9994161069905753
AGl_13_8_5,WMA_10,0.9994130864603522
EMA_10,SMMA_7,0.9994109389335409
SSF_20,SSF3_20,0.99939997988892
High,WCP,0.9993976314500117
PIVOTS_TRAD_D_S1,PIVOTS_TRAD_D_S2,0.9993761259946979
TEMA_10,ZL_EMA_10,0.9993345374358391
Close,OHLC4,0.9993326201207094
SINWMA_14,SSF_20,0.9992956080119576
AGt_13_8_5,RMA_10,0.9992831494914313
Close,LDECAY_1,0.9992578352967552
Close,HL2,0.9992372021791271
WCP,LDECAY_1,0.9992004931535046
SMA_10,SSF3_20,0.9991814517315066
PWMA_10,TRIMA_10,0.999167564366263
Open,OHLC4,0.9991637750228604
JMA_7_0.0,ZL_EMA_10,0.9991375061256643
SINWMA_14,T3_10_0.7,0.9991153721631243
SMA_10,VWMA_10,0.9991047091385856
SSF_20,T3_10_0.7,0.9991045728475582
EMA_10,WMA_10,0.9990981412475697
HLC3,LDECAY_1,0.9990912455505748
LDECAY_1,VWAP_D,0.9990912455505748
MCGD_10,RMA_10,0.9990853497861835
Open,HL2,0.9990696986006935
SSF3_20,T3_10_0.7,0.9990657459232171
SSF3_20,SWMA_10,0.9990216564992924
FWMA_10,BBM_5_2.0_2.0,0.9990165933623796
ITS_9,SMA_10,0.9990064593741895
AGl_13_8_5,SMMA_7,0.999002906676119
EMA_10,SMA_10,0.9989829525900449
FWMA_10,ZL_EMA_10,0.9989656148841871
SSF_20,SWMA_10,0.9989604082332061
Open,High,0.9989198347497631
HMA_10,ZL_EMA_10,0.9989174750883819
Low,Close,0.9989064131861123
WMA_10,ABER_ZG_5_15,0.9989045040749074
DEMA_10,ZL_EMA_10,0.9988984848607706
ALMA_9_6.0_0.85,WMA_10,0.9988741773243803
SMMA_7,SSF_20,0.9988736448522147
OHLC4,LDECAY_1,0.9988629986786671
ITS_9,VWMA_10,0.9988571227275368
FWMA_10,ABER_ZG_5_15,0.9988494948621778
MIDPOINT_2,OHLC4,0.9988407467630293
WMA_10,BBM_5_2.0_2.0,0.9988338323554382
SINWMA_14,SSF3_20,0.9988337541200774
High,Close,0.9988268330221928
DEMA_10,FWMA_10,0.9988169340079037
MIDPOINT_2,VWAP_D,0.9988157473185992
HLC3,MIDPOINT_2,0.9988157473185991
MIDPOINT_2,WCP,0.9987869386195394
HL2,MIDPOINT_2,0.99878164896045
ALMA_9_6.0_0.85,FWMA_10,0.9987736106872415
FWMA_10,JMA_7_0.0,0.9987698505412959
HL2,LDECAY_1,0.9987695200020456
DEMA_10,TEMA_10,0.9987679304828462
AGl_13_8_5,SMA_10,0.9987630564724721
AGt_13_8_5,MCGD_10,0.9987571428793216
High,LDECAY_1,0.9987233345849537
MIDPRICE_2,ZL_EMA_10,0.9987168837340027
DEMA_10,BBM_5_2.0_2.0,0.9986792709242235
PIVOTS_TRAD_D_P,PIVOTS_TRAD_D_R2,0.9986546850259544
PIVOTS_TRAD_D_S1,PIVOTS_TRAD_D_R1,0.9986540011935194
DEMA_10,JMA_7_0.0,0.9986458406547332
High,MIDPOINT_2,0.9986383687364049
Open,VWAP_D,0.9986332178597211
Open,HLC3,0.998633217859721
MIDPOINT_2,LDECAY_1,0.9986211027998443
SMA_10,SMMA_7,0.9986164297600929
MIDPOINT_2,ZL_EMA_10,0.9985913062505847
High,Low,0.9985900782776509
JMA_7_0.0,BBM_5_2.0_2.0,0.998587711348395
AGt_13_8_5,SSF_20,0.9985785671658151
AGt_13_8_5,EMA_10,0.9985767003472782
HL2,MIDPRICE_2,0.9985629498200004
EMA_10,VWMA_10,0.9985605386288787
MIDPRICE_2,PIVOTS_TRAD_D_P,0.9985587885912295
Open,Low,0.9985508102186447
DEMA_10,ABER_ZG_5_15,0.9985507493095135
MIDPRICE_2,OHLC4,0.9985491600246168
JMA_7_0.0,TEMA_10,0.9985395227090582
HMA_10,TEMA_10,0.9985302125108708
AGj_13_8_5,RMA_10,0.9985059569232939
RMA_10,SMMA_7,0.9984969314399319
T3_10_0.7,TRIMA_10,0.9984902798228715
FWMA_10,MIDPOINT_2,0.9984883156479768
SINWMA_14,TRIMA_10,0.9984858846534685
High,MIDPRICE_2,0.9984656136177055
AGl_13_8_5,VWMA_10,0.9984624532065592
ALMA_9_6.0_0.85,DEMA_10,0.9984599156171108
PIVOTS_TRAD_D_P,PIVOTS_TRAD_D_S2,0.9984516748394743
Close,MIDPOINT_2,0.9984414730522326
SWMA_10,VWMA_10,0.998425715571281
JMA_7_0.0,ABER_ZG_5_15,0.9984159879592733
ITS_9,EMA_10,0.9983956421850768
MIDPRICE_2,VWAP_D,0.9983946834653118
HLC3,MIDPRICE_2,0.9983946834653117
PIVOTS_TRAD_D_R2,PIVOTS_TRAD_D_R4,0.9983857173982016
PIVOTS_TRAD_D_R2,PIVOTS_TRAD_D_R3,0.9983857173982016
ITS_9,AGl_13_8_5,0.9983746897148186
Open,WCP,0.998370659861046
ALMA_9_6.0_0.85,JMA_7_0.0,0.9983254620181852
EMA_10,SSF_20,0.9983246806222226
MIDPRICE_2,TEMA_10,0.9983240760444771
FWMA_10,MIDPRICE_2,0.9983200709300933
SMA_10,WMA_10,0.9982833407599812
PWMA_10,SMA_10,0.9982781901968382
JMA_7_0.0,MIDPRICE_2,0.9982534566731436
MIDPRICE_2,WCP,0.9982490204853727
MIDPRICE_2,PIVOTS_TRAD_D_S1,0.9982426970539269
SMA_10,T3_10_0.7,0.9982401116508447
MIDPOINT_2,PIVOTS_TRAD_D_P,0.998237480504551
TRIMA_10,VWMA_10,0.9982233895380177
ITS_9,SWMA_10,0.9982210898945068
Low,MIDPOINT_2,0.9982024973832376
MCGD_10,SMMA_7,0.9981904662989594
SSF_20,VWMA_10,0.9981621218396781
EMA_10,SWMA_10,0.9981487349195207
ABER_SG_5_15,ABER_XG_5_15,0.9981398511470186
WMA_10,VWMA_10,0.9981345554909451
MIDPOINT_2,PIVOTS_TRAD_D_S1,0.9981245473706959
SWMA_10,WMA_10,0.99809884967473
MIDPRICE_2,PIVOTS_TRAD_D_R1,0.9980906369297763
MIDPOINT_2,TEMA_10,0.9980840158306403
ITS_9,TRIMA_10,0.9980823339776627
SINWMA_14,SMA_10,0.9980765830311629
Low,LDECAY_1,0.9980594341070999
FWMA_10,WMA_10,0.998047047464927
ZL_EMA_10,BBM_5_2.0_2.0,0.9980438411509862
PWMA_10,SSF3_20,0.9980313362808844
MIDPOINT_2,PIVOTS_TRAD_D_R1,0.9980130884208243
Low,MIDPRICE_2,0.9980027501056453
ITS_9,SSF_20,0.9979870620307638
AGl_13_8_5,SWMA_10,0.997981920354037
AGt_13_8_5,AGl_13_8_5,0.9979796806472663
JMA_7_0.0,MIDPOINT_2,0.9979765405036158
PIVOTS_TRAD_D_P,ZL_EMA_10,0.9979478675996843
ITS_9,WMA_10,0.9979037085552525
Open,MIDPRICE_2,0.9978892998002071
ACCBM_20,KCBe_20_2,0.9978390517081821
ITS_9,SSF3_20,0.9978359785471288
ACCBU_20,KCUe_20_2,0.9978336815807033
AGt_13_8_5,SMA_10,0.9978311364725658
SMMA_7,VWMA_10,0.9978173061601888
ALMA_9_6.0_0.85,ZL_EMA_10,0.9978046542030443
AGl_13_8_5,SSF_20,0.9977985007812616
MIDPRICE_2,LDECAY_1,0.9977813180875791
EMA_10,TRIMA_10,0.9977801909569837
Open,MIDPOINT_2,0.9977787549980983
ZL_EMA_10,ABER_ZG_5_15,0.9977691156942478
JMA_7_0.0,PIVOTS_TRAD_D_P,0.9977535442991312
PWMA_10,SSF_20,0.9977398906707281
ITS_9,SMMA_7,0.997738488643329
SMMA_7,TRIMA_10,0.9977255902667947
SSF3_20,VWMA_10,0.997718205076088
SWMA_10,T3_10_0.7,0.9977010126219553
AGl_13_8_5,ABER_ZG_5_15,0.9976807442609393
AGl_13_8_5,ALMA_9_6.0_0.85,0.9976791340335646
PIVOTS_TRAD_D_S1,ZL_EMA_10,0.9976769985618418
AGl_13_8_5,BBM_5_2.0_2.0,0.9976576095419519
FWMA_10,TEMA_10,0.9976381156804229
PIVOTS_TRAD_D_S2,PIVOTS_TRAD_D_S3,0.997601357528012
PIVOTS_TRAD_D_S2,PIVOTS_TRAD_D_S4,0.997601357528012
SMMA_7,SWMA_10,0.9976004068576736
DEMA_10,MIDPRICE_2,0.997587535674605
PIVOTS_TRAD_D_R1,ZL_EMA_10,0.9975834186330961
Close,MIDPRICE_2,0.997569048512749
HMA_10,JMA_7_0.0,0.9975502138592064
FWMA_10,PIVOTS_TRAD_D_R1,0.9975412025594942
FWMA_10,PIVOTS_TRAD_D_P,0.9975236685013074
AGt_13_8_5,SINWMA_14,0.9974920590404243
AGl_13_8_5,TRIMA_10,0.9974273938707371
SINWMA_14,SMMA_7,0.9974129990716348
SINWMA_14,SWMA_10,0.9974052913783781
JMA_7_0.0,PIVOTS_TRAD_D_S1,0.9973809112739417
JMA_7_0.0,PIVOTS_TRAD_D_R1,0.9973675953474977
HWM_1,HWL_1,0.9973580891420667
HWMA_0.2_0.1_0.1,HWL_1,0.9973580891420667
Open,Close,0.9973423797691675
DEMA_10,HMA_10,0.9973358131166004
DEMA_10,MIDPOINT_2,0.9973213053034765
ACCBM_20,DCM_20_20,0.9973177679666468
MIDPRICE_2,PIVOTS_TRAD_D_R2,0.9972405046651346
HILO_13_21,ACCBM_20,0.997218468205255
SMMA_7,SSF3_20,0.9972170822626599
MIDPRICE_2,PIVOTS_TRAD_D_S2,0.9972161947253749
HWMA_0.2_0.1_0.1,HWU_1,0.9972055012675044
HWM_1,HWU_1,0.9972055012675044
SMMA_7,WMA_10,0.9971957410735208
PWMA_10,VWMA_10,0.9971334588006704
TRIMA_10,WMA_10,0.9971270043469744
PIVOTS_TRAD_D_S2,ZL_EMA_10,0.9971177292819081
AGt_13_8_5,KCBe_20_2,0.9971068659130272
AGt_13_8_5,TRIMA_10,0.9970780914096992
AGj_13_8_5,KCBe_20_2,0.9970711276642241
PWMA_10,WMA_10,0.9970615602600195
Open,LDECAY_1,0.9970565835527915
ACCBL_20,ACCBM_20,0.997050267923364
PIVOTS_TRAD_D_S1,TEMA_10,0.9970496587367209
PIVOTS_TRAD_D_P,TEMA_10,0.9970345629081111
DEMA_10,PIVOTS_TRAD_D_P,0.997030880604948
PIVOTS_TRAD_D_S2,PIVOTS_TRAD_D_R1,0.9970276618606301
OHLC4,TEMA_10,0.9970221546380914
FWMA_10,LDECAY_1,0.9970142402883055
HL2,TEMA_10,0.9970141464792901
ALMA_9_6.0_0.85,EMA_10,0.9969928426479616
EMA_10,ABER_ZG_5_15,0.9969859962498537
PIVOTS_TRAD_D_S1,PIVOTS_TRAD_D_R2,0.9969838772227753
FWMA_10,PIVOTS_TRAD_D_R2,0.9969701405948951
EMA_10,SSF3_20,0.9969646617095634
OHLC4,ZL_EMA_10,0.996957148479991
High,FWMA_10,0.9969565175081984
AGl_13_8_5,FWMA_10,0.996953077687363
MIDPOINT_2,PIVOTS_TRAD_D_S2,0.9969448456086926
EMA_10,BBM_5_2.0_2.0,0.9969379532333067
HL2,ZL_EMA_10,0.9969360824324996
TEMA_10,VWAP_D,0.9969196731083506
HLC3,TEMA_10,0.9969196731083505
High,ZL_EMA_10,0.9968890631971692
AGj_13_8_5,MCGD_10,0.996878751813926
AGj_13_8_5,AGt_13_8_5,0.9968646008210196
RMA_10,SSF_20,0.9968539898032586
PIVOTS_TRAD_D_R2,ZL_EMA_10,0.9968408692156868
DEMA_10,WMA_10,0.9968402291426195
AGt_13_8_5,VWMA_10,0.9968270728353128
ALMA_9_6.0_0.85,PIVOTS_TRAD_D_R1,0.9968185045035978
MIDPOINT_2,PIVOTS_TRAD_D_R2,0.9968179131231543
ZL_EMA_10,VWAP_D,0.9968171380589321
HLC3,ZL_EMA_10,0.9968171380589316
TEMA_10,WCP,0.9968142384879947
PIVOTS_TRAD_D_R1,BBM_5_2.0_2.0,0.9968140447126911
Low,TEMA_10,0.9968125241971453
FWMA_10,PIVOTS_TRAD_D_S1,0.9968026253211288
ALMA_9_6.0_0.85,PIVOTS_TRAD_D_P,0.9967881202384029
ITS_9,AGt_13_8_5,0.9967821396905896
T3_10_0.7,VWMA_10,0.9967812936914122
PIVOTS_TRAD_D_P,BBM_5_2.0_2.0,0.9967789497416076
OBV_max_2,OBVe_4,0.9967584301818647
FWMA_10,OHLC4,0.99673415339956
WCP,ZL_EMA_10,0.9967313467108202
TEMA_10,BBM_5_2.0_2.0,0.9967285008463267
RMA_10,KCBe_20_2,0.9967106340821629
AGt_13_8_5,SSF3_20,0.9966993779958292
ITS_9,PWMA_10,0.9966977342219073
AGt_13_8_5,SWMA_10,0.9966931204997899
JMA_7_0.0,PIVOTS_TRAD_D_R2,0.9966753637074377
KAMA_10_2_30,SMMA_7,0.9966704395263737
DEMA_10,PIVOTS_TRAD_D_R1,0.9966635281172742
MCGD_10,SSF_20,0.9966536718138793
ALMA_9_6.0_0.85,PIVOTS_TRAD_D_R2,0.9966517352734575
ITS_9,T3_10_0.7,0.9966465871825225
FWMA_10,VWAP_D,0.9966450254799696
FWMA_10,HLC3,0.9966450254799694
FWMA_10,HL2,0.9966431141915156
ACCBL_20,KCLe_20_2,0.9966269602963035
FWMA_10,WCP,0.9966255474739014
EMA_10,PWMA_10,0.9966185814055967
ALPHAT_14_1_50,ALPHATl_14_1_50_2,0.9966170512892877
PIVOTS_TRAD_D_R2,BBM_5_2.0_2.0,0.9966111488786211
High,TEMA_10,0.9966099649452522
PIVOTS_TRAD_D_R1,ABER_ZG_5_15,0.9966012465297752
AGt_13_8_5,KAMA_10_2_30,0.9965974174424359
ZL_EMA_10,LDECAY_1,0.9965914238274101
PIVOTS_TRAD_D_P,ABER_ZG_5_15,0.9965727894210197
AGl_13_8_5,SSF3_20,0.9965654671161067
DEMA_10,PIVOTS_TRAD_D_S1,0.996558718051031
MIDPRICE_2,BBM_5_2.0_2.0,0.9965436947380515
FWMA_10,HMA_10,0.9965376801377737
SMMA_7,KCBe_20_2,0.9965355280083932
SSF_20,WMA_10,0.9965261850602749
SMMA_7,T3_10_0.7,0.9965143510964632
PIVOTS_TRAD_D_R2,ABER_ZG_5_15,0.9964981987224217
JMA_7_0.0,PIVOTS_TRAD_D_S2,0.9964859166665302
AGl_13_8_5,PWMA_10,0.99647834708608
HMA_10,MIDPRICE_2,0.9964640277434974
PIVOTS_TRAD_D_S2,TEMA_10,0.9964628376175715
PIVOTS_TRAD_D_R1,PIVOTS_TRAD_D_R3,0.9964602414921907
PIVOTS_TRAD_D_R1,PIVOTS_TRAD_D_R4,0.9964602414921907
PWMA_10,T3_10_0.7,0.996444207487629
TEMA_10,ABER_ZG_5_15,0.9964381658241566
PIVOTS_TRAD_D_R1,TEMA_10,0.9963815400154894
Low,ZL_EMA_10,0.9963737138629845
MIDPRICE_2,ABER_ZG_5_15,0.9963475042773325
FWMA_10,ABER_XG_5_15,0.9963357137710591
RMA_10,SINWMA_14,0.9963222668584231
SINWMA_14,VWMA_10,0.9963087475071465
Close,FWMA_10,0.9963042600941129
EMA_10,MCGD_10,0.9963014718148571
HMA_10,ABER_XG_5_15,0.9963004723584045
ALMA_9_6.0_0.85,TEMA_10,0.9962697087059732
Close,TEMA_10,0.9962535852106343
HMA_10,ABER_SG_5_15,0.996253494336041
Close,ZL_EMA_10,0.9962359646453763
MIDPOINT_2,BBM_5_2.0_2.0,0.9962349222331975
Open,TEMA_10,0.9962348563914715
TEMA_10,LDECAY_1,0.9962341353323869
Open,ZL_EMA_10,0.996229954286873
EMA_10,RMA_10,0.9962218313856251
EMA_10,SINWMA_14,0.9961867142174191
DEMA_10,ABER_XG_5_15,0.9961763198051095
ITS_9,SINWMA_14,0.9961713771386528
EMA_10,FWMA_10,0.9961708241134273
DEMA_10,PIVOTS_TRAD_D_R2,0.9961694088588356
HMA_10,LINREG_14,0.996149081101362
JMA_7_0.0,OHLC4,0.9961365635840936
HMA_10,BBM_5_2.0_2.0,0.9961319374884513
ABER_ZG_5_15,ABER_SG_5_15,0.9961279180195742
EMA_10,T3_10_0.7,0.9961197587189684
JMA_7_0.0,WMA_10,0.9961106124066423
HT_TL,ACCBM_20,0.9960914232540379
HL2,JMA_7_0.0,0.99608487864591
ALMA_9_6.0_0.85,MIDPRICE_2,0.9960756483668632
High,JMA_7_0.0,0.9960572837830889
PWMA_10,SINWMA_14,0.9960497614130495
AGt_13_8_5,T3_10_0.7,0.9960422483056101
FWMA_10,ABER_SG_5_15,0.9960167624378763
ABER_SG_5_15,BBM_5_2.0_2.0,0.9960112168354389
ALPHAT_14_1_50,ABER_XG_5_15,0.9960074298872194
ALMA_9_6.0_0.85,ABER_SG_5_15,0.9959903556747066
ABER_ZG_5_15,ABER_XG_5_15,0.9959849821251023
HMA_10,PIVOTS_TRAD_D_P,0.9959788289735652
ALMA_9_6.0_0.85,ABER_XG_5_15,0.9959770610170644
KCLe_20_2,KCBe_20_2,0.9959691856160494
JMA_7_0.0,VWAP_D,0.9959691680655328
HLC3,JMA_7_0.0,0.9959691680655327
CHDLREXTl_22_22_14_2.0,DCU_20_20,0.995965054841432
ALMA_9_6.0_0.85,HMA_10,0.9959623630178916
ZL_EMA_10,ABER_XG_5_15,0.9959328446897228
HMA_10,ABER_ZG_5_15,0.9959136074358844
ABER_XG_5_15,BBM_5_2.0_2.0,0.9959133597579396
HILO_13_21,ACCBL_20,0.9959005863215599
AGj_13_8_5,KCUe_20_2,0.995900084928332
PWMA_10,SMMA_7,0.9958936720706373
HMA_10,PIVOTS_TRAD_D_S1,0.9958838201831202
HMA_10,PIVOTS_TRAD_D_S2,0.9958736449476501
JMA_7_0.0,WCP,0.9958625197530998
MIDPOINT_2,ABER_ZG_5_15,0.9958470907810227
DEMA_10,PIVOTS_TRAD_D_S2,0.9958470365218199
SINWMA_14,KCBe_20_2,0.995843352811499
HMA_10,MIDPOINT_2,0.9958300424539006
SSF3_20,WMA_10,0.9958244975830566
EMA_10,KAMA_10_2_30,0.9958072755799146
FWMA_10,PIVOTS_TRAD_D_S2,0.9957959795685623
PIVOTS_TRAD_D_S1,BBM_5_2.0_2.0,0.9957924693948615
ALPHAT_14_1_50,ABER_SG_5_15,0.9957918267134057
KCBe_20_2,KCUe_20_2,0.995782885287406
KAMA_10_2_30,RMA_10,0.9957819791670149
LINREG_14,ABER_XG_5_15,0.9957770348329391
MCGD_10,SINWMA_14,0.9957736502694015
Open,FWMA_10,0.995754649045281
DEMA_10,OHLC4,0.9957368332934927
ALMA_9_6.0_0.85,PIVOTS_TRAD_D_S1,0.9957235110849169
ALMA_9_6.0_0.85,MIDPOINT_2,0.9956959550382518
DCM_20_20,KCBe_20_2,0.9956778635567064
DEMA_10,HL2,0.9956665827075506
High,DEMA_10,0.9956502767357813
ZL_EMA_10,ABER_SG_5_15,0.9956441872157433
Low,FWMA_10,0.9956309261619085
AGt_13_8_5,WMA_10,0.9956229985286876
Open,PIVOTS_TRAD_D_P,0.9956226193684837
OBV_min_2,OBVe_4,0.995622381650537
AGl_13_8_5,MCGD_10,0.9956030785100484
High,PIVOTS_TRAD_D_P,0.9955900133167567
DEMA_10,LINREG_14,0.995576891523862
PIVOTS_TRAD_D_R2,TEMA_10,0.9955452371935071
High,PIVOTS_TRAD_D_R1,0.995541628568846
DEMA_10,VWAP_D,0.9955348954383157
DEMA_10,HLC3,0.9955348954383155
MCGD_10,KCBe_20_2,0.9955342835281645
LINREG_14,ABER_SG_5_15,0.995514749649879
PIVOTS_TRAD_D_S1,ABER_ZG_5_15,0.9955129213333246
AGl_13_8_5,T3_10_0.7,0.9955120859898448
JMA_7_0.0,LDECAY_1,0.9954844237133019
OHLC4,PIVOTS_TRAD_D_P,0.9954834644402103
Low,JMA_7_0.0,0.995479434946918
AGj_13_8_5,ACCBU_20,0.9954781376069013
ACCBM_20,ACCBU_20,0.995469077171529
DEMA_10,ABER_SG_5_15,0.9954476864768504
HL2,PIVOTS_TRAD_D_P,0.9954336710700334
MCGD_10,SMA_10,0.9954329720525351
HMA_10,PIVOTS_TRAD_D_R1,0.9954282439666049
DEMA_10,WCP,0.9954272053118514
OBV,OBV_min_2,0.9954259388483566
LINREG_14,TEMA_10,0.9954189350256509
Open,PIVOTS_TRAD_D_S1,0.9954120683187818
HILO_13_21,HT_TL,0.995391634274737
AGl_13_8_5,RMA_10,0.9953745323221411
HILO_13_21,DCM_20_20,0.9953737511706802
HILO_13_21,KCBe_20_2,0.9953584412112457
RMA_10,SMA_10,0.9953428272776516
Open,JMA_7_0.0,0.9953386753483553
DEMA_10,LDECAY_1,0.995334226104319
AGl_13_8_5,KAMA_10_2_30,0.995329746994538
OHLC4,PIVOTS_TRAD_D_S1,0.9953145246726995
ALMA_9_6.0_0.85,VWMA_10,0.9953134145589394
HL2,PIVOTS_TRAD_D_S1,0.9953120734300616
AGj_13_8_5,SMMA_7,0.9953060765847178
Open,PIVOTS_TRAD_D_R1,0.9953056038025176
Close,JMA_7_0.0,0.9952969925163384
AGl_13_8_5,SINWMA_14,0.9952928606203498
OBV,OBV_max_2,0.9952922488317828
ACCBL_20,DCM_20_20,0.9952804985753325
SSF_20,KCBe_20_2,0.9952758204971002
AGj_13_8_5,ACCBM_20,0.9952580259509151
Open,DEMA_10,0.995248089298401
IKS_26,DCM_20_20,0.9952014292538931
KAMA_10_2_30,MCGD_10,0.9951814668634811
ABER_ZG_5_15,VWMA_10,0.9951795327652702
SWMA_10,ABER_ZG_5_15,0.9951632317204359
High,PIVOTS_TRAD_D_S1,0.9951273587138098
ALMA_9_6.0_0.85,SWMA_10,0.9951269813185332
BBM_5_2.0_2.0,VWMA_10,0.9951177294749984
OHLC4,PIVOTS_TRAD_D_R1,0.9951035636692446
WMA_10,ZL_EMA_10,0.9950935160591232
PIVOTS_TRAD_D_S2,PIVOTS_TRAD_D_R2,0.995090128588987
PIVOTS_TRAD_D_P,VWAP_D,0.9950708118082157
HLC3,PIVOTS_TRAD_D_P,0.9950708118082154
RMA_10,TRIMA_10,0.995050670856489
HL2,PIVOTS_TRAD_D_R1,0.9950423101349146
KAMA_10_2_30,SSF_20,0.995038257728654
ITS_9,ABER_ZG_5_15,0.9950303019979313
Low,DEMA_10,0.9950234496684034
ALMA_9_6.0_0.85,SMA_10,0.9950230387583203
MCGD_10,TRIMA_10,0.9950116107149684
ITS_9,ALMA_9_6.0_0.85,0.9949850721317137
KAMA_10_2_30,SMA_10,0.9949737690205416
SMA_10,ABER_ZG_5_15,0.994967450726124
PIVOTS_TRAD_D_S1,PIVOTS_TRAD_D_S3,0.9949457236300765
PIVOTS_TRAD_D_S1,PIVOTS_TRAD_D_S4,0.9949457236300765
PIVOTS_TRAD_D_S1,VWAP_D,0.9949287098996189
HLC3,PIVOTS_TRAD_D_S1,0.9949287098996188
ITS_9,BBM_5_2.0_2.0,0.9948975468087573
JMA_7_0.0,ABER_XG_5_15,0.9948966857841103
PIVOTS_TRAD_D_P,LDECAY_1,0.994891210428074
AGt_13_8_5,PWMA_10,0.9948856964848075
WMA_10,ABER_SG_5_15,0.9948807473998985
AGl_13_8_5,DEMA_10,0.9948727677827547
EMA_10,KCBe_20_2,0.9948710461081351
SWMA_10,BBM_5_2.0_2.0,0.9948600918671641
PIVOTS_TRAD_D_R1,LDECAY_1,0.994857164866716
PIVOTS_TRAD_D_R2,WMA_10,0.9948532828882197
Close,DEMA_10,0.9948437068525158
PIVOTS_TRAD_D_P,WCP,0.994837412550803
AGj_13_8_5,ATRTSe_14_20_3.0,0.9948192089135045
CHDLREXTs_22_22_14_2.0,DCL_20_20,0.9948157546004748
Low,PIVOTS_TRAD_D_S1,0.9948152636601956
PIVOTS_TRAD_D_R1,WMA_10,0.994810312663161
KAMA_10_2_30,VWMA_10,0.994794627942154
HMA_10,PIVOTS_TRAD_D_R2,0.9947908955236229
SMA_10,BBM_5_2.0_2.0,0.9947828699830034
QTL_30_0.5,HT_TL,0.9947694780497972
MEDIAN_30,HT_TL,0.9947694780497972
WMA_10,ABER_XG_5_15,0.9947611419591689
PIVOTS_TRAD_D_S2,BBM_5_2.0_2.0,0.9947270645092737
OBV_min_2,OBV_max_2,0.9947147392026058
JMA_7_0.0,ABER_SG_5_15,0.9947071673957532
High,PIVOTS_TRAD_D_R2,0.9946927362103185
PIVOTS_TRAD_D_S1,WCP,0.9946866448784182
RMA_10,SSF3_20,0.9946804280687433
PIVOTS_TRAD_D_R1,VWAP_D,0.9946766618132185
HLC3,PIVOTS_TRAD_D_R1,0.9946766618132182
ALMA_9_6.0_0.85,PIVOTS_TRAD_D_S2,0.9946681258646274
AGl_13_8_5,JMA_7_0.0,0.9946393729132886
MCGD_10,SSF3_20,0.9946083223972542
Low,PIVOTS_TRAD_D_P,0.9945565921720548
PWMA_10,ABER_ZG_5_15,0.9945080280601956
SINWMA_14,ACCBM_20,0.9945010123014629
ITS_9,MCGD_10,0.9944666006198053
Open,PIVOTS_TRAD_D_S2,0.9944633693242945
PIVOTS_TRAD_D_R1,WCP,0.994461155617501
LINREG_14,ZL_EMA_10,0.9944594364652534
PIVOTS_TRAD_D_S1,LDECAY_1,0.9944440513442443
PIVOTS_TRAD_D_S2,ABER_ZG_5_15,0.9944342991349377
High,BBM_5_2.0_2.0,0.9944223261542869
ALMA_9_6.0_0.85,PWMA_10,0.9944149411373063
MCGD_10,SWMA_10,0.994408798986948
T3_10_0.7,WMA_10,0.9944019282154014
PIVOTS_TRAD_D_P,PIVOTS_TRAD_D_R3,0.9943914845475812
PIVOTS_TRAD_D_P,PIVOTS_TRAD_D_R4,0.9943914845475812
KAMA_10_2_30,TRIMA_10,0.994373016287713
PIVOTS_TRAD_D_P,WMA_10,0.9943707231435754
RMA_10,SWMA_10,0.9943152626346003
Open,PIVOTS_TRAD_D_R2,0.9943084865383521
HT_TL,KCBe_20_2,0.994289911449382
ITS_9,KAMA_10_2_30,0.994280506607189
KAMA_10_2_30,SWMA_10,0.9942537542618837
HL2,PIVOTS_TRAD_D_S2,0.9942034641080523
ACCBL_20,KCBe_20_2,0.9942017410523398
ALMA_9_6.0_0.85,SMMA_7,0.9941774936082886
SMMA_7,ABER_ZG_5_15,0.9941737225381836
TEMA_10,ABER_XG_5_15,0.9941718976848009
OHLC4,PIVOTS_TRAD_D_S2,0.9941647157319242
LDECAY_1,BBM_5_2.0_2.0,0.9941444445809031
PWMA_10,BBM_5_2.0_2.0,0.9941389135747328
WMA_10,ALPHAT_14_1_50,0.9941190032773679
ACCBU_20,KCBe_20_2,0.9941003830758387
High,ABER_ZG_5_15,0.9940865335343685
ITS_9,RMA_10,0.9940864496246109
SMMA_7,BBM_5_2.0_2.0,0.9940829432938344
ACCBM_20,KCLe_20_2,0.9940796893308699
AGl_13_8_5,PIVOTS_TRAD_D_R2,0.9940746103476461
RMA_10,ACCBM_20,0.9940587304660018
JMA_7_0.0,BBL_5_2.0_2.0,0.9940217547735825
FWMA_10,VWMA_10,0.994017663790794
OHLC4,BBM_5_2.0_2.0,0.9940057748590055
SMA_10,KCBe_20_2,0.9939753499369742
MIDPRICE_2,WMA_10,0.9939743149760675
OHLC4,PIVOTS_TRAD_D_R2,0.9939718357864422
AGt_13_8_5,ACCBM_20,0.9939583232413285
HL2,HMA_10,0.9939369766934362
MCGD_10,VWMA_10,0.9939333093430314
FWMA_10,ALPHAT_14_1_50,0.9939329661956501
Low,PIVOTS_TRAD_D_S2,0.9939188678208589
AGl_13_8_5,PIVOTS_TRAD_D_R1,0.9939171445895016
MIDPOINT_2,WMA_10,0.9939089698222798
HL2,PIVOTS_TRAD_D_R2,0.9938925237133811
HL2,BBM_5_2.0_2.0,0.9938907176170176
High,PIVOTS_TRAD_D_S2,0.9938847321458807
Close,PIVOTS_TRAD_D_P,0.9938739801678437
HMA_10,OHLC4,0.993865559421194
PIVOTS_TRAD_D_R2,LDECAY_1,0.9938640027688113
Low,PIVOTS_TRAD_D_R1,0.9938626056266335
DEMA_10,EMA_10,0.9938331092263355
High,HMA_10,0.993832553244825
RMA_10,VWMA_10,0.9938283865406781
KAMA_10_2_30,KCBe_20_2,0.9938252300891739
ITS_9,FWMA_10,0.9938247767359326
SMMA_7,KCLe_20_2,0.993822959732622
HT_TL,ACCBU_20,0.9938141227700604
RMA_10,KCUe_20_2,0.9938125667877409
ALMA_9_6.0_0.85,PIVOTS_TRAD_D_R4,0.9937978396218882
ALMA_9_6.0_0.85,PIVOTS_TRAD_D_R3,0.9937978396218882
TEMA_10,ABER_SG_5_15,0.9937973405400833
PIVOTS_TRAD_D_S2,VWAP_D,0.9937529050401152
HLC3,PIVOTS_TRAD_D_S2,0.993752905040115
PIVOTS_TRAD_D_R4,BBM_5_2.0_2.0,0.9937229091284604
PIVOTS_TRAD_D_R3,BBM_5_2.0_2.0,0.9937229091284604
BBM_5_2.0_2.0,VWAP_D,0.993719496703775
HLC3,BBM_5_2.0_2.0,0.9937194967037748
FWMA_10,PIVOTS_TRAD_D_R3,0.9937166915919426
FWMA_10,PIVOTS_TRAD_D_R4,0.9937166915919426
PIVOTS_TRAD_D_R4,ABER_ZG_5_15,0.9937130195850752
PIVOTS_TRAD_D_R3,ABER_ZG_5_15,0.9937130195850752
Close,PIVOTS_TRAD_D_S1,0.9937090465486629
RMA_10,T3_10_0.7,0.9937040082726257
ADX_14,ADXR_14_2,0.9937009813287428
LDECAY_1,ABER_ZG_5_15,0.9936714934324401
IKS_26,HT_TL,0.9936645719101183
AGl_13_8_5,KCBe_20_2,0.9936623913439917
HMA_10,VWAP_D,0.9936325835954455
HLC3,HMA_10,0.9936325835954452
ACCBM_20,KCUe_20_2,0.9936324110896273
AGt_13_8_5,KCLe_20_2,0.9936265055220945
HT_TL,DCM_20_20,0.9936193899318795
High,ALMA_9_6.0_0.85,0.993606756600468
WCP,BBM_5_2.0_2.0,0.9936041797749396
OHLC4,ABER_ZG_5_15,0.9936002392796538
MCGD_10,T3_10_0.7,0.9935976030305639
Open,BBM_5_2.0_2.0,0.993588578542936
EMA_10,JMA_7_0.0,0.9935815598818185
SINWMA_14,WMA_10,0.9935790086763572
KAMA_10_2_30,SINWMA_14,0.9935775918784834
KAMA_10_2_30,WMA_10,0.993574905564643
Close,PIVOTS_TRAD_D_R1,0.9935664649057651
Low,HMA_10,0.9935541543502919
AGj_13_8_5,KAMA_10_2_30,0.9935443157223868
PIVOTS_TRAD_D_S2,WCP,0.993524328107338
Open,HMA_10,0.9935177309659619
PIVOTS_TRAD_D_R2,VWAP_D,0.9935135912287814
HLC3,PIVOTS_TRAD_D_R2,0.9935135912287812
EMA_10,KCLe_20_2,0.9935046937555572
HL2,ABER_ZG_5_15,0.9934968954032097
SSF_20,KCLe_20_2,0.9934662820523629
HMA_10,WCP,0.9934645038896913
BBL_5_2.0_2.0,BBM_5_2.0_2.0,0.9934445887161338
TRIMA_10,ABER_ZG_5_15,0.9934271283443447
TRIMA_10,KCBe_20_2,0.9934161655816536
ABER_ZG_5_15,BBL_5_2.0_2.0,0.9933972847913277
ALMA_9_6.0_0.85,TRIMA_10,0.9933916091641419
FWMA_10,MAMA_0.5_0.05,0.9933851595036455
SMA_10,ALPHATl_14_1_50_2,0.9933833621538952
ALPHATl_14_1_50_2,KCLe_20_2,0.993365663008623
AGl_13_8_5,ZL_EMA_10,0.993355152579785
AGj_13_8_5,SINWMA_14,0.9933483316978825
SINWMA_14,KCLe_20_2,0.9933465449921567
EMA_10,ALPHAT_14_1_50,0.9933436201701908
KAMA_10_2_30,SSF3_20,0.9933417835565058
IKS_26,KCBe_20_2,0.9933237969332239
FWMA_10,SMA_10,0.9933124052535882
AGl_13_8_5,PIVOTS_TRAD_D_P,0.9933051802644004
ALMA_9_6.0_0.85,LDECAY_1,0.9933050681005267
PIVOTS_TRAD_D_R2,WCP,0.9932961720831281
AGl_13_8_5,ALPHAT_14_1_50,0.9932838141505087
ABER_ZG_5_15,VWAP_D,0.993280904998681
HLC3,ABER_ZG_5_15,0.9932809049986809
SWMA_10,ALPHATl_14_1_50_2,0.9932802718627521
Open,ABER_ZG_5_15,0.9932771616040071
DCM_20_20,KCLe_20_2,0.9932398174724416
TRIMA_10,ALPHATl_14_1_50_2,0.9932363896950396
HILO_13_21,SINWMA_14,0.9932147694037878
EMA_10,PIVOTS_TRAD_D_R2,0.9932001537074928
ALPHATl_14_1_50_2,KCBe_20_2,0.9931838072877192
ALMA_9_6.0_0.85,BBL_5_2.0_2.0,0.9931465889045841
SSF_20,ALPHATl_14_1_50_2,0.9931441240626759
WCP,ABER_ZG_5_15,0.9931405502600351
ABER_ZG_5_15,BBU_5_2.0_2.0,0.9931387625912187
ALMA_9_6.0_0.85,OHLC4,0.9931349533084616
ALPHATl_14_1_50_2,VWMA_10,0.993115793186772
IKS_26,ACCBM_20,0.9931149034234947
DEMA_10,BBL_5_2.0_2.0,0.9931140833022966
JMA_7_0.0,LINREG_14,0.9931071817524216
BBM_5_2.0_2.0,BBU_5_2.0_2.0,0.9931043213809083
MIDPRICE_2,PIVOTS_TRAD_D_R3,0.9930998006569203
MIDPRICE_2,PIVOTS_TRAD_D_R4,0.9930998006569203
PIVOTS_TRAD_D_R4,ZL_EMA_10,0.9930969578674033
PIVOTS_TRAD_D_R3,ZL_EMA_10,0.9930969578674033
TRIMA_10,BBM_5_2.0_2.0,0.993093092162144
HMA_10,LDECAY_1,0.9930880801920383
TEMA_10,WMA_10,0.9930559375911419
ALMA_9_6.0_0.85,BBU_5_2.0_2.0,0.9930264730165607
ALMA_9_6.0_0.85,HL2,0.9930142213128506
PIVOTS_TRAD_D_S2,LDECAY_1,0.9930117226354062
Close,BBM_5_2.0_2.0,0.9930099981288474
SINWMA_14,ALPHATl_14_1_50_2,0.9930061083125837
OBV,OBVe_4,0.9929915209169466
AGj_13_8_5,SSF_20,0.9929903890883445
AGl_13_8_5,MIDPOINT_2,0.9929788612905797
SMA_10,KCLe_20_2,0.992961093412156
RMA_10,ACCBU_20,0.99295954908183
PIVOTS_TRAD_D_S1,WMA_10,0.9929506678845524
JMA_7_0.0,PIVOTS_TRAD_D_R3,0.9929369044126444
JMA_7_0.0,PIVOTS_TRAD_D_R4,0.9929369044126444
PIVOTS_TRAD_D_P,PIVOTS_TRAD_D_S3,0.9929313036229459
PIVOTS_TRAD_D_P,PIVOTS_TRAD_D_S4,0.9929313036229459
EMA_10,PIVOTS_TRAD_D_R1,0.992929588661339
PIVOTS_TRAD_D_R2,ABER_SG_5_15,0.9929287868127334
KCBe_20_2,VWMA_10,0.9929202879951158
ALPHAT_14_1_50,VWMA_10,0.9929188453258122
EMA_10,ALPHATl_14_1_50_2,0.9929158170787803
Open,ALMA_9_6.0_0.85,0.9929077655621609
ALPHAT_14_1_50,ABER_ZG_5_15,0.9928990386938721
MIDPRICE_2,ABER_XG_5_15,0.9928800197503047
AGj_13_8_5,DCM_20_20,0.9928764225747192
FWMA_10,SMMA_7,0.992862743143886
DEMA_10,PIVOTS_TRAD_D_R3,0.9928437784194756
DEMA_10,PIVOTS_TRAD_D_R4,0.9928437784194756
ALMA_9_6.0_0.85,ALPHAT_14_1_50,0.9928317641192728
FWMA_10,BBL_5_2.0_2.0,0.9928148269418647
AGl_13_8_5,MIDPRICE_2,0.9928067162541659
HILO_13_21,KCLe_20_2,0.9928049429992933
PWMA_10,ALPHATl_14_1_50_2,0.9927953011447261
ALMA_9_6.0_0.85,HLC3,0.992792564674234
ALMA_9_6.0_0.85,VWAP_D,0.9927925646742339
ALPHAT_14_1_50,BBM_5_2.0_2.0,0.9927881549668872
T3_10_0.7,KCBe_20_2,0.992771332867443
SMMA_7,ACCBM_20,0.9927561386456681
MCGD_10,WMA_10,0.9927541387080453
Close,HMA_10,0.9927510317617215
AGl_13_8_5,ABER_SG_5_15,0.9927465182386418
KAMA_10_2_30,PWMA_10,0.9927405392155433
WMA_10,BBU_5_2.0_2.0,0.9927163719540096
Low,BBM_5_2.0_2.0,0.9927159500415919
MCGD_10,ACCBM_20,0.9926721600250953
ALMA_9_6.0_0.85,WCP,0.9926543637425218
ZL_EMA_10,BBL_5_2.0_2.0,0.9926541043951583
PIVOTS_TRAD_D_R3,WMA_10,0.992635604109752
PIVOTS_TRAD_D_R4,WMA_10,0.992635604109752
PIVOTS_TRAD_D_P,ABER_XG_5_15,0.9926245776012491
SWMA_10,KCBe_20_2,0.992619813319649
SSF_20,ACCBM_20,0.9926138420838586
Close,PIVOTS_TRAD_D_S2,0.9926113464846682
AGl_13_8_5,KCLe_20_2,0.9926096207583824
HT_TL,KCUe_20_2,0.9926002088158289
IKS_26,AGj_13_8_5,0.9926001756894843
ALMA_9_6.0_0.85,SSF_20,0.9925891218066569
PIVOTS_TRAD_D_R1,ABER_SG_5_15,0.9925886487739793
MIDPOINT_2,PIVOTS_TRAD_D_R4,0.9925803467159705
MIDPOINT_2,PIVOTS_TRAD_D_R3,0.9925803467159705
T3_10_0.7,ALPHATl_14_1_50_2,0.9925796180676255
KCLe_20_2,VWMA_10,0.9925750632368627
WMA_10,ALPHATl_14_1_50_2,0.9925354028742216
LINREG_14,BBM_5_2.0_2.0,0.9925335793099095
AGl_13_8_5,BBU_5_2.0_2.0,0.9925305661181341
MCGD_10,PWMA_10,0.9925302088035998
FWMA_10,SWMA_10,0.9925202643542671
SSF_20,ABER_ZG_5_15,0.9925191806624033
LINREG_14,ABER_ZG_5_15,0.9925104154037587
FWMA_10,LINREG_14,0.9925046472710569
PWMA_10,RMA_10,0.9924930937570949
Low,PIVOTS_TRAD_D_R2,0.9924840899528485
SINWMA_14,ACCBL_20,0.9924808206347274
MIDPOINT_2,ABER_XG_5_15,0.9924739410426755
Close,ABER_ZG_5_15,0.9924736193020623
MIDPRICE_2,ABER_SG_5_15,0.9924693360790077
ALPHATl_14_1_50_2,ABER_SG_5_15,0.9924488327519386
Close,PIVOTS_TRAD_D_R2,0.9924122233542999
DEMA_10,VWMA_10,0.9923992997888197
AGt_13_8_5,DCM_20_20,0.9923847486494611
MCGD_10,KCLe_20_2,0.9923735031460287
ITS_9,DEMA_10,0.9923727011853236
PIVOTS_TRAD_D_R1,ABER_XG_5_15,0.9923661827295751
EMA_10,ABER_SG_5_15,0.9923516497816504
ALMA_9_6.0_0.85,LINREG_14,0.9923479801502739
TEMA_10,BBL_5_2.0_2.0,0.9923136734367985
AGl_13_8_5,ABER_XG_5_15,0.9922888193790722
AGl_13_8_5,ALPHATl_14_1_50_2,0.9922783694122242
SSF3_20,KCBe_20_2,0.9922766359648919
ACCBU_20,CHDLREXTl_22_22_14_2.0,0.9922764520724995
Low,ABER_ZG_5_15,0.9922741336973318
PIVOTS_TRAD_D_S2,ABER_XG_5_15,0.9922715996370214
EMA_10,BBU_5_2.0_2.0,0.9922615328906303
SSF_20,BBM_5_2.0_2.0,0.9922586945784375
EMA_10,ZL_EMA_10,0.9922425407692684
MEDIAN_30,ACCBM_20,0.9922339801587843
QTL_30_0.5,ACCBM_20,0.9922339801587843
RMA_10,WMA_10,0.9922160795051441
AGl_13_8_5,PIVOTS_TRAD_D_R3,0.9922148091433912
AGl_13_8_5,PIVOTS_TRAD_D_R4,0.9922148091433912
EMA_10,PIVOTS_TRAD_D_P,0.9922104729546919
PIVOTS_TRAD_D_P,ABER_SG_5_15,0.9921550938769422
AGt_13_8_5,ALMA_9_6.0_0.85,0.9921414801407519
High,WMA_10,0.9921383172009646
AGt_13_8_5,ABER_ZG_5_15,0.9921365775336909
WMA_10,LDECAY_1,0.99212733889055
RMA_10,ATRTSe_14_20_3.0,0.9921178033054197
MAMA_0.5_0.05,ZL_EMA_10,0.9921057668712415
AGt_13_8_5,KCUe_20_2,0.9920919480995931
T3_10_0.7,KCLe_20_2,0.9920835938421028
RMA_10,DCM_20_20,0.9920822775137937
MAMA_0.5_0.05,MIDPOINT_2,0.9920495369415205
QTL_30_0.5,ACCBU_20,0.9920458734453128
MEDIAN_30,ACCBU_20,0.9920458734453128
PIVOTS_TRAD_D_S3,ZL_EMA_10,0.9920441827908381
PIVOTS_TRAD_D_S4,ZL_EMA_10,0.9920441827908381
AGt_13_8_5,BBM_5_2.0_2.0,0.9920252416945002
SMA_10,ALPHAT_14_1_50,0.9920144136533391
PIVOTS_TRAD_D_S1,ABER_XG_5_15,0.9919972995144816
Close,ALMA_9_6.0_0.85,0.9919845207208086
SMMA_7,ALPHATl_14_1_50_2,0.991954730843101
ITS_9,ALPHAT_14_1_50,0.9919511567125868
ALPHATl_14_1_50_2,ABER_XG_5_15,0.9919485440879205
MIDPRICE_2,BBL_5_2.0_2.0,0.9919276538827073
ACCBU_20,DCU_20_20,0.9919186479142587
KAMA_10_2_30,T3_10_0.7,0.9918837542721435
HT_TL,ACCBL_20,0.991868645412525
PIVOTS_TRAD_D_R2,ABER_XG_5_15,0.9918613251238985
MIDPOINT_2,ABER_SG_5_15,0.9918510185757353
ACCBU_20,DCM_20_20,0.9918509330249797
ITS_9,KCBe_20_2,0.9918503494411257
HMA_10,WMA_10,0.9918353958393692
DEMA_10,ALPHAT_14_1_50,0.9918064492205685
EMA_10,MIDPOINT_2,0.991804374288344
AGj_13_8_5,EMA_10,0.9917975151681189
MAMA_0.5_0.05,FAMA_0.5_0.05,0.9917950369004074
TRIMA_10,KCLe_20_2,0.9917899163457932
Low,ALMA_9_6.0_0.85,0.9917598326362946
AGl_13_8_5,PIVOTS_TRAD_D_S1,0.9917428617197461
T3_10_0.7,ACCBM_20,0.9917321039746942
EMA_10,ABER_XG_5_15,0.991710721160114
ALPHAT_14_1_50,KCLe_20_2,0.9916870121563963
DEMA_10,SMA_10,0.991668365552331
ALMA_9_6.0_0.85,SSF3_20,0.9916539755225562
SSF3_20,ALPHATl_14_1_50_2,0.991643429210477
SSF3_20,ABER_ZG_5_15,0.9916289785594985
EMA_10,MIDPRICE_2,0.9916171606944256
PIVOTS_TRAD_D_S2,WMA_10,0.9916171368510704
PIVOTS_TRAD_D_S1,PIVOTS_TRAD_D_R3,0.9916158767953203
PIVOTS_TRAD_D_S1,PIVOTS_TRAD_D_R4,0.9916158767953203
HMA_10,PIVOTS_TRAD_D_S3,0.9916150643480348
HMA_10,PIVOTS_TRAD_D_S4,0.9916150643480348
MCGD_10,DCM_20_20,0.9915968664079831
IKS_26,HILO_13_21,0.9915922730744898
EMA_10,PIVOTS_TRAD_D_R3,0.9915872417667217
EMA_10,PIVOTS_TRAD_D_R4,0.9915872417667217
ITS_9,ALPHATl_14_1_50_2,0.9915858671976022
MAMA_0.5_0.05,ABER_XG_5_15,0.9915752056268488
MIDPRICE_2,PIVOTS_TRAD_D_S3,0.9915732791870575
MIDPRICE_2,PIVOTS_TRAD_D_S4,0.9915732791870575
PIVOTS_TRAD_D_R4,TEMA_10,0.9915551338592227
PIVOTS_TRAD_D_R3,TEMA_10,0.9915551338592227
HILO_13_21,ALPHATl_14_1_50_2,0.9915287942676625
DEMA_10,SWMA_10,0.991500173137884
MIDPOINT_2,PIVOTS_TRAD_D_S4,0.9914741111918454
MIDPOINT_2,PIVOTS_TRAD_D_S3,0.9914741111918454
CHDLREXTl_22_22_14_2.0,KCUe_20_2,0.9914573371015155
DCU_20_20,KCUe_20_2,0.9914511789336141
AGl_13_8_5,LDECAY_1,0.9914488178348411
SMMA_7,DCM_20_20,0.9914155254667203
OHLC4,WMA_10,0.9914037619586601
High,AGl_13_8_5,0.9914000598658776
ITS_9,KCLe_20_2,0.9913958556973258
HILO_13_21,ACCBU_20,0.9913925148069965
MIDPOINT_2,BBL_5_2.0_2.0,0.9913623224980644
ZL_EMA_10,ALPHAT_14_1_50,0.9913604706450847
PIVOTS_TRAD_D_S1,BBL_5_2.0_2.0,0.9913503889014273
SSF3_20,BBM_5_2.0_2.0,0.991312019353707
T3_10_0.7,ACCBL_20,0.9912931271105505
ITS_9,JMA_7_0.0,0.9912684638431775
SWMA_10,KCLe_20_2,0.9912585460943538
JMA_7_0.0,VWMA_10,0.9912454483912948
High,MAMA_0.5_0.05,0.9912447261119982
HL2,WMA_10,0.9912347190225527
SINWMA_14,DCM_20_20,0.991213263824322
AGj_13_8_5,HT_TL,0.9912115603460102
PIVOTS_TRAD_D_S3,TEMA_10,0.9912099816060108
PIVOTS_TRAD_D_S4,TEMA_10,0.9912099816060108
WMA_10,BBL_5_2.0_2.0,0.9911949708801462
PIVOTS_TRAD_D_R4,ABER_SG_5_15,0.9911877883373753
PIVOTS_TRAD_D_R3,ABER_SG_5_15,0.9911877883373753
SWMA_10,ALPHAT_14_1_50,0.9911763168847221
WMA_10,KCBe_20_2,0.991171479118814
RMA_10,KCLe_20_2,0.9911623605598673
FWMA_10,BBU_5_2.0_2.0,0.9911492700032811
HILO_13_21,HILOs_13_21,0.9911333750136826
WMA_10,VWAP_D,0.9911321888324846
HLC3,WMA_10,0.9911321888324843
FWMA_10,PWMA_10,0.9910973517729272
WMA_10,KCLe_20_2,0.9910903516091879
AGj_13_8_5,CHDLREXTl_22_22_14_2.0,0.9910713241961626
PIVOTS_TRAD_D_P,BBL_5_2.0_2.0,0.9910708324030533
WCP,WMA_10,0.991067680044849
MAMA_0.5_0.05,PIVOTS_TRAD_D_R1,0.9910468980070382
JMA_7_0.0,ALPHAT_14_1_50,0.9910291834997724
PIVOTS_TRAD_D_S1,ABER_SG_5_15,0.9910088255822402
HMA_10,PIVOTS_TRAD_D_R4,0.9910013928033529
HMA_10,PIVOTS_TRAD_D_R3,0.9910013928033529
MAMA_0.5_0.05,MIDPRICE_2,0.9909762741540696
AGt_13_8_5,ALPHATl_14_1_50_2,0.9909652254846519
MAMA_0.5_0.05,LDECAY_1,0.990938484486233
SMMA_7,ALPHAT_14_1_50,0.9909070228965572
PIVOTS_TRAD_D_S2,ABER_SG_5_15,0.9908923933763565
PIVOTS_TRAD_D_R2,BBU_5_2.0_2.0,0.9908920349209209
PWMA_10,KCBe_20_2,0.9908787526141042
MAMA_0.5_0.05,BBM_5_2.0_2.0,0.9908770384580761
SSF_20,ACCBL_20,0.9908721878086821
CKSPl_10_3_20,CHDLREXTl_22_22_14_2.0,0.9908497425838517
Open,WMA_10,0.9908489017301585
AGj_13_8_5,HILO_13_21,0.990835323301191
PIVOTS_TRAD_D_R4,BBU_5_2.0_2.0,0.9908338361637614
PIVOTS_TRAD_D_R3,BBU_5_2.0_2.0,0.9908338361637614
SMMA_7,BBU_5_2.0_2.0,0.9908303926065346
HILO_13_21,SSF_20,0.9908101095940902
AGl_13_8_5,TEMA_10,0.9908071714176016
FWMA_10,TRIMA_10,0.9907984313647566
LINREG_14,MIDPRICE_2,0.9907605910106004
High,PIVOTS_TRAD_D_R3,0.9907523027160774
High,PIVOTS_TRAD_D_R4,0.9907523027160774
PIVOTS_TRAD_D_S3,PIVOTS_TRAD_D_R1,0.9907500082984264
PIVOTS_TRAD_D_S4,PIVOTS_TRAD_D_R1,0.9907500082984264
ALMA_9_6.0_0.85,MAMA_0.5_0.05,0.990738768904989
SMMA_7,KCUe_20_2,0.9907306178529154
DEMA_10,PWMA_10,0.9907251401574365
HMA_10,BBL_5_2.0_2.0,0.9907100526006195
MCGD_10,ATRTSe_14_20_3.0,0.99069248656062
AGt_13_8_5,HILO_13_21,0.990687446186491
HILO_13_21,RMA_10,0.990684036799999
SSF3_20,KCLe_20_2,0.9906767512315727
SWMA_10,BBU_5_2.0_2.0,0.990659284380761
ABER_SG_5_15,BBU_5_2.0_2.0,0.9906410580086006
ABER_XG_5_15,VWMA_10,0.9906400014113852
DEMA_10,HWMA_0.2_0.1_0.1,0.9906245051719023
DEMA_10,HWM_1,0.9906245051719023
AGj_13_8_5,SMA_10,0.9906241741358619
JMA_7_0.0,PIVOTS_TRAD_D_S4,0.9906206545024768
JMA_7_0.0,PIVOTS_TRAD_D_S3,0.9906206545024768
AGt_13_8_5,FWMA_10,0.9906146984968238
Close,WMA_10,0.9906073558935602
ABER_SG_5_15,VWMA_10,0.990596131061869
AGl_13_8_5,OHLC4,0.9905940774723925
MAMA_0.5_0.05,ABER_SG_5_15,0.9905858949121232
DEMA_10,MAMA_0.5_0.05,0.9905851324724135
KAMA_10_2_30,ABER_ZG_5_15,0.9905838511384316
Close,MAMA_0.5_0.05,0.9905694831348558
KAMA_10_2_30,BBM_5_2.0_2.0,0.9905435422327318
EMA_10,PIVOTS_TRAD_D_S1,0.9905422801074044
SWMA_10,ABER_SG_5_15,0.990521683529294
AGt_13_8_5,ACCBU_20,0.9905145789931311
LINREG_14,PIVOTS_TRAD_D_S2,0.9905122594210789
Open,MAMA_0.5_0.05,0.9904863677875788
ALMA_9_6.0_0.85,KAMA_10_2_30,0.9904738283267565
MAMA_0.5_0.05,ABER_ZG_5_15,0.9904641073586118
ATRTSe_14_20_3.0,KCUe_20_2,0.9904607282673759
AGj_13_8_5,AGl_13_8_5,0.9904444397232044
IKS_26,ACCBU_20,0.9904421593475787
DEMA_10,BBU_5_2.0_2.0,0.9904413581801073
HILO_13_21,T3_10_0.7,0.9904364186652165
IKS_26,QTL_30_0.5,0.9904330012530123
IKS_26,MEDIAN_30,0.9904330012530123
MAMA_0.5_0.05,OHLC4,0.9904080505771415
AGt_13_8_5,ACCBL_20,0.9904031426773792
AGl_13_8_5,HL2,0.9903971675504621
MAMA_0.5_0.05,PIVOTS_TRAD_D_P,0.9903905650939352
MAMA_0.5_0.05,PIVOTS_TRAD_D_S2,0.9903835231764859
TRIMA_10,ALPHAT_14_1_50,0.9903831773617509
DEMA_10,PIVOTS_TRAD_D_S3,0.9903724996327995
DEMA_10,PIVOTS_TRAD_D_S4,0.9903724996327995
HILO_13_21,MCGD_10,0.9903598566070344
MAMA_0.5_0.05,WCP,0.990357822698977
ITS_9,PIVOTS_TRAD_D_R2,0.9903552755641277
HL2,MAMA_0.5_0.05,0.9903295180686567
AGl_13_8_5,VWAP_D,0.9903255341089048
AGl_13_8_5,HLC3,0.9903255341089046
PIVOTS_TRAD_D_S2,BBL_5_2.0_2.0,0.9903233034963331
PWMA_10,ABER_SG_5_15,0.9903170179710371
High,ABER_SG_5_15,0.9903098207038511
AGj_13_8_5,TRIMA_10,0.9902956076900978
JMA_7_0.0,MAMA_0.5_0.05,0.9902922646488945
MAMA_0.5_0.05,PIVOTS_TRAD_D_R2,0.9902892792371327
EMA_10,LDECAY_1,0.9902851412783101
PIVOTS_TRAD_D_R2,VWMA_10,0.9902843236441942
AGl_13_8_5,WCP,0.9902825113325688
MAD_30,STDEV_30,0.9902788560812218
FWMA_10,SSF_20,0.9902773937806586
MAMA_0.5_0.05,PIVOTS_TRAD_D_S3,0.9902604589839487
MAMA_0.5_0.05,PIVOTS_TRAD_D_S4,0.9902604589839487
AGl_13_8_5,PIVOTS_TRAD_D_S2,0.9902553635051986
High,ABER_XG_5_15,0.9902529433977283
High,EMA_10,0.9902519748625428
SMA_10,BBU_5_2.0_2.0,0.9902475050516082
ALPHAT_14_1_50,KCBe_20_2,0.9902446487157607
MAMA_0.5_0.05,VWAP_D,0.9902288756040828
HLC3,MAMA_0.5_0.05,0.9902288756040827
SSF_20,DCM_20_20,0.9902149609791304
ALPHATl_14_1_50_2,ACCBL_20,0.9902141443296203
DCM_20_20,KCUe_20_2,0.9902067154185057
HILO_13_21,KCUe_20_2,0.9901941651581141
PWMA_10,BBU_5_2.0_2.0,0.990187679203444
ITS_9,PIVOTS_TRAD_D_R1,0.9901636273732931
SSF_20,ALPHAT_14_1_50,0.9901541274679214
PIVOTS_TRAD_D_R1,VWMA_10,0.9901500654288532
MAMA_0.5_0.05,WMA_10,0.9901483606905559
JMA_7_0.0,BBU_5_2.0_2.0,0.9901424327618289
MCGD_10,KCUe_20_2,0.9901370414005446
CHDLREXTs_22_22_14_2.0,DCM_20_20,0.9901166433338544
PIVOTS_TRAD_D_R2,SMMA_7,0.9901074285316541
PWMA_10,ALPHAT_14_1_50,0.9900996568592796
JMA_7_0.0,SMA_10,0.9900940081212567
SMA_10,ABER_SG_5_15,0.9900927450212401
ACCBM_20,CHDLREXTl_22_22_14_2.0,0.9900917433162513
FWMA_10,PIVOTS_TRAD_D_S3,0.9900739373810302
FWMA_10,PIVOTS_TRAD_D_S4,0.9900739373810302
ATRTSe_14_20_3.0,KCBe_20_2,0.990071601341927
CHDLREXTl_22_22_14_2.0,DCM_20_20,0.9900449997905615
Open,AGl_13_8_5,0.9900432681185267
HL2,ABER_XG_5_15,0.9899974680885554
HMA_10,MAMA_0.5_0.05,0.989993980686205
AGj_13_8_5,KCLe_20_2,0.9899867970698906
PIVOTS_TRAD_D_R2,SMA_10,0.9899775866308976
KAMA_10_2_30,ATRTSe_14_20_3.0,0.9899710019212062
CHDLREXTl_22_22_14_2.0,KCBe_20_2,0.9899702064687574
SINWMA_14,KCUe_20_2,0.9899609365329582
OHLC4,ABER_XG_5_15,0.9899558329336602
LINREG_14,PIVOTS_TRAD_D_P,0.9899524650831671
Open,PIVOTS_TRAD_D_R3,0.9899396159367571
Open,PIVOTS_TRAD_D_R4,0.9899396159367571
PIVOTS_TRAD_D_R1,BBL_5_2.0_2.0,0.9899340304728962
IKS_26,KCUe_20_2,0.9899228900079069
LINREG_14,MIDPOINT_2,0.9899152487309429
PIVOTS_TRAD_D_R3,LDECAY_1,0.9899126504050799
PIVOTS_TRAD_D_R4,LDECAY_1,0.9899126504050799
HMA_10,ALPHAT_14_1_50,0.989894539971789
JMA_7_0.0,SMMA_7,0.9898935858085142
LDECAY_1,ABER_XG_5_15,0.9898825954707764
EMA_10,ACCBM_20,0.98988239316572
ALMA_9_6.0_0.85,ALPHATl_14_1_50_2,0.9898753018222919
Close,AGl_13_8_5,0.9898749671455201
SWMA_10,ABER_XG_5_15,0.9898670635010686
LINREG_14,PIVOTS_TRAD_D_S1,0.9898643266094344
KAMA_10_2_30,ALPHATl_14_1_50_2,0.9898634978432149
Open,PIVOTS_TRAD_D_S3,0.9898591372213967
Open,PIVOTS_TRAD_D_S4,0.9898591372213967
MAMA_0.5_0.05,ALPHAT_14_1_50,0.9898525622133034
AGj_13_8_5,SSF3_20,0.9898484593734683
SMMA_7,ACCBL_20,0.9898348539582059
DEMA_10,SMMA_7,0.9898328380211439
HILO_13_21,SMMA_7,0.9898110595508576
JMA_7_0.0,SWMA_10,0.9897712364605196
ALPHATl_14_1_50_2,ACCBM_20,0.9897652874885422
HLC3,ABER_XG_5_15,0.9897516067538308
ABER_XG_5_15,VWAP_D,0.9897516067538308
SMA_10,ABER_XG_5_15,0.9897149607553879
RMA_10,CHDLREXTl_22_22_14_2.0,0.9897141436711457
KAMA_10_2_30,KCLe_20_2,0.9897109502012328
ALPHATl_14_1_50_2,ABER_ZG_5_15,0.989698004577449
ALMA_9_6.0_0.85,T3_10_0.7,0.9896974989787768
SMA_10,ACCBM_20,0.9896930178146308
ZL_EMA_10,BBU_5_2.0_2.0,0.9896687584019368
WCP,ABER_XG_5_15,0.9896654552247653
BBU_5_2.0_2.0,VWMA_10,0.9896362430674321
ITS_9,PIVOTS_TRAD_D_P,0.9896357832966735
AGt_13_8_5,ATRTSe_14_20_3.0,0.989632013910371
PIVOTS_TRAD_D_R1,BBU_5_2.0_2.0,0.9896279205587631
KAMA_10_2_30,KCUe_20_2,0.9896234886458588
MAMA_0.5_0.05,PIVOTS_TRAD_D_S1,0.989621634519525
Low,WMA_10,0.9896206109457769
T3_10_0.7,ABER_ZG_5_15,0.9896129407781665
CKSPl_10_3_20,DCU_20_20,0.9896068042187914
ALPHATl_14_1_50_2,DCM_20_20,0.9896061010937062
LDECAY_1,ABER_SG_5_15,0.989586097939913
LINREG_14,WMA_10,0.9895633897450375
ABER_XG_5_15,BBL_5_2.0_2.0,0.9895531719641961
ZL_EMA_10,VWMA_10,0.9895472915182829
AGt_13_8_5,BBU_5_2.0_2.0,0.9895472611492181
OHLC4,PIVOTS_TRAD_D_R4,0.9895445684692433
OHLC4,PIVOTS_TRAD_D_R3,0.9895445684692433
PIVOTS_TRAD_D_R1,SMMA_7,0.9895373334116355
HWL_1,HWU_1,0.9895247510889585
OBVe_4,OBVe_12,0.9895217905656736
PWMA_10,ABER_XG_5_15,0.989521582739143
PIVOTS_TRAD_D_P,VWMA_10,0.9895012042608413
TRIMA_10,ACCBM_20,0.9895004265557686
PIVOTS_TRAD_D_R1,SMA_10,0.9894658384353567
HILOl_13_21,HT_TL,0.9894438667582977
HL2,PIVOTS_TRAD_D_R3,0.989442076223138
HL2,PIVOTS_TRAD_D_R4,0.989442076223138
EMA_10,TEMA_10,0.9894370906319413
MEDIAN_30,KCUe_20_2,0.9894317675031511
QTL_30_0.5,KCUe_20_2,0.9894317675031511
Open,ABER_XG_5_15,0.9894134743697967
TRIMA_10,BBU_5_2.0_2.0,0.9894109851294542
HT_TL,CHDLREXTl_22_22_14_2.0,0.9893952517349135
PIVOTS_TRAD_D_R2,ALPHAT_14_1_50,0.98939346156308
LINREG_14,PIVOTS_TRAD_D_R1,0.9893816616363527
MCGD_10,ACCBU_20,0.9893745013761092
IKS_26,RMA_10,0.989372405783352
DEMA_10,TRIMA_10,0.9893710172556667
HL2,ABER_SG_5_15,0.9893705791156437
ITS_9,ABER_XG_5_15,0.9893696234553602
ALPHATl_14_1_50_2,BBM_5_2.0_2.0,0.9893677541448082
PIVOTS_TRAD_D_R1,ALPHAT_14_1_50,0.9893657592560937
EMA_10,OHLC4,0.9893407956935631
LINREG_14,ALPHAT_14_1_50,0.9893184243017069
OHLC4,ABER_SG_5_15,0.9893118404164103
ITS_9,ZL_EMA_10,0.9892954882457434
T3_10_0.7,BBM_5_2.0_2.0,0.989288253724403
DEMA_10,HWL_1,0.9892838779814829
MIDPOINT_2,ALPHAT_14_1_50,0.9892746980230188
MCGD_10,ACCBL_20,0.9892664532950488
AGl_13_8_5,BBL_5_2.0_2.0,0.9892509722206817
ITS_9,ABER_SG_5_15,0.9892481896722836
PWMA_10,KCLe_20_2,0.9892472069931166
SINWMA_14,ACCBU_20,0.9892456440096375
MIDPRICE_2,ALPHAT_14_1_50,0.9892397777020969
MAMA_0.5_0.05,TEMA_10,0.9892375783599751
AGl_13_8_5,HMA_10,0.9892239332336455
IKS_26,ACCBL_20,0.9891985600467994
AGt_13_8_5,ALPHAT_14_1_50,0.989160031850272
AGj_13_8_5,VWMA_10,0.9891575168572102
LINREG_14,PIVOTS_TRAD_D_R2,0.9891566748774218
Close,ABER_XG_5_15,0.98915272856258
OHLC4,BBL_5_2.0_2.0,0.989149670654538
PIVOTS_TRAD_D_R2,SWMA_10,0.989145362253116
EMA_10,HL2,0.9891445932349756
Low,BBL_5_2.0_2.0,0.9891247917708693
AGj_13_8_5,T3_10_0.7,0.9891132847257612
PIVOTS_TRAD_D_R3,SMMA_7,0.9891104601789257
PIVOTS_TRAD_D_R4,SMMA_7,0.9891104601789257
Low,ABER_XG_5_15,0.989110166195615
HLC3,BBL_5_2.0_2.0,0.9890959688643636
BBL_5_2.0_2.0,VWAP_D,0.9890959688643636
MCGD_10,ABER_ZG_5_15,0.9890889975440427
AGj_13_8_5,SWMA_10,0.989084215376404
EMA_10,PIVOTS_TRAD_D_S2,0.9890833299701528
SSF3_20,ACCBM_20,0.9890746526341003
PIVOTS_TRAD_D_R3,VWAP_D,0.9890715476462116
PIVOTS_TRAD_D_R4,VWAP_D,0.9890715476462116
HLC3,PIVOTS_TRAD_D_R3,0.9890715476462115
HLC3,PIVOTS_TRAD_D_R4,0.9890715476462115
HL2,BBL_5_2.0_2.0,0.9890661994004166
EMA_10,VWAP_D,0.9890596177647104
EMA_10,HLC3,0.9890596177647102
ABER_SG_5_15,VWAP_D,0.9890455510737984
HLC3,ABER_SG_5_15,0.9890455510737983
EMA_10,DCM_20_20,0.9890416760477588
IKS_26,CKSPs_10_3_20,0.9890415768803049
EMA_10,WCP,0.989018996733287
ITS_9,BBU_5_2.0_2.0,0.9890128327421706
WCP,BBL_5_2.0_2.0,0.9890062904445157
ITS_9,MIDPOINT_2,0.988998377285989
ITS_9,MIDPRICE_2,0.9889932603778516
PIVOTS_TRAD_D_S2,PIVOTS_TRAD_D_R3,0.9889911974118472
PIVOTS_TRAD_D_S2,PIVOTS_TRAD_D_R4,0.9889911974118472
IKS_26,CHDLREXTl_22_22_14_2.0,0.9889845132130755
IKS_26,KCLe_20_2,0.988983629501015
Low,PIVOTS_TRAD_D_S3,0.9889639926840386
Low,PIVOTS_TRAD_D_S4,0.9889639926840386
ALMA_9_6.0_0.85,MCGD_10,0.9889576171195007
FWMA_10,SSF3_20,0.9889551458092802
HILOl_13_21,MEDIAN_30,0.9889385467110218
HILOl_13_21,QTL_30_0.5,0.9889385467110218
HL2,PIVOTS_TRAD_D_S4,0.988930420379243
HL2,PIVOTS_TRAD_D_S3,0.988930420379243
SSF_20,BBU_5_2.0_2.0,0.9889282314132847
WCP,ABER_SG_5_15,0.9889256316297618
QTL_30_0.5,KCBe_20_2,0.9889242724412085
MEDIAN_30,KCBe_20_2,0.9889242724412085
AGl_13_8_5,MAMA_0.5_0.05,0.9889183715203429
MCGD_10,BBM_5_2.0_2.0,0.9888980974981947
FWMA_10,KAMA_10_2_30,0.9888976904719637
T3_10_0.7,ALPHAT_14_1_50,0.9888966876795283
PIVOTS_TRAD_D_P,ALPHAT_14_1_50,0.9888956221905107
HILOs_13_21,HT_TL,0.9888884398588438
Open,ABER_SG_5_15,0.9888808165895266
PIVOTS_TRAD_D_R4,WCP,0.9888775020061027
PIVOTS_TRAD_D_R3,WCP,0.9888775020061027
ACCBU_20,ATRTSe_14_20_3.0,0.9888744089507826
Low,MAMA_0.5_0.05,0.9888493994645362
SMMA_7,ABER_SG_5_15,0.9888493651236904
OHLC4,PIVOTS_TRAD_D_S3,0.9888235730160395
OHLC4,PIVOTS_TRAD_D_S4,0.9888235730160395
Open,EMA_10,0.9888187482178992
RMA_10,ACCBL_20,0.9888168105246644
ITS_9,AGj_13_8_5,0.9888003508294718
CKSPs_10_3_20,CHDLREXTs_22_22_14_2.0,0.9887566293019655
AGj_13_8_5,ACCBL_20,0.9887309520564043
TRIMA_10,ABER_SG_5_15,0.9887269509738411
T3_10_0.7,DCM_20_20,0.9887158395511014
HILO_13_21,TRIMA_10,0.9887049851244398
KAMA_10_2_30,ACCBM_20,0.9886996760100559
MIDPOINT_2,VWMA_10,0.9886820475063396
PIVOTS_TRAD_D_R3,SMA_10,0.9886733595751526
PIVOTS_TRAD_D_R4,SMA_10,0.9886733595751526
JMA_7_0.0,PWMA_10,0.9886675374824807
Low,AGl_13_8_5,0.9886513886199981
SSF_20,KCUe_20_2,0.9886284166404518
SINWMA_14,ALPHAT_14_1_50,0.9886253562470342
PIVOTS_TRAD_D_R2,BBL_5_2.0_2.0,0.9886215092406123
Close,EMA_10,0.9886195125063953
PIVOTS_TRAD_D_P,SMA_10,0.9886122218319922
AGj_13_8_5,MEDIAN_30,0.9885898227886917
AGj_13_8_5,QTL_30_0.5,0.9885898227886917
PIVOTS_TRAD_D_R3,ABER_XG_5_15,0.9885858642715306
PIVOTS_TRAD_D_R4,ABER_XG_5_15,0.9885858642715306
FWMA_10,ALPHATl_14_1_50_2,0.9885847026901281
KAMA_10_2_30,ALPHAT_14_1_50,0.9885705367664913
HILO_13_21,MEDIAN_30,0.9885622459857722
HILO_13_21,QTL_30_0.5,0.9885622459857722
PIVOTS_TRAD_D_S3,BBM_5_2.0_2.0,0.9885606514076632
PIVOTS_TRAD_D_S4,BBM_5_2.0_2.0,0.9885606514076632
PIVOTS_TRAD_D_P,SMMA_7,0.9885533492927903
SMMA_7,ACCBU_20,0.9885330084355939
IKS_26,ATRTSe_14_20_3.0,0.9885191656397658
PIVOTS_TRAD_D_R4,VWMA_10,0.9885096003375917
PIVOTS_TRAD_D_R3,VWMA_10,0.9885096003375917
ITS_9,PIVOTS_TRAD_D_R3,0.9885073012837351
ITS_9,PIVOTS_TRAD_D_R4,0.9885073012837351
IKS_26,MCGD_10,0.9885065736071726
ALMA_9_6.0_0.85,PIVOTS_TRAD_D_S3,0.988506101055448
ALMA_9_6.0_0.85,PIVOTS_TRAD_D_S4,0.988506101055448
Close,BBL_5_2.0_2.0,0.9885025075354675
HT_TL,KCLe_20_2,0.9884936306769224
PIVOTS_TRAD_D_P,BBU_5_2.0_2.0,0.9884905914260285
HWMA_0.2_0.1_0.1,LINREG_14,0.988471339482186
LINREG_14,HWM_1,0.988471339482186
PIVOTS_TRAD_D_S4,ABER_XG_5_15,0.9884432558718704
PIVOTS_TRAD_D_S3,ABER_XG_5_15,0.9884432558718704
SMA_10,ACCBL_20,0.9884381408063052
ALMA_9_6.0_0.85,SINWMA_14,0.9884236551901043
High,PIVOTS_TRAD_D_S3,0.9884229414512928
High,PIVOTS_TRAD_D_S4,0.9884229414512928
PIVOTS_TRAD_D_R1,SWMA_10,0.9884198326958817
MIDPRICE_2,VWMA_10,0.9884093210825564
SINWMA_14,ABER_ZG_5_15,0.98839642725859
SMA_10,ZL_EMA_10,0.9883888827809365
SSF3_20,ALPHAT_14_1_50,0.9883772669742252
HILOs_13_21,ACCBM_20,0.9883769420433379
RMA_10,ABER_ZG_5_15,0.9883763680071637
High,BBL_5_2.0_2.0,0.9883689843317067
Close,ABER_SG_5_15,0.9883593331039052
TEMA_10,ALPHAT_14_1_50,0.9883253462477992
KAMA_10_2_30,DCM_20_20,0.9883218225485063
PIVOTS_TRAD_D_S3,VWAP_D,0.9883138827229786
PIVOTS_TRAD_D_S4,VWAP_D,0.9883138827229786
HLC3,PIVOTS_TRAD_D_S4,0.9883138827229785
HLC3,PIVOTS_TRAD_D_S3,0.9883138827229785
HL2,LINREG_14,0.988298270299902
ALMA_9_6.0_0.85,RMA_10,0.9882700708249866
EMA_10,MAMA_0.5_0.05,0.988228840352689
RMA_10,BBM_5_2.0_2.0,0.9882090006965178
IKS_26,AGt_13_8_5,0.9881958951098047
LINREG_14,OHLC4,0.98818785128895
AGl_13_8_5,ACCBM_20,0.9881737665767923
RMA_10,HT_TL,0.9881657864164909
High,ALPHAT_14_1_50,0.9881499227836064
QTL_30_0.5,DCM_20_20,0.9881387435153118
MEDIAN_30,DCM_20_20,0.9881387435153118
PIVOTS_TRAD_D_S4,ABER_ZG_5_15,0.9881377266809329
PIVOTS_TRAD_D_S3,ABER_ZG_5_15,0.9881377266809329
HILO_13_21,SMA_10,0.9881284824865877
PIVOTS_TRAD_D_S3,WCP,0.9880954885543419
PIVOTS_TRAD_D_S4,WCP,0.9880954885543419
High,LINREG_14,0.9880946143321228
Close,PIVOTS_TRAD_D_R3,0.9880837726506111
Close,PIVOTS_TRAD_D_R4,0.9880837726506111
DEC_1,INC_1,0.9880729166628629
Low,LINREG_14,0.9880663033607646
LDECAY_1,BBL_5_2.0_2.0,0.9880604482206182
EMA_10,ACCBL_20,0.9880584551484887
ACCBM_20,VWMA_10,0.9880545291536849
SINWMA_14,BBM_5_2.0_2.0,0.9880543107479568
PIVOTS_TRAD_D_R3,SWMA_10,0.9880399172199884
PIVOTS_TRAD_D_R4,SWMA_10,0.9880399172199884
SMMA_7,ZL_EMA_10,0.9880264069767701
EMA_10,HMA_10,0.9880253770098705
EMA_10,BBL_5_2.0_2.0,0.9880175217803487
DEMA_10,SSF_20,0.9880110328431873
AGt_13_8_5,PIVOTS_TRAD_D_R2,0.9879975296498583
Low,ABER_SG_5_15,0.9879796905989834
KAMA_10_2_30,BBU_5_2.0_2.0,0.9879688490877518
Open,LINREG_14,0.9879652663775897
SMA_10,DCM_20_20,0.9879643600525129
RMA_10,ALPHATl_14_1_50_2,0.9879519232157608
TRIMA_10,ACCBL_20,0.9879517785190444
LINREG_14,VWAP_D,0.9879356004928588
HLC3,LINREG_14,0.9879356004928587
MCGD_10,ALPHATl_14_1_50_2,0.987925955121681
TRIMA_10,ABER_XG_5_15,0.987911778059085
PIVOTS_TRAD_D_S4,PIVOTS_TRAD_D_R2,0.9878919076348164
PIVOTS_TRAD_D_S3,PIVOTS_TRAD_D_R2,0.9878919076348164
MIDPOINT_2,SMMA_7,0.987881687836872
ITS_9,PIVOTS_TRAD_D_S1,0.98787989485018
TEMA_10,BBU_5_2.0_2.0,0.9878728484909604
SWMA_10,ACCBM_20,0.98786602786656
Open,BBL_5_2.0_2.0,0.9878574264996672
AGt_13_8_5,CHDLREXTl_22_22_14_2.0,0.987842152280928
SMMA_7,ATRTSe_14_20_3.0,0.9878339307343796
HILO_13_21,SSF3_20,0.9878268004071158
MIDPRICE_2,BBU_5_2.0_2.0,0.9878215154716813
PIVOTS_TRAD_D_S1,VWMA_10,0.9878103047594302
SWMA_10,ZL_EMA_10,0.9877852047482099
LINREG_14,WCP,0.9877604168824701
DEMA_10,SSF3_20,0.9877312473011974
EMA_10,KCUe_20_2,0.9876979244123244
LINREG_14,HWU_1,0.9876893747836477
SSF3_20,ACCBL_20,0.9876457165603989
MIDPRICE_2,SMMA_7,0.9876432204653406
PIVOTS_TRAD_D_R2,PWMA_10,0.9876414297814246
Low,PIVOTS_TRAD_D_R4,0.9876209481921081
Low,PIVOTS_TRAD_D_R3,0.9876209481921081
SMMA_7,ABER_XG_5_15,0.9876013822152645
HMA_10,BBU_5_2.0_2.0,0.9875895338123751
SSF3_20,BBU_5_2.0_2.0,0.9875875026751998
PIVOTS_TRAD_D_S1,ALPHAT_14_1_50,0.9875852351735077
IKS_26,CHDLREXTs_22_22_14_2.0,0.9875834770052216
High,ITS_9,0.9875793591771381
PIVOTS_TRAD_D_P,SWMA_10,0.987567236543248
DCL_20_20,DCM_20_20,0.9875665694873251
AGl_13_8_5,DCM_20_20,0.9875633437258913
DCM_20_20,VWMA_10,0.9875558892519355
JMA_7_0.0,TRIMA_10,0.9875254494386655
EMA_10,HILO_13_21,0.9875207179910672
MIDPOINT_2,SMA_10,0.9874856404724874
ABER_XG_5_15,KCLe_20_2,0.9874776185502421
CKSPl_10_3_20,ACCBU_20,0.9874679111460748
MIDPRICE_2,SMA_10,0.9874591628884463
ITS_9,LDECAY_1,0.9874474381164554
FWMA_10,T3_10_0.7,0.9874435992962983
RMA_10,BBU_5_2.0_2.0,0.9874234897536953
AGt_13_8_5,JMA_7_0.0,0.9874194507713275
PIVOTS_TRAD_D_S2,ALPHAT_14_1_50,0.9873972055149818
SSF_20,ABER_SG_5_15,0.9873861548198031
PIVOTS_TRAD_D_R4,ALPHAT_14_1_50,0.9873536977686707
PIVOTS_TRAD_D_R3,ALPHAT_14_1_50,0.9873536977686707
ALPHAT_14_1_50,LDECAY_1,0.9873476566782435
MIDPOINT_2,BBU_5_2.0_2.0,0.9873430773012334
AGt_13_8_5,PIVOTS_TRAD_D_R4,0.9873330225469477
AGt_13_8_5,PIVOTS_TRAD_D_R3,0.9873330225469477
PIVOTS_TRAD_D_R2,TRIMA_10,0.9873235208280156
Low,EMA_10,0.9872998341198644
HL2,ALPHAT_14_1_50,0.9872895983209659
OHLC4,ALPHAT_14_1_50,0.9872825480286731
Close,PIVOTS_TRAD_D_S3,0.9872658071805646
Close,PIVOTS_TRAD_D_S4,0.9872658071805646
AGt_13_8_5,PIVOTS_TRAD_D_R1,0.9872640228680531
IKS_26,HILOs_13_21,0.9872563840522535
AGt_13_8_5,DEMA_10,0.9871378794102021
LINREG_14,LDECAY_1,0.9871350834309075
FWMA_10,MCGD_10,0.9871328804008535
ACCBL_20,VWMA_10,0.9871327845972347
TRIMA_10,DCM_20_20,0.9871224827731496
HILO_13_21,SWMA_10,0.9871169233104023
HILOs_13_21,DCM_20_20,0.9870973520783028
TRIX_30_9,TRIXs_30_9,0.9870964026722869
ITS_9,BBL_5_2.0_2.0,0.9870944923548027
PIVOTS_TRAD_D_R2,SSF_20,0.9870815403020533
SSF_20,ACCBU_20,0.9870590073281873
PIVOTS_TRAD_D_S4,LDECAY_1,0.9870539224056997
PIVOTS_TRAD_D_S3,LDECAY_1,0.9870539224056997
ALPHAT_14_1_50,VWAP_D,0.9870422123384254
HLC3,ALPHAT_14_1_50,0.987042212338425
TEMA_10,HWM_1,0.9870381541865467
HWMA_0.2_0.1_0.1,TEMA_10,0.9870381541865467
Close,LINREG_14,0.9870220592286143
SINWMA_14,HT_TL,0.9870146366786839
FWMA_10,KCLe_20_2,0.9870123880064076
LDECAY_1,VWMA_10,0.9869986694899541
WCP,ALPHAT_14_1_50,0.9869816915738984
AGj_13_8_5,PWMA_10,0.9869796825786606
ITS_9,ACCBM_20,0.9869467674854567
ITS_9,TEMA_10,0.9869185764175438
DEMA_10,HWU_1,0.9868938718946442
High,VWMA_10,0.9868887584745647
ABER_SG_5_15,BBL_5_2.0_2.0,0.9868862546940746
ITS_9,OHLC4,0.986858506031552
ALMA_9_6.0_0.85,KCBe_20_2,0.9868544031204267
ABER_ZG_5_15,HWM_1,0.9868533717140191
HWMA_0.2_0.1_0.1,ABER_ZG_5_15,0.986853371714019
TEMA_10,VWMA_10,0.9868288710031978
ABER_ZG_5_15,KCBe_20_2,0.9867962930277826
MAMA_0.5_0.05,VWMA_10,0.9867845044610158
ALMA_9_6.0_0.85,KCLe_20_2,0.9867759948142932
BBM_5_2.0_2.0,HWM_1,0.9867596364801275
HWMA_0.2_0.1_0.1,BBM_5_2.0_2.0,0.9867596364801275
Open,ALPHAT_14_1_50,0.9867545023365906
PIVOTS_TRAD_D_R1,PWMA_10,0.986742774650726
AGt_13_8_5,HT_TL,0.9867376583072792
MAMA_0.5_0.05,PIVOTS_TRAD_D_R4,0.9867357562171039
MAMA_0.5_0.05,PIVOTS_TRAD_D_R3,0.9867357562171039
CKSPl_10_3_20,KCUe_20_2,0.9867165358580057
ITS_9,DCM_20_20,0.986701339997359
LINREG_14,PIVOTS_TRAD_D_S4,0.9866778553775511
LINREG_14,PIVOTS_TRAD_D_S3,0.9866778553775511
PIVOTS_TRAD_D_R4,PWMA_10,0.9866461012779337
PIVOTS_TRAD_D_R3,PWMA_10,0.9866461012779337
ABER_XG_5_15,BBU_5_2.0_2.0,0.9866441847073397
JMA_7_0.0,KAMA_10_2_30,0.9866379063098741
ITS_9,HL2,0.9866320994771406
JMA_7_0.0,SSF_20,0.9866303676494887
BBM_5_2.0_2.0,KCBe_20_2,0.986614564114125
ABER_SG_5_15,KCBe_20_2,0.9866063886115506
SSF_20,ABER_XG_5_15,0.9866030199034399
PIVOTS_TRAD_D_S1,SMMA_7,0.9865977242922894
ALMA_9_6.0_0.85,HWM_1,0.9865969490936994
ALMA_9_6.0_0.85,HWMA_0.2_0.1_0.1,0.9865969490936994
PWMA_10,ZL_EMA_10,0.9865942762814477
TRIMA_10,KCUe_20_2,0.9865665949990097
IKS_26,SMMA_7,0.9865602595678594
PIVOTS_TRAD_D_S1,SMA_10,0.9865567832303237
PIVOTS_TRAD_D_S2,VWMA_10,0.9865550320678472
PIVOTS_TRAD_D_S1,BBU_5_2.0_2.0,0.9865528042008457
AGt_13_8_5,ABER_SG_5_15,0.9865508904955712
AGl_13_8_5,ACCBL_20,0.9865461036219653
Close,ALPHAT_14_1_50,0.9865344812594556
PIVOTS_TRAD_D_R4,TRIMA_10,0.9865323866102816
PIVOTS_TRAD_D_R3,TRIMA_10,0.9865323866102816
ITS_9,HLC3,0.9865241290278132
ITS_9,VWAP_D,0.9865241290278132
ABER_ZG_5_15,KCLe_20_2,0.9865131282722664
ACCBM_20,ATRTSe_14_20_3.0,0.9864955700036684
SWMA_10,ACCBL_20,0.98647570760893
PIVOTS_TRAD_D_R1,TRIMA_10,0.986462370010592
SMMA_7,LDECAY_1,0.9864622089982249
High,SMMA_7,0.9864583262566076
High,BBU_5_2.0_2.0,0.9864514188128821
SMA_10,KCUe_20_2,0.9864512417804989
ITS_9,WCP,0.9864440795939033
Open,ITS_9,0.9864388092579498
AGj_13_8_5,DCU_20_20,0.9864297963641402
PIVOTS_TRAD_D_R4,SSF_20,0.9864259272993324
PIVOTS_TRAD_D_R3,SSF_20,0.9864259272993324
LINREG_14,BBL_5_2.0_2.0,0.986413922837318
BBM_5_2.0_2.0,KCLe_20_2,0.9863656774461177
LDECAY_1,BBU_5_2.0_2.0,0.9863255956375685
ALPHAT_14_1_50,DCM_20_20,0.9863090108939983
MIDPRICE_2,SWMA_10,0.9863006528193539
DEMA_10,ALPHATl_14_1_50_2,0.9862756868723845
BBL_5_2.0_2.0,VWMA_10,0.9862749836936311
FWMA_10,RMA_10,0.9862711507625406
SMMA_7,CHDLREXTl_22_22_14_2.0,0.9862693998826033
LINREG_14,PIVOTS_TRAD_D_R4,0.9862441558483882
LINREG_14,PIVOTS_TRAD_D_R3,0.9862441558483882
PIVOTS_TRAD_D_R1,SSF_20,0.9862418635492267
ITS_9,PIVOTS_TRAD_D_S2,0.9862246817749294
KAMA_10_2_30,ACCBU_20,0.9862212446109471
HILO_13_21,VWMA_10,0.9862197270694143
AGj_13_8_5,WMA_10,0.9862082646968536
FWMA_10,SINWMA_14,0.986201234331913
AGl_13_8_5,KCUe_20_2,0.9861535569516756
FWMA_10,KCBe_20_2,0.9861428490506581
AGt_13_8_5,PIVOTS_TRAD_D_P,0.9861309573473876
SSF3_20,DCM_20_20,0.9861199152620962
HWMA_0.2_0.1_0.1,ZL_EMA_10,0.9861197892072019
ZL_EMA_10,HWM_1,0.9861197892072017
ACCBL_20,DCL_20_20,0.9861155500600901
MCGD_10,HT_TL,0.9860600367380203
OHLC4,VWMA_10,0.9860464521079474
ATRTSe_14_20_3.0,DCM_20_20,0.9859998991938591
QTL_30_0.5,ACCBL_20,0.9859918138070708
MEDIAN_30,ACCBL_20,0.9859918138070708
ATRTSe_14_20_3.0,CHDLREXTl_22_22_14_2.0,0.9859719106343973
DCL_20_20,KCLe_20_2,0.9859659166702497
High,SMA_10,0.9859646997150299
SWMA_10,DCM_20_20,0.9859581649607714
MIDPOINT_2,SWMA_10,0.9859498933383533
ALPHAT_14_1_50,BBU_5_2.0_2.0,0.9859442563004415
PIVOTS_TRAD_D_S3,ABER_SG_5_15,0.9859347792862403
PIVOTS_TRAD_D_S4,ABER_SG_5_15,0.9859347792862403
MCGD_10,BBU_5_2.0_2.0,0.9859263449265413
HILOs_13_21,KCBe_20_2,0.985921911886456
PIVOTS_TRAD_D_P,PWMA_10,0.9859184914461427
HWMA_0.2_0.1_0.1,JMA_7_0.0,0.9859051347888955
JMA_7_0.0,HWM_1,0.9859051347888955
SMA_10,LDECAY_1,0.985901839741168
ITS_9,ACCBL_20,0.9858978074529623
Close,ITS_9,0.9858952380593222
HILOl_13_21,ACCBU_20,0.985873149969998
PWMA_10,ACCBM_20,0.9858613177985187
KAMA_10_2_30,PIVOTS_TRAD_D_R2,0.9858462346371485
AGl_13_8_5,HILO_13_21,0.9858409557818352
HL2,VWMA_10,0.9858351061950648
MCGD_10,CHDLREXTs_22_22_14_2.0,0.9858239236318027
FAMA_0.5_0.05,KCLe_20_2,0.9858235415883457
HILO_13_21,PWMA_10,0.9858203969802497
SSF3_20,ABER_SG_5_15,0.9858113061109973
DEMA_10,KAMA_10_2_30,0.9858060423173048
Low,ALPHAT_14_1_50,0.9857905734452596
BBM_5_2.0_2.0,HWL_1,0.9857864444840108
HWMA_0.2_0.1_0.1,ABER_XG_5_15,0.9857704676751263
ABER_XG_5_15,HWM_1,0.9857704676751262
ABER_ZG_5_15,HWL_1,0.9857670989350802
KAMA_10_2_30,ABER_SG_5_15,0.9857607810187085
IKS_26,KAMA_10_2_30,0.9857510196514091
AGl_13_8_5,LINREG_14,0.985725650348905
VWAP_D,VWMA_10,0.9857249940283797
HLC3,VWMA_10,0.9857249940283795
HILO_13_21,KAMA_10_2_30,0.9857165437527758
ACCBL_20,ACCBU_20,0.9857107837040747
SINWMA_14,BBU_5_2.0_2.0,0.9857098772475533
SWMA_10,BBL_5_2.0_2.0,0.9856906351973096
WCP,VWMA_10,0.9856882502882419
ALMA_9_6.0_0.85,HWL_1,0.9856868777802543
Open,VWMA_10,0.9856839600387969
PIVOTS_TRAD_D_R2,SSF3_20,0.9856800210231925
FWMA_10,HWMA_0.2_0.1_0.1,0.9856569007083004
FWMA_10,HWM_1,0.9856569007083004
HILO_13_21,ALPHAT_14_1_50,0.9856403555291963
ALPHAT_14_1_50,ACCBL_20,0.9856344065779007
T3_10_0.7,BBU_5_2.0_2.0,0.9856235011492437
HILO_13_21,CHDLREXTl_22_22_14_2.0,0.9856024016025294
DEMA_10,T3_10_0.7,0.9856021651902988
SMA_10,TEMA_10,0.9855620658948604
MCGD_10,CHDLREXTl_22_22_14_2.0,0.9855549869490007
FAMA_0.5_0.05,ALPHATl_14_1_50_2,0.9855503867391723
SWMA_10,KCUe_20_2,0.9854908414962971
PIVOTS_TRAD_D_S1,SWMA_10,0.9854895277815392
QQE_14_5_4.236_RSIMA,SMI_5_20_5_1.0,0.9854654463570742
ALPHATl_14_1_50_2,HT_TL,0.9854428051033194
MCGD_10,ALPHAT_14_1_50,0.9854426172348704
PIVOTS_TRAD_D_P,TRIMA_10,0.9854376825815219
TRIMA_10,ZL_EMA_10,0.9853952998841532
JMA_7_0.0,SSF3_20,0.985391618602844
HWMA_0.2_0.1_0.1,WMA_10,0.9853902721722583
WMA_10,HWM_1,0.9853902721722583
FAMA_0.5_0.05,ALPHAT_14_1_50,0.9853664884053479
HILOs_13_21,ACCBU_20,0.9853653591841904
SSF3_20,KCUe_20_2,0.9853634040628574
AGj_13_8_5,CKSPs_10_3_20,0.985357063792423
KAMA_10_2_30,PIVOTS_TRAD_D_R1,0.9853538269001467
ABER_SG_5_15,KCLe_20_2,0.9853407254683141
AGt_13_8_5,MIDPOINT_2,0.9853400851550272
OHLC4,SMMA_7,0.985326757531497
SMA_10,BBL_5_2.0_2.0,0.9853212776160822
AGt_13_8_5,ZL_EMA_10,0.9853092010372271
SSF3_20,ABER_XG_5_15,0.985307246595658
Close,VWMA_10,0.9852887736273133
BBU_5_2.0_2.0,KCBe_20_2,0.9852594508727902
SWMA_10,TEMA_10,0.9852419528493532
HMA_10,HWMA_0.2_0.1_0.1,0.985189645569368
HMA_10,HWM_1,0.985189645569368
ITS_9,HILO_13_21,0.9851595494630291
PIVOTS_TRAD_D_S2,BBU_5_2.0_2.0,0.9851442120781462
PIVOTS_TRAD_D_P,SSF_20,0.9851236753471607
HL2,SMMA_7,0.9851019433587258
TEMA_10,HWL_1,0.9850703783685872
AGt_13_8_5,MIDPRICE_2,0.9850679964324901
MEDIAN_30,CHDLREXTl_22_22_14_2.0,0.9850657032795038
QTL_30_0.5,CHDLREXTl_22_22_14_2.0,0.9850657032795038
SMMA_7,HT_TL,0.9850552171697542
T3_10_0.7,KCUe_20_2,0.9850305063643822
HMA_10,VWMA_10,0.9850236722340515
RMA_10,ALPHAT_14_1_50,0.9850122561874782
LINREG_14,HWL_1,0.9850056154163523
SMMA_7,VWAP_D,0.9849999541462342
HLC3,SMMA_7,0.9849999541462341
HILOs_13_21,MEDIAN_30,0.9849959223459108
HILOs_13_21,QTL_30_0.5,0.9849959223459108
ALPHATl_14_1_50_2,KCUe_20_2,0.98499073698076
PIVOTS_TRAD_D_S2,SMMA_7,0.9849715103117497
SMMA_7,WCP,0.984958342228232
PIVOTS_TRAD_D_S3,WMA_10,0.9849563546721666
PIVOTS_TRAD_D_S4,WMA_10,0.9849563546721666
PIVOTS_TRAD_D_S2,SMA_10,0.9849562757465997
PIVOTS_TRAD_D_R3,SSF3_20,0.9849509891413811
PIVOTS_TRAD_D_R4,SSF3_20,0.9849509891413811
AGt_13_8_5,ABER_XG_5_15,0.9849298407368294
MAMA_0.5_0.05,SMA_10,0.9849276487624351
Open,SMMA_7,0.9849038027858752
KAMA_10_2_30,PIVOTS_TRAD_D_R4,0.9849007236829274
KAMA_10_2_30,PIVOTS_TRAD_D_R3,0.9849007236829274
OHLC4,BBU_5_2.0_2.0,0.9848980760415751
HILOs_13_21,ACCBL_20,0.9848876707777426
LINREG_14,MAMA_0.5_0.05,0.9848831943461277
KAMA_10_2_30,CHDLREXTl_22_22_14_2.0,0.9848826645573522
SINWMA_14,CHDLREXTl_22_22_14_2.0,0.9848776773833999
Low,ITS_9,0.9848650850827616
IKS_26,SINWMA_14,0.9848568340998792
OHLC4,SMA_10,0.9848507392541378
Open,BBU_5_2.0_2.0,0.9848444450967436
KCUe_20_2,VWMA_10,0.9848330016598981
ACCBM_20,CHDLREXTs_22_22_14_2.0,0.9848321509574584
T3_10_0.7,ABER_SG_5_15,0.9848075330110649
PIVOTS_TRAD_D_R1,SSF3_20,0.9848050221434408
PWMA_10,BBL_5_2.0_2.0,0.9847904596020819
HL2,BBU_5_2.0_2.0,0.9847855352139717
ALPHATl_14_1_50_2,BBU_5_2.0_2.0,0.9847724067711917
T3_10_0.7,ABER_XG_5_15,0.9847487987381178
ACCBL_20,CHDLREXTs_22_22_14_2.0,0.9847402185265695
WMA_10,HWL_1,0.9847387725480811
SMMA_7,TEMA_10,0.9847273024791516
QTL_30_0.5,CKSPl_10_3_20,0.9847221533814591
MEDIAN_30,CKSPl_10_3_20,0.9847221533814591
JMA_7_0.0,ALPHATl_14_1_50_2,0.9847067859515505
AGj_13_8_5,CKSPl_10_3_20,0.9847023915248332
EMA_10,LINREG_14,0.9846813193697744
AGj_13_8_5,HILOs_13_21,0.9846684584639527
ITS_9,MAMA_0.5_0.05,0.9846476088833691
AGj_13_8_5,ALPHATl_14_1_50_2,0.9846382677986933
Open,SMA_10,0.9846372806488725
HL2,SMA_10,0.9846165255811923
KAMA_10_2_30,ACCBL_20,0.9845835795611787
Close,SMMA_7,0.9845554918745616
SSF_20,ZL_EMA_10,0.9845499677987991
ALPHAT_14_1_50,ACCBM_20,0.9845492522414231
T3_10_0.7,ACCBU_20,0.9845312754765165
LINREG_14,BBU_5_2.0_2.0,0.9845299420924034
MIDPRICE_2,PWMA_10,0.984525724696254
MCGD_10,PIVOTS_TRAD_D_R2,0.984474654586094
WMA_10,ACCBM_20,0.9844745637177967
SMA_10,VWAP_D,0.9844663602244886
HLC3,SMA_10,0.9844663602244885
PWMA_10,ACCBL_20,0.984461393795321
FWMA_10,HWL_1,0.9844592867915862
ZL_EMA_10,ALPHATl_14_1_50_2,0.9844586044264068
LINREG_14,PWMA_10,0.9844584912570316
BBU_5_2.0_2.0,VWAP_D,0.984448695067928
HLC3,BBU_5_2.0_2.0,0.9844486950679278
ZL_EMA_10,HWL_1,0.9844386363668514
JMA_7_0.0,HWL_1,0.9844371803927195
SMA_10,WCP,0.9843898646696599
SINWMA_14,ABER_SG_5_15,0.9843737994979056
KAMA_10_2_30,ZL_EMA_10,0.9843719823847229
PWMA_10,TEMA_10,0.9843539541354455
MCGD_10,PSARs_0.02_0.2,0.9843445525823611
RMA_10,DCU_20_20,0.9843403639226467
High,SWMA_10,0.9843300123493653
ITS_9,HMA_10,0.984329375803499
MAMA_0.5_0.05,SMMA_7,0.9843292566934643
HILO_13_21,CHDLREXTs_22_22_14_2.0,0.9843208709969445
EMA_10,ACCBU_20,0.9842966459086264
WCP,BBU_5_2.0_2.0,0.9842776261627966
KAMA_10_2_30,PIVOTS_TRAD_D_P,0.9842695296269343
HILOl_13_21,ACCBM_20,0.9842505286808031
PIVOTS_TRAD_D_R2,RMA_10,0.984221001780149
PIVOTS_TRAD_D_R3,RMA_10,0.9841895961282886
PIVOTS_TRAD_D_R4,RMA_10,0.9841895961282886
IKS_26,ALPHATl_14_1_50_2,0.9841628426332113
PWMA_10,KCUe_20_2,0.984158561004847
SMMA_7,BBL_5_2.0_2.0,0.9841585089961044
ABER_SG_5_15,HWM_1,0.984144755422314
HWMA_0.2_0.1_0.1,ABER_SG_5_15,0.9841447554223138
SSF_20,HT_TL,0.9841381770332668
MIDPRICE_2,TRIMA_10,0.9841238534611756
TEMA_10,HWU_1,0.9841192086747625
ABER_XG_5_15,HWL_1,0.9841095100111744
PIVOTS_TRAD_D_S4,BBL_5_2.0_2.0,0.9841077335001315
PIVOTS_TRAD_D_S3,BBL_5_2.0_2.0,0.9841077335001315
JMA_7_0.0,MCGD_10,0.984106760654971
ABER_XG_5_15,KCBe_20_2,0.9840999512558786
SWMA_10,LDECAY_1,0.9840586021588745
LINREG_14,VWMA_10,0.9840482490913434
AGt_13_8_5,PIVOTS_TRAD_D_S1,0.9840177401008088
PWMA_10,DCM_20_20,0.9840160957915798
WMA_10,DCM_20_20,0.9840136063027352
High,AGt_13_8_5,0.9840103083792723
EMA_10,ATRTSe_14_20_3.0,0.9840069533311634
MAMA_0.5_0.05,ALPHATl_14_1_50_2,0.9840007816819275
AGt_13_8_5,LDECAY_1,0.9839915473484688
Low,VWMA_10,0.9839899010759969
PIVOTS_TRAD_D_S2,SWMA_10,0.9839858682247571
ACCBL_20,KCUe_20_2,0.9839850102270028
TMO_14_5_3,TMOs_14_5_3,0.9839792472778371
HILOl_13_21,CHDLREXTl_22_22_14_2.0,0.9839651844435092
MIDPOINT_2,PWMA_10,0.9839319334647346
LINREG_14,SWMA_10,0.9839105234233488
SSF_20,CHDLREXTl_22_22_14_2.0,0.9838995178785841
SSF_20,ATRTSe_14_20_3.0,0.9838911448355597
Close,SMA_10,0.98386869802006
SINWMA_14,ATRTSe_14_20_3.0,0.9838641572177621
HMA_10,SWMA_10,0.9838608411879421
TRIMA_10,ACCBU_20,0.9838502287416495
PIVOTS_TRAD_D_R2,ALPHATl_14_1_50_2,0.9838447846162309
IKS_26,CKSPl_10_3_20,0.9838322073979964
MIDPOINT_2,TRIMA_10,0.9838311624012551
MCGD_10,PIVOTS_TRAD_D_R1,0.9838021981976472
PIVOTS_TRAD_D_S1,PWMA_10,0.9837979509546319
HT_TL,DCU_20_20,0.9837705373211174
PIVOTS_TRAD_D_P,SSF3_20,0.9837686379174745
KCLe_20_2,KCUe_20_2,0.9837522558315598
CHDLREXTs_22_22_14_2.0,KCLe_20_2,0.9837391624607419
KAMA_10_2_30,ABER_XG_5_15,0.983734410545559
HMA_10,SMA_10,0.9837235942751588
WMA_10,ACCBL_20,0.9837183032862589
ACCBM_20,DCU_20_20,0.9836753552134491
ALPHAT_14_1_50,BBL_5_2.0_2.0,0.9836638510596638
PIVOTS_TRAD_D_R2,T3_10_0.7,0.9836558697820245
MIDPRICE_2,HWM_1,0.9836546623259265
HWMA_0.2_0.1_0.1,MIDPRICE_2,0.9836546623259261
ITS_9,KCUe_20_2,0.983649285722712
KAMA_10_2_30,MIDPOINT_2,0.9836452234574452
HILOs_13_21,CHDLREXTs_22_22_14_2.0,0.9836447030080614
MIDPRICE_2,SSF_20,0.9836298583871825
MIDPOINT_2,SSF_20,0.9836100047155761
MAMA_0.5_0.05,SWMA_10,0.9836064269879748
IKS_26,SSF_20,0.9835971894038319
PIVOTS_TRAD_D_R4,BBL_5_2.0_2.0,0.9835945268479863
PIVOTS_TRAD_D_R3,BBL_5_2.0_2.0,0.9835945268479863
Close,BBU_5_2.0_2.0,0.9835437208890244
SINWMA_14,PSARl_0.02_0.2,0.983521842012928
MAMA_0.5_0.05,KCLe_20_2,0.9835095237304953
DEMA_10,SINWMA_14,0.983481094850796
TRIMA_10,BBL_5_2.0_2.0,0.983452571890179
MCGD_10,PIVOTS_TRAD_D_R3,0.983438058915015
MCGD_10,PIVOTS_TRAD_D_R4,0.983438058915015
HMA_10,PWMA_10,0.9834339732285634
SMA_10,ACCBU_20,0.9834045017356077
LINREG_14,ALPHATl_14_1_50_2,0.9833820790142088
KAMA_10_2_30,MIDPRICE_2,0.9833548037521754
BBU_5_2.0_2.0,KCUe_20_2,0.9833373282641331
DCU_20_20,KCBe_20_2,0.9833174359856082
SINWMA_14,PSARs_0.02_0.2,0.9833035016221231
SSF3_20,ACCBU_20,0.9832559651464742
AGj_13_8_5,CHDLREXTs_22_22_14_2.0,0.9832208932443157
AGl_13_8_5,PIVOTS_TRAD_D_S4,0.9832141080811391
AGl_13_8_5,PIVOTS_TRAD_D_S3,0.9832141080811391
FAMA_0.5_0.05,ABER_XG_5_15,0.9832102767461256
PIVOTS_TRAD_D_S1,TRIMA_10,0.9831922185384532
IKS_26,EMA_10,0.9831911314586926
MCGD_10,CKSPs_10_3_20,0.9831852960633486
SINWMA_14,ABER_XG_5_15,0.9831466531716972
SSF3_20,ZL_EMA_10,0.9831417108491826
JMA_7_0.0,RMA_10,0.9831368171718138
HILO_13_21,HILOl_13_21,0.9831271961089981
HMA_10,SMMA_7,0.983112688795107
PIVOTS_TRAD_D_R4,T3_10_0.7,0.9831086355090273
PIVOTS_TRAD_D_R3,T3_10_0.7,0.9831086355090273
CKSPl_10_3_20,ATRTSe_14_20_3.0,0.9831072821617395
JMA_7_0.0,T3_10_0.7,0.9831016740302921
HILO_13_21,WMA_10,0.9830986203821909
CKSPs_10_3_20,ATRTSe_14_20_3.0,0.9830968220961722
PIVOTS_TRAD_D_R1,ALPHATl_14_1_50_2,0.9830945614405574
PIVOTS_TRAD_D_R1,RMA_10,0.9830929284306161
OHLC4,SWMA_10,0.9830865258043896
Open,SWMA_10,0.9830628115368181
HILOs_13_21,KCUe_20_2,0.9830582504980375
HWMA_0.2_0.1_0.1,PIVOTS_TRAD_D_P,0.9830378965635613
PIVOTS_TRAD_D_P,HWM_1,0.9830378965635613
ITS_9,LINREG_14,0.9830120327847709
Low,SMMA_7,0.9830088468374637
CKSPs_10_3_20,DCM_20_20,0.9829876559658474
CHDLREXTs_22_22_14_2.0,KCBe_20_2,0.9829753914324082
PIVOTS_TRAD_D_R4,ALPHATl_14_1_50_2,0.9829616394132392
PIVOTS_TRAD_D_R3,ALPHATl_14_1_50_2,0.9829616394132392
HMA_10,HWU_1,0.9829561474284225
EMA_10,CHDLREXTl_22_22_14_2.0,0.9829165137084829
HILOs_13_21,CKSPs_10_3_20,0.9829135359497051
CKSPl_10_3_20,HT_TL,0.982911904169924
ABER_SG_5_15,HWU_1,0.9828914071283752
HL2,SWMA_10,0.9828725004312747
RMA_10,PSARs_0.02_0.2,0.9828702634632842
HWMA_0.2_0.1_0.1,PIVOTS_TRAD_D_S1,0.982858724297173
PIVOTS_TRAD_D_S1,HWM_1,0.982858724297173
LINREG_14,SMA_10,0.9828530866226016
DEMA_10,MCGD_10,0.9828489953172342
PIVOTS_TRAD_D_S2,HWM_1,0.9828398167053272
HWMA_0.2_0.1_0.1,PIVOTS_TRAD_D_S2,0.9828398167053272
HMA_10,ALPHATl_14_1_50_2,0.9828245617976429
PIVOTS_TRAD_D_S1,SSF_20,0.9828083899028114
PIVOTS_TRAD_D_R1,T3_10_0.7,0.9827866899828837
RMA_10,CHDLREXTs_22_22_14_2.0,0.9827795036417196
HT_TL,ATRTSe_14_20_3.0,0.9827553743205721
AGt_13_8_5,OHLC4,0.9827543822059053
HILOs_13_21,MCGD_10,0.9827528286654778
MCGD_10,PIVOTS_TRAD_D_P,0.9827523135105062
ZL_EMA_10,HWU_1,0.9827495311179288
FAMA_0.5_0.05,ACCBL_20,0.9827209318551806
BBL_5_2.0_2.0,HWM_1,0.9827138257341899
HWMA_0.2_0.1_0.1,BBL_5_2.0_2.0,0.9827138257341899
PIVOTS_TRAD_D_S3,ALPHAT_14_1_50,0.9826956378492067
PIVOTS_TRAD_D_S4,ALPHAT_14_1_50,0.9826956378492067
AGt_13_8_5,CHDLREXTs_22_22_14_2.0,0.9826915621284539
FAMA_0.5_0.05,VWMA_10,0.9826851696663425
AGl_13_8_5,ATRTSe_14_20_3.0,0.9826793081148323
Low,BBU_5_2.0_2.0,0.9826772069194187
WMA_10,KCUe_20_2,0.9826710357760186
PIVOTS_TRAD_D_R2,SINWMA_14,0.9826462471465437
SWMA_10,VWAP_D,0.9826391004829728
HLC3,SWMA_10,0.9826391004829728
HMA_10,HWL_1,0.9826334747146278
ACCBL_20,CHDLREXTl_22_22_14_2.0,0.9826257527332003
PIVOTS_TRAD_D_R3,SINWMA_14,0.9826226228023502
PIVOTS_TRAD_D_R4,SINWMA_14,0.9826226228023502
MIDPOINT_2,HWM_1,0.9826028505552458
HWMA_0.2_0.1_0.1,MIDPOINT_2,0.9826028505552457
ABER_XG_5_15,HWU_1,0.9825720161041868
ACCBU_20,KCLe_20_2,0.9825710938132718
PIVOTS_TRAD_D_R4,KCBe_20_2,0.9825512611494838
PIVOTS_TRAD_D_R3,KCBe_20_2,0.9825512611494838
ABER_ZG_5_15,HWU_1,0.9825478889087591
KAMA_10_2_30,PIVOTS_TRAD_D_S1,0.9825277298091272
PIVOTS_TRAD_D_S2,PWMA_10,0.9825245113684503
SWMA_10,WCP,0.9825188620333274
AGt_13_8_5,HL2,0.9825166921620968
Low,SMA_10,0.9824929462827717
TEMA_10,TRIMA_10,0.9824722316881634
T3_10_0.7,PSARl_0.02_0.2,0.9824600319394552
High,PWMA_10,0.982455475375883
DCM_20_20,DCU_20_20,0.9824534849484382
MIDPRICE_2,HWL_1,0.982436219195402
PIVOTS_TRAD_D_P,HWL_1,0.9824309874290255
BBM_5_2.0_2.0,HWU_1,0.9824215352560173
AGt_13_8_5,VWAP_D,0.9824048016106539
AGt_13_8_5,HLC3,0.9824048016106538
Open,AGt_13_8_5,0.9823959553261193
AGl_13_8_5,ACCBU_20,0.9823849323904135
PIVOTS_TRAD_D_R1,HWM_1,0.9823822499279554
HWMA_0.2_0.1_0.1,PIVOTS_TRAD_D_R1,0.9823822499279553
AGt_13_8_5,WCP,0.9823634834715922
MAMA_0.5_0.05,BBU_5_2.0_2.0,0.9823575902490344
MAMA_0.5_0.05,PWMA_10,0.9823573336984779
PIVOTS_TRAD_D_R2,KCBe_20_2,0.9823360370355982
PWMA_10,HWM_1,0.9823199302204715
HWMA_0.2_0.1_0.1,PWMA_10,0.9823199302204713
High,TRIMA_10,0.9823154963111592
AGt_13_8_5,PIVOTS_TRAD_D_S2,0.9823130295940731
RMA_10,ABER_SG_5_15,0.9823084775332288
PIVOTS_TRAD_D_R2,HWM_1,0.9822871651296758
HWMA_0.2_0.1_0.1,PIVOTS_TRAD_D_R2,0.9822871651296755
High,KAMA_10_2_30,0.9822644376168641
MIDPRICE_2,SSF3_20,0.9822367945048217
HILO_13_21,PSARs_0.02_0.2,0.9822149852905895
PIVOTS_TRAD_D_S1,HWL_1,0.9822149499463401
ALMA_9_6.0_0.85,HWU_1,0.9822107008747817
SWMA_10,HWM_1,0.9821957601542569
HWMA_0.2_0.1_0.1,SWMA_10,0.9821957601542568
DEMA_10,RMA_10,0.9821820444376719
PIVOTS_TRAD_D_P,ALPHATl_14_1_50_2,0.9821817556906897
ITS_9,HWL_1,0.9821656540338259
PIVOTS_TRAD_D_S2,HWL_1,0.9821628633344148
FAMA_0.5_0.05,ABER_SG_5_15,0.9821597888301449
HILOs_13_21,RMA_10,0.9821512096312017
JMA_7_0.0,HWU_1,0.9821089740668856
FAMA_0.5_0.05,WMA_10,0.9821001018478671
RMA_10,MEDIAN_30,0.9820847851221317
RMA_10,QTL_30_0.5,0.9820847851221317
AGj_13_8_5,BBU_5_2.0_2.0,0.9820846945864851
MCGD_10,ABER_SG_5_15,0.9820820242630166
SWMA_10,ACCBU_20,0.9820693066492923
TRIMA_10,LDECAY_1,0.9820593988846582
High,SSF_20,0.9820593800829458
MIDPOINT_2,SSF3_20,0.9820436214627656
SWMA_10,HWL_1,0.9820111340063173
MAMA_0.5_0.05,SSF_20,0.9820032515278698
EMA_10,PIVOTS_TRAD_D_S3,0.9820028850123005
EMA_10,PIVOTS_TRAD_D_S4,0.9820028850123005
RMA_10,SUPERT_7_3.0,0.9819744748300442
T3_10_0.7,HT_TL,0.9819658082092755
Close,AGt_13_8_5,0.9819611298413297
ATRTSe_14_20_3.0,DCU_20_20,0.9819607247196438
PWMA_10,HWL_1,0.9819569997785476
SSF_20,LDECAY_1,0.9819477397658607
PWMA_10,LDECAY_1,0.9819163577694681
AGl_13_8_5,HWMA_0.2_0.1_0.1,0.981910378750416
AGl_13_8_5,HWM_1,0.981910378750416
SSF_20,BBL_5_2.0_2.0,0.98190642927271
MAMA_0.5_0.05,TRIMA_10,0.981900862503905
AGl_13_8_5,HWL_1,0.9818993575027762
Close,SWMA_10,0.9818945646504776
AGt_13_8_5,MAMA_0.5_0.05,0.981882172828879
KAMA_10_2_30,LDECAY_1,0.9818644428512453
MCGD_10,MIDPOINT_2,0.9818218324695571
HWL_1,VWMA_10,0.9818178826112216
SSF_20,PSARs_0.02_0.2,0.9818124673764685
BBL_5_2.0_2.0,HWL_1,0.9817988554941585
MCGD_10,MIDPRICE_2,0.9817951647468545
HILO_13_21,ATRTSe_14_20_3.0,0.9817892191904137
ITS_9,HWMA_0.2_0.1_0.1,0.9817443277425584
ITS_9,HWM_1,0.9817443277425584
AGt_13_8_5,TEMA_10,0.9817391908749773
PIVOTS_TRAD_D_P,RMA_10,0.9817182745849153
SMA_10,ATRTSe_14_20_3.0,0.9817004930014404
SUPERT_7_3.0,ACCBU_20,0.9816965428257005
HILOs_13_21,PSARs_0.02_0.2,0.9816819733144541
MIDPOINT_2,HWL_1,0.9816807514121422
EMA_10,FAMA_0.5_0.05,0.9816626242971979
ALPHATl_14_1_50_2,ACCBU_20,0.9816511650922607
PIVOTS_TRAD_D_P,T3_10_0.7,0.9816319697939494
EMA_10,HT_TL,0.981628418147344
HWMA_0.2_0.1_0.1,VWMA_10,0.9816206184463135
HWM_1,VWMA_10,0.9816206184463135
DEMA_10,KCLe_20_2,0.9816176938072296
SSF3_20,BBL_5_2.0_2.0,0.9816077696288488
PIVOTS_TRAD_D_S2,TRIMA_10,0.9816034305056378
JMA_7_0.0,SINWMA_14,0.9816028840301957
PIVOTS_TRAD_D_R1,HWL_1,0.9815833859916158
AGj_13_8_5,SUPERT_7_3.0,0.9815612124526477
JMA_7_0.0,KCLe_20_2,0.9815609432933003
KAMA_10_2_30,PIVOTS_TRAD_D_S2,0.9815336640992625
FWMA_10,HWU_1,0.9815051786895793
JMA_7_0.0,KCBe_20_2,0.9814881788270102
PIVOTS_TRAD_D_R1,SINWMA_14,0.9814858652633416
KAMA_10_2_30,HT_TL,0.9814814792447378
AGt_13_8_5,BBL_5_2.0_2.0,0.9814801438162093
AGt_13_8_5,PSARs_0.02_0.2,0.9814469155828258
IKS_26,AGl_13_8_5,0.9814449715072374
FAMA_0.5_0.05,SMA_10,0.9814438547941654
SMA_10,HWL_1,0.9814181000558074
AGl_13_8_5,CHDLREXTl_22_22_14_2.0,0.9814126185374751
PIVOTS_TRAD_D_S1,SSF3_20,0.9814114881300788
SMMA_7,CHDLREXTs_22_22_14_2.0,0.9814056179490667
Open,PWMA_10,0.9814026435090301
T3_10_0.7,PSARs_0.02_0.2,0.9814003058955363
ATRTSe_14_20_3.0,KCLe_20_2,0.9813613424513645
MCGD_10,ZL_EMA_10,0.9813491379163358
MAMA_0.5_0.05,BBL_5_2.0_2.0,0.9813330860332101
AGj_13_8_5,ABER_ZG_5_15,0.9813308151380516
RMA_10,CKSPs_10_3_20,0.9813267797715548
DEMA_10,KCBe_20_2,0.9813187589651449
AGj_13_8_5,ALMA_9_6.0_0.85,0.9813170350704671
AGl_13_8_5,FAMA_0.5_0.05,0.9813114929695769
PIVOTS_TRAD_D_R1,KCBe_20_2,0.9812974505503457
SMA_10,CHDLREXTl_22_22_14_2.0,0.9812735489956419
QTL_30_0.5,ATRTSe_14_20_3.0,0.9812691313927336
MEDIAN_30,ATRTSe_14_20_3.0,0.9812691313927336
ACCBU_20,VWMA_10,0.9812392423964397
HILOl_13_21,DCU_20_20,0.9812374270835057
TRIMA_10,HT_TL,0.981220144885666
IKS_26,HILOl_13_21,0.9812175319149544
PIVOTS_TRAD_D_R2,HWL_1,0.9812058346847476
SMA_10,HWM_1,0.9811898844825626
HWMA_0.2_0.1_0.1,SMA_10,0.9811898844825626
AGj_13_8_5,BBM_5_2.0_2.0,0.9811850251101792
PIVOTS_TRAD_D_S2,SSF_20,0.9811685757751771
HILO_13_21,DCL_20_20,0.9811636249284666
KAMA_10_2_30,TEMA_10,0.9811579078326649
AGt_13_8_5,DCU_20_20,0.9811383804774324
SUPERT_7_3.0,ATRTSe_14_20_3.0,0.9811277887226619
TRIMA_10,CHDLREXTl_22_22_14_2.0,0.9811243147030095
OHLC4,PWMA_10,0.9811222015794788
LINREG_14,TRIMA_10,0.9811204603563906
SSF3_20,PSARl_0.02_0.2,0.9811170494920525
PIVOTS_TRAD_D_R1,KCLe_20_2,0.9811123692638689
MEDIAN_30,KCLe_20_2,0.9811106716964056
QTL_30_0.5,KCLe_20_2,0.9811106716964056
T3_10_0.7,ZL_EMA_10,0.9811094814068739
ACCBM_20,DCL_20_20,0.9811028692262759
TRIMA_10,ATRTSe_14_20_3.0,0.9810805441092617
HILOl_13_21,KCUe_20_2,0.9810755455829282
SSF_20,PSARl_0.02_0.2,0.9810725246133686
IKS_26,SMA_10,0.9810662041714145
MIDPRICE_2,ALPHATl_14_1_50_2,0.9810612952871735
KAMA_10_2_30,OHLC4,0.9810351908915864
IKS_26,DCU_20_20,0.9810181154557763
MEDIAN_30,DCU_20_20,0.980970514698596
QTL_30_0.5,DCU_20_20,0.980970514698596
SSF_20,TEMA_10,0.980957132977731
HILOs_13_21,SINWMA_14,0.9809489017570655
HMA_10,TRIMA_10,0.9809459458190968
MCGD_10,DCL_20_20,0.980941848689126
CHDLREXTl_22_22_14_2.0,KCLe_20_2,0.980932821217133
HL2,PWMA_10,0.9809315890767346
OHLC4,TRIMA_10,0.9809283927905104
Open,TRIMA_10,0.9808950960639211
SMA_10,HT_TL,0.98088608234282
HILOs_13_21,KCLe_20_2,0.9808800312216719
KAMA_10_2_30,MAMA_0.5_0.05,0.9808788975198617
HL2,KAMA_10_2_30,0.9808704013769888
MIDPOINT_2,ALPHATl_14_1_50_2,0.9808674727286101
PIVOTS_TRAD_D_R2,KCLe_20_2,0.9808569642675584
ATRTSe_14_20_3.0,VWMA_10,0.9808397607373669
ZL_EMA_10,KCLe_20_2,0.9808167684714659
CKSPs_10_3_20,KCBe_20_2,0.9808150572668937
FAMA_0.5_0.05,SSF_20,0.980801805860877
HILOl_13_21,DCM_20_20,0.9807961182732994
OHLC4,HWM_1,0.9807840879001938
HWMA_0.2_0.1_0.1,OHLC4,0.9807840879001936
HL2,HWM_1,0.9807666977420466
HL2,HWMA_0.2_0.1_0.1,0.9807666977420466
IKS_26,VWMA_10,0.9807589870637355
IKS_26,DCL_20_20,0.9807547447420761
ITS_9,ATRTSe_14_20_3.0,0.9807463054075074
Low,SWMA_10,0.9807428054387124
FAMA_0.5_0.05,KCBe_20_2,0.9807413263997842
MIDPOINT_2,RMA_10,0.9807325424768448
HILOl_13_21,CKSPl_10_3_20,0.9807239167439683
EMA_10,HWMA_0.2_0.1_0.1,0.9807107284364475
EMA_10,HWM_1,0.9807107284364475
EMA_10,HWL_1,0.9807076326662222
KAMA_10_2_30,VWAP_D,0.9807074878074276
HLC3,KAMA_10_2_30,0.9807074878074273
HL2,TRIMA_10,0.9807010422751238
KAMA_10_2_30,WCP,0.9806825007044135
ALPHAT_14_1_50,KCUe_20_2,0.9806692167569311
OHLC4,SSF_20,0.9806647889033695
MIDPRICE_2,RMA_10,0.9806578375180326
Open,HWM_1,0.980646871676876
Open,HWMA_0.2_0.1_0.1,0.980646871676876
MCGD_10,ABER_XG_5_15,0.9806361664152595
Open,SSF_20,0.9806339500065748
High,MCGD_10,0.9806127319557029
PWMA_10,VWAP_D,0.9806073898008068
HLC3,PWMA_10,0.9806073898008066
MCGD_10,PIVOTS_TRAD_D_S1,0.9805923738866793
FAMA_0.5_0.05,SWMA_10,0.9805799560045722
KAMA_10_2_30,BBL_5_2.0_2.0,0.9805764269031995
SSF3_20,PSARs_0.02_0.2,0.9805685968521852
High,SSF3_20,0.980557563699427
ABER_SG_5_15,HWL_1,0.9805524147905991
High,HWM_1,0.9805472503793708
High,HWMA_0.2_0.1_0.1,0.9805472503793708
RMA_10,ZL_EMA_10,0.9805372567469862
WMA_10,HWU_1,0.9805213716914883
CKSPs_10_3_20,ACCBM_20,0.9805196093554404
Low,HWM_1,0.9804982366880252
Low,HWMA_0.2_0.1_0.1,0.9804982366880252
IKS_26,ALPHAT_14_1_50,0.980484235684323
TRIMA_10,VWAP_D,0.9804749941175287
HLC3,TRIMA_10,0.9804749941175286
T3_10_0.7,CHDLREXTl_22_22_14_2.0,0.980470652860078
AGj_13_8_5,ALPHAT_14_1_50,0.9804705313284595
HWMA_0.2_0.1_0.1,VWAP_D,0.9804648596183406
HWM_1,VWAP_D,0.9804648596183406
HLC3,HWMA_0.2_0.1_0.1,0.9804648596183405
HLC3,HWM_1,0.9804648596183405
PWMA_10,WCP,0.9804480288923402
Open,KAMA_10_2_30,0.9804182868578668
HL2,SSF_20,0.9804144319933854
Open,HWL_1,0.9804127305254154
ZL_EMA_10,KCBe_20_2,0.9804120321581391
PSARs_0.02_0.2,ACCBM_20,0.9804030724938398
ALPHATl_14_1_50_2,CHDLREXTl_22_22_14_2.0,0.9804012595788655
ITS_9,ACCBU_20,0.9803965479701009
Close,KAMA_10_2_30,0.980393355175078
SUPERT_7_3.0,CHDLREXTl_22_22_14_2.0,0.980387254623101
TRIMA_10,WCP,0.9803649070746262
SSF3_20,LDECAY_1,0.9803632925299745
PWMA_10,ACCBU_20,0.9803626391277507
IKS_26,TRIMA_10,0.9803495149335042
PIVOTS_TRAD_D_P,KCLe_20_2,0.9803379884791356
SMMA_7,PSARs_0.02_0.2,0.9803226149131328
TRIMA_10,PSARs_0.02_0.2,0.980295335538509
Low,AGt_13_8_5,0.9802877565576367
AGj_13_8_5,PSARs_0.02_0.2,0.9802838283730103
SUPERT_7_3.0,KCUe_20_2,0.980270468351432
HWMA_0.2_0.1_0.1,WCP,0.9802683036874352
WCP,HWM_1,0.9802683036874352
MIDPOINT_2,KCLe_20_2,0.9802671866897006
FAMA_0.5_0.05,TRIMA_10,0.980266109539642
SSF3_20,ATRTSe_14_20_3.0,0.9802604072850363
TEMA_10,ALPHATl_14_1_50_2,0.9802447763716716
MAMA_0.5_0.05,KCBe_20_2,0.9802419391582042
SSF3_20,HWL_1,0.9802386872645428
SSF_20,VWAP_D,0.9802242312451965
HLC3,SSF_20,0.9802242312451965
HWMA_0.2_0.1_0.1,TRIMA_10,0.9802010605074438
TRIMA_10,HWM_1,0.9802010605074437
TRIMA_10,HWL_1,0.9801873148071422
FAMA_0.5_0.05,T3_10_0.7,0.9801775598430619
OHLC4,HWL_1,0.9801684203097469
PIVOTS_TRAD_D_S1,ALPHATl_14_1_50_2,0.9801585094073031
MIDPRICE_2,T3_10_0.7,0.9801567830417555
PSARs_0.02_0.2,DCM_20_20,0.9801477569586787
OBV_max_2,OBVe_12,0.9801475871732209
MCGD_10,LDECAY_1,0.9801454444428715
SSF_20,WCP,0.98014410979788
MIDPOINT_2,T3_10_0.7,0.9801273386685074
MCGD_10,SUPERT_7_3.0,0.9801245718730864
SSF3_20,TEMA_10,0.9801159540182379
PIVOTS_TRAD_D_P,SINWMA_14,0.9800791564464514
HL2,HWL_1,0.9800756058888112
AGt_13_8_5,HMA_10,0.9800609693565259
FWMA_10,FAMA_0.5_0.05,0.9800584669357828
SWMA_10,ATRTSe_14_20_3.0,0.9800556032805667
CHDLREXTl_22_22_14_2.0,VWMA_10,0.9800021079176976
PIVOTS_TRAD_D_S3,VWMA_10,0.979995678979764
PIVOTS_TRAD_D_S4,VWMA_10,0.979995678979764
CKSPl_10_3_20,KCBe_20_2,0.9799601714437236
SWMA_10,CHDLREXTl_22_22_14_2.0,0.9799395447566083
PIVOTS_TRAD_D_S2,ALPHATl_14_1_50_2,0.9799359153671728
PIVOTS_TRAD_D_S3,PIVOTS_TRAD_D_R4,0.9799113997571964
PIVOTS_TRAD_D_S4,PIVOTS_TRAD_D_R4,0.9799113997571964
PIVOTS_TRAD_D_S3,PIVOTS_TRAD_D_R3,0.9799113997571964
PIVOTS_TRAD_D_S4,PIVOTS_TRAD_D_R3,0.9799113997571964
SINWMA_14,CHDLREXTs_22_22_14_2.0,0.9799059085739589
AGt_13_8_5,HILOs_13_21,0.9798548309256002
IKS_26,T3_10_0.7,0.9798512193014008
FAMA_0.5_0.05,PWMA_10,0.9798365294132582
LDECAY_1,HWM_1,0.979830449513094
HWMA_0.2_0.1_0.1,LDECAY_1,0.979830449513094
Low,HWL_1,0.9798243387364143
SSF3_20,CHDLREXTl_22_22_14_2.0,0.9798130459051393
Close,TRIMA_10,0.9797705120178174
PIVOTS_TRAD_D_P,KCBe_20_2,0.9797670129020188
HLC3,HWL_1,0.9797669784628636
HWL_1,VWAP_D,0.9797669784628634
Close,PWMA_10,0.9797235110611815
High,HWL_1,0.9797177524036209
High,RMA_10,0.9797145784564383
SSF3_20,HT_TL,0.9796980878079453
HWMA_0.2_0.1_0.1,SSF3_20,0.9796967046153925
SSF3_20,HWM_1,0.9796967046153924
ABER_SG_5_15,KCUe_20_2,0.9796732607670368
MAMA_0.5_0.05,SSF3_20,0.9796679353240596
CKSPl_10_3_20,ACCBM_20,0.9796439438689138
PIVOTS_TRAD_D_S2,SSF3_20,0.97963012510428
Close,SSF_20,0.9796226984118384
QQE_14_5_4.236_RSIMA,SMIs_5_20_5_1.0,0.9795959265645753
HMA_10,SSF_20,0.9795865974681959
PIVOTS_TRAD_D_R3,HWM_1,0.9795863280668475
PIVOTS_TRAD_D_R4,HWM_1,0.9795863280668475
HWMA_0.2_0.1_0.1,PIVOTS_TRAD_D_R4,0.9795863280668472
HWMA_0.2_0.1_0.1,PIVOTS_TRAD_D_R3,0.9795863280668472
MIDPRICE_2,HWU_1,0.979565635929137
WCP,HWL_1,0.9795652252222382
SSF_20,CHDLREXTs_22_22_14_2.0,0.9795628460396105
SINWMA_14,ZL_EMA_10,0.9795570202052104
RMA_10,ABER_XG_5_15,0.9795481085166083
AGl_13_8_5,HT_TL,0.9795444524372271
HMA_10,KAMA_10_2_30,0.9795334705482235
ITS_9,IKS_26,0.9795290596357087
LINREG_14,SMMA_7,0.9795126175462139
MCGD_10,BBL_5_2.0_2.0,0.9794996238326656
FAMA_0.5_0.05,SINWMA_14,0.9794901587640924
MIDPRICE_2,KCLe_20_2,0.9794864999847417
Close,HWM_1,0.9794715900796848
Close,HWMA_0.2_0.1_0.1,0.9794715900796848
ALPHAT_14_1_50,HWM_1,0.9794589881104748
HWMA_0.2_0.1_0.1,ALPHAT_14_1_50,0.9794589881104748
KAMA_10_2_30,SUPERT_7_3.0,0.9794553372842355
SWMA_10,HT_TL,0.9794406953416833
RMA_10,LDECAY_1,0.979439907626399
PIVOTS_TRAD_D_S1,RMA_10,0.9794188571318095
AGj_13_8_5,FWMA_10,0.9794184841221942
FAMA_0.5_0.05,SMMA_7,0.9794159703615891
ITS_9,CHDLREXTl_22_22_14_2.0,0.979410231225489
ALPHAT_14_1_50,HT_TL,0.9793987574227498
MCGD_10,OHLC4,0.9793448858589195
CKSPs_10_3_20,HT_TL,0.9792957102494404
Open,SSF3_20,0.9792914678306028
MAMA_0.5_0.05,T3_10_0.7,0.9792867924082347
PSARs_0.02_0.2,CHDLREXTs_22_22_14_2.0,0.9792826507944242
MIDPOINT_2,KCBe_20_2,0.9792810932616498
ALMA_9_6.0_0.85,FAMA_0.5_0.05,0.979274040558621
AGt_13_8_5,SUPERT_7_3.0,0.9792733750764999
AGt_13_8_5,QTL_30_0.5,0.9792556251082789
AGt_13_8_5,MEDIAN_30,0.9792556251082789
High,ALPHATl_14_1_50_2,0.979237942006199
OHLC4,SSF3_20,0.9792263545181957
ALMA_9_6.0_0.85,DCM_20_20,0.9792227825398228
HT_TL,VWMA_10,0.9792135616893498
PIVOTS_TRAD_D_S1,T3_10_0.7,0.9792126897101399
AGt_13_8_5,DCL_20_20,0.9791597065491693
SMMA_7,DCU_20_20,0.9791393698960535
PSARl_0.02_0.2,ACCBM_20,0.9791306855085774
PSARs_0.02_0.2,KCBe_20_2,0.9791160936160145
T3_10_0.7,HWL_1,0.9791052118311686
DCL_20_20,KCBe_20_2,0.979105106090673
HL2,MCGD_10,0.9790971520168454
ABER_ZG_5_15,DCM_20_20,0.9790698923042218
LDECAY_1,HWL_1,0.9790680825624393
HILO_13_21,FAMA_0.5_0.05,0.9790632797735738
TRIMA_10,PSARl_0.02_0.2,0.9790529834932835
IKS_26,SWMA_10,0.9790529512935818
RMA_10,CKSPl_10_3_20,0.9790118482741476
T3_10_0.7,BBL_5_2.0_2.0,0.9789710675997197
HT_TL,CHDLREXTs_22_22_14_2.0,0.9789653788329364
MCGD_10,VWAP_D,0.9789636063138293
HLC3,MCGD_10,0.9789636063138292
HL2,SSF3_20,0.9789576400558404
Open,MCGD_10,0.9789285815644292
BBU_5_2.0_2.0,KCLe_20_2,0.97891525343322
BBM_5_2.0_2.0,DCM_20_20,0.9789098883795431
MIDPRICE_2,KCBe_20_2,0.9788964127882934
MCGD_10,WCP,0.978889991695786
Low,KAMA_10_2_30,0.9788769412067277
SMA_10,PSARs_0.02_0.2,0.9788732169728075
HILO_13_21,ABER_SG_5_15,0.978863389251759
MCGD_10,MEDIAN_30,0.9788487549259108
MCGD_10,QTL_30_0.5,0.9788487549259108
SMMA_7,DCL_20_20,0.9788474964728567
ITS_9,PIVOTS_TRAD_D_S4,0.9788241441103795
ITS_9,PIVOTS_TRAD_D_S3,0.9788241441103795
ITS_9,FAMA_0.5_0.05,0.9788195111728272
Low,PWMA_10,0.9788097188159878
RMA_10,PSARl_0.02_0.2,0.9787781880078624
HLC3,SSF3_20,0.9787515817725608
SSF3_20,VWAP_D,0.9787515817725608
HILOl_13_21,KCBe_20_2,0.9787258617680977
FWMA_10,DCM_20_20,0.9787104493808921
PIVOTS_TRAD_D_S2,HWU_1,0.9787102204464061
Close,HWL_1,0.9787009396748267
PIVOTS_TRAD_D_R4,KCLe_20_2,0.9786924344193265
PIVOTS_TRAD_D_R3,KCLe_20_2,0.9786924344193265
MCGD_10,PIVOTS_TRAD_D_S2,0.9786799532644068
IKS_26,SSF3_20,0.9786656920950215
FAMA_0.5_0.05,BBM_5_2.0_2.0,0.9786595896465734
SWMA_10,PSARs_0.02_0.2,0.9786574131175466
MIDPRICE_2,SINWMA_14,0.9786556840695845
SSF3_20,WCP,0.9786419680557985
SINWMA_14,SUPERT_7_3.0,0.9786418145696464
ALMA_9_6.0_0.85,ACCBM_20,0.9786308992269425
FAMA_0.5_0.05,ABER_ZG_5_15,0.9786264692301533
PIVOTS_TRAD_D_P,HWU_1,0.978618453887076
AGt_13_8_5,CKSPs_10_3_20,0.9786130017026298
ALPHATl_14_1_50_2,LDECAY_1,0.9786108507540232
MIDPOINT_2,SINWMA_14,0.9786030252047799
CKSPs_10_3_20,DCL_20_20,0.9785906570608697
APO_12_26,PPO_12_26_9,0.9785775075790145
LDECAY_1,KCLe_20_2,0.9785658425118526
High,T3_10_0.7,0.9785594579315726
T3_10_0.7,LDECAY_1,0.9785472324712213
PIVOTS_TRAD_D_S1,KCLe_20_2,0.9785459084459911
BBU_5_2.0_2.0,HWM_1,0.9785223915210769
HWMA_0.2_0.1_0.1,BBU_5_2.0_2.0,0.9785223915210769
ABER_XG_5_15,ACCBL_20,0.9785189020350931
ABER_ZG_5_15,KCUe_20_2,0.9785087234781811
PIVOTS_TRAD_D_S1,HWU_1,0.9785028454068704
PWMA_10,CHDLREXTl_22_22_14_2.0,0.9784890693641154
T3_10_0.7,ATRTSe_14_20_3.0,0.9784607790339329
SUPERT_7_3.0,DCM_20_20,0.9784600382046528
ABER_ZG_5_15,ACCBM_20,0.9784585351143766
KAMA_10_2_30,DCU_20_20,0.9784497205258681
HILO_13_21,CKSPs_10_3_20,0.9784479802517881
FAMA_0.5_0.05,SSF3_20,0.9784169442153942
ALMA_9_6.0_0.85,KCUe_20_2,0.9784161136480609
Low,TRIMA_10,0.9784122936256623
ACCBL_20,ATRTSe_14_20_3.0,0.978410108404591
Close,MCGD_10,0.9783985925706904
PSARs_0.02_0.2,ACCBU_20,0.9783558290641284
MIDPOINT_2,HWU_1,0.9783481960875426
BBM_5_2.0_2.0,KCUe_20_2,0.9783356117473897
CKSPs_10_3_20,ACCBU_20,0.9783343794330359
HWMA_0.2_0.1_0.1,T3_10_0.7,0.9783106017821772
T3_10_0.7,HWM_1,0.978310601782177
EMA_10,CHDLREXTs_22_22_14_2.0,0.9783007564733648
HILO_13_21,DCU_20_20,0.9782639399656156
SSF_20,DCL_20_20,0.9782619735453738
AGt_13_8_5,PSARl_0.02_0.2,0.9782527192326597
PIVOTS_TRAD_D_R2,HWU_1,0.9782463974346123
HILO_13_21,SUPERT_7_3.0,0.9782168148419182
MCGD_10,DCU_20_20,0.9782156883433789
OHLC4,RMA_10,0.9782057885144522
KAMA_10_2_30,CHDLREXTs_22_22_14_2.0,0.9782041636722492
ACCBM_20,BBM_5_2.0_2.0,0.9782001663520413
FAMA_0.5_0.05,ACCBM_20,0.9781582278755558
ABER_SG_5_15,DCM_20_20,0.9781531547939053
ALPHATl_14_1_50_2,BBL_5_2.0_2.0,0.9781508513039204
HILOl_13_21,ACCBL_20,0.978140618426688
T3_10_0.7,DCL_20_20,0.9781122018712012
SUPERT_7_3.0,DCU_20_20,0.9781001571138074
ALPHAT_14_1_50,HWL_1,0.978085372337846
PIVOTS_TRAD_D_R1,HWU_1,0.9780808016945773
PIVOTS_TRAD_D_R4,KCUe_20_2,0.9780739640962939
PIVOTS_TRAD_D_R3,KCUe_20_2,0.9780739640962939
SUPERT_7_3.0,ACCBM_20,0.9780466721316148
WMA_10,ATRTSe_14_20_3.0,0.9780462574911625
SSF_20,HWL_1,0.9780441582751229
Low,SSF_20,0.9780312377485607
Close,SSF3_20,0.9780285997002024
ABER_SG_5_15,ACCBM_20,0.9780242944685116
MAMA_0.5_0.05,SINWMA_14,0.9780199566529097
SINWMA_14,DCL_20_20,0.9780031369386937
High,KCLe_20_2,0.9779937895571983
High,KCBe_20_2,0.977992482698545
HL2,RMA_10,0.9779725099779415
Open,RMA_10,0.9779716850994677
LINREG_14,SSF_20,0.9779631629403509
HMA_10,SSF3_20,0.9779578176793895
SUPERT_7_3.0,KCBe_20_2,0.9779540829423954
PIVOTS_TRAD_D_R4,HWL_1,0.977939825711551
PIVOTS_TRAD_D_R3,HWL_1,0.977939825711551
PIVOTS_TRAD_D_S2,KCLe_20_2,0.9779083274058594
AGj_13_8_5,HILOl_13_21,0.9779055703390385
AGj_13_8_5,PIVOTS_TRAD_D_R3,0.9778792961596805
AGj_13_8_5,PIVOTS_TRAD_D_R4,0.9778792961596805
LDECAY_1,KCBe_20_2,0.977867098807023
HWMA_0.2_0.1_0.1,PIVOTS_TRAD_D_S3,0.9778571247736862
HWMA_0.2_0.1_0.1,PIVOTS_TRAD_D_S4,0.9778571247736862
PIVOTS_TRAD_D_S4,HWM_1,0.9778571247736861
PIVOTS_TRAD_D_S3,HWM_1,0.9778571247736861
PWMA_10,HT_TL,0.977856908305981
HILOs_13_21,SMMA_7,0.9778533302058515
AGt_13_8_5,FAMA_0.5_0.05,0.9778438501117368
ALMA_9_6.0_0.85,ACCBL_20,0.9778431885286649
LINREG_14,SSF3_20,0.9778338870036124
MEDIAN_30,CKSPs_10_3_20,0.9778048101762725
QTL_30_0.5,CKSPs_10_3_20,0.9778048101762725
HLC3,RMA_10,0.9778026294331684
RMA_10,VWAP_D,0.9778026294331683
SINWMA_14,DCU_20_20,0.9778016697048617
BBL_5_2.0_2.0,HWU_1,0.9778000844715435
PWMA_10,ATRTSe_14_20_3.0,0.977796677527054
T3_10_0.7,CHDLREXTs_22_22_14_2.0,0.9777510854072164
SINWMA_14,MEDIAN_30,0.9777493663179714
SINWMA_14,QTL_30_0.5,0.9777493663179714
ACCBM_20,BBU_5_2.0_2.0,0.9777488726319067
OHLC4,ALPHATl_14_1_50_2,0.9777475131165466
RWIh_14,RWIl_14,0.9777326406205186
RMA_10,WCP,0.9777283737274735
Open,ALPHATl_14_1_50_2,0.9776754299987274
HL2,ALPHATl_14_1_50_2,0.9776736827873536
WMA_10,ACCBU_20,0.9776595676741029
PIVOTS_TRAD_D_S4,HWL_1,0.9776404075066815
PIVOTS_TRAD_D_S3,HWL_1,0.9776404075066815
SMMA_7,SUPERT_7_3.0,0.9776387856840161
FWMA_10,ACCBM_20,0.9776317111860753
HILOs_13_21,SSF_20,0.9776292776101572
PIVOTS_TRAD_D_S4,SMA_10,0.9776249161619798
PIVOTS_TRAD_D_S3,SMA_10,0.9776249161619798
DCL_20_20,VWMA_10,0.977587205738424
PIVOTS_TRAD_D_S2,T3_10_0.7,0.9775646789276016
PIVOTS_TRAD_D_S2,RMA_10,0.9775477186022425
ABER_ZG_5_15,ACCBL_20,0.9775403739713802
PWMA_10,PSARs_0.02_0.2,0.9775220345033735
PIVOTS_TRAD_D_S1,KCBe_20_2,0.977505593379267
PIVOTS_TRAD_D_S1,SINWMA_14,0.9774973236168143
PSARl_0.02_0.2,ACCBL_20,0.9774904303601316
MCGD_10,TEMA_10,0.9774825062433282
HWMA_0.2_0.1_0.1,SSF_20,0.9774785972535597
SSF_20,HWM_1,0.9774785972535597
ITS_9,HT_TL,0.9774747536271239
ALMA_9_6.0_0.85,HILO_13_21,0.977446725258225
FWMA_10,ACCBL_20,0.9774286476466798
EMA_10,DCL_20_20,0.977392387776214
PIVOTS_TRAD_D_S4,BBU_5_2.0_2.0,0.9773892852518716
PIVOTS_TRAD_D_S3,BBU_5_2.0_2.0,0.9773892852518716
CKSPl_10_3_20,DCM_20_20,0.9773650193510738
High,SINWMA_14,0.9773519384492048
ITS_9,DCL_20_20,0.9773510239805482
ALPHATl_14_1_50_2,VWAP_D,0.9773503424867505
HLC3,ALPHATl_14_1_50_2,0.9773503424867502
ITS_9,PSARs_0.02_0.2,0.9773484501434176
HILO_13_21,ABER_ZG_5_15,0.9773416333039107
ATRTSe_14_20_3.0,CHDLREXTs_22_22_14_2.0,0.9773415330198909
PIVOTS_TRAD_D_S4,SMMA_7,0.9773401372866095
PIVOTS_TRAD_D_S3,SMMA_7,0.9773401372866095
SMA_10,PSARl_0.02_0.2,0.9773330257651667
MAMA_0.5_0.05,MCGD_10,0.9773063534959933
BBL_5_2.0_2.0,KCLe_20_2,0.977290931094914
WCP,ALPHATl_14_1_50_2,0.9772750720432727
PWMA_10,HWU_1,0.977264928251439
Close,RMA_10,0.9772546008062284
ACCBL_20,BBM_5_2.0_2.0,0.9772399945920847
SSF_20,SUPERT_7_3.0,0.9772039746856979
EMA_10,PSARs_0.02_0.2,0.9771808538518921
IKS_26,WMA_10,0.9771672492264503
WMA_10,CHDLREXTl_22_22_14_2.0,0.9771472876812082
T3_10_0.7,TEMA_10,0.977134703301758
OHLC4,T3_10_0.7,0.9771200292891274
SINWMA_14,LDECAY_1,0.9771181439148597
RMA_10,BBL_5_2.0_2.0,0.9771133852406049
SMA_10,CHDLREXTs_22_22_14_2.0,0.9770998563153074
AGj_13_8_5,PIVOTS_TRAD_D_R2,0.9770928518282668
ACCBU_20,CHDLREXTs_22_22_14_2.0,0.977074300170683
Open,T3_10_0.7,0.9770650385567884
ABER_XG_5_15,DCM_20_20,0.9770610403945232
FAMA_0.5_0.05,DCM_20_20,0.9770517975400128
ITS_9,CHDLREXTs_22_22_14_2.0,0.977026314924042
HILO_13_21,ABER_XG_5_15,0.9770178830150159
AGj_13_8_5,PSARl_0.02_0.2,0.9770008624160389
IKS_26,SUPERT_7_3.0,0.9769902569795044
OHLC4,KCLe_20_2,0.9769855156029404
KAMA_10_2_30,LINREG_14,0.976976020694152
IKS_26,PWMA_10,0.9769331241226705
HILO_13_21,BBM_5_2.0_2.0,0.9769313973680366
SMMA_7,PSARl_0.02_0.2,0.9769307921293809
AGl_13_8_5,CHDLREXTs_22_22_14_2.0,0.976930305738728
WCP,KCLe_20_2,0.9769229438475177
ABER_SG_5_15,ACCBL_20,0.9768990050442932
Close,KCLe_20_2,0.9768681273795362
HL2,T3_10_0.7,0.9768666036154942
Low,MCGD_10,0.976863768422992
CHDLREXTs_22_22_14_2.0,VWMA_10,0.9768629591522981
SWMA_10,HWU_1,0.9768540797480244
CKSPs_10_3_20,KCUe_20_2,0.9768347614566192
KCLe_20_2,VWAP_D,0.9768321673068587
HLC3,KCLe_20_2,0.9768321673068586
HL2,KCLe_20_2,0.9768252215461982
RMA_10,DCL_20_20,0.9768034216203771
Close,ALPHATl_14_1_50_2,0.976788522688559
SMA_10,DCL_20_20,0.9767826335432817
RMA_10,TEMA_10,0.9767443545167142
FWMA_10,KCUe_20_2,0.976729817713634
BBU_5_2.0_2.0,HWL_1,0.976694049862043
T3_10_0.7,VWAP_D,0.976688828259004
HLC3,T3_10_0.7,0.9766888282590038
SWMA_10,PSARl_0.02_0.2,0.9766809535666623
PIVOTS_TRAD_D_S2,KCBe_20_2,0.9766800278267971
OBV_min_2,OBVe_12,0.9766691306284598
PIVOTS_TRAD_D_S4,SWMA_10,0.9766646740261058
PIVOTS_TRAD_D_S3,SWMA_10,0.9766646740261058
CKSPs_10_3_20,KCLe_20_2,0.9766558388203075
SINWMA_14,BBL_5_2.0_2.0,0.9766547670993306
HMA_10,KCLe_20_2,0.976617251281844
T3_10_0.7,WCP,0.9766163266494012
Low,SSF3_20,0.9766128905848219
AGj_13_8_5,ABER_SG_5_15,0.9765943061611364
HILO_13_21,BBU_5_2.0_2.0,0.976593826715676
HILOs_13_21,ATRTSe_14_20_3.0,0.9765874195399185
HILOs_13_21,ALPHATl_14_1_50_2,0.9765509786591238
AGl_13_8_5,HWU_1,0.9765451984339708
ALPHATl_14_1_50_2,ATRTSe_14_20_3.0,0.9765426139922567
HL2,HWU_1,0.9765241589969036
SMMA_7,QTL_30_0.5,0.9765048013857726
SMMA_7,MEDIAN_30,0.9765048013857726
PSARs_0.02_0.2,VWMA_10,0.9765043542295752
OHLC4,HWU_1,0.9764616891523041
HMA_10,KCBe_20_2,0.9764214017053207
KAMA_10_2_30,PSARs_0.02_0.2,0.9764211435257232
MAMA_0.5_0.05,RMA_10,0.976407816405798
SSF_20,DCU_20_20,0.976400830380077
BBU_5_2.0_2.0,DCM_20_20,0.9763705498020778
AGl_13_8_5,DCL_20_20,0.9763580107115043
ALPHAT_14_1_50,CHDLREXTl_22_22_14_2.0,0.9763454476118055
High,HWU_1,0.9763420445953639
Low,HWU_1,0.9763156380086783
OHLC4,KCBe_20_2,0.9762999982171294
PSARs_0.02_0.2,KCUe_20_2,0.976289573048848
AGt_13_8_5,LINREG_14,0.9762527636147367
CKSPs_10_3_20,ACCBL_20,0.9762326930734713
HWU_1,VWMA_10,0.9762059148198194
ALPHATl_14_1_50_2,DCL_20_20,0.9761904804132626
HLC3,HWU_1,0.976184147841001
HWU_1,VWAP_D,0.976184147841001
PSARs_0.02_0.2,ACCBL_20,0.9761757159471298
HL2,KCBe_20_2,0.9761743463766044
Open,HWU_1,0.9761551630711033
SMMA_7,HWL_1,0.9761443178330096
SMMA_7,CKSPs_10_3_20,0.9761383024436798
ALPHAT_14_1_50,HWU_1,0.9761353440768475
ACCBU_20,BBU_5_2.0_2.0,0.9761351013791326
Close,T3_10_0.7,0.9761136167641573
PIVOTS_TRAD_D_R4,HWU_1,0.9760774539390424
PIVOTS_TRAD_D_R3,HWU_1,0.9760774539390424
MCGD_10,PSARl_0.02_0.2,0.9760628774073362
FWMA_10,HILO_13_21,0.9760528290965468
ITS_9,HWU_1,0.9760169581418315
TRIMA_10,CHDLREXTs_22_22_14_2.0,0.9760078222964983
WCP,KCBe_20_2,0.976001158830563
HLC3,KCBe_20_2,0.9759945653068196
KCBe_20_2,VWAP_D,0.9759945653068195
Open,KCLe_20_2,0.9759931938042586
WCP,HWU_1,0.9759763128934665
PIVOTS_TRAD_D_S2,SINWMA_14,0.9759122780410118
PSARl_0.02_0.2,KCBe_20_2,0.9758833440226531
AGl_13_8_5,PSARs_0.02_0.2,0.9758753891392296
HMA_10,T3_10_0.7,0.9758610398447122
Open,KCBe_20_2,0.9758415075048339
ABER_XG_5_15,ACCBM_20,0.9758399980945931
Close,KCBe_20_2,0.9757642411553071
HILOs_13_21,T3_10_0.7,0.975762280376037
SMMA_7,HWM_1,0.9757597632861236
HWMA_0.2_0.1_0.1,SMMA_7,0.9757597632861236
AGj_13_8_5,PIVOTS_TRAD_D_R1,0.9757368060701896
WMA_10,HT_TL,0.9757240673689654
TEMA_10,KCBe_20_2,0.9757227337626724
Open,SINWMA_14,0.9756780037980799
OHLC4,SINWMA_14,0.9756742299373513
HMA_10,MCGD_10,0.9756605900126144
KAMA_10_2_30,CKSPs_10_3_20,0.9756438635968198
Low,RMA_10,0.9756039039640656
PIVOTS_TRAD_D_S4,PWMA_10,0.9755811902371484
PIVOTS_TRAD_D_S3,PWMA_10,0.9755811902371484
AGj_13_8_5,DCL_20_20,0.9755798708809658
TEMA_10,KCLe_20_2,0.9755737383542481
SMA_10,HWU_1,0.9755698419610248
HILOl_13_21,HILOs_13_21,0.975536248728814
BBU_5_2.0_2.0,CHDLREXTl_22_22_14_2.0,0.9755269274825853
Low,ALPHATl_14_1_50_2,0.9755154701549716
SSF3_20,CHDLREXTs_22_22_14_2.0,0.9754955347892514
HILO_13_21,PSARl_0.02_0.2,0.9754891947297135
ALPHAT_14_1_50,ACCBU_20,0.9754856034023697
PIVOTS_TRAD_D_R2,KCUe_20_2,0.9754711181683314
AGj_13_8_5,JMA_7_0.0,0.9754502534455907
LDECAY_1,HWU_1,0.9754442345015418
DEMA_10,FAMA_0.5_0.05,0.9754440787459976
MAMA_0.5_0.05,ACCBL_20,0.9754427308895154
HL2,SINWMA_14,0.9754389080234692
FAMA_0.5_0.05,PIVOTS_TRAD_D_R2,0.9754315198491373
KAMA_10_2_30,FAMA_0.5_0.05,0.975431255772553
SUPERT_7_3.0,TRIMA_10,0.9754307646323225
BBL_5_2.0_2.0,BBU_5_2.0_2.0,0.9754162825018258
PWMA_10,PSARl_0.02_0.2,0.975410869851771
SINWMA_14,TEMA_10,0.9753998263235896
FAMA_0.5_0.05,PIVOTS_TRAD_D_R1,0.9753670463486427
EMA_10,HWU_1,0.9753622653878891
HWMA_0.2_0.1_0.1,MAMA_0.5_0.05,0.9753573010623152
MAMA_0.5_0.05,HWM_1,0.9753573010623152
ITS_9,PSARl_0.02_0.2,0.9753477351569224
SSF3_20,SUPERT_7_3.0,0.9753288877391892
BBU_5_2.0_2.0,HWU_1,0.9752440872378307
SINWMA_14,VWAP_D,0.9752168328959498
HLC3,SINWMA_14,0.9752168328959496
ALPHATl_14_1_50_2,HWM_1,0.9752069318983071
HWMA_0.2_0.1_0.1,ALPHATl_14_1_50_2,0.9752069318983069
Close,HWU_1,0.9751809057166274
LINREG_14,T3_10_0.7,0.9751578805726961
SINWMA_14,WCP,0.9751374977636769
FAMA_0.5_0.05,ZL_EMA_10,0.9751224229257076
HILOs_13_21,DCL_20_20,0.9750731124309465
TRIMA_10,DCL_20_20,0.9750337721779675
EMA_10,DCU_20_20,0.9750003052877368
HMA_10,RMA_10,0.9749776408581773
SSF3_20,DCL_20_20,0.974856757112155
ATRTSe_14_20_3.0,BBU_5_2.0_2.0,0.9748523733513398
ALPHATl_14_1_50_2,CHDLREXTs_22_22_14_2.0,0.9748028392817254
PIVOTS_TRAD_D_S3,ALPHATl_14_1_50_2,0.9747785978989556
PIVOTS_TRAD_D_S4,ALPHATl_14_1_50_2,0.9747785978989556
MAMA_0.5_0.05,DCM_20_20,0.9747748761171527
HILOs_13_21,TRIMA_10,0.9747727110449468
HILOs_13_21,CHDLREXTl_22_22_14_2.0,0.9747696409256171
MAMA_0.5_0.05,HWL_1,0.9747645223246881
PIVOTS_TRAD_D_R2,DCM_20_20,0.9747531416711066
SUPERT_7_3.0,T3_10_0.7,0.9747507479737795
Low,KCLe_20_2,0.9747335403154993
SWMA_10,CHDLREXTs_22_22_14_2.0,0.9747009483323967
PIVOTS_TRAD_D_R4,ACCBM_20,0.9746814318484287
PIVOTS_TRAD_D_R3,ACCBM_20,0.9746814318484287
SUPERT_7_3.0,HT_TL,0.974666482003727
TRIMA_10,HWU_1,0.9746434192978074
Close,SINWMA_14,0.9746280536387911
KAMA_10_2_30,PIVOTS_TRAD_D_S4,0.974623769234128
KAMA_10_2_30,PIVOTS_TRAD_D_S3,0.974623769234128
AGt_13_8_5,CKSPl_10_3_20,0.9746047038330691
ALPHAT_14_1_50,DCL_20_20,0.9745347529656166
KAMA_10_2_30,DCL_20_20,0.9744873014008771
IKS_26,PSARs_0.02_0.2,0.9744843423584313
PIVOTS_TRAD_D_R4,DCM_20_20,0.9744839331423539
PIVOTS_TRAD_D_R3,DCM_20_20,0.9744839331423539
PSARl_0.02_0.2,ACCBU_20,0.9744680578958481
HT_TL,PSARs_0.02_0.2,0.974457918200767
AGt_13_8_5,PIVOTS_TRAD_D_S3,0.9744287898161954
AGt_13_8_5,PIVOTS_TRAD_D_S4,0.9744287898161954
Low,T3_10_0.7,0.9744077585216424
PSARl_0.02_0.2,DCM_20_20,0.974383026881008
PSARl_0.02_0.2,VWMA_10,0.9743471567893327
ALPHATl_14_1_50_2,HWL_1,0.9742806929365421
HMA_10,SINWMA_14,0.9742509034356035
SSF_20,MEDIAN_30,0.9742147667322241
SSF_20,QTL_30_0.5,0.9742147667322241
PSARl_0.02_0.2,CHDLREXTl_22_22_14_2.0,0.974188599264674
ALPHATl_14_1_50_2,PSARs_0.02_0.2,0.9741735053532277
SMA_10,SUPERT_7_3.0,0.974161777237733
SWMA_10,DCL_20_20,0.9741391504092117
SINWMA_14,HWL_1,0.9741363686661584
HILOs_13_21,KAMA_10_2_30,0.9741197411327901
PIVOTS_TRAD_D_S3,TRIMA_10,0.9740809489275909
PIVOTS_TRAD_D_S4,TRIMA_10,0.9740809489275909
LINREG_14,KCBe_20_2,0.9740346174809873
AGj_13_8_5,DEMA_10,0.9740041799427559
PIVOTS_TRAD_D_R1,DCM_20_20,0.9739910725661748
AGj_13_8_5,PIVOTS_TRAD_D_P,0.9739734588668988
SUPERT_7_3.0,SWMA_10,0.9739343504316813
CHDLREXTs_22_22_14_2.0,KCUe_20_2,0.973895885752722
JMA_7_0.0,DCM_20_20,0.9738652837089933
KAMA_10_2_30,MEDIAN_30,0.9738283512040491
KAMA_10_2_30,QTL_30_0.5,0.9738283512040491
PIVOTS_TRAD_D_R2,ACCBM_20,0.973825615234597
EMA_10,SUPERT_7_3.0,0.9738194299413037
HILO_13_21,CKSPl_10_3_20,0.9738162933642147
JMA_7_0.0,FAMA_0.5_0.05,0.9737966367088894
ABER_ZG_5_15,ATRTSe_14_20_3.0,0.9737816366160539
FAMA_0.5_0.05,PIVOTS_TRAD_D_P,0.9737616705431826
HILOs_13_21,SMA_10,0.973751804970128
ATRTSe_14_20_3.0,BBM_5_2.0_2.0,0.9737256006714834
KAMA_10_2_30,CKSPl_10_3_20,0.9737229571799535
Low,KCBe_20_2,0.9737144558938851
HWMA_0.2_0.1_0.1,SINWMA_14,0.9737064928840843
SINWMA_14,HWM_1,0.9737064928840842
EMA_10,HILOs_13_21,0.9736854037585735
HILOs_13_21,SSF3_20,0.9736655406128165
PIVOTS_TRAD_D_S4,SSF_20,0.9736385545447075
PIVOTS_TRAD_D_S3,SSF_20,0.9736385545447075
ALMA_9_6.0_0.85,ATRTSe_14_20_3.0,0.9736146498004353
SSF3_20,HWU_1,0.9736143095841038
PIVOTS_TRAD_D_S3,HWU_1,0.9736038393432105
PIVOTS_TRAD_D_S4,HWU_1,0.9736038393432105
FAMA_0.5_0.05,PIVOTS_TRAD_D_S4,0.9735725340891612
FAMA_0.5_0.05,PIVOTS_TRAD_D_S3,0.9735725340891612
FAMA_0.5_0.05,PIVOTS_TRAD_D_R3,0.9735531316627506
FAMA_0.5_0.05,PIVOTS_TRAD_D_R4,0.9735531316627506
LINREG_14,SINWMA_14,0.9735440110268432
BBL_5_2.0_2.0,KCBe_20_2,0.9735346624631074
FAMA_0.5_0.05,MIDPOINT_2,0.9735229578678368
QTL_30_0.5,CHDLREXTs_22_22_14_2.0,0.9735193923955162
MEDIAN_30,CHDLREXTs_22_22_14_2.0,0.9735193923955162
LINREG_14,KCLe_20_2,0.97351413903689
SUPERT_7_3.0,CKSPl_10_3_20,0.9734762096443434
FAMA_0.5_0.05,HT_TL,0.9734733354162438
HILOl_13_21,RMA_10,0.9734650837977079
TRIMA_10,DCU_20_20,0.973457784569201
PSARs_0.02_0.2,KCLe_20_2,0.9734211553252651
MEDIAN_30,ALPHATl_14_1_50_2,0.9733961646175121
QTL_30_0.5,ALPHATl_14_1_50_2,0.9733961646175121
ALPHAT_14_1_50,ATRTSe_14_20_3.0,0.9733951222084815
PWMA_10,SUPERT_7_3.0,0.9733639133807157
HT_TL,ABER_SG_5_15,0.9733560138479322
AGl_13_8_5,DCU_20_20,0.9733358959251985
WMA_10,DCL_20_20,0.9732852281144174
EMA_10,PSARl_0.02_0.2,0.9732531004239161
SMA_10,DCU_20_20,0.9731379743322824
PIVOTS_TRAD_D_R1,KCUe_20_2,0.9731125006708277
MAMA_0.5_0.05,ACCBM_20,0.9731045682672356
FAMA_0.5_0.05,MCGD_10,0.9730982657287652
ACCBL_20,BBU_5_2.0_2.0,0.9730956199334226
AGj_13_8_5,MIDPOINT_2,0.9730720982867203
DEMA_10,DCM_20_20,0.9730615611453206
SINWMA_14,CKSPs_10_3_20,0.9729864609154623
AGj_13_8_5,ABER_XG_5_15,0.9729440173442522
ABER_ZG_5_15,CHDLREXTl_22_22_14_2.0,0.9728899654258061
AGj_13_8_5,ZL_EMA_10,0.9728872038161898
PSARs_0.02_0.2,ATRTSe_14_20_3.0,0.9728755108764461
ALMA_9_6.0_0.85,CHDLREXTl_22_22_14_2.0,0.972846041242095
AGt_13_8_5,HWL_1,0.9728416637448754
Low,SINWMA_14,0.9728337307313839
HILO_13_21,PIVOTS_TRAD_D_R4,0.9728240497471029
HILO_13_21,PIVOTS_TRAD_D_R3,0.9728240497471029
JMA_7_0.0,KCUe_20_2,0.972801347786882
HMA_10,FAMA_0.5_0.05,0.9727853845864638
ITS_9,SUPERT_7_3.0,0.9727674836197743
PSARl_0.02_0.2,KCLe_20_2,0.9727555138796098
FAMA_0.5_0.05,PIVOTS_TRAD_D_S2,0.9727465757683422
BBM_5_2.0_2.0,CHDLREXTl_22_22_14_2.0,0.9727312629921089
MCGD_10,CKSPl_10_3_20,0.9726961011922556
SUPERT_7_3.0,VWMA_10,0.9726777535013361
SUPERT_7_3.0,PSARs_0.02_0.2,0.972676578262964
PIVOTS_TRAD_D_S4,KCLe_20_2,0.9726752784595272
PIVOTS_TRAD_D_S3,KCLe_20_2,0.9726752784595272
FAMA_0.5_0.05,RMA_10,0.9726729721663049
T3_10_0.7,DCU_20_20,0.9726616916859832
HT_TL,DCL_20_20,0.9726403598270548
WMA_10,PSARs_0.02_0.2,0.9726306675444
WMA_10,CHDLREXTs_22_22_14_2.0,0.9726191097258303
BBU_5_2.0_2.0,DCU_20_20,0.9726071042685335
AGj_13_8_5,MIDPRICE_2,0.9726035007071333
HILOs_13_21,SWMA_10,0.9725969911090988
PIVOTS_TRAD_D_P,DCM_20_20,0.9725945458592751
ABER_XG_5_15,KCUe_20_2,0.9725697524997325
IKS_26,ABER_SG_5_15,0.9725433817958492
KAMA_10_2_30,PSARl_0.02_0.2,0.9725159441452198
SUPERT_7_3.0,ALPHATl_14_1_50_2,0.9725056735036155
PIVOTS_TRAD_D_R1,ACCBM_20,0.9724682231786399
DEMA_10,KCUe_20_2,0.9724670173218481
AGl_13_8_5,SUPERT_7_3.0,0.9724272127921253
SSF3_20,DCU_20_20,0.9723584811774847
FAMA_0.5_0.05,MIDPRICE_2,0.972354183234432
OBV,OBVe_12,0.9723471917517308
ZL_EMA_10,DCM_20_20,0.9722910903853682
AGt_13_8_5,HWMA_0.2_0.1_0.1,0.9722910765052186
AGt_13_8_5,HWM_1,0.9722910765052186
SSF_20,CKSPs_10_3_20,0.9722291973351099
PSARs_0.02_0.2,DCL_20_20,0.9722066522732561
ABER_ZG_5_15,ACCBU_20,0.9722044078918125
HILO_13_21,MAMA_0.5_0.05,0.9721689235132005
IKS_26,ALMA_9_6.0_0.85,0.9721462666927411
FAMA_0.5_0.05,BBU_5_2.0_2.0,0.9721432465614502
IKS_26,ABER_ZG_5_15,0.9721404795174189
SWMA_10,DCU_20_20,0.972136611032837
ALMA_9_6.0_0.85,ACCBU_20,0.9721098640409794
HILO_13_21,PIVOTS_TRAD_D_R2,0.972107069267508
FAMA_0.5_0.05,VIDYA_14,0.9720895155659321
High,FAMA_0.5_0.05,0.9720881200807129
High,AGj_13_8_5,0.9720494838583661
FWMA_10,ATRTSe_14_20_3.0,0.9720292515636173
MIDPOINT_2,DCM_20_20,0.9720041228489091
PWMA_10,CHDLREXTs_22_22_14_2.0,0.9719853470399352
FAMA_0.5_0.05,LDECAY_1,0.9719639026926624
IKS_26,BBM_5_2.0_2.0,0.9719458437006324
ACCBU_20,BBM_5_2.0_2.0,0.9719192365436303
HILOl_13_21,SINWMA_14,0.971912804887382
PIVOTS_TRAD_D_R2,ACCBL_20,0.9719079560592437
T3_10_0.7,HWU_1,0.9719004673630264
AGj_13_8_5,LDECAY_1,0.9718641789049307
PIVOTS_TRAD_D_R4,ACCBU_20,0.971853606298563
PIVOTS_TRAD_D_R3,ACCBU_20,0.971853606298563
DEMA_10,ACCBM_20,0.9718367527501844
PIVOTS_TRAD_D_S3,SSF3_20,0.9718349026905234
PIVOTS_TRAD_D_S4,SSF3_20,0.9718349026905234
ABER_SG_5_15,ACCBU_20,0.9718230911038475
IKS_26,FWMA_10,0.9717848635950085
SMMA_7,CKSPl_10_3_20,0.9717435374623518
FAMA_0.5_0.05,PIVOTS_TRAD_D_S1,0.9717325890041145
KAMA_10_2_30,HWL_1,0.9717139528765583
ALPHAT_14_1_50,CHDLREXTs_22_22_14_2.0,0.9716945645054137
AGl_13_8_5,PSARl_0.02_0.2,0.9716682566901912
JMA_7_0.0,ACCBM_20,0.9716265576525717
DEMA_10,ACCBL_20,0.9715939169216395
CKSPs_10_3_20,PSARs_0.02_0.2,0.9715926319709572
ZL_EMA_10,KCUe_20_2,0.9715694260780272
HILOs_13_21,SUPERT_7_3.0,0.9715475797991241
PIVOTS_TRAD_D_R3,CHDLREXTl_22_22_14_2.0,0.971542565433172
PIVOTS_TRAD_D_R4,CHDLREXTl_22_22_14_2.0,0.971542565433172
IKS_26,BBU_5_2.0_2.0,0.9715298710562558
AGl_13_8_5,HILOs_13_21,0.9714999407109228
PWMA_10,DCL_20_20,0.9714925155394459
MIDPRICE_2,DCM_20_20,0.971487355939896
ACCBL_20,DCU_20_20,0.9714735833839018
AGj_13_8_5,PIVOTS_TRAD_D_S1,0.9714722535709751
ALPHATl_14_1_50_2,DCU_20_20,0.9714593149945739
HWMA_0.2_0.1_0.1,KAMA_10_2_30,0.9714475990163755
KAMA_10_2_30,HWM_1,0.9714475990163753
SSF_20,HWU_1,0.9714434532227472
PIVOTS_TRAD_D_R1,ACCBL_20,0.9714293086597703
FWMA_10,CHDLREXTl_22_22_14_2.0,0.9713897096714005
ALPHATl_14_1_50_2,HWU_1,0.9713713418270672
DCU_20_20,VWMA_10,0.9713349047831074
EMA_10,QTL_30_0.5,0.971274189909268
EMA_10,MEDIAN_30,0.971274189909268
ABER_SG_5_15,CHDLREXTl_22_22_14_2.0,0.9712468672302663
EMA_10,CKSPs_10_3_20,0.9711876924158892
IKS_26,FAMA_0.5_0.05,0.9711251350106046
High,DCM_20_20,0.9711157773400989
AGj_13_8_5,MAMA_0.5_0.05,0.9710871733561205
HILOs_13_21,VWMA_10,0.9710870526224961
T3_10_0.7,MEDIAN_30,0.9710779588757262
T3_10_0.7,QTL_30_0.5,0.9710779588757262
PIVOTS_TRAD_D_R4,ACCBL_20,0.9710710832350914
PIVOTS_TRAD_D_R3,ACCBL_20,0.9710710832350914
PSARl_0.02_0.2,KCUe_20_2,0.9710169642153433
PWMA_10,DCU_20_20,0.9710085599572955
KST_10_15_20_30_10_10_10_15,MACDs_12_26_9,0.9709254162267618
MAMA_0.5_0.05,HWU_1,0.970898856762859
HILOs_13_21,PWMA_10,0.9708936959133128
HT_TL,PSARl_0.02_0.2,0.9708507538472245
ITS_9,DCU_20_20,0.970825424456858
Open,FAMA_0.5_0.05,0.9708159876597209
HT_TL,BBU_5_2.0_2.0,0.970790784623793
PIVOTS_TRAD_D_P,KCUe_20_2,0.9707573218099734
D_9_3,STOCHd_14_3_3,0.9707070190504073
DEMA_10,HILO_13_21,0.9706845182302227
LINREG_14,MCGD_10,0.9706733490922262
ALPHATl_14_1_50_2,PSARl_0.02_0.2,0.9706624266659378
JMA_7_0.0,ACCBL_20,0.9706584219321177
LINREG_14,RMA_10,0.9706477162633393
HILO_13_21,PIVOTS_TRAD_D_R1,0.9705952509664061
LDECAY_1,DCM_20_20,0.9705461259367317
PIVOTS_TRAD_D_P,ACCBM_20,0.9705372387587773
ITS_9,HILOs_13_21,0.9705025296048728
LINREG_14,FAMA_0.5_0.05,0.9704777036557001
MCGD_10,PIVOTS_TRAD_D_S3,0.9704093606700266
MCGD_10,PIVOTS_TRAD_D_S4,0.9704093606700266
SUPERT_7_3.0,ACCBL_20,0.9703551991928886
SMIs_5_20_5_1.0,TSI_13_25_13,0.9703483457735153
ZL_EMA_10,ACCBM_20,0.9702740264810452
AGj_13_8_5,OHLC4,0.9702665391947314
PIVOTS_TRAD_D_S1,DCM_20_20,0.9702629473437193
IKS_26,ABER_XG_5_15,0.9702489787009885
HILO_13_21,JMA_7_0.0,0.9701593282115539
PIVOTS_TRAD_D_R3,ATRTSe_14_20_3.0,0.9701519598156577
PIVOTS_TRAD_D_R4,ATRTSe_14_20_3.0,0.9701519598156577
Close,FAMA_0.5_0.05,0.9701330691871788
PIVOTS_TRAD_D_R2,CHDLREXTl_22_22_14_2.0,0.9701154823406015
SMMA_7,HWU_1,0.9700968647934843
PIVOTS_TRAD_D_P,ACCBL_20,0.9700816990212813
FWMA_10,ACCBU_20,0.9700759643683595
FAMA_0.5_0.05,OHLC4,0.970074988445896
PIVOTS_TRAD_D_S3,T3_10_0.7,0.9700516504267056
PIVOTS_TRAD_D_S4,T3_10_0.7,0.9700516504267056
ISA_9,ISB_26,0.9700489682374384
AGj_13_8_5,HL2,0.9700392559613626
PIVOTS_TRAD_D_S3,KCBe_20_2,0.9700371330585565
PIVOTS_TRAD_D_S4,KCBe_20_2,0.9700371330585565
Open,AGj_13_8_5,0.9700180848600983
AGj_13_8_5,PIVOTS_TRAD_D_S2,0.9700047969856403
AGj_13_8_5,FAMA_0.5_0.05,0.9699872262678488
Volume,PVOL,0.9699710903549073
HL2,FAMA_0.5_0.05,0.9699302668634904
ALMA_9_6.0_0.85,HT_TL,0.9698838681569852
AGj_13_8_5,HLC3,0.9698709055594457
AGj_13_8_5,VWAP_D,0.9698709055594457
AGj_13_8_5,WCP,0.9698595642252422
MAMA_0.5_0.05,KCUe_20_2,0.9698521572618989
FAMA_0.5_0.05,WCP,0.9698440912225245
MIDPOINT_2,KCUe_20_2,0.9698104804806994
HT_TL,ABER_ZG_5_15,0.9698100269156384
ZL_EMA_10,ACCBL_20,0.9697836904897362
HILOl_13_21,KCLe_20_2,0.9697599492744197
MIDPRICE_2,KCUe_20_2,0.9697579674572403
AGt_13_8_5,HILOl_13_21,0.9697552728658477
SINWMA_14,CKSPl_10_3_20,0.969734219367377
MIDPOINT_2,ACCBM_20,0.9697089157419795
PIVOTS_TRAD_D_S2,DCM_20_20,0.9696924127360999
FAMA_0.5_0.05,VWAP_D,0.9696860571778969
HLC3,FAMA_0.5_0.05,0.9696860571778967
TRIMA_10,QTL_30_0.5,0.9696765835455687
TRIMA_10,MEDIAN_30,0.9696765835455687
High,KCUe_20_2,0.9696482117822718
Open,DCM_20_20,0.9695976388713977
Close,AGj_13_8_5,0.9695755466962431
OHLC4,DCM_20_20,0.9695526680562645
SMA_10,QTL_30_0.5,0.9695341029642812
SMA_10,MEDIAN_30,0.9695341029642812
HT_TL,ABER_XG_5_15,0.969518293463145
PIVOTS_TRAD_D_R2,ATRTSe_14_20_3.0,0.9695127874523463
HT_TL,BBM_5_2.0_2.0,0.9694765188033305
CKSPs_10_3_20,CHDLREXTl_22_22_14_2.0,0.9694643339990392
FAMA_0.5_0.05,TEMA_10,0.9694205314966771
HL2,DCM_20_20,0.9694189881673807
AGl_13_8_5,CKSPs_10_3_20,0.9693972852861299
MIDPOINT_2,ACCBL_20,0.9693348256013546
HILOl_13_21,MCGD_10,0.969260298282251
HILOs_13_21,ALPHAT_14_1_50,0.9692155095432576
MIDPRICE_2,ACCBM_20,0.9691923787900666
DCM_20_20,VWAP_D,0.9691791067674403
HLC3,DCM_20_20,0.9691791067674403
WCP,DCM_20_20,0.969177564035395
HILOl_13_21,ATRTSe_14_20_3.0,0.9691637923081208
JMA_7_0.0,ATRTSe_14_20_3.0,0.9691460536786336
FAMA_0.5_0.05,KCUe_20_2,0.9691114765108628
FWMA_10,HT_TL,0.9690519643903361
PIVOTS_TRAD_D_S4,RMA_10,0.9690403584852912
PIVOTS_TRAD_D_S3,RMA_10,0.9690403584852912
SMA_10,CKSPs_10_3_20,0.9690333074682385
HILO_13_21,ZL_EMA_10,0.9689503330977699
Close,DCM_20_20,0.968892181225343
ABER_SG_5_15,ATRTSe_14_20_3.0,0.9688629108117074
PIVOTS_TRAD_D_R2,ACCBU_20,0.9688269140261884
HILOs_13_21,DCU_20_20,0.96877576153123
HILO_13_21,PIVOTS_TRAD_D_P,0.9687235897134928
MIDPRICE_2,ACCBL_20,0.9687041836577898
LDECAY_1,KCUe_20_2,0.9687007685551846
High,ACCBM_20,0.9686879517590703
AGl_13_8_5,QTL_30_0.5,0.9686328974565309
AGl_13_8_5,MEDIAN_30,0.9686328974565309
PSARs_0.02_0.2,CHDLREXTl_22_22_14_2.0,0.9685742949831371
LDECAY_1,ACCBM_20,0.9685668029202532
MOM_10,ROC_10,0.9685429711865003
IKS_26,PIVOTS_TRAD_D_R4,0.9685232875169639
IKS_26,PIVOTS_TRAD_D_R3,0.9685232875169639
WMA_10,DCU_20_20,0.9684693619211534
ALMA_9_6.0_0.85,DCL_20_20,0.9684502381159831
SUPERT_7_3.0,KCLe_20_2,0.9683756539843801
FWMA_10,DCL_20_20,0.9683622650000793
AGj_13_8_5,TEMA_10,0.9683283837354553
PIVOTS_TRAD_D_R1,ATRTSe_14_20_3.0,0.9683186498208128
ATRTSe_14_20_3.0,DCL_20_20,0.968303268694308
IKS_26,MAMA_0.5_0.05,0.9682946702649983
TRIMA_10,CKSPs_10_3_20,0.9682882642758367
SSF3_20,QTL_30_0.5,0.9682764622422233
SSF3_20,MEDIAN_30,0.9682764622422233
SUPERT_7_3.0,WMA_10,0.968276398368582
PIVOTS_TRAD_D_S4,SINWMA_14,0.9682753788929984
PIVOTS_TRAD_D_S3,SINWMA_14,0.9682753788929984
ITS_9,CKSPs_10_3_20,0.9682479019027335
CHDLREXTl_22_22_14_2.0,CHDLREXTs_22_22_14_2.0,0.968209874891904
PIVOTS_TRAD_D_R1,CHDLREXTl_22_22_14_2.0,0.9682016568256767
CKSPs_10_3_20,VWMA_10,0.9681795820993282
PSARs_0.02_0.2,BBU_5_2.0_2.0,0.9681780342592536
ABER_ZG_5_15,DCL_20_20,0.9681518358245872
FISHERT_9_1,FISHERTs_9_1,0.9681102092996365
HILOl_13_21,ALPHATl_14_1_50_2,0.9680955814165512
WMA_10,PSARl_0.02_0.2,0.968065725352275
BBM_5_2.0_2.0,DCL_20_20,0.9680649890988422
PIVOTS_TRAD_D_S1,KCUe_20_2,0.9680610259497398
LDECAY_1,ACCBL_20,0.9680196549246294
ABER_XG_5_15,DCL_20_20,0.9680096010062814
HMA_10,KCUe_20_2,0.9679423232284485
SUPERT_7_3.0,MEDIAN_30,0.9679332366061478
SUPERT_7_3.0,QTL_30_0.5,0.9679332366061478
MCGD_10,HWL_1,0.967912988202093
IKS_26,PIVOTS_TRAD_D_R2,0.9679037763264186
AGj_13_8_5,BBL_5_2.0_2.0,0.9678800998318714
HMA_10,DCM_20_20,0.9678358564807193
HILOl_13_21,SUPERT_7_3.0,0.9678038617584797
SINWMA_14,HWU_1,0.9678001457362108
MEDIAN_30,VWMA_10,0.9677709202669423
QTL_30_0.5,VWMA_10,0.9677709202669423
PIVOTS_TRAD_D_S1,ACCBM_20,0.9677707014241836
DCU_20_20,KCLe_20_2,0.9677287998072831
CKSPl_10_3_20,ACCBL_20,0.9677045158432507
High,ACCBL_20,0.9676842883589484
SUPERT_7_3.0,CHDLREXTs_22_22_14_2.0,0.9676417090215439
PIVOTS_TRAD_D_S1,ACCBL_20,0.9676248118918364
SSF_20,CKSPl_10_3_20,0.967599906632469
SLOPE_1,PCTRET_1,0.9675317131522064
Open,KCUe_20_2,0.9675182304094546
SSF3_20,CKSPs_10_3_20,0.9674949182504515
PSARl_0.02_0.2,DCU_20_20,0.9674613094078354
Low,AGj_13_8_5,0.9673924152956612
PSARs_0.02_0.2,ABER_ZG_5_15,0.9673419086886409
HILO_13_21,MIDPRICE_2,0.9673412600009571
HILO_13_21,MIDPOINT_2,0.9673298471682195
PIVOTS_TRAD_D_S2,KCUe_20_2,0.9673286730451809
TEMA_10,KCUe_20_2,0.9673285271260078
ALMA_9_6.0_0.85,CHDLREXTs_22_22_14_2.0,0.9673208686307483
SWMA_10,QTL_30_0.5,0.9672873631970182
SWMA_10,MEDIAN_30,0.9672873631970182
ABER_ZG_5_15,CHDLREXTs_22_22_14_2.0,0.967279890163934
HILOs_13_21,WMA_10,0.9672796121832815
ALPHAT_14_1_50,PSARs_0.02_0.2,0.9672763033556517
JMA_7_0.0,CHDLREXTl_22_22_14_2.0,0.9672581441920239
IKS_26,PSARl_0.02_0.2,0.9672372783473776
OHLC4,KCUe_20_2,0.9671917661547259
PIVOTS_TRAD_D_R4,HT_TL,0.9671736628647923
PIVOTS_TRAD_D_R3,HT_TL,0.9671736628647923
Low,FAMA_0.5_0.05,0.9671466442914733
PIVOTS_TRAD_D_S2,ACCBL_20,0.9671422341942852
ALMA_9_6.0_0.85,PSARs_0.02_0.2,0.9671278922362658
HL2,KCUe_20_2,0.9671132971418681
BBM_5_2.0_2.0,CHDLREXTs_22_22_14_2.0,0.9670815494538876
T3_10_0.7,CKSPs_10_3_20,0.9670807853052189
HILOl_13_21,SMMA_7,0.967053401295997
AGj_13_8_5,HMA_10,0.9670379441420883
HILOl_13_21,SSF_20,0.9669928180972516
ACCBU_20,DCL_20_20,0.9669865272229307
Low,DCM_20_20,0.9669833553607837
IKS_26,JMA_7_0.0,0.9669657005903596
SUPERT_7_3.0,CKSPs_10_3_20,0.9669362049599706
HILOs_13_21,CKSPl_10_3_20,0.9668865549148116
IKS_26,PIVOTS_TRAD_D_R1,0.9668648295423263
PIVOTS_TRAD_D_P,ATRTSe_14_20_3.0,0.9668436907523484
PIVOTS_TRAD_D_S2,ACCBM_20,0.9668192177677647
RMA_10,HWL_1,0.9668165159801227
PSARs_0.02_0.2,BBM_5_2.0_2.0,0.966763225307345
MCGD_10,HWM_1,0.9667301318114018
HWMA_0.2_0.1_0.1,MCGD_10,0.9667301318114017
KCUe_20_2,VWAP_D,0.9667007146140194
HLC3,KCUe_20_2,0.9667007146140192
SWMA_10,CKSPs_10_3_20,0.9666925627146261
WCP,KCUe_20_2,0.9666252941596382
OHLC4,ACCBM_20,0.9666115924772786
PIVOTS_TRAD_D_R4,DCU_20_20,0.9666099433806732
PIVOTS_TRAD_D_R3,DCU_20_20,0.9666099433806732
ALPHAT_14_1_50,DCU_20_20,0.9666090068874841
TEMA_10,DCM_20_20,0.9665691827599555
Open,ACCBM_20,0.9665297097418005
AGt_13_8_5,HWU_1,0.9665159546866174
MIDPOINT_2,ATRTSe_14_20_3.0,0.966472067692889
HL2,ACCBM_20,0.9664536588706159
FWMA_10,CHDLREXTs_22_22_14_2.0,0.9664531623704343
High,HILO_13_21,0.9664085106851339
QTL_30_0.5,ALPHAT_14_1_50,0.9664067282015456
MEDIAN_30,ALPHAT_14_1_50,0.9664067282015456
LINREG_14,KCUe_20_2,0.9663924627711734
DEMA_10,ATRTSe_14_20_3.0,0.96637990360478
ABER_XG_5_15,CHDLREXTl_22_22_14_2.0,0.966348572614978
HWL_1,KCLe_20_2,0.9663413526695097
SUPERT_7_3.0,SUPERTs_7_3.0,0.9663169776468788
RMA_10,HWM_1,0.9662768627607335
HWMA_0.2_0.1_0.1,RMA_10,0.9662768627607332
WCP,ACCBM_20,0.9662585329813407
ACCBM_20,VWAP_D,0.9662416823260712
HLC3,ACCBM_20,0.966241682326071
PIVOTS_TRAD_D_R1,ACCBU_20,0.9662414593245686
Close,KCUe_20_2,0.9662382899704324
MAMA_0.5_0.05,HT_TL,0.9662322762694565
EMA_10,CKSPl_10_3_20,0.9662255246733876
CKSPl_10_3_20,KCLe_20_2,0.9661861737111513
ALPHATl_14_1_50_2,CKSPs_10_3_20,0.9661703710373157
SUPERT_7_3.0,ALPHAT_14_1_50,0.9661390653162618
ZL_EMA_10,ATRTSe_14_20_3.0,0.9661280236656529
PIVOTS_TRAD_D_P,CHDLREXTl_22_22_14_2.0,0.9661116247213476
OHLC4,ACCBL_20,0.9660608875917969
Close,ACCBM_20,0.9660518679416644
SUPERT_7_3.0,BBU_5_2.0_2.0,0.9659939437778825
DEMA_10,CHDLREXTl_22_22_14_2.0,0.9659856902476408
KAMA_10_2_30,HWU_1,0.9659798430965496
PSARl_0.02_0.2,ATRTSe_14_20_3.0,0.9659438946863882
MAMA_0.5_0.05,CHDLREXTl_22_22_14_2.0,0.9659255958100935
MIDPRICE_2,ATRTSe_14_20_3.0,0.9659207183501841
HL2,ACCBL_20,0.9658979677615397
Open,ACCBL_20,0.9658870834351319
HILO_13_21,PIVOTS_TRAD_D_S1,0.9658631781006879
WCP,ACCBL_20,0.9657888597067209
ACCBL_20,VWAP_D,0.9657379862140704
HLC3,ACCBL_20,0.9657379862140703
HILOl_13_21,PSARl_0.02_0.2,0.9657100633913283
HILOl_13_21,T3_10_0.7,0.9656693471085457
Close,ACCBL_20,0.9656374209997322
ITS_9,MEDIAN_30,0.9655922081387599
ITS_9,QTL_30_0.5,0.9655922081387599
HILO_13_21,LDECAY_1,0.9655901163187799
ZL_EMA_10,CHDLREXTl_22_22_14_2.0,0.9655715367684589
PIVOTS_TRAD_D_R2,HT_TL,0.9654823226756588
High,CHDLREXTl_22_22_14_2.0,0.9654574212755047
HMA_10,ACCBM_20,0.9654355365497375
QTL_30_0.5,PSARs_0.02_0.2,0.9654058530706112
MEDIAN_30,PSARs_0.02_0.2,0.9654058530706112
FAMA_0.5_0.05,CHDLREXTl_22_22_14_2.0,0.9653856260749697
BBL_5_2.0_2.0,DCM_20_20,0.9653667725393454
High,ATRTSe_14_20_3.0,0.9653590706319981
HWMA_0.2_0.1_0.1,KCLe_20_2,0.9653497303886632
HWM_1,KCLe_20_2,0.9653497303886632
FAMA_0.5_0.05,ACCBU_20,0.9653089360657361
HILOl_13_21,KAMA_10_2_30,0.9653063425746424
JMA_7_0.0,ACCBU_20,0.9653059424037568
IKS_26,ZL_EMA_10,0.9652620059365318
MIDPOINT_2,CHDLREXTl_22_22_14_2.0,0.965258968027504
ABER_XG_5_15,ACCBU_20,0.9652576621363296
HILO_13_21,PIVOTS_TRAD_D_S2,0.9652524461460726
HILO_13_21,HMA_10,0.9652245375463198
MEDIAN_30,DCL_20_20,0.9651807636005238
QTL_30_0.5,DCL_20_20,0.9651807636005238
IKS_26,PIVOTS_TRAD_D_P,0.9651678018061783
MIDPRICE_2,CHDLREXTl_22_22_14_2.0,0.9651390547458167
HMA_10,ACCBL_20,0.9650909319647113
HWMA_0.2_0.1_0.1,KCBe_20_2,0.9650486456042242
HWM_1,KCBe_20_2,0.9650486456042242
PWMA_10,QTL_30_0.5,0.9649944482491397
PWMA_10,MEDIAN_30,0.9649944482491397
FAMA_0.5_0.05,BBL_5_2.0_2.0,0.9649545074363061
IKS_26,MIDPOINT_2,0.9649457805331568
DEMA_10,ACCBU_20,0.9648276706946658
PIVOTS_TRAD_D_S1,ATRTSe_14_20_3.0,0.9647757339358302
LDECAY_1,ATRTSe_14_20_3.0,0.9647477702195278
IKS_26,DEMA_10,0.9647359638799472
ABER_ZG_5_15,DCU_20_20,0.9646685453643449
LDECAY_1,CHDLREXTl_22_22_14_2.0,0.9646197254350425
FAMA_0.5_0.05,DCL_20_20,0.9645746329958728
BBM_5_2.0_2.0,DCU_20_20,0.9644892485845541
ALMA_9_6.0_0.85,DCU_20_20,0.9644862892590712
ABER_XG_5_15,ATRTSe_14_20_3.0,0.9643865614662471
Open,HILO_13_21,0.9643786475451531
IKS_26,MIDPRICE_2,0.9643665150207834
SUPERT_7_3.0,PSARl_0.02_0.2,0.9642891369462864
ACCBL_20,BBL_5_2.0_2.0,0.9642853195664622
Low,KCUe_20_2,0.9642756689328401
PSARs_0.02_0.2,DCU_20_20,0.9642225833403714
HWL_1,KCBe_20_2,0.9642212803216473
ABER_SG_5_15,DCU_20_20,0.96421744879452
LINREG_14,DCM_20_20,0.9641890064858858
HILO_13_21,OHLC4,0.9641408446700179
TEMA_10,ACCBM_20,0.9641373592678928
PIVOTS_TRAD_D_S4,DCM_20_20,0.9641193309059198
PIVOTS_TRAD_D_S3,DCM_20_20,0.9641193309059198
Open,CHDLREXTl_22_22_14_2.0,0.9641020090704728
JMA_7_0.0,DCL_20_20,0.9640680738543239
AGl_13_8_5,CKSPl_10_3_20,0.9640374520020006
HILO_13_21,HL2,0.9640336922810941
High,IKS_26,0.964026025401462
DCL_20_20,KCUe_20_2,0.9640064035363556
SLOPE_1,LOGRET_1,0.9639816577498108
CKSPl_10_3_20,CKSPs_10_3_20,0.9639801019994721
TRIMA_10,CKSPl_10_3_20,0.9639640756493427
PWMA_10,CKSPs_10_3_20,0.963962595639664
OHLC4,ATRTSe_14_20_3.0,0.9639420327885007
SUPERT_7_3.0,ABER_ZG_5_15,0.9639403949781921
MEDIAN_30,PSARl_0.02_0.2,0.9639148975954254
QTL_30_0.5,PSARl_0.02_0.2,0.9639148975954254
ALMA_9_6.0_0.85,SUPERT_7_3.0,0.9637995474578552
HL2,ATRTSe_14_20_3.0,0.9637384935244401
WMA_10,CKSPs_10_3_20,0.9637158175124391
PIVOTS_TRAD_D_S2,ATRTSe_14_20_3.0,0.9636755342580747
HILO_13_21,VWAP_D,0.9636564852535217
HILO_13_21,HLC3,0.9636564852535215
PIVOTS_TRAD_D_P,ACCBU_20,0.9636552869857816
HILO_13_21,LINREG_14,0.9636424725431093
PIVOTS_TRAD_D_R1,HT_TL,0.96364108102159
QQE_14_5_4.236_RSIMA,TSI_13_25_13,0.9636059742240561
WCP,ATRTSe_14_20_3.0,0.9636001144198951
SUPERT_7_3.0,BBM_5_2.0_2.0,0.9635982580368716
HLC3,ATRTSe_14_20_3.0,0.9635974636724369
ATRTSe_14_20_3.0,VWAP_D,0.9635974636724369
HILO_13_21,WCP,0.9635925101228715
SMA_10,CKSPl_10_3_20,0.9635488805905389
Low,ACCBM_20,0.9635388920201301
ALPHATl_14_1_50_2,CKSPl_10_3_20,0.9634970378128536
PIVOTS_TRAD_D_S1,CHDLREXTl_22_22_14_2.0,0.9634867787738928
ZL_EMA_10,ACCBU_20,0.9634033826259915
ACCBM_20,BBL_5_2.0_2.0,0.9633994675601452
Close,ATRTSe_14_20_3.0,0.9633497788837528
IKS_26,LDECAY_1,0.9633438433220152
FAMA_0.5_0.05,QTL_30_0.5,0.9633433650488921
FAMA_0.5_0.05,MEDIAN_30,0.9633433650488921
Open,ATRTSe_14_20_3.0,0.9633350659622236
HILOl_13_21,TRIMA_10,0.9633290862784981
FWMA_10,PSARs_0.02_0.2,0.9632831208155036
Low,ACCBL_20,0.9632447485366681
OHLC4,CHDLREXTl_22_22_14_2.0,0.9632022352314735
TEMA_10,ACCBL_20,0.9631846526081961
DEMA_10,DCL_20_20,0.9631760623192195
PIVOTS_TRAD_D_R2,DCU_20_20,0.9631734293819694
Close,HILO_13_21,0.9631634158582635
MAMA_0.5_0.05,ACCBU_20,0.9631488708249407
HL2,CHDLREXTl_22_22_14_2.0,0.9630909180826605
SUPERTs_7_3.0,ATRTSe_14_20_3.0,0.9629680713751799
WMA_10,QTL_30_0.5,0.9629624856660183
WMA_10,MEDIAN_30,0.9629624856660183
IKS_26,PIVOTS_TRAD_D_S1,0.9628809752064641
ABER_XG_5_15,CHDLREXTs_22_22_14_2.0,0.9628176193391843
AGj_13_8_5,LINREG_14,0.9627988677798756
MAMA_0.5_0.05,DCL_20_20,0.9627980201242405
JMA_7_0.0,HT_TL,0.9627688380348643
PIVOTS_TRAD_D_P,DCL_20_20,0.9627677903584297
IKS_26,PIVOTS_TRAD_D_S2,0.9627184280784009
HILO_13_21,TEMA_10,0.96270132595561
CHDLREXTl_22_22_14_2.0,VWAP_D,0.9626819543335159
HLC3,CHDLREXTl_22_22_14_2.0,0.9626819543335159
PIVOTS_TRAD_D_R1,DCL_20_20,0.9626709974265326
MAMA_0.5_0.05,ATRTSe_14_20_3.0,0.9626522263877909
WCP,CHDLREXTl_22_22_14_2.0,0.9625984761672686
PIVOTS_TRAD_D_S2,CHDLREXTl_22_22_14_2.0,0.9625771102301008
HILOs_13_21,BBU_5_2.0_2.0,0.96257392260275
JMA_7_0.0,CHDLREXTs_22_22_14_2.0,0.9625256253222406
MIDPOINT_2,DCL_20_20,0.962498743609966
MIDPOINT_2,ACCBU_20,0.9624914835510252
MIDPRICE_2,ACCBU_20,0.9624362637125938
High,ACCBU_20,0.9624194853568924
ABER_SG_5_15,DCL_20_20,0.9623994466335056
CKSPl_10_3_20,VWMA_10,0.9623568641398267
LINREG_14,ACCBM_20,0.9623433504429847
HILOl_13_21,CKSPs_10_3_20,0.9622803367447705
PIVOTS_TRAD_D_S3,ACCBL_20,0.9622496521499553
PIVOTS_TRAD_D_S4,ACCBL_20,0.9622496521499553
SSF3_20,CKSPl_10_3_20,0.9622474644830523
FWMA_10,DCU_20_20,0.9622252175634861
IKS_26,OHLC4,0.9622204732057553
PSARl_0.02_0.2,PSARs_0.02_0.2,0.9622052720874272
DEMA_10,HT_TL,0.962192882880996
Close,CHDLREXTl_22_22_14_2.0,0.9621701075411478
LINREG_14,ACCBL_20,0.9621201557173241
VIDYA_14,MEDIAN_30,0.9621159104650753
VIDYA_14,QTL_30_0.5,0.9621159104650753
SWMA_10,CKSPl_10_3_20,0.9621129222503656
TEMA_10,ATRTSe_14_20_3.0,0.9621115746730496
IKS_26,HL2,0.9621112691361543
HILO_13_21,BBL_5_2.0_2.0,0.9621086276708092
Open,IKS_26,0.9620053821330726
HILOl_13_21,SSF3_20,0.9620036487836277
T3_10_0.7,CKSPl_10_3_20,0.9619680287060058
CKSPs_10_3_20,DCU_20_20,0.9619635170748206
IKS_26,WCP,0.9619262865797646
ZL_EMA_10,HT_TL,0.9619217443197507
AGj_13_8_5,PIVOTS_TRAD_D_S4,0.9618970315451788
AGj_13_8_5,PIVOTS_TRAD_D_S3,0.9618970315451788
IKS_26,VWAP_D,0.9618790895981922
IKS_26,HLC3,0.9618790895981919
BBL_5_2.0_2.0,DCL_20_20,0.9618641099918198
VIDYA_14,HT_TL,0.9618414782384292
Close,IKS_26,0.9618149193989404
ALPHAT_14_1_50,PSARl_0.02_0.2,0.9618109986461568
PIVOTS_TRAD_D_R1,CHDLREXTs_22_22_14_2.0,0.9617653484701723
EMA_10,HILOl_13_21,0.9617313410335818
AGj_13_8_5,SUPERTs_7_3.0,0.9617227172951912
PIVOTS_TRAD_D_R2,CHDLREXTs_22_22_14_2.0,0.9616792016118619
ALPHAT_14_1_50,CKSPs_10_3_20,0.9616340765729283
FAMA_0.5_0.05,HWM_1,0.9616083105574634
HWMA_0.2_0.1_0.1,FAMA_0.5_0.05,0.9616083105574634
MIDPRICE_2,DCL_20_20,0.9615833816272726
PSARs_0.02_0.2,ABER_SG_5_15,0.9615693307531195
HILOl_13_21,SMA_10,0.9615680294694703
HILOs_13_21,PSARl_0.02_0.2,0.9615600619123316
Low,ATRTSe_14_20_3.0,0.9615214096464688
PIVOTS_TRAD_D_R2,DCL_20_20,0.9615124860150381
ZL_EMA_10,DCL_20_20,0.9614992722274438
PIVOTS_TRAD_D_S1,DCL_20_20,0.9613580829850519
ABER_SG_5_15,CHDLREXTs_22_22_14_2.0,0.9613534468439099
BBU_5_2.0_2.0,CHDLREXTs_22_22_14_2.0,0.9613511491147908
LDECAY_1,ACCBU_20,0.9613252357945812
PIVOTS_TRAD_D_P,HT_TL,0.9612946925016144
HILOs_13_21,ABER_SG_5_15,0.9612657489772019
ATRTSe_14_20_3.0,BBL_5_2.0_2.0,0.9612581241301773
FAMA_0.5_0.05,HWL_1,0.9612333734611734
PIVOTS_TRAD_D_R4,PSARs_0.02_0.2,0.9612027216459155
PIVOTS_TRAD_D_R3,PSARs_0.02_0.2,0.9612027216459155
Low,HILO_13_21,0.9610965980048307
HMA_10,CHDLREXTl_22_22_14_2.0,0.9610599226076294
PIVOTS_TRAD_D_P,CHDLREXTs_22_22_14_2.0,0.9610169356058385
BBL_5_2.0_2.0,KCUe_20_2,0.9609476922134909
COPC_11_14_10,SQZPRO_20_2.0_20_2.0_1.5_1.0,0.9609331223033564
COPC_11_14_10,SQZ_20_2.0_20_1.5,0.9609331223033564
IKS_26,HMA_10,0.9609217631652411
HWU_1,KCBe_20_2,0.960918835470167
HILOs_13_21,FAMA_0.5_0.05,0.9608314369265386
SMI_5_20_5_1.0,SMIs_5_20_5_1.0,0.9607838648192222
HILOl_13_21,CHDLREXTs_22_22_14_2.0,0.9607632469141038
PIVOTS_TRAD_D_S2,DCL_20_20,0.9607488897418761
PIVOTS_TRAD_D_R2,PSARs_0.02_0.2,0.9607245861168289
HILOs_13_21,ABER_ZG_5_15,0.9606991195427489
PIVOTS_TRAD_D_R4,SUPERT_7_3.0,0.9606830019816082
PIVOTS_TRAD_D_R3,SUPERT_7_3.0,0.9606830019816082
TEMA_10,CHDLREXTl_22_22_14_2.0,0.9606645545650762
PIVOTS_TRAD_D_S1,ACCBU_20,0.9606611641618666
ITS_9,CKSPl_10_3_20,0.9606258433949627
ALMA_9_6.0_0.85,HILOs_13_21,0.9605881159963721
RMA_10,HWU_1,0.9605088789716257
MIDPOINT_2,HT_TL,0.9604829459851402
ALMA_9_6.0_0.85,PSARl_0.02_0.2,0.9604800449840628
MIDPOINT_2,CHDLREXTs_22_22_14_2.0,0.9604481352526169
PWMA_10,CKSPl_10_3_20,0.9604473818813926
CHDLREXTl_22_22_14_2.0,DCL_20_20,0.9604365264659157
HILOl_13_21,SWMA_10,0.9604246054914998
AO_5_34,STCmacd_10_12_26_0.5,0.9603925329566608
AO_5_34,MACD_12_26_9,0.9603925329566608
Low,CHDLREXTl_22_22_14_2.0,0.9603901236313741
Open,ACCBU_20,0.9603329320533626
HMA_10,ATRTSe_14_20_3.0,0.9603056343387063
MIDPRICE_2,HT_TL,0.9603021790496049
PIVOTS_TRAD_D_S4,ACCBM_20,0.9602635376708291
PIVOTS_TRAD_D_S3,ACCBM_20,0.9602635376708291
PSARl_0.02_0.2,ABER_ZG_5_15,0.9602177351073005
DEMA_10,CHDLREXTs_22_22_14_2.0,0.9601954005192844
PIVOTS_TRAD_D_R1,DCU_20_20,0.9601586425001682
FAMA_0.5_0.05,CHDLREXTs_22_22_14_2.0,0.9601502887010084
HILOs_13_21,BBM_5_2.0_2.0,0.9601331164793512
PIVOTS_TRAD_D_R4,CHDLREXTs_22_22_14_2.0,0.9601215615335363
PIVOTS_TRAD_D_R3,CHDLREXTs_22_22_14_2.0,0.9601215615335363
PSARl_0.02_0.2,CHDLREXTs_22_22_14_2.0,0.9600975919379484
FWMA_10,SUPERT_7_3.0,0.9600879800374289
MCGD_10,HWU_1,0.9600810514959296
LDECAY_1,DCL_20_20,0.9600412785277259
JMA_7_0.0,PSARs_0.02_0.2,0.9600376381593476
PIVOTS_TRAD_D_S3,KCUe_20_2,0.9600095768520962
PIVOTS_TRAD_D_S4,KCUe_20_2,0.9600095768520962
High,HT_TL,0.9599490548194376
CKSPl_10_3_20,BBU_5_2.0_2.0,0.9599358768480382
OHLC4,DCL_20_20,0.9599273159072428
High,DCL_20_20,0.9599180822958691
MIDPRICE_2,CHDLREXTs_22_22_14_2.0,0.9599127519373031
WCP,DCL_20_20,0.9598516483906863
Close,Adj Close,0.9597837894379524
HLC3,DCL_20_20,0.9597710628548497
DCL_20_20,VWAP_D,0.9597710628548497
PSARl_0.02_0.2,BBM_5_2.0_2.0,0.9597680778598734
DEMA_10,PSARs_0.02_0.2,0.9597660591003726
OHLC4,ACCBU_20,0.9597650875944108
HL2,DCL_20_20,0.9596954079259556
Close,DCL_20_20,0.9596743903826308
HL2,ACCBU_20,0.9596440822012494
PIVOTS_TRAD_D_R2,SUPERT_7_3.0,0.9596174937964701
Adj Close,TEMA_10,0.9595988046620931
Low,IKS_26,0.9595786298947914
PIVOTS_TRAD_D_S2,ACCBU_20,0.9595330062457301
IKS_26,TEMA_10,0.9594271861995867
HILO_13_21,PIVOTS_TRAD_D_S4,0.9593927210847213
HILO_13_21,PIVOTS_TRAD_D_S3,0.9593927210847213
HILOl_13_21,ALPHAT_14_1_50,0.959389213883843
QTL_30_0.5,BBU_5_2.0_2.0,0.9593638673240489
MEDIAN_30,BBU_5_2.0_2.0,0.9593638673240489
QTL_30_0.5,ABER_SG_5_15,0.9593476039147097
MEDIAN_30,ABER_SG_5_15,0.9593476039147097
LDECAY_1,HT_TL,0.9593322989156303
IKS_26,VIDYA_14,0.959306060874137
CKSPl_10_3_20,PSARl_0.02_0.2,0.9592729616379502
HLC3,ACCBU_20,0.9592445432463154
ACCBU_20,VWAP_D,0.9592445432463154
MCGD_10,SUPERTs_7_3.0,0.9592038696709283
WCP,ACCBU_20,0.9591756296505651
MAMA_0.5_0.05,CHDLREXTs_22_22_14_2.0,0.9591649623937599
ZL_EMA_10,CHDLREXTs_22_22_14_2.0,0.9591629921421791
Low,Adj Close,0.959144219684631
HILOl_13_21,VWMA_10,0.9591262471562806
RVGI_14_4,RVGIs_14_4,0.9591247451375402
PIVOTS_TRAD_D_R1,PSARs_0.02_0.2,0.9591030188154506
HWU_1,KCLe_20_2,0.9590789443992558
HILOs_13_21,SUPERTs_7_3.0,0.9590581846203531
RMA_10,SUPERTs_7_3.0,0.9590503395719885
HILOl_13_21,PSARs_0.02_0.2,0.9590284655258358
AGl_13_8_5,HILOl_13_21,0.9589867859564882
HILOl_13_21,PWMA_10,0.9589637437557553
PIVOTS_TRAD_D_S1,CHDLREXTs_22_22_14_2.0,0.9589514848524625
JMA_7_0.0,DCU_20_20,0.9589435093349403
RSI_14,SMI_5_20_5_1.0,0.9588887106708648
CMO_14,SMI_5_20_5_1.0,0.9588887106708647
ACCBL_20,HWL_1,0.958880728394211
Open,DCL_20_20,0.9588364953999048
Close,ACCBU_20,0.9588140661169177
Adj Close,WCP,0.9588131958809133
High,CHDLREXTs_22_22_14_2.0,0.9588116644452097
SUPERT_7_3.0,DCL_20_20,0.9587860977701756
FWMA_10,HILOs_13_21,0.9587609339681931
FAMA_0.5_0.05,ATRTSe_14_20_3.0,0.9587188705893991
HMA_10,ACCBU_20,0.9587109953673728
K_9_3,STOCHFd_14_3,0.958697977474928
K_9_3,STOCHk_14_3_3,0.958697977474928
SUPERT_7_3.0,ABER_SG_5_15,0.9586616199809437
Adj Close,MIDPOINT_2,0.9585316338576891
HMA_10,HT_TL,0.9585246440740698
Adj Close,LDECAY_1,0.9585125623275551
PSARl_0.02_0.2,DCL_20_20,0.9585084316750541
PSARl_0.02_0.2,BBU_5_2.0_2.0,0.9584574668512936
Adj Close,VWAP_D,0.9584478816900456
Adj Close,HLC3,0.9584478816900455
VIDYA_14,ACCBM_20,0.9584365206317712
Adj Close,MIDPRICE_2,0.9583916471730177
PIVOTS_TRAD_D_S1,HT_TL,0.9583804486058692
LDECAY_1,CHDLREXTs_22_22_14_2.0,0.9583152482859059
Low,DCL_20_20,0.9582052687092947
PSARs_0.02_0.2,ABER_XG_5_15,0.9581847398637159
CKSPs_10_3_20,ABER_ZG_5_15,0.9581504811645196
SUPERTs_7_3.0,CKSPs_10_3_20,0.958090186964736
WMA_10,CKSPl_10_3_20,0.9580522878640727
PIVOTS_TRAD_D_R3,DCL_20_20,0.9580454918182227
PIVOTS_TRAD_D_R4,DCL_20_20,0.9580454918182227
ALMA_9_6.0_0.85,CKSPs_10_3_20,0.9580351158699056
TEMA_10,ACCBU_20,0.9580347956217853
HILO_13_21,VIDYA_14,0.9580321765541975
HILOs_13_21,ABER_XG_5_15,0.9580146455055023
PIVOTS_TRAD_D_S2,HT_TL,0.9580137759402012
SUPERTs_7_3.0,ACCBU_20,0.9580084691751651
SUPERTs_7_3.0,KCUe_20_2,0.9579930796766501
OHLC4,CHDLREXTs_22_22_14_2.0,0.9579915759972102
VIDYA_14,ACCBL_20,0.9579537629843822
CKSPs_10_3_20,BBM_5_2.0_2.0,0.9579216648082926
BBL_5_2.0_2.0,CHDLREXTs_22_22_14_2.0,0.9579013199670301
PIVOTS_TRAD_D_P,PSARs_0.02_0.2,0.9578423195140254
DEMA_10,DCU_20_20,0.9578012791682807
PIVOTS_TRAD_D_S2,CHDLREXTs_22_22_14_2.0,0.9577561423582198
HL2,CHDLREXTs_22_22_14_2.0,0.9577550003874985
Adj Close,ZL_EMA_10,0.9577323594928352
WCP,CHDLREXTs_22_22_14_2.0,0.9577241353520786
CHDLREXTs_22_22_14_2.0,VWAP_D,0.9577048217122653
HLC3,CHDLREXTs_22_22_14_2.0,0.9577048217122653
Open,HT_TL,0.957568725853061
Adj Close,HL2,0.9575599203477266
PIVOTS_TRAD_D_R1,SUPERT_7_3.0,0.9575527648246531
IKS_26,BBL_5_2.0_2.0,0.9574636241708209
PIVOTS_TRAD_D_P,DCU_20_20,0.9574469023357426
IKS_26,LINREG_14,0.957433143013683
Close,CHDLREXTs_22_22_14_2.0,0.9574294096549782
Adj Close,OHLC4,0.9573912056287603
OHLC4,HT_TL,0.9573560909813918
Adj Close,JMA_7_0.0,0.9573420296487077
HL2,HT_TL,0.9573108536538734
ALPHAT_14_1_50,CKSPl_10_3_20,0.9572857759084368
CHDLREXTs_22_22_14_2.0,DCU_20_20,0.9572685190099461
ITS_9,HILOl_13_21,0.9572565911246389
BBU_5_2.0_2.0,DCL_20_20,0.9572446138481858
High,DCU_20_20,0.9572391950356611
IKS_26,PIVOTS_TRAD_D_S3,0.9572201461477655
IKS_26,PIVOTS_TRAD_D_S4,0.9572201461477655
Open,CHDLREXTs_22_22_14_2.0,0.9572044412203787
JMA_7_0.0,SUPERT_7_3.0,0.9571821984270237
ZL_EMA_10,DCU_20_20,0.9571316038326986
Adj Close,DEMA_10,0.957073391781047
ACCBL_20,HWM_1,0.957020128177133
HWMA_0.2_0.1_0.1,ACCBL_20,0.9570201281771329
VIDYA_14,DCM_20_20,0.9569929713957935
HT_TL,VWAP_D,0.9569498555265185
HLC3,HT_TL,0.9569498555265181
WCP,HT_TL,0.956942329661194
LINREG_14,CHDLREXTl_22_22_14_2.0,0.9569223537576115
VIDYA_14,KCBe_20_2,0.9568962763810316
FAMA_0.5_0.05,HWU_1,0.9568957929904321
Adj Close,BBL_5_2.0_2.0,0.9567551986211975
Close,HT_TL,0.9567254023499584
BBL_5_2.0_2.0,CHDLREXTl_22_22_14_2.0,0.9566025726727737
DEMA_10,SUPERT_7_3.0,0.9565718000302449
Low,ACCBU_20,0.956557651433356
FWMA_10,CKSPs_10_3_20,0.9565537062145049
Adj Close,FWMA_10,0.9564643461197073
MIDPRICE_2,DCU_20_20,0.9564430946387685
CKSPs_10_3_20,BBU_5_2.0_2.0,0.9564391408545222
HILOs_13_21,PIVOTS_TRAD_D_R4,0.9563922104173305
HILOs_13_21,PIVOTS_TRAD_D_R3,0.9563922104173305
HWMA_0.2_0.1_0.1,KCUe_20_2,0.9563643125640999
HWM_1,KCUe_20_2,0.9563643125640999
DCM_20_20,HWL_1,0.9563226966899028
LINREG_14,HT_TL,0.9562973645364012
HILO_13_21,HWL_1,0.9562474722574658
AGj_13_8_5,HWL_1,0.9562182644591073
MIDPOINT_2,DCU_20_20,0.956206912095755
ACCBM_20,HWL_1,0.956182621741612
HILO_13_21,HWMA_0.2_0.1_0.1,0.9561611469031389
HILO_13_21,HWM_1,0.9561611469031389
MIDPRICE_2,PSARs_0.02_0.2,0.9560534745218725
TEMA_10,DCL_20_20,0.9560395119095525
FWMA_10,PSARl_0.02_0.2,0.9560287527851803
ZL_EMA_10,PSARs_0.02_0.2,0.9559995882785819
AGj_13_8_5,HWMA_0.2_0.1_0.1,0.9559812395630816
AGj_13_8_5,HWM_1,0.9559812395630816
ALMA_9_6.0_0.85,MEDIAN_30,0.9559382936337761
ALMA_9_6.0_0.85,QTL_30_0.5,0.9559382936337761
PIVOTS_TRAD_D_P,SUPERT_7_3.0,0.9558941231989365
LINREG_14,ACCBU_20,0.9558867303517962
PIVOTS_TRAD_D_S3,CHDLREXTl_22_22_14_2.0,0.9558689659775386
PIVOTS_TRAD_D_S4,CHDLREXTl_22_22_14_2.0,0.9558689659775386
HWMA_0.2_0.1_0.1,ACCBM_20,0.9558612633693585
ACCBM_20,HWM_1,0.9558612633693584
QTL_30_0.5,ABER_ZG_5_15,0.9558304170837575
MEDIAN_30,ABER_ZG_5_15,0.9558304170837575
Open,DCU_20_20,0.9558181311922531
HMA_10,DCL_20_20,0.9558078496350461
LDECAY_1,DCU_20_20,0.9557741041665472
PIVOTS_TRAD_D_S3,ATRTSe_14_20_3.0,0.9557305712756703
PIVOTS_TRAD_D_S4,ATRTSe_14_20_3.0,0.9557305712756703
STOCHk_14_3_3,STOCHd_14_3_3,0.9557100367830037
STOCHd_14_3_3,STOCHFd_14_3,0.9557100367830036
Low,CHDLREXTs_22_22_14_2.0,0.9556511552546366
PIVOTS_TRAD_D_S3,DCL_20_20,0.955643057627733
PIVOTS_TRAD_D_S4,DCL_20_20,0.955643057627733
LINREG_14,ATRTSe_14_20_3.0,0.9556301894932844
CKSPl_10_3_20,CHDLREXTs_22_22_14_2.0,0.9555740991678805
QTL_30_0.5,BBM_5_2.0_2.0,0.9555312330885618
MEDIAN_30,BBM_5_2.0_2.0,0.9555312330885618
High,Adj Close,0.9555109158359216
ABER_XG_5_15,DCU_20_20,0.9554517741924073
TEMA_10,HT_TL,0.9554194055313765
FWMA_10,QTL_30_0.5,0.9553402362262504
FWMA_10,MEDIAN_30,0.9553402362262504
VIDYA_14,KCLe_20_2,0.9553377746396986
Adj Close,HMA_10,0.9552562728904811
DCM_20_20,HWM_1,0.9552523200147497
HWMA_0.2_0.1_0.1,DCM_20_20,0.9552523200147496
ACCBU_20,BBL_5_2.0_2.0,0.9551839825035509
MAMA_0.5_0.05,DCU_20_20,0.955171889089041
MIDPOINT_2,PSARs_0.02_0.2,0.9551687792486778
HILOl_13_21,FAMA_0.5_0.05,0.9550526433789029
PIVOTS_TRAD_D_R4,PSARl_0.02_0.2,0.9549404656875288
PIVOTS_TRAD_D_R3,PSARl_0.02_0.2,0.9549404656875288
PIVOTS_TRAD_D_S1,PSARs_0.02_0.2,0.9549182582665555
HILOs_13_21,PIVOTS_TRAD_D_R2,0.9548662245107719
CKSPs_10_3_20,PSARl_0.02_0.2,0.9547380402087267
PIVOTS_TRAD_D_S1,DCU_20_20,0.9544622510875247
MEDIAN_30,ABER_XG_5_15,0.9544474063642417
QTL_30_0.5,ABER_XG_5_15,0.9544474063642417
PIVOTS_TRAD_D_R3,MEDIAN_30,0.954446812362495
PIVOTS_TRAD_D_R3,QTL_30_0.5,0.954446812362495
PIVOTS_TRAD_D_R4,QTL_30_0.5,0.954446812362495
PIVOTS_TRAD_D_R4,MEDIAN_30,0.954446812362495
OHLC4,DCU_20_20,0.9544020796908772
SUPERTs_7_3.0,PSARs_0.02_0.2,0.9543759752904231
HWU_1,KCUe_20_2,0.9543558988580874
HL2,DCU_20_20,0.9543392613082309
D_9_3,TMO_14_5_3,0.9542702809561971
High,PSARs_0.02_0.2,0.9542702413199733
Low,HT_TL,0.954233624047815
SUPERT_7_3.0,ZL_EMA_10,0.9541710886583954
PSARs_0.02_0.2,BBL_5_2.0_2.0,0.9541398863705506
KST_10_15_20_30_10_10_10_15,PPOs_12_26_9,0.9540909489113337
SUPERT_7_3.0,ABER_XG_5_15,0.9540215407196061
MIDPRICE_2,SUPERT_7_3.0,0.9539686476161099
HWL_1,KCUe_20_2,0.9539525467138218
MAMA_0.5_0.05,MEDIAN_30,0.9538943572709301
MAMA_0.5_0.05,QTL_30_0.5,0.9538943572709301
Adj Close,LINREG_14,0.9538615155982565
Adj Close,PIVOTS_TRAD_D_S1,0.9538213496586656
HLC3,DCU_20_20,0.9537486281068962
DCU_20_20,VWAP_D,0.9537486281068961
HILOl_13_21,WMA_10,0.9537225022567064
PIVOTS_TRAD_D_R4,CKSPl_10_3_20,0.953707453568673
PIVOTS_TRAD_D_R3,CKSPl_10_3_20,0.953707453568673
FAMA_0.5_0.05,PSARl_0.02_0.2,0.9536521893498668
Adj Close,PIVOTS_TRAD_D_S2,0.9536109132175749
WCP,DCU_20_20,0.9535835690495478
TEMA_10,CHDLREXTs_22_22_14_2.0,0.9535350596192714
High,SUPERT_7_3.0,0.9534927851114419
PIVOTS_TRAD_D_S2,DCU_20_20,0.9534900232995462
PIVOTS_TRAD_D_S1,SUPERT_7_3.0,0.9534398973833357
HILOl_13_21,VIDYA_14,0.9534150562279274
MIDPOINT_2,SUPERT_7_3.0,0.9533993364164174
DEMA_10,PSARl_0.02_0.2,0.953364309332122
CKSPl_10_3_20,PSARs_0.02_0.2,0.9533564980087403
VIDYA_14,KCUe_20_2,0.953324984566636
PSARl_0.02_0.2,ABER_SG_5_15,0.9532314725139595
PIVOTS_TRAD_D_R2,PSARl_0.02_0.2,0.9530948882064261
LDECAY_1,PSARs_0.02_0.2,0.9530944069054098
HMA_10,DCU_20_20,0.9530637173636889
AGj_13_8_5,VIDYA_14,0.9530207548045936
Open,SUPERT_7_3.0,0.9530177392136125
HMA_10,CHDLREXTs_22_22_14_2.0,0.953009944064189
FAMA_0.5_0.05,DCU_20_20,0.9529977721845176
MAMA_0.5_0.05,VIDYA_14,0.9529941764703532
Close,DCU_20_20,0.9529765015783145
HILOs_13_21,PIVOTS_TRAD_D_R1,0.9529645211605187
PIVOTS_TRAD_D_R3,CKSPs_10_3_20,0.9529625484124284
PIVOTS_TRAD_D_R4,CKSPs_10_3_20,0.9529625484124284
HILOs_13_21,JMA_7_0.0,0.9529600792294826
PSARl_0.02_0.2,ABER_XG_5_15,0.9529484023912699
PIVOTS_TRAD_D_R2,CKSPs_10_3_20,0.9529284523165038
CKSPs_10_3_20,ABER_SG_5_15,0.9529089176034413
ISA_9,CKSPl_10_3_20,0.9528925417131153
HT_TL,BBL_5_2.0_2.0,0.9528797319877568
SUPERTs_7_3.0,DCU_20_20,0.9528578220799971
Adj Close,BBM_5_2.0_2.0,0.9528373339480856
Open,PSARs_0.02_0.2,0.9528119065222425
HILOs_13_21,MAMA_0.5_0.05,0.9527940902939137
Adj Close,ABER_ZG_5_15,0.9527544320741045
AGt_13_8_5,SUPERTs_7_3.0,0.9527317217560646
TEMA_10,DCU_20_20,0.9527232313757924
CKSPl_10_3_20,ABER_ZG_5_15,0.9527198804321977
ALMA_9_6.0_0.85,CKSPl_10_3_20,0.9527122875350357
PIVOTS_TRAD_D_S2,PSARs_0.02_0.2,0.952676382636353
CKSPl_10_3_20,BBM_5_2.0_2.0,0.9526678233378739
JMA_7_0.0,CKSPs_10_3_20,0.9526098883161095
Open,Adj Close,0.9525985257259818
OHLC4,PSARs_0.02_0.2,0.9525004555475055
Adj Close,ABER_XG_5_15,0.9524993525508048
FAMA_0.5_0.05,PSARs_0.02_0.2,0.952490164574276
CKSPl_10_3_20,ABER_SG_5_15,0.9524003028394394
PIVOTS_TRAD_D_S2,SUPERT_7_3.0,0.9523935458015708
VIDYA_14,ACCBU_20,0.9523496482373252
PIVOTS_TRAD_D_S3,HT_TL,0.9523155774313138
PIVOTS_TRAD_D_S4,HT_TL,0.9523155774313138
PIVOTS_TRAD_D_R1,CKSPs_10_3_20,0.9522612352611531
HL2,PSARs_0.02_0.2,0.9522309511098588
IKS_26,SUPERTs_7_3.0,0.9522181907334188
HILOl_13_21,DCL_20_20,0.9519314303374155
DCL_20_20,HWL_1,0.9519155082628811
LINREG_14,DCL_20_20,0.9518631526927637
FAMA_0.5_0.05,SUPERT_7_3.0,0.9518583397166213
PSARs_0.02_0.2,VWAP_D,0.9518478164140728
HLC3,PSARs_0.02_0.2,0.9518478164140727
PIVOTS_TRAD_D_S3,ACCBU_20,0.951764041647794
PIVOTS_TRAD_D_S4,ACCBU_20,0.951764041647794
DEMA_10,HILOs_13_21,0.9517553596132206
PIVOTS_TRAD_D_R2,QTL_30_0.5,0.9517521840217895
PIVOTS_TRAD_D_R2,MEDIAN_30,0.9517521840217895
VIDYA_14,CHDLREXTl_22_22_14_2.0,0.9516907722931056
MAMA_0.5_0.05,SUPERT_7_3.0,0.9516880966145099
Adj Close,PIVOTS_TRAD_D_P,0.9516664804966246
WCP,PSARs_0.02_0.2,0.9516141487992527
SUPERTs_7_3.0,CHDLREXTl_22_22_14_2.0,0.9514711439873833
OHLC4,SUPERT_7_3.0,0.9514647422582205
Adj Close,ALMA_9_6.0_0.85,0.9514641401235469
KAMA_10_2_30,SUPERTs_7_3.0,0.9514164636597989
Low,DCU_20_20,0.9513591294668694
SUPERT_7_3.0,LDECAY_1,0.9513555267302976
HL2,SUPERT_7_3.0,0.9513354497579389
CKSPs_10_3_20,ABER_XG_5_15,0.951259194321318
SUPERTs_7_3.0,KCBe_20_2,0.9512492991596729
HILO_13_21,HWU_1,0.951208683744652
TEMA_10,PSARs_0.02_0.2,0.9511608640118929
SUPERT_7_3.0,BBL_5_2.0_2.0,0.9510482534163975
HILOs_13_21,PIVOTS_TRAD_D_P,0.9510015682358326
PIVOTS_TRAD_D_R1,PSARl_0.02_0.2,0.950986141786995
PIVOTS_TRAD_D_P,CKSPs_10_3_20,0.9509382982902571
PIVOTS_TRAD_D_S4,CHDLREXTs_22_22_14_2.0,0.9509310255116189
PIVOTS_TRAD_D_S3,CHDLREXTs_22_22_14_2.0,0.9509310255116189
FWMA_10,CKSPl_10_3_20,0.9508854630809093
AGj_13_8_5,HWU_1,0.9508225612558582
SUPERT_7_3.0,VWAP_D,0.9506764946414276
HLC3,SUPERT_7_3.0,0.9506764946414273
Close,PSARs_0.02_0.2,0.9506329128512082
HILOs_13_21,ZL_EMA_10,0.9506306108924951
MAMA_0.5_0.05,PSARs_0.02_0.2,0.9505980206418587
ACCBM_20,HWU_1,0.9505746198119042
PSARl_0.02_0.2,HWL_1,0.950536418324364
Adj Close,PIVOTS_TRAD_D_R1,0.950482549204802
SUPERT_7_3.0,WCP,0.9504126129812872
HILOl_13_21,ABER_SG_5_15,0.9503748168836438
FAMA_0.5_0.05,CKSPs_10_3_20,0.9503547617493919
HMA_10,PSARs_0.02_0.2,0.9503226991174768
MIDPOINT_2,CKSPs_10_3_20,0.9502131381356361
PIVOTS_TRAD_D_R2,CKSPl_10_3_20,0.9501630704114036
ACCBL_20,HWU_1,0.9500274013205684
