Date,MLP,LSTM,BuyAndHold
2013-12-30,1.0,1.0,1.0
2013-12-31,1.0023753513644384,0.9976246486355616,1.0023753513644384
2014-01-02,0.9729216287181294,1.0269387769868186,0.9729216287181294
2014-01-03,0.9760094495763151,1.0301980353711115,0.9698338078599439
2014-01-06,0.9736190637984932,1.0327211366926818,0.9722090686139927
2014-01-07,0.9862263667905754,1.0460937469472678,0.9847981137091526
2014-01-08,0.9838476611949454,1.0435706456256972,0.9824228529551038
2014-01-09,0.9824203833924863,1.0420567270826675,0.9809976421364408
2014-01-10,0.9721917859960342,1.052906236015683,0.9912114264775519
2014-01-13,0.9633388283841503,1.0624941942879131,0.9821852725134651
2014-01-14,0.9507583237049045,1.0763695959524875,0.9950118980502638
2014-01-15,0.9618796696399634,1.0637789319192557,1.006650893210038
2014-01-16,0.9575672703722784,1.0685481765886065,1.0021377709227999
2014-01-17,0.9682345884049973,1.0804518240770185,0.9909739366463028
2014-01-21,0.9605760197522298,1.0719056364384083,0.9988123696229756
2014-01-22,0.9576063191377382,1.0752195218173388,0.9957244581544005
2014-01-23,0.9587484848689551,1.0739370752974986,0.9945368277773761
2014-01-24,0.9937827349029377,1.0346936442928811,0.9581948127001697
2014-01-27,0.9950144745747557,1.033411197773041,0.9570071823231453
2014-01-28,0.9814315212502395,1.047518305180079,0.9700712976911929
2014-01-29,0.9987339671536809,1.029050762192307,0.9529691303087948
2014-01-30,0.9930084347165736,1.0349500944590901,0.9584323025314186
2014-01-31,0.9784886044771847,1.019816990698421,0.9444180466175957
2014-02-03,0.9986686947923727,0.9987845546709685,0.9249406184811488
2014-02-04,0.9896924148417919,1.0077618759986453,0.9332542123410988
2014-02-05,0.9879291629864989,1.009557320695301,0.9349169129910109
2014-02-06,0.9658412893795645,1.0321287512532002,0.9558195519461209
2014-02-07,0.9807225155924842,1.0162261991495065,0.9705463679640806
2014-02-10,0.9747220108143222,1.0224439315526483,0.964608125468569
2014-02-11,0.9903232683012816,1.0060788440044504,0.9800475015906653
2014-02-12,0.9900832883967472,1.00632264187598,0.9798100117594164
2014-02-13,0.9996841326659813,0.9965643244874495,0.9893112359963908
2014-02-14,1.0042444833356272,0.9920182057325166,0.9938242676732394
2014-02-18,1.0078448228266992,0.988461698944351,0.9973872494147021
2014-02-19,1.0008842153095263,0.9952884383156089,0.9904988663734152
2014-02-20,0.9960837931749094,0.9905148545418443,0.9952494784919024
2014-02-21,0.9986987340212657,0.9879145333943548,0.9978622290772002
2014-02-24,1.0060683600964921,0.9806244863988179,1.005225682391375
2014-02-25,1.0072569860605356,0.9794659212637423,1.0064133127683994
2014-02-26,1.0017892340768573,0.9847828133856635,1.0009501405457755
2014-02-27,0.9998873599853093,0.9829132255972644,1.0028504216373262
2014-02-28,0.9965717840481279,0.9796539350315995,1.0061758229371502
2014-03-03,0.9673991998383357,1.0083312840932737,0.9767221002908413
2014-03-04,0.9438729540949728,1.0328529599270588,1.0004750702728877
2014-03-05,0.945441587058291,1.0311364501021154,1.0021377709227999
2014-03-06,0.9553016633809599,1.0203826560695013,1.0125891357055496
2014-03-07,0.9476825523516635,1.0285208275466104,1.004513122287238
2014-03-10,0.9510439575496797,1.0321689639899838,1.0009501405457755
2014-03-11,0.9569117752110144,1.0258006155784272,0.9947744082190147
2014-03-12,0.958282740329607,1.0243309535897045,0.9933491974003517
2014-03-13,0.983488612157234,0.9973878045183014,0.9672209666642564
2014-03-14,0.9796242206258139,1.001306809718441,0.9710214382369683
2014-03-17,0.9630895007319371,1.018207502124708,0.9874109549048401
2014-03-18,0.9723566951673197,1.028005061843284,0.9969121791418145
2014-03-19,0.9589192720738666,1.042211514091574,0.9831354130592406
2014-03-20,0.9528955691773132,1.035664589132315,0.9893112359963908
2014-03-21,0.9579288988469735,1.041135116515286,0.9840855536050159
2014-03-24,0.9579288988469735,1.041135116515286,0.9840855536050159
2014-03-25,0.9715706606699263,1.0559618090830845,0.9980998095188389
2014-03-26,0.9718018381033338,1.0557105514538845,0.998337299350088
2014-03-27,0.97365161037858,1.0537010634778423,1.0002375804416386
2014-03-28,0.9847499794240673,1.0416902342023147,1.0116389951597742
2014-03-31,0.9863684860639095,1.0399781422033878,1.0133016958096863
2014-04-01,0.9963107915383663,1.0294954670950163,1.0235154801507975
2014-04-02,0.9942298418297126,1.0316457281486013,1.0213777092279976
2014-04-03,0.9930737782586821,1.0304461583968758,1.022565339605022
2014-04-04,0.9909976622735889,1.0326004049272564,1.0204275686822224
2014-04-07,0.9863840614181463,1.0374076878229324,1.0156769565637351
2014-04-08,0.9854613236476343,1.0383781569276314,1.0166270971095104
2014-04-09,0.972797702483605,1.0517217831956434,1.0296912124775581
2014-04-10,0.9512547973709584,1.0750124864142492,1.006888383041287
2014-04-11,0.9467666707381832,1.0699404571491393,1.0021377709227999
2014-04-14,0.941605355071855,1.0757732569446967,1.0076009431454236
2014-04-15,0.947376590867065,1.069179686618692,1.001425210818663
2014-04-16,0.9350175680000881,1.0831276945420605,1.0144893261867107
2014-04-17,0.9393960327851598,1.0780556652769506,1.019239938305198
2014-04-21,0.9413663377628285,1.07579453326301,1.0213777092279976
2014-04-22,0.9494664433322361,1.0665377233040616,1.0301662827504459
2014-04-23,0.9457448025479004,1.070718250501158,1.026128321346485
2014-04-24,0.9450879785471643,1.0714618691211713,1.0254156706319586
2014-04-25,0.9534069697753039,1.0808932470381853,1.0163896072782614
2014-04-28,0.9473910709025138,1.0877135710683274,1.0228029200466606
2014-04-29,0.9550916147630978,1.0965546783143403,1.031116423296221
2014-04-30,0.961032070282534,1.0897343542841982,1.0375297360646205
2014-05-01,0.963012222122346,1.0874890187191657,1.0396675069874202
2014-05-02,0.9700527433462037,1.0954395819011475,1.0320665638419966
2014-05-05,0.9689364741580759,1.0941790262652615,1.033254194219021
2014-05-06,0.9745050745842718,1.1004674114736825,1.0273159517235093
2014-05-07,0.9668442220049348,1.1091184886486896,1.0353919651418206
2014-05-08,0.969062229496902,1.1065740941523345,1.0377672258958694
2014-05-09,0.9626299739255724,1.1139190996282944,1.0308789334649722
2014-05-12,0.9528706225047299,1.1026259462442076,1.0413302076373323
2014-05-13,0.9491755975180345,1.106901689798607,1.0372921556229817
2014-05-14,0.9483062530327769,1.1058878848901528,1.036342105687596
2014-05-15,0.959391245079703,1.0929608812248344,1.0242280402549342
2014-05-16,0.955831355083793,1.097016390931586,1.028028511827646
2014-05-19,0.955610459619455,1.0972699146769334,1.0282660922692846
2014-05-20,0.9613499088144334,1.0906796509716006,1.0220902693321343
2014-05-21,0.9521899430439207,1.1010719006383378,1.0318289834003578
2014-05-22,0.9548202786730391,1.104113508745657,1.0289786523734215
2014-05-23,0.9596693467325955,1.109720764549675,1.0342043347647962
2014-05-27,0.9715715588350835,1.0959575533361716,1.0470309603015948
2014-05-28,0.9687061927926085,1.0991897594755617,1.0439430488330197
2014-05-29,0.9717919328013773,1.095688373974696,1.047268450132844
2014-05-30,0.9755388787891369,1.0914637194801229,1.0513064115368047
2014-06-02,0.9742164668311556,1.0929432757599657,1.0498812913285314
2014-06-03,0.9781838708653183,1.097394183447315,1.0456057494829318
2014-06-04,0.9784061318428988,1.0971448357415627,1.045368169041293
2014-06-05,0.9641779318108037,1.11309976046971,1.06057014594253
2014-06-06,0.9728155343352435,1.1031280395001897,1.070071279569115
2014-06-09,0.9706561542979006,1.105576677071297,1.0676960188150662
2014-06-10,0.9723837242278295,1.1075443780064653,1.0657957377235154
2014-06-11,0.9814855604972683,1.1179113631159265,1.055819533824043
2014-06-12,0.9832520541000981,1.1158993281446992,1.0539192527324923
2014-06-13,0.9848032676538319,1.1141388455144292,1.0522565520825802
2014-06-16,0.9854701501907615,1.113384380369773,1.0515439919784435
2014-06-17,0.9843571446532421,1.114641854257236,1.052731622355468
2014-06-18,0.9725857527613035,1.1279712501547394,1.0653206674506277
2014-06-19,0.9782239775548042,1.1214322324373585,1.071496490387778
2014-06-20,0.9535027467354005,1.1497725570486002,1.0444181191059074
2014-06-23,0.9567555750949479,1.15369495034364,1.0408551373644446
2014-06-24,0.9626507016363133,1.1465863659784692,1.0344418245960454
2014-06-25,0.9637559094774342,1.1452699837849614,1.033254194219021
2014-06-26,0.9692947365433965,1.1386879723838983,1.0273159517235093
2014-06-27,0.9679500194262552,1.140267691276222,1.0287411625421723
2014-06-30,0.9688440135554182,1.1392145453480063,1.027791021996397
2014-07-01,0.9610073155471355,1.148429321136085,1.0361045252459573
2014-07-02,0.958804214503415,1.1457965567490693,1.0337292644919085
2014-07-03,0.9524151038165408,1.153431714078348,1.0406176475331956
2014-07-07,0.938066922956288,1.1708082201598133,1.0249406909694605
2014-07-08,0.9515455799237007,1.1539854093475228,1.0102137843411112
2014-07-09,0.9439385812955728,1.163210785000563,1.0182897977594225
2014-07-10,0.9589112554112883,1.1447600336944825,1.0021377709227999
2014-07-11,0.9595930797310966,1.1439460634475875,1.001425210818663
2014-07-14,0.9536753237778722,1.1510007137677332,1.0076009431454236
2014-07-15,0.9460316148760056,1.1417754416205737,0.9995250203375019
2014-07-16,0.9379382609044361,1.1515433951009566,1.0080760134183113
2014-07-17,0.9187109915461573,1.1279373263880728,0.9874109549048401
2014-07-18,0.9078817894487717,1.1412327602873498,0.9990499500646143
2014-07-21,0.915436727487489,1.1317359922147572,0.9907363562046643
2014-07-22,0.9090718870438087,1.1396047162876786,0.9976247392459512
2014-07-23,0.9110199015330303,1.1420467305342445,0.999762510168751
2014-07-24,0.9185954675647379,1.1515433951009562,1.0080760134183113
2014-07-25,0.9073402819122887,1.1656527992471286,0.9957244581544005
2014-07-28,0.9088553951186301,1.1637063454355265,0.9940617575044883
2014-07-29,0.9101583606338043,1.1620380170677402,0.992636637296215
2014-07-30,0.9088515707234448,1.1603695826261768,0.9912114264775519
2014-07-31,0.9299775506589925,1.1333971425600093,0.9681710165996421
2014-08-01,0.9388757521329641,1.12255258387429,0.9589073728043064
2014-08-04,0.9339917631529064,1.1283920513828736,0.9638955653644322
2014-08-05,0.9507935643279909,1.1080931369354055,0.9465558175403954
2014-08-06,0.9507935643279909,1.1080931369354055,0.9465558175403954
2014-08-07,0.9648705623082392,1.0916872361849186,0.9325415616265724
2014-08-08,0.9506161884724003,1.1078151175653668,0.9463183277091465
2014-08-11,0.9513319847857736,1.1069809533814736,0.9456057676050097
2014-08-12,0.9561113647456424,1.101419611316706,0.9408551554865225
2014-08-13,0.9483871703446805,1.1103177161908233,0.9484560986319462
2014-08-14,0.9536124729637733,1.1164352030694453,0.9536817810233211
2014-08-15,0.9490996786640824,1.1111518803747165,0.9491686587360829
2014-08-18,0.9562250336695151,1.119493840434979,0.9562945316086189
2014-08-19,0.9586002124071956,1.1167131163657067,0.9586698829730573
2014-08-20,0.9521873657211648,1.1241837072490006,0.952256570204658
2014-08-21,0.9405492164160411,1.1104433255737594,0.9638955653644322
2014-08-22,0.9319734210077917,1.120568191563084,0.9551069012315946
2014-08-25,0.9182986019796363,1.137010256200252,0.9691211571454176
2014-08-26,0.9255009372219387,1.1280925370384929,0.9767221002908413
2014-08-27,0.9273015639618186,1.1258977541857085,0.978622381382392
2014-08-28,0.9200992287195162,1.1346425826097601,0.9710214382369683
2014-08-29,0.920549385404486,1.1351977041962917,0.9705463679640806
2014-09-02,0.9203241296872814,1.1354754837234764,0.9707838577953296
2014-09-03,0.9309077723518303,1.1485333471288057,0.9819477826822162
2014-09-04,0.9338351793251208,1.1449215773817907,0.9850356941507913
2014-09-05,0.938789153548444,1.1388477946547628,0.9902612859317765
2014-09-08,0.927079611555895,1.153052673379902,0.9779097306678656
2014-09-09,0.9293314102118954,1.155853341658926,0.9755344699138169
2014-09-10,0.9272948879488009,1.158386260526506,0.9776722408366166
2014-09-11,0.9306742768858194,1.1541646932942344,0.9741092590951538
2014-09-12,0.9320358517881485,1.1524761522884572,0.9726841388868803
2014-09-15,0.9311254174369586,1.1536019178649182,0.9736342794326557
2014-09-16,0.9336240953602664,1.1566976121618142,0.9762470300179535
2014-09-17,0.9374857594134758,1.1519132695002265,0.9722090686139927
2014-09-18,0.9294691803062559,1.1617634498969742,0.9805225718635531
2014-09-19,0.9231646685917269,1.153883305579576,0.9738717692639047
2014-09-22,0.9204627472701473,1.1505061162091075,0.9710214382369683
2014-09-23,0.9341976499846826,1.1333385669242777,0.9565321120502576
2014-09-24,0.9253822514053542,1.1440331251828284,0.9655582660143444
2014-09-25,0.943366330086325,1.1217997381628386,0.9467933979820341
2014-09-26,0.9369762313140736,1.1293984947655789,0.9532067107504334
2014-09-29,0.9484170465098691,1.1156081348512177,0.9415677155906592
2014-09-30,0.9469814681516601,1.117296783215909,0.9429929264093223
2014-10-01,0.9569999590194925,1.1054764593808974,0.9330166318994602
2014-10-02,0.9711307659221138,1.0891532879578707,0.9192399564272759
2014-10-03,0.9746438850905277,1.0852132157991716,0.9159145551274517
2014-10-06,0.9708525379231486,1.0894346756725286,0.9194774462585249
2014-10-07,0.9485312207796195,1.0643869820703007,0.8983373174721658
2014-10-08,0.929470254098214,1.085776098587402,0.9163896254003393
2014-10-09,0.9586216706034812,1.0517223877324007,0.887648462858167
2014-10-10,0.9734998799499864,1.035399216309374,0.8738717873859827
2014-10-13,0.9716476186612634,1.0373692523887235,0.8755344880358947
2014-10-14,0.9756016315874961,1.0415907122620804,0.879097379166968
2014-10-15,0.9618942661078159,1.026956189203745,0.8667459145134466
2014-10-16,0.9763926151758522,1.0114771809246923,0.8536817085350094
2014-10-17,0.9541154399653384,1.0345548384475707,0.8731591366714563
2014-10-20,0.9572301428646881,1.0379321351769537,0.8760095583087825
2014-10-21,0.9717650270157631,1.05369242381175,0.889311163508079
2014-10-22,0.9572301428646882,1.0694527124465463,0.8760095583087825
2014-10-23,0.9753988470650042,1.0491539680604602,0.8926366554182928
2014-10-24,0.9800707033910836,1.044128847703323,0.8969121066535027
2014-10-27,0.9707268917274523,1.054083377791558,0.8883611135726933
2014-10-28,0.9541155389768111,1.036045605307555,0.9035629998635407
2014-10-29,0.9380631376123832,1.0534764291531487,0.8883611135726933
2014-10-30,0.9428286643674918,1.0588282758548362,0.8928741452495419
2014-10-31,0.9257729639978223,1.0396741511464735,0.9090261720861647
2014-11-03,0.9146453258798524,1.0521708627209896,0.8980998276409168
2014-11-04,0.9219025694417055,1.0605193011849439,0.8909738641579912
2014-11-05,0.9164954860046984,1.066739390528589,0.8961995465493661
2014-11-06,0.9157667887837917,1.0658912357463994,0.8954869864452294
2014-11-07,0.9092082358083908,1.0582575191481567,0.8890736736768301
2014-11-10,0.9033784727163103,1.0650429731113638,0.894774335730703
2014-11-11,0.9093738172652055,1.0721112172371983,0.9007125782262146
2014-11-12,0.8937859763270968,1.09048858725266,0.8852732021041182
2014-11-13,0.8894693209333564,1.0957552434395477,0.8895487439497177
2014-11-14,0.888044327966391,1.0975107210919735,0.8909738641579912
2014-11-17,0.883546044896788,1.091951410886478,0.8954869864452294
2014-11-18,0.9006544850895379,1.0708075378371427,0.9128266436588766
2014-11-19,0.9008888080939808,1.0705289461645313,0.9130641334901256
2014-11-20,0.89409236813948,1.0786051767013005,0.9061758410592282
2014-11-21,0.8797963404128735,1.061358894257049,0.9206650766355492
2014-11-24,0.8913726570405509,1.0473935865475907,0.9327791420682111
2014-11-25,0.8972742458358043,1.0404590163588303,0.9389548743949718
2014-11-26,0.901133046907748,1.0359844375037346,0.9429929264093223
2014-11-28,0.8993171201472677,1.0380721113161198,0.9410926453177716
2014-12-01,0.9006789786294742,1.0396440899633252,0.9396675251094981
2014-12-02,0.903183408203305,1.042534926173497,0.9370546839138106
2014-12-03,0.9063886077836266,1.0388351986569242,0.9337292826139865
2014-12-04,0.9133059148025564,1.0309070959099662,0.9266033191310609
2014-12-05,0.9020680290328831,1.0435920199810935,0.938004824459586
2014-12-08,0.8929308152389297,1.0330212835251589,0.9285036002226116
2014-12-09,0.8851642096557479,1.0240361877806188,0.9204275868043003
2014-12-10,0.8963572921963944,1.0110870406625996,0.908788591644526
2014-12-11,0.8982314900131482,1.008972953857421,0.9068884011633649
2014-12-12,0.9210519623762304,0.9833389834782887,0.8838479912854552
2014-12-15,0.9396165683632924,0.9635189282309219,0.8660332637989203
2014-12-16,0.9300811673825377,0.9732968947361662,0.8748219279317581
2014-12-17,0.9156867618649472,0.9883601286593638,0.8883611135726933
2014-12-18,0.9362529914988427,0.9661616627499126,0.908313611982028
2014-12-19,0.9188695629124624,0.9841004062517348,0.8914489344308789
2014-12-22,0.9129934572752647,0.9778071540012027,0.8971496870951414
2014-12-23,0.9156524415572366,0.974959407576986,0.8997625282908289
2014-12-24,0.9192782537694509,0.9710987508845909,0.9033254194219021
2014-12-26,0.9202451739102734,0.9700773246329553,0.9042755599676775
2014-12-29,0.9129934572752647,0.977721728615422,0.8971496870951414
2014-12-30,0.9272552066153664,0.9624488675595513,0.8831354311813184
2014-12-31,0.9352358785009387,0.9541652919443004,0.8755344880358947
2015-01-02,0.9359970270154558,0.9533887375891239,0.8748219279317581
2015-01-05,0.9758970689447738,0.9127473151200358,0.8375296816983866
2015-01-06,0.9869678747447955,0.9023928949749777,0.8280285480718018
2015-01-07,0.9753598233689772,0.9130062324037683,0.8377672621400253
2015-01-08,0.9607031885787446,0.9267258860012756,0.8503563072351853
2015-01-09,0.9462121100190135,0.9407044568825151,0.8375296816983866
2015-01-12,0.9413817504991032,0.9455067001434191,0.8418052235439861
2015-01-13,0.9458974607460321,0.9409712029425079,0.8458432755583367
2015-01-14,0.9488193730242872,0.9380645080570034,0.8484561167540241
2015-01-15,0.9464287267355901,0.9404280563766343,0.8463183458312243
2015-01-16,0.9668820113547488,0.9607516604236692,0.8646081435906469
2015-01-20,0.9751163808713295,0.9525694995263824,0.871971506294432
2015-01-21,0.9846789660261182,0.9432280228229185,0.880522589985631
2015-01-22,0.988663410283489,0.9394113073160409,0.8840855717270938
2015-01-23,0.9812257877583052,0.9464784108692136,0.8774346785170558
2015-01-26,0.999554109747859,0.9287991353273388,0.8938242857953173
2015-01-27,0.9963665138105116,0.9317610923854995,0.8909738641579912
2015-01-28,1.0205385590279488,0.9543657975264376,0.8693586650987445
2015-01-29,0.9926549906789078,0.9804413668519731,0.8931116350807909
2015-01-30,0.9739107310198465,0.9989549972002066,0.8762470481400315
2015-02-02,0.956486471206861,1.0168273245689272,0.8919240047037665
2015-02-03,0.9330518648495565,0.9919143239129352,0.9137767842046519
2015-02-04,0.913163582547656,1.0130572773075572,0.894299356068205
2015-02-05,0.9284435433872565,0.9961057958628577,0.9092636619174137
2015-02-06,0.9058873049801744,1.0203058670143972,0.8871733925852793
2015-02-09,0.9136485813652229,1.011564298623218,0.8795724494398557
2015-02-10,0.9005717211414692,1.026042605939877,0.8921615851454052
2015-02-11,0.8948172292151888,1.032598834337119,0.8864608324811426
2015-02-12,0.870600527167131,1.0605443605181983,0.9104513829048277
2015-02-13,0.8744617452321227,1.0558407187034125,0.9144893443087886
2015-02-17,0.8762788501881188,1.0536467137476104,0.9163896254003393
2015-02-18,0.8771873160217837,1.0525543650734555,0.9173396753357251
2015-02-19,0.8771873160217837,1.0525543650734555,0.9173396753357251
2015-02-20,0.8905881618170883,1.036474425840529,0.9313539312495481
2015-02-23,0.8844555625571016,1.0436115994179724,0.9249406184811488
2015-02-24,0.8742345637904569,1.0315513520498991,0.9356294730951477
2015-02-25,0.8731248643266644,1.0328607397470422,0.9344418427181233
2015-02-26,0.8680201790615049,1.0388993136264089,0.9289786704954993
2015-02-27,0.8646910806701271,1.042883780943213,0.9325415616265724
2015-03-02,0.8664530998425101,1.040758650642152,0.9344418427181233
2015-03-03,0.8580836768090876,1.0508117619121116,0.9254156887540365
2015-03-04,0.8598456119637723,1.0486540910062228,0.9235154982728754
2015-03-05,0.8574129077578639,1.0516209785290973,0.9261283394685628
2015-03-06,0.839600504504112,1.0297739818601885,0.9068884011633649
2015-03-09,0.8360820144167881,1.0340894265602834,0.9106888727360768
2015-03-10,0.8570167552928909,1.0081967583597142,0.8878860432998057
2015-03-11,0.8508264152814351,1.0154790905826838,0.894299356068205
2015-03-12,0.8442729708261496,1.0233007633658873,0.9011876484991024
2015-03-13,0.8382646920477713,1.0305830955888569,0.894774335730703
2015-03-16,0.8235777317753757,1.0486396034269008,0.9104513829048277
2015-03-17,0.8199249834999444,1.0532905505751553,0.9064133308904773
2015-03-18,0.833031763960568,1.0701277592045455,0.9209026570771879
2015-03-19,0.8205695523866939,1.086136942915473,0.9071258909946139
2015-03-20,0.7969343489769524,1.0548524923750213,0.9332542123410988
2015-03-23,0.8005853650797344,1.0500198691599911,0.9375297541866984
2015-03-24,0.8046419808606156,1.044699353250924,0.9422802756947959
2015-03-25,0.7989626568673928,1.0520730501791855,0.9356294730951477
2015-03-26,0.792066301714914,1.0611541622161798,0.9275534596768362
2015-03-27,0.788212408398096,1.0663173346993722,0.9320665819640744
2015-03-30,0.785400246028857,1.062512957287447,0.9353919832638986
2015-03-31,0.7742315003602498,1.0776223706719537,0.9220902874542123
2015-04-01,0.7674504897901767,1.0870605925509054,0.9301663008725237
2015-04-02,0.7754855915505542,1.075679216687518,0.9399050149407472
2015-04-06,0.7837167133410371,1.0642617941892574,0.9498813094506092
2015-04-07,0.7788172592247158,1.0709150934485714,0.9439430669550977
2015-04-08,0.7766614874519765,1.0679507927707013,0.9413302257594102
2015-04-09,0.7747016609496058,1.0652559272459972,0.9389548743949718
2015-04-10,0.7727418344472352,1.0679507927707013,0.9413302257594102
2015-04-13,0.7772265748812373,1.0741488292796078,0.9358670535367862
2015-04-14,0.7801855140382613,1.0782381658182003,0.9394299446678595
2015-04-15,0.7827499881750387,1.0746939909523856,0.9425178561364346
2015-04-16,0.7799882815281379,1.0784857374653651,0.9391924548366104
2015-04-17,0.7935996575033806,1.0596653587440108,0.922802847558349
2015-04-20,0.7909440897509122,1.0632112437862764,0.9258907590269242
2015-04-21,0.7872916993146867,1.0681208987528057,0.9301663008725237
2015-04-22,0.7891011061927662,1.0705757262360702,0.9323040717953235
2015-04-23,0.791312612009589,1.067575369973305,0.9349169129910109
2015-04-24,0.7876937982534299,1.0626931573357674,0.9391924548366104
2015-04-27,0.7984513946713152,1.0481798729503693,0.952019080373409
2015-04-28,0.7982521377037988,1.048441450729918,0.9517814999317704
2015-04-29,0.7872953603126637,1.0628323167742368,0.9387173845637228
2015-04-30,0.7853032466030998,1.0655216287350906,0.9410926453177716
2015-05-01,0.7779694665431236,1.055570948780446,0.9498813094506092
2015-05-04,0.7746622310598876,1.0600582993089853,0.9458432574362587
2015-05-05,0.7598771481901555,1.039826191464271,0.9277910401184749
2015-05-06,0.7495664992706252,1.053935423230295,0.9403800852136348
2015-05-07,0.7459692119521212,1.058993424803468,0.9358670535367862
2015-05-08,0.7283613041374085,1.0839899773441954,0.9579573228689207
2015-05-11,0.7191506469543568,1.0976978171408271,0.9458432574362587
2015-05-12,0.7162610438739737,1.0932871821686234,0.942042785863547
2015-05-13,0.7144550677838237,1.0960437895920636,0.9444180466175957
2015-05-14,0.7297289226256443,1.0726122058614918,0.964608125468569
2015-05-15,0.7295491923132651,1.0728763874237732,0.9643705450269303
2015-05-18,0.7338617601519456,1.079218457639234,0.9586698829730573
2015-05-19,0.7324071644085138,1.07707932645683,0.9605700734542185
2015-05-20,0.7345805292534704,1.0738831721083928,0.9634204950915446
2015-05-21,0.7372971316779263,1.0699117714072377,0.9669833862226178
2015-05-22,0.7293283345098985,1.0814755080986127,0.9565321120502576
2015-05-26,0.7481637486392295,1.0535456470169717,0.9318290015224358
2015-05-27,0.736339615821389,1.0701960977807836,0.9465558175403954
2015-05-28,0.7378178017909405,1.0723444934699706,0.9446556270592343
2015-05-29,0.7515464013746348,1.052391344967869,0.9270783894039486
2015-06-01,0.7523165699151014,1.0513128770187563,0.9261283394685628
2015-06-02,0.7445985680403733,1.0620982765170983,0.9356294730951477
2015-06-03,0.7559405546358974,1.0782765300518715,0.9498813094506092
2015-06-04,0.7447876408108721,1.0941850894557366,0.9358670535367862
2015-06-05,0.7561296274063963,1.0775223094395188,0.9216152171813247
2015-06-08,0.7576886189396697,1.0753006690005753,0.9197150267001635
2015-06-09,0.7606239093683607,1.0711349475118463,0.9161520449587007
2015-06-10,0.7389312688107956,1.1016832186335317,0.9422802756947959
2015-06-11,0.7411665545654106,1.0983505990670692,0.9451306973321221
2015-06-12,0.730735434212457,1.1138086998381236,0.9318290015224358
2015-06-15,0.7402351499728907,1.1282884493679433,0.9197150267001635
2015-06-16,0.7417645963970093,1.1259572216029239,0.9178147456086128
2015-06-17,0.7452200274484867,1.120712070290688,0.9135392037630132
2015-06-18,0.7314627328615315,1.1414012164894745,0.9304037907037727
2015-06-19,0.7127886770265877,1.1705408965978694,0.9066508207217262
2015-06-22,0.6853377921537419,1.2156207139786765,0.9415677155906592
2015-06-23,0.6837817753319002,1.2183807051853277,0.9394299446678595
2015-06-24,0.6780764242867998,1.2082147576850668,0.9315915116911867
2015-06-25,0.6768661963089763,1.2103711743522703,0.9332542123410988
2015-06-26,0.6796225843365737,1.2054422051821054,0.9370546839138106
2015-06-29,0.6489576935973937,1.2598323245899077,0.894774335730703
2015-06-30,0.6530922427800527,1.2518058557471605,0.8890736736768301
2015-07-01,0.6490791272135872,1.2594979415458025,0.894536845899454
2015-07-02,0.6464938149487791,1.254481302835269,0.8909738641579912
2015-07-06,0.6701060750282867,1.2086631710875233,0.8584323206534966
2015-07-07,0.6684372966657754,1.2116731287981588,0.8605700915762964
2015-07-08,0.6769242011200572,1.196288957200875,0.8496437471310485
2015-07-09,0.6608385279111041,1.2247162363514392,0.8698337353716322
2015-07-10,0.6971106986251285,1.291938582696162,0.9175772557773637
2015-07-13,0.6960279236290934,1.29394526369606,0.9161520449587007
2015-07-14,0.7007198797725077,1.2852227193510204,0.922327867895851
2015-07-15,0.6983739017008005,1.2895255861654116,0.9192399564272759
2015-07-16,0.7054117670765174,1.2765303876737837,0.9285036002226116
2015-07-17,0.7023439390074535,1.2820820043848982,0.9244655482082611
2015-07-20,0.7043289920804824,1.2784584224311963,0.9270783894039486
2015-07-21,0.7030657890048103,1.2807513176967504,0.9254156887540365
2015-07-22,0.7059531201548328,1.275491563584333,0.9216152171813247
2015-07-23,0.7063170218517508,1.274834078644977,0.9211401469084369
2015-07-24,0.713602354523297,1.261684756065148,0.9116390132818522
2015-07-27,0.7204818444605804,1.2495214727907085,0.9028503491490144
2015-07-28,0.7125206811558065,1.263328405712323,0.9128266436588766
2015-07-29,0.713076880752182,1.264314570420142,0.9135392037630132
2015-07-30,0.7101103650259891,1.2695743245325595,0.9097387321903014
2015-07-31,0.7049189094596662,1.2788558940160777,0.9163896254003393
2015-08-03,0.7082077358918243,1.2728893423876284,0.9206650766355492
2015-08-04,0.7040052729889079,1.2804425926132355,0.9152019044129254
2015-08-05,0.7124102684954174,1.2957295722001443,0.9261283394685628
2015-08-06,0.7138719613874125,1.2930710497315776,0.928028529949724
2015-08-07,0.7131410800910766,1.294394930618068,0.9270783894039486
2015-08-10,0.702908951044404,1.2758229869491498,0.9403800852136348
2015-08-11,0.6917234651075774,1.2961253320212902,0.9254156887540365
2015-08-12,0.6990028932854521,1.2824854141351656,0.915676974685813
2015-08-13,0.7049865397907039,1.2715070055476743,0.9078385417091402
2015-08-14,0.7068311307198905,1.2681801189243826,0.9054631903447019
2015-08-17,0.7097978903271872,1.2628572272348644,0.90166271877199
2015-08-18,0.7161554086843601,1.2515460665311697,0.8935867053536787
2015-08-19,0.7220566961529702,1.2412330352683367,0.8862233426498936
2015-08-20,0.7404419651688516,1.2096283103396825,0.8636580030448715
2015-08-21,0.7546969137890401,1.186340611607635,0.8470309059353611
2015-08-24,0.775648994960714,1.153405132029664,0.8235154257845636
2015-08-25,0.7682660817183926,1.164383667524904,0.831353949371626
2015-08-26,0.7856069648019965,1.19066550076404,0.8501188174039362
2015-08-27,0.7948261175901254,1.2046380438586195,0.8600950213034088
2015-08-28,0.7873629580183439,1.2159492045623144,0.8520190078850973
2015-08-31,0.7895579704723676,1.212559378281698,0.8496437471310485
2015-09-01,0.8098653478763209,1.181372433382975,0.8277909676301631
2015-09-02,0.7984783924339506,1.1979828925105964,0.8394299627899374
2015-09-03,0.7980264984527925,1.1973049013917563,0.8389548925170497
2015-09-04,0.7804030641374475,1.1708638943249134,0.8204276049263781
2015-09-08,0.7575829783237307,1.2051016052880412,0.8444180647396736
2015-09-09,0.7516161059271316,1.2145932223246343,0.8377672621400253
2015-09-10,0.7586484796384748,1.225957366040149,0.845605695116698
2015-09-11,0.7571567615393251,1.2283679459606145,0.843942994466786
2015-09-14,0.7641891352506684,1.2397768679828762,0.8361045614901133
2015-09-15,0.7583274474136346,1.2492865360119925,0.8425178742585125
2015-09-16,0.7679481134796184,1.2334372236539957,0.8532066382621217
2015-09-17,0.7747895974431768,1.2224487976945266,0.8608076720179351
2015-09-18,0.7446446425984179,1.2700109538310302,0.8273159879676651
2015-09-21,0.7459274361333257,1.2678231158373914,0.825890777149002
2015-09-22,0.7695259945525521,1.2277135871955371,0.7997624558025171
2015-09-23,0.7713543449073927,1.224796608966495,0.7978622653213561
2015-09-24,0.7747989512844045,1.2193270835303027,0.7942992835798932
2015-09-25,0.7671528662627715,1.231359983851602,0.8021378071669556
2015-09-28,0.7537498368870578,1.209846730416154,0.7881235512531326
2015-09-29,0.7505694717230667,1.214951546638835,0.7914489525529568
2015-09-30,0.7386306689789442,1.2342769620806442,0.8040379976481167
2015-10-01,0.7362304618763712,1.2382877897586007,0.8014252470628189
2015-10-02,0.7484500007235267,1.258840193570241,0.8147268522621156
2015-10-05,0.7659065442475814,1.2294795166945043,0.8337292101256748
2015-10-06,0.772234567287353,1.219321391310926,0.8406175931669618
2015-10-07,0.7794354383131685,1.2079515608866154,0.8484561167540241
2015-10-08,0.7833631710110014,1.2018644488438777,0.8527316585996236
2015-10-09,0.7789990975595119,1.1951689276251312,0.8574821801077213
2015-10-12,0.7770569911714342,1.1981485783287642,0.8553444091849215
2015-10-13,0.7848253344066853,1.2101266307869945,0.8467934161041121
2015-10-14,0.7815231745525572,1.2152182497796677,0.8503563072351853
2015-10-15,0.7911285408136467,1.200282523295323,0.8608076720179351
2015-10-16,0.7924383029213803,1.1982953815269697,0.8622327922262085
2015-10-19,0.7911285408136468,1.2002759544987835,0.8608076720179351
2015-10-20,0.7939664975067705,1.2045816153401456,0.8577197605493599
2015-10-21,0.7946260938879733,1.2035808959435002,0.8570072004452232
2015-10-22,0.8051976055830469,1.2195930425559767,0.8684086151633588
2015-10-23,0.8140071566548215,1.2062496506721943,0.8779097487899435
2015-10-26,0.8115845028052389,1.2098396994031761,0.875296907594256
2015-10-27,0.805417808653506,1.2190324715335656,0.8686461049946078
2015-10-28,0.8010129911101653,1.225699341273496,0.873396717113095
2015-10-29,0.7966560912637684,1.2323662110134261,0.8686461049946078
2015-10-30,0.7955668870774074,1.234051126814467,0.8698337353716322
2015-11-02,0.8049086132982997,1.2195606195340116,0.8800475197127433
2015-11-03,0.8023016449892685,1.223510578366033,0.8771971886858069
2015-11-04,0.8109916498514099,1.236762841952037,0.8676959644488325
2015-11-05,0.8087715287479929,1.240148528211375,0.8700713158132708
2015-11-06,0.8067843718035881,1.2371014751533331,0.867933544890471
2015-11-09,0.8173825140982311,1.2208505685606856,0.8565321301723355
2015-11-10,0.8207826422089385,1.215772103747041,0.8529691484308727
2015-11-11,0.8184970111269354,1.219157660855654,0.8553444091849215
2015-11-12,0.8082687085909637,1.2039225247161705,0.8446556451813123
2015-11-13,0.8166787656946057,1.1913956792827072,0.8358669810484746
2015-11-16,0.8092523102814094,1.2022296170111388,0.8434679241938983
2015-11-17,0.8065175171385797,1.1981667934999332,0.8463183458312243
2015-11-18,0.8144400512920531,1.1863970338340313,0.8546318490807848
2015-11-19,0.8169300152686151,1.1827698965493898,0.8572446902764722
2015-11-20,0.8124028158884249,1.1893244790013582,0.8524940781579851
2015-11-23,0.807422887935301,1.1820340682562447,0.8472683957666101
2015-11-24,0.8094600369897833,1.1790517654004617,0.8451307154541999
2015-11-25,0.8042274504696849,1.1866735009923457,0.8505938876768239
2015-11-27,0.8105157134066561,1.177394888343377,0.8572446902764722
2015-11-30,0.8111894313867153,1.176416212553647,0.857957250380609
2015-12-01,0.8134353007721744,1.1731591716528362,0.8603326017450473
2015-12-02,0.8022062108583505,1.1893540796058246,0.8484561167540241
2015-12-03,0.8098419954265971,1.2006749238031265,0.8403801033357128
2015-12-04,0.8002283112845487,1.2149282096785283,0.8503563072351853
2015-12-07,0.8024635518371271,1.2183218121847752,0.8479810464811365
2015-12-08,0.7898758576791123,1.1992108353401434,0.8346793506714502
2015-12-09,0.7934723294747377,1.1937505748392314,0.8308788790987384
2015-12-10,0.7957406548962112,1.190337960844741,0.8285036183446896
2015-12-11,0.8103413864861412,1.1684969188410927,0.8133017320538422
2015-12-14,0.8117614096648869,1.166449272334671,0.8118765212351791
2015-12-15,0.8024990793113812,1.1797586491692145,0.8211401650305149
2015-12-16,0.8171237620302346,1.2012584818465655,0.8361045614901133
2015-12-17,0.8094631844216064,1.2125203423575661,0.8282660379030509
2015-12-18,0.7939100192938836,1.1892227675347096,0.8123515915080668
2015-12-21,0.7908922079432058,1.1937432419954586,0.8154395029766419
2015-12-22,0.7957301523278866,1.18644102892981,0.8204276049263781
2015-12-23,0.8090921065164427,1.166518231446762,0.8342042803985625
2015-12-24,0.8070186892254749,1.1695076056500582,0.8320665094757628
2015-12-28,0.805406041097248,1.17184460760104,0.8304038088258506
2015-12-29,0.7978034817361224,1.16078308367807,0.838242332412913
2015-12-30,0.7889867386682698,1.1736112129612712,0.8289786886175772
2015-12-31,0.7783613886946403,1.1894163326921015,0.8178147637306907
2016-01-04,0.7948645386337968,1.1641978206183992,0.8004751065170436
2016-01-05,0.8019404659263226,1.1538340683909167,0.7933492336445075
2016-01-06,0.8156262683204041,1.1341428996240224,0.7798100480035722
2016-01-07,0.8270545481602068,1.1182516723074727,0.7688836129479347
2016-01-08,0.8354860084418881,1.1068515843919198,0.761045179971262
2016-01-11,0.8307922589976815,1.1130698620848611,0.7653207218168615
2016-01-12,0.8411061941148834,1.1268881544607512,0.7748218554434464
2016-01-13,0.8235724453984924,1.15037933056912,0.7586698739120183
2016-01-14,0.8336286231225339,1.1644259624870557,0.767933563012549
2016-01-15,0.806038647501145,1.2029640872908725,0.7425178470753956
2016-01-19,0.7993345454121029,1.2129695554848003,0.7486936247073511
2016-01-20,0.7823436127143661,1.1871862533618818,0.7327791330071721
2016-01-21,0.7742285490443298,1.1995006531699122,0.7403800761525958
2016-01-22,0.7546058418145715,1.1690994878187886,0.7591448988797113
2016-01-25,0.7442170575962922,1.185194675048514,0.7486936247073511
2016-01-26,0.7605085785435377,1.2111395572277543,0.7650831413752229
2016-01-27,0.7543697719756033,1.2209158459881437,0.7589074090484622
2016-01-28,0.7538975422290523,1.2216801300328255,0.7584323387755746
2016-01-29,0.7633419570228439,1.2063755916213474,0.767933563012549
2016-02-01,0.7600363487969866,1.2115997313957287,0.7646080711023352
2016-02-02,0.7827028362197493,1.2477331480626723,0.7418052416660641
2016-02-03,0.7719259401784521,1.2649129636985732,0.7520190260071753
2016-02-04,0.7685125112144714,1.2593195637071115,0.7553444273069995
2016-02-05,0.7557039985544033,1.280308175264422,0.7427553822118395
2016-02-08,0.7385453615015622,1.2512381381372255,0.7258907499658852
2016-02-09,0.7457954612678268,1.2389550722543037,0.7187648770933491
2016-02-10,0.7428379378679683,1.243868267369941,0.7216152081202857
2016-02-11,0.7315902492316859,1.225034222603617,0.7106888636750378
2016-02-12,0.7218096402789139,1.2414116698121223,0.7201900426068174
2016-02-16,0.7084780763891801,1.2184832437202149,0.7334916931113089
2016-02-17,0.7240792849788189,1.1916513460485976,0.7496437199479317
2016-02-18,0.7178847234883851,1.2018460273375011,0.7432304524847272
2016-02-19,0.7153609856988282,1.2060711405585787,0.7406176112890397
2016-02-22,0.7064132517324967,1.1909856048277672,0.7498812550843755
2016-02-23,0.6936588855050773,1.2124889763150706,0.7363420694434402
2016-02-24,0.6882886282871644,1.221875978792455,0.7306413620843724
2016-02-25,0.679338199590643,1.2377651179917901,0.7401425410161521
2016-02-26,0.6789021573879891,1.2385595938931049,0.7396674707432643
2016-02-29,0.6745418601112694,1.2306048570204382,0.7349169039299719
2016-03-01,0.6538303544844861,1.2683900278567168,0.7574821982297992
2016-03-02,0.6575208425871168,1.2612307115674153,0.7617577400753988
2016-03-03,0.6634666376648558,1.2498257204689969,0.7686461231166857
2016-03-04,0.6673621181236301,1.2424874891329099,0.7731591547935343
2016-03-07,0.6659269369961077,1.2451594936521355,0.7714964541436222
2016-03-08,0.671052606226261,1.2547435416139665,0.7655582116481106
2016-03-09,0.6739674978374307,1.2492932365414804,0.7688836129479347
2016-03-10,0.6754249436430155,1.2465916564305919,0.7705463135978468
2016-03-11,0.6987442353820528,1.2035526262772742,0.7971497052172194
2016-03-14,0.6970785376471903,1.2064217088140077,0.7952494241256687
2016-03-15,0.6929143727348737,1.213628556648194,0.7904988120071814
2016-03-16,0.6845860429102405,1.1990416187781274,0.8000000362441558
2016-03-17,0.684992575989598,1.1997536550321641,0.7995249659712682
2016-03-18,0.6858066083809595,1.201179419881425,0.7985748254254929
2016-03-21,0.6835627312869155,1.2051095350963716,0.7959619842298054
2016-03-22,0.6858065305658293,1.2090653152787854,0.7933492336445075
2016-03-23,0.6931984694373138,1.2220971784994508,0.7847981499533084
2016-03-24,0.6860650681403538,1.2095211126503795,0.7767221365349971
2016-03-28,0.684596433758736,1.2121102902281653,0.7783848371849091
2016-03-29,0.6935795485383016,1.196205261621999,0.7885986215260203
2016-03-30,0.7008913490832276,1.1835947192520517,0.7969121247755807
2016-03-31,0.694206251529967,1.1948838387026963,0.789311181630157
2016-04-01,0.686894450985041,1.2074690787285456,0.7809976783805966
2016-04-04,0.6885657652196806,1.210407026846007,0.7790973972890459
2016-04-05,0.7051501431945955,1.1812538963090817,0.7603325292567357
2016-04-06,0.6956776410806403,1.1971220488407015,0.7705463135978468
2016-04-07,0.7109036123865909,1.2233228994775793,0.7536817266570873
2016-04-08,0.6974606939902823,1.2464554727596378,0.767933563012549
2016-04-11,0.6989708094547459,1.2437566946042544,0.769596263662461
2016-04-12,0.7080315022415267,1.2276339936861689,0.7795724675619335
2016-04-13,0.7214068459103975,1.204442897649965,0.7942992835798932
2016-04-14,0.7242113813280242,1.1997605151855937,0.7973871950484684
2016-04-15,0.724427159134445,1.1994030481547355,0.797624775490107
2016-04-18,0.7315462631390413,1.1876162522904756,0.8054632084667798
2016-04-19,0.7460003312497753,1.1641510429592667,0.8213777454721535
2016-04-20,0.7488047843722814,1.159774627975608,0.8244655663303391
2016-04-21,0.7481576155432601,1.1607769853370729,0.8237530062262023
2016-04-22,0.7451373846143332,1.1654629157879124,0.8204276049263781
2016-04-25,0.74815761554326,1.170186832769479,0.817102203626554
2016-04-26,0.7457653208716388,1.1664450654377345,0.8197149542118518
2016-04-27,0.7509517867498432,1.158332959174035,0.8254157068761144
2016-04-28,0.7429560641888533,1.1706662529196843,0.8166271333536663
2016-04-29,0.7490069547861048,1.1802005629061638,0.8099762401436283
2016-05-02,0.7428566937994681,1.1898914495288673,0.8166271333536663
2016-05-03,0.7584139279392641,1.2148106836634915,0.7995249659712682
2016-05-04,0.768778447074287,1.1982090257661053,0.7885986215260203
2016-05-05,0.7731781391974171,1.1913517174836097,0.7840854992387821
2016-05-06,0.7680251509183039,1.1992917006844628,0.789311181630157
2016-05-09,0.768718494803776,1.2003743756028202,0.7885986215260203
2016-05-10,0.7777486073608696,1.2144751365388653,0.7978622653213561
2016-05-11,0.7708023737266555,1.2253218651109279,0.7907363924488201
2016-05-12,0.774275534706839,1.230843046979496,0.7871734107073572
2016-05-13,0.7660982486269443,1.217843855782771,0.7788599074577969
2016-05-16,0.7574536763245222,1.2315858781451028,0.787648480980245
2016-05-17,0.7672759113509039,1.2475563940042549,0.7774346966391338
2016-05-18,0.7682136363538177,1.2490810930152574,0.7783848371849091
2016-05-19,0.7736054209810048,1.2403142918069436,0.7729216649622852
2016-05-20,0.7652845632890201,1.2536550446449641,0.7812351682118457
2016-05-23,0.7610963158735552,1.2467940444987533,0.7769596263662462
2016-05-24,0.7450413378608121,1.273094593526995,0.7933492336445075
2016-05-25,0.7561946507923031,1.254036292099365,0.8052257186355307
2016-05-26,0.7611020506189023,1.2458980998019853,0.8104513104165161
2016-05-27,0.7602098502550818,1.247358601369446,0.8095012604811302
2016-05-31,0.7559715368815795,1.2543128609596939,0.8049881381938921
2016-06-01,0.7550792514247342,1.2528323751615313,0.8040379976481167
2016-06-02,0.7546331086963116,1.2535726180606126,0.8045130679210044
2016-06-03,0.7535191116226382,1.2517220814063579,0.8057006982980288
2016-06-06,0.7550742114207681,1.24913879887764,0.8073634895583305
2016-06-07,0.7615163803354671,1.2384813522074218,0.8142517819892279
2016-06-08,0.7619606824575091,1.2377587677599895,0.8147268522621156
2016-06-09,0.7508533836323502,1.2558018988866895,0.8028503672710924
2016-06-10,0.7775109177611246,1.211217186733427,0.7743467851705587
2016-06-13,0.7913438874269261,1.1896679965934005,0.7605701096983744
2016-06-14,0.8056780344528854,1.1681187355879277,0.7467933889209951
2016-06-15,0.7992715616414416,1.17740721138107,0.7527316314165068
2016-06-16,0.8068380133503624,1.1885533539866624,0.7598575042890428
2016-06-17,0.8191965767983075,1.1703479499359566,0.7482185544344634
2016-06-20,0.8009921885838248,1.1963557105029343,0.7648456515439739
2016-06-21,0.81094234493527,1.2112171867334265,0.7743467851705587
2016-06-22,0.8124349110896696,1.2089879015199507,0.7757719959892218
2016-06-23,0.8412905258263292,1.166047736552456,0.80332543754398
2016-06-24,0.7385545945142018,1.3084420658496392,0.7052256914524139
2016-06-27,0.7512411221487131,1.2859662914791918,0.6931116713249468
2016-06-28,0.731417407210547,1.3199003087085197,0.7114014690843693
2016-06-29,0.7450933119512809,1.3445795557584423,0.7247031195888608
2016-06-30,0.761211354183549,1.3736658322244106,0.7403800761525958
2016-07-01,0.7604786989621192,1.3749879662663527,0.7396674707432643
2016-07-05,0.7375227276494332,1.333482287866712,0.717339711579881
2016-07-06,0.7397206467338242,1.3295083273915675,0.7152019406570812
2016-07-07,0.7453711554547776,1.3193526038333883,0.7097387231292624
2016-07-08,0.7301543926523586,1.3462872061162432,0.7242280493159731
2016-07-11,0.7402122773005192,1.3648323269272313,0.7342042985206404
2016-07-12,0.7550596482291092,1.3922084897316644,0.748931159843795
2016-07-13,0.7572149124877099,1.38823452925652,0.7510689307665948
2016-07-14,0.7665543148151018,1.3711122029794147,0.7603325292567357
2016-07-15,0.7629622686186693,1.3775371858911376,0.7567696381256624
2016-07-18,0.7603280465968405,1.372781067613451,0.7541567969299751
2016-07-19,0.7675122303415581,1.3598099409068307,0.747030924057439
2016-07-20,0.7606790830481469,1.3719163038414333,0.7536817266570873
2016-07-21,0.7601996021123857,1.3710515400694152,0.7532066563841997
2016-07-22,0.761158563983908,1.372781067613451,0.7541567969299751
2016-07-25,0.7609188235160274,1.372348685727442,0.7539192617935312
2016-07-26,0.7647545795504792,1.3792666309667614,0.757719733366243
2016-07-27,0.7714671754736793,1.3671601855637465,0.7643705812710861
2016-07-28,0.7719466564094405,1.366310470545467,0.7648456515439739
2016-07-29,0.7808168250919284,1.3506106754291065,0.773634225066422
2016-08-01,0.770508213602157,1.3684419007299922,0.7634204407253108
2016-08-02,0.7786592066068219,1.353965532842888,0.7553444273069995
2016-08-03,0.7803732288754458,1.3509851184914605,0.7536817266570873
2016-08-04,0.7786516439823368,1.3539655328428877,0.7553444273069995
2016-08-05,0.7852628485533311,1.3654614863785648,0.7617577400753988
2016-08-08,0.7884460418815064,1.3599263615457422,0.7648456515439739
2016-08-09,0.7997095340811404,1.340498881221541,0.7757719959892218
2016-08-10,0.803627274559548,1.333931838433617,0.7795724675619335
2016-08-11,0.8092590206593651,1.324583766676548,0.7850356397845575
2016-08-12,0.8095039319803098,1.3241828992759792,0.7852732202261962
2016-08-15,0.8117076668373078,1.3205780396861853,0.7874109911489959
2016-08-16,0.8099936612158982,1.3233665783140776,0.7857482904990838
2016-08-17,0.812442307393841,1.3193659834092462,0.7833729391346455
2016-08-18,0.8094862064096552,1.324166544687952,0.7862232701615819
2016-08-19,0.817067437807551,1.3365680073752002,0.7788599074577969
2016-08-22,0.8190609385484677,1.3333070166788414,0.7769596263662462
2016-08-23,0.8145537168112995,1.340644090253054,0.7812351682118457
2016-08-24,0.8148014297147282,1.3410517918363962,0.7814727486534843
2016-08-25,0.8108388735329913,1.3345299659362733,0.7776722770807725
2016-08-26,0.8125725804326183,1.331676521330662,0.7760094858204707
2016-08-29,0.810085310079737,1.3357527597011105,0.7783848371849091
2016-08-30,0.8073660584074506,1.3402365441623063,0.7809976783805966
2016-08-31,0.8066293468725311,1.3414594934197381,0.7802850276660702
2016-09-01,0.8110492414035819,1.3488099692009388,0.7845605695116697
2016-09-02,0.8225900875312832,1.329617042908179,0.7957244943985563
2016-09-06,0.8277465999276369,1.3212821664392251,0.8007125963482926
2016-09-07,0.8297110391279335,1.3181464501673215,0.8026128774398433
2016-09-08,0.8302021489280077,1.317366233189263,0.803087947712731
2016-09-09,0.8122770627385755,1.3458097915484606,0.7857482904990838
2016-09-12,0.8063839324769188,1.355573741280426,0.7914489525529568
2016-09-13,0.8245348314834284,1.3860863557843883,0.773634225066422
2016-09-14,0.8283322365808095,1.3797027183783177,0.7700712433249591
2016-09-15,0.8232222091705613,1.388214180805531,0.7748218554434464
2016-09-16,0.843411576455427,1.354168493439321,0.7558194975798871
2016-09-19,0.8367851498012446,1.3648077808876768,0.7617577400753988
2016-09-20,0.8378288720466534,1.3665101058416482,0.7627078806211741
2016-09-21,0.8503532403870614,1.3869375182613741,0.7741092953393096
2016-09-22,0.8647040728895187,1.36353111834352,0.7871734107073572
2016-09-23,0.8597465415260753,1.3713485306770024,0.7826603790305087
2016-09-26,0.8480049151023078,1.3526199154790737,0.7719715244165098
2016-09-27,0.8485267762250122,1.3517875149409246,0.7714964541436222
2016-09-28,0.8396444105397461,1.3659380065611186,0.7795724675619335
2016-09-29,0.8248061382336239,1.3900769871107619,0.7657957920897492
2016-09-30,0.8381093764697594,1.412497437770485,0.7781472567432705
2016-10-03,0.8350394059223899,1.4176713752706898,0.775296925716334
2016-10-04,0.8335043718524032,1.4202774485238214,0.7767221365349971
2016-10-05,0.8401315808009063,1.4089847957986825,0.7828978688617577
2016-10-06,0.8375826767209723,1.4132595632001799,0.7805226081077089
2016-10-07,0.831974971063768,1.403797639180116,0.775296925716334
2016-10-10,0.827896666195199,1.4106789937225896,0.7790973972890459
2016-10-11,0.817800422924595,1.427882298046557,0.769596263662461
2016-10-12,0.8137619063591873,1.420831034495615,0.7657957920897492
2016-10-13,0.8188100761374043,1.4120169130280913,0.761045179971262
2016-10-14,0.8144656251486445,1.4195088070004866,0.7650831413752229
2016-10-17,0.8132013388702539,1.4173053186624518,0.7638955109981985
2016-10-18,0.8046040571347937,1.4322892747226268,0.7719715244165098
2016-10-19,0.8060895140081354,1.4296449878477546,0.7733967352351729
2016-10-20,0.8090603333141761,1.4243760730971287,0.7762470662621094
2016-10-21,0.8065846662992493,1.4287345624653724,0.7738718055080606
2016-10-24,0.803861470359087,1.4239108603512143,0.7764845560933584
2016-10-25,0.8033696502899168,1.4247820402294054,0.7760094858204707
2016-10-26,0.8006647806171109,1.4199849337796107,0.7733967352351729
2016-10-27,0.7994352773467288,1.4221654669593387,0.7745843656121973
2016-10-28,0.8004159011553825,1.423909960048728,0.7755345061579727
2016-10-31,0.798454653538075,1.427398946227507,0.773634225066422
2016-11-01,0.8028673671595833,1.4195103294532991,0.7693586832208225
2016-11-02,0.8088163161141839,1.4089922852085546,0.7636580211669495
2016-11-03,0.8113321319464148,1.4046096274554951,0.761282669802511
2016-11-04,0.8181670306904176,1.3927767858848326,0.7548694023393065
2016-11-07,0.8037500045626986,1.4173190841674188,0.768171052843798
2016-11-08,0.8077265004650099,1.4243311693910148,0.7719715244165098
2016-11-09,0.8069809371105581,1.4230164556557465,0.7712589643123732
2016-11-10,0.8099633801426472,1.428275644959418,0.768408542675047
2016-11-11,0.8179753754035366,1.4141474288212472,0.7608075995296233
2016-11-14,0.8241043903955639,1.4035513509284299,0.7551069374757504
2016-11-15,0.8204751325050545,1.4097324244361769,0.7584323387755746
2016-11-16,0.8328092284729423,1.3885401002289206,0.747030924057439
2016-11-17,0.8301612268811777,1.392955104613991,0.7494061848114878
2016-11-18,0.8406862405769319,1.3752948344412774,0.7399050058797082
2016-11-21,0.8323198749655201,1.3889815332987792,0.747268413888688
2016-11-22,0.8296742199298062,1.3933966218946603,0.7496437199479317
2016-11-23,0.8207360270860836,1.378385371195151,0.7415677065296202
2016-11-25,0.8149524610449167,1.3880985829482515,0.7467933889209951
2016-11-28,0.8056209286530559,1.403992868209099,0.7382423052297961
2016-11-29,0.7965486109876527,1.4198036159780896,0.7465558537845514
2016-11-30,0.7978158188063037,1.4175448884901516,0.7453681781023321
2016-12-01,0.7960361226515569,1.4143827561686824,0.74370547745242
2016-12-02,0.7965445726292822,1.413479351335151,0.7432304524847272
2016-12-05,0.7784702389520401,1.4455525062090757,0.7600950394254866
2016-12-06,0.7911203914711169,1.4690427551137677,0.7724465946893976
2016-12-07,0.8045003301429282,1.4441973558779566,0.7855107100574452
2016-12-08,0.8015810927311057,1.4494378197949636,0.7826603790305087
2016-12-09,0.8018243238483891,1.448998003557357,0.7828978688617577
2016-12-12,0.8008512137774869,1.4472394705370424,0.7838480094075331
2016-12-13,0.810801179700171,1.429258623201013,0.7935867234757565
2016-12-14,0.7979390534668228,1.4519316351452123,0.7809976783805966
2016-12-15,0.7969683950805395,1.4501654230368557,0.7819477283159824
2016-12-16,0.7972104469246776,1.450605861098287,0.7817102384847333
2016-12-19,0.7996328057400979,1.4461981317353727,0.7793349777306845
2016-12-20,0.8045070548765988,1.4550135904612014,0.7840854992387821
2016-12-21,0.8064568289074735,1.4585399084668107,0.7859857803303328
2016-12-22,0.8059693853997548,1.4594214879682128,0.7855107100574452
2016-12-23,0.8086502782070359,1.4642759559427563,0.7881235512531326
2016-12-27,0.8096251652224734,1.462510664252471,0.789073691798908
2016-12-28,0.8040197043392231,1.4726363948645511,0.783610519576284
2016-12-29,0.7986580116950035,1.4824568304625125,0.7888361113572694
2016-12-30,0.8046701920150295,1.4712971129728212,0.794774353852781
2017-01-03,0.8063535951655496,1.4743751270709042,0.796437054502693
2017-01-04,0.8118847900513427,1.4642616282144616,0.8019002267253169
2017-01-05,0.8200613589561219,1.4495149101524536,0.8099762401436283
2017-01-06,0.816935091241494,1.4550408035700504,0.8068884192854429
2017-01-09,0.816454105807261,1.455897485380191,0.8064133490125551
2017-01-10,0.8188590329784261,1.4601859412727116,0.8040379976481167
2017-01-11,0.8145046789909438,1.4679506067643042,0.8083135394937163
2017-01-12,0.813786569849989,1.466656386146083,0.8090261902082426
2017-01-13,0.8178482909659274,1.459336101646262,0.8130641516122035
2017-01-17,0.8159369196006473,1.4627466770155788,0.8111639611310424
2017-01-18,0.8171316292404399,1.464888457236114,0.8099762401436283
2017-01-19,0.8202467281329756,1.4593039562236316,0.8068884192854429
2017-01-20,0.8127614624859798,1.4726210197331797,0.8142517819892279
2017-01-23,0.8122872617309842,1.4734802115521966,0.8137767117163401
2017-01-24,0.8101534035557769,1.4773510069512608,0.8159144826391399
2017-01-25,0.800011737580722,1.4588572249407787,0.8261282669802511
2017-01-26,0.7910409468872561,1.4752158634479713,0.8168646231849154
2017-01-27,0.7924210145349228,1.4777895578875326,0.8154395029766419
2017-01-30,0.8000382697582005,1.4635841039403896,0.8076009793895795
2017-01-31,0.7995676482398587,1.4644450554714026,0.8080760496624673
2017-02-01,0.8019178993775635,1.4687496489167533,0.8104513104165161
2017-02-02,0.8026230464439422,1.4700411583181299,0.8111639611310424
2017-02-03,0.8070885594681149,1.478219951548182,0.815676992807891
2017-02-06,0.7955721137181598,1.4571270495626492,0.8040379976481167
2017-02-07,0.7988625011734801,1.4511005530552725,0.8007125963482926
2017-02-08,0.7993364737675956,1.4502396015242596,0.8002375260754049
2017-02-09,0.7924558469152327,1.4627231524093767,0.8071259091166919
2017-02-10,0.7905901936880966,1.459279510495039,0.8052257186355307
2017-02-13,0.787325233817995,1.4653060070024158,0.8085511199353549
2017-02-14,0.7896381398080451,1.4696106004477665,0.8109263806894037
2017-02-15,0.7928762434867983,1.4635841039403898,0.8142517819892279
2017-02-16,0.7896381398080451,1.457606831812406,0.817577183289052
2017-02-17,0.7857381675524433,1.464805858704681,0.8135392218850912
2017-02-21,0.7843616604254269,1.4622397167155714,0.8149644327037542
2017-02-22,0.7836758577032401,1.4609612146816127,0.815676992807891
2017-02-23,0.7834476852172672,1.4605358460180418,0.8159144826391399
2017-02-24,0.7772896574320207,1.4720158982165918,0.8095012604811302
2017-02-27,0.7747808731885047,1.4767669845797522,0.8121140110664281
2017-02-28,0.7747808731885047,1.4767669845797522,0.8121140110664281
2017-03-01,0.7876976581844567,1.5013869542886533,0.8256531967073634
2017-03-02,0.7840718954916457,1.508297820088204,0.8218527251346516
2017-03-03,0.7963088769967583,1.4847578709652376,0.8346793506714502
2017-03-06,0.7922298831617208,1.4923633597110515,0.8304038088258506
2017-03-07,0.7892840104047503,1.4979126486968803,0.8273159879676651
2017-03-08,0.7924566284003361,1.5039336811293433,0.8239904960574513
2017-03-09,0.8031933132503515,1.5243098902377261,0.8351544209443379
2017-03-10,0.8116455507159182,1.5403506477376399,0.843942994466786
2017-03-13,0.8118740390257417,1.5399170198865084,0.8441805749084246
2017-03-14,0.8031933132503515,1.556382132359537,0.8351544209443379
2017-03-15,0.7917713377563802,1.534249280551887,0.8470309059353611
2017-03-16,0.7822238919257155,1.5157487852721343,0.8572446902764722
2017-03-17,0.7800564994268815,1.5199486346774342,0.8548694295224234
2017-03-20,0.7778890242473235,1.5241719838095638,0.8524940781579851
2017-03-21,0.7781058131056413,1.5237472143450894,0.8527316585996236
2017-03-22,0.7800564994268815,1.5199272289420922,0.8548694295224234
2017-03-23,0.7817903968898039,1.516548758321021,0.8567696200035846
2017-03-24,0.7835243770334502,1.513185113226042,0.8586699010951353
2017-03-27,0.7882926570670298,1.5039763501371084,0.8638954928761206
2017-03-28,0.7919773235319162,1.496946408691312,0.867933544890471
2017-03-29,0.790026637210676,1.5006334749699792,0.8657957739676713
2017-03-30,0.7956619899968026,1.511337669785466,0.859619951030521
2017-03-31,0.7921442833976885,1.518019454967281,0.8634204226032328
2017-04-03,0.7949772018426715,1.5234482959044071,0.8603326017450473
2017-04-04,0.7943187715604966,1.5247100735868693,0.8610451618491841
2017-04-05,0.8002350869241274,1.536066554078603,0.8546318490807848
2017-04-06,0.8033488285908867,1.5420434407591586,0.857957250380609
2017-04-07,0.8029039962323359,1.5411895765393724,0.8574821801077213
2017-04-10,0.8080194410910259,1.531370382298753,0.8520190078850973
2017-04-11,0.8062172934261257,1.5347858391778975,0.853919288976648
2017-04-12,0.8066658251252442,1.5339319749581113,0.8534442187037604
2017-04-13,0.8136256779349236,1.5206973238383472,0.8460807653895858
2017-04-17,0.8088288290767255,1.5296628167171282,0.8510689579497116
2017-04-18,0.8142466428263887,1.519416608937642,0.845368205285449
2017-04-19,0.8151618046987822,1.5177088804980696,0.8444180647396736
2017-04-20,0.8234166219568628,1.5330781107383251,0.8529691484308727
2017-04-21,0.824563104915809,1.5352126898588168,0.8541567788078971
2017-04-24,0.8704231230419969,1.6205971575420606,0.90166271877199
2017-04-25,0.8770728466633444,1.6082163706420827,0.908551101813277
2017-04-26,0.8692766400830507,1.6225116336855507,0.9004750883949656
2017-04-27,0.8708817337197838,1.625507553486761,0.8988123877450536
2017-04-28,0.8711118435389174,1.6259370552602512,0.8985748979138045
2017-05-01,0.875947494629642,1.6349628357648274,0.9035629998635407
2017-05-02,0.8819344786694338,1.6237880833243112,0.9097387321903014
2017-05-03,0.8805529142669829,1.6263317732097882,0.908313611982028
2017-05-04,0.8994350557231141,1.591457518524127,0.9277910401184749
2017-05-05,0.9139420089952884,1.5657889616794989,0.9427553459676836
2017-05-08,0.8998956064709555,1.589853619838812,0.9282661103913625
2017-05-09,0.9047313454027536,1.5983969630777735,0.9232779178312367
2017-05-10,0.9031020446614009,1.5955184628797294,0.9249406184811488
2017-05-11,0.8986955692038991,1.6033034224977825,0.9204275868043003
2017-05-12,0.8905783542898151,1.6177848096313916,0.9287410900538606
2017-05-15,0.8967281387582676,1.6066133861989154,0.9351544028222599
2017-05-16,0.9062944991160162,1.5894739189025682,0.9451306973321221
2017-05-17,0.8898950738668094,1.6182354955689071,0.928028529949724
2017-05-18,0.8894395246224277,1.6174070990771332,0.9285036002226116
2017-05-19,0.8766974587922005,1.5942362064417217,0.9418052960322979
2017-05-22,0.8778029872256338,1.5922258510583969,0.9429929264093223
2017-05-23,0.8782452154682897,1.5914237038223178,0.9434679966822099
2017-05-24,0.8784662874164113,1.5910231105343677,0.943705486513459
2017-05-25,0.8804562723351563,1.5946272465617728,0.9415677155906592
2017-05-26,0.8844543147204862,1.6018682504831225,0.9372921737450597
2017-05-30,0.886919862533578,1.5974028047318765,0.9346793325493722
2017-05-31,0.8826373480291899,1.605115903704621,0.9391924548366104
2017-06-01,0.8868786196560137,1.6128288478207369,0.943705486513459
2017-06-02,0.8969238263028354,1.5945611855913795,0.9543943411274578
2017-06-05,0.8902270502563301,1.6064667887643629,0.9472684682549218
2017-06-06,0.8960309852763281,1.616940329027028,0.9410926453177716
2017-06-07,0.8955786624505054,1.6161240860278123,0.9415677155906592
2017-06-08,0.895804638735189,1.6157162986029212,0.9418052960322979
2017-06-09,0.8964824814045391,1.6169388882183355,0.9410926453177716
2017-06-12,0.9039493528971729,1.6034712799379676,0.9332542123410988
2017-06-13,0.8970472376034226,1.6157146026516551,0.9403800852136348
2017-06-14,0.8961408796686635,1.6140821181078846,0.9394299446678595
2017-06-15,0.8834522143222364,1.5912279572242793,0.9261283394685628
2017-06-16,0.8891168217619057,1.5810251623491571,0.9201900969730512
2017-06-19,0.8840676894452049,1.590003515975304,0.9254156887540365
2017-06-20,0.8752179495223683,1.5740871808792807,0.9161520449587007
2017-06-21,0.8756717934366004,1.5749034231511658,0.9166271152315884
2017-06-22,0.8768063599412429,1.5728628953126003,0.915439484854564
2017-06-23,0.8745313392870927,1.5769439509897312,0.9178147456086128
2017-06-26,0.8711363849031873,1.5708222117917399,0.9213777273500756
2017-06-27,0.8733821262588369,1.5748717044596252,0.9237529881041244
2017-06-28,0.882140637483228,1.5590784667853317,0.9330166318994602
2017-06-29,0.8673185217951335,1.5852747901600708,0.9173396753357251
2017-06-30,0.8706871338286079,1.5914319003800208,0.9137767842046519
2017-07-03,0.8688765478820514,1.5947412684891595,0.915676974685813
2017-07-05,0.8686511962018876,1.5951548803252213,0.915439484854564
2017-07-06,0.8720320732592705,1.588946378499121,0.9118765031131012
2017-07-07,0.8681704638659137,1.5959826910946189,0.9159145551274517
2017-07-10,0.86614412902573,1.5922576215767108,0.9180523260502514
2017-07-11,0.8701779246633952,1.5848421792355154,0.922327867895851
2017-07-12,0.8764526798832617,1.5734140603934184,0.9289786704954993
2017-07-13,0.8793659957298262,1.5681840551454886,0.9320665819640744
2017-07-14,0.884296123908095,1.5593920977164686,0.9372921737450597
2017-07-17,0.880486475520927,1.5661101364247842,0.9332542123410988
2017-07-18,0.8820551643258936,1.5689003433236475,0.9315915116911867
2017-07-19,0.879356396496007,1.564100079183597,0.9344418427181233
2017-07-20,0.8733211491988432,1.5533652612951945,0.9408551554865225
2017-07-21,0.8671477371326511,1.5643458311074343,0.9342043528868742
2017-07-24,0.8680296771725161,1.56593686244566,0.9332542123410988
2017-07-25,0.8651576621231829,1.560755709826663,0.9363420331992843
2017-07-26,0.8713029285072701,1.571841850558321,0.9429929264093223
2017-07-27,0.8693276792627126,1.5754052259657676,0.9408551554865225
2017-07-28,0.8717418820862645,1.571030180933277,0.9434679966822099
2017-07-31,0.8717418820862645,1.571030180933277,0.9434679966822099
2017-08-01,0.8772286762409426,1.5611420255162878,0.9494062391777216
2017-08-02,0.8774481111695225,1.5607515126452993,0.9496437290089706
2017-08-03,0.8798623139930744,1.5564572750023817,0.952256570204658
2017-08-04,0.8844712009897638,1.5483042542608687,0.9572446721543943
2017-08-07,0.8842517660611839,1.5486883843863872,0.9570071823231453
2017-08-08,0.8884217832007136,1.5559917988148917,0.9524940600359071
2017-08-09,0.8939605725835491,1.565692496184114,0.9465558175403954
2017-08-10,0.9083177681351321,1.5405471441062286,0.9313539312495481
2017-08-11,0.9083177681351321,1.5405471441062286,0.9313539312495481
2017-08-14,0.8988199319955595,1.5566558946485065,0.9410926453177716
2017-08-15,0.8997273934075565,1.5582275166229045,0.942042785863547
2017-08-16,0.903584061138402,1.5649068350750357,0.9460808378778974
2017-08-17,0.891333591697293,1.5861232820950468,0.9332542123410988
2017-08-18,0.8877038325895884,1.5925824186997424,0.9370546839138106
2017-08-21,0.8895040336204625,1.595812064001072,0.9351544028222599
2017-08-22,0.882500033634399,1.6083775693293958,0.9425178561364346
2017-08-23,0.882944852296531,1.6091882620561095,0.942042785863547
2017-08-24,0.882054317687658,1.6075652412798676,0.9410926453177716
2017-08-25,0.8894011008217779,1.6209549305141926,0.9489311689048339
2017-08-28,0.888287975023714,1.622983629094605,0.9477435385278095
2017-08-29,0.8840579780945949,1.6152550366109595,0.9432304162405714
2017-08-30,0.8878426227932229,1.6221699297092804,0.9391924548366104
2017-08-31,0.8826781465137054,1.6316059017028004,0.9446556270592343
2017-09-01,0.885119563002086,1.6270930115098237,0.9472684682549218
2017-09-05,0.8777953135369438,1.6136290280917334,0.9394299446678595
2017-09-06,0.8666980274374487,1.6340288897759239,0.9513064296588827
2017-09-07,0.8742722171776762,1.6197488932138346,0.9596200235188327
2017-09-08,0.8736229490246654,1.6209517810004708,0.9589073728043064
2017-09-11,0.882711960202623,1.6378158627795627,0.9688836673141685
2017-09-12,0.886390788679517,1.6309900306762806,0.9729216287181294
2017-09-13,0.8824955099677604,1.6381574796465537,0.9686460868725298
2017-09-14,0.8857416030780831,1.6321318266565474,0.9722090686139927
2017-09-15,0.8876892424339615,1.6357206884290227,0.9700712976911929
2017-09-18,0.8848635678688378,1.6305138951910338,0.9731592091597681
2017-09-19,0.8883192191166098,1.6241462611500064,0.9769596807324799
2017-09-20,0.8852955345734623,1.6296745733152365,0.9736342794326557
2017-09-21,0.8837836923018886,1.626891535546912,0.9752969800825678
2017-09-22,0.8846445979100402,1.6253067585714975,0.9762470300179535
2017-09-25,0.8764654609285991,1.6403338176262008,0.9672209666642564
2017-09-26,0.8803398235443588,1.6330828210910446,0.9629454248186569
2017-09-27,0.8777340061754578,1.6379167675583528,0.9657957558455934
2017-09-28,0.8747118166624379,1.6322771377350953,0.9691211571454176
2017-09-29,0.8843593900009371,1.6502802252607003,0.9798100117594164
2017-10-02,0.8817867310384553,1.6550809977295933,0.9769596807324799
2017-10-03,0.8794284262464496,1.6506545470803453,0.9795725219281674
2017-10-04,0.8834801609998001,1.6582595029750815,0.9750593996409291
2017-10-05,0.8813279066790295,1.6542198014200424,0.9774347510053676
2017-10-06,0.8811137681745238,1.6538178713872869,0.9776722408366166
2017-10-09,0.8823982199799679,1.6562287397989566,0.9762470300179535
2017-10-10,0.8742397703803529,1.6715418471841803,0.9852731839820403
2017-10-11,0.8767688889872615,1.6667061856972858,0.9881235150089768
2017-10-12,0.8742397703803529,1.6715139493844364,0.9852731839820403
2017-10-13,0.8748720299322723,1.6727228061494461,0.9845606238779036
2017-10-16,0.8733945685576453,1.6755476573871004,0.9828979232279915
2017-10-17,0.8752941732558237,1.6719033958853935,0.9807601523051918
2017-10-18,0.8708424665241136,1.6804066212348177,0.985748254254928
2017-10-19,0.8710522728611033,1.680001771940706,0.985985744086177
2017-10-20,0.8756687327086948,1.6889055552906678,0.9807601523051918
2017-10-23,0.8794861373012238,1.681542912795519,0.9764846104595922
2017-10-24,0.8833369709368777,1.688905555290668,0.9807601523051918
2017-10-25,0.8822673130624549,1.68686041149412,0.9795725219281674
2017-10-26,0.8831229903961944,1.6884964329106764,0.9805225718635531
2017-10-27,0.8814115541190508,1.6852242340430934,0.978622381382392
2017-10-30,0.8762771636779555,1.6950409866803118,0.984323043436265
2017-10-31,0.8718365084910086,1.686451133079658,0.9893112359963908
2017-11-01,0.8743483799427313,1.6913100124849727,0.9921615670233273
2017-11-02,0.876860251394454,1.686451133079658,0.9950118980502638
2017-11-03,0.8720457978407548,1.6957106936970812,0.9895487258276399
2017-11-06,0.8724644563912007,1.696524783717074,0.9890736555547521
2017-11-07,0.8806359407924977,1.680635167005466,0.9798100117594164
2017-11-08,0.8799955043505893,1.6818573973922188,0.9805225718635531
2017-11-09,0.8876698969872414,1.6671900110673639,0.971971488172354
2017-11-10,0.8898391452568887,1.6631158061642173,0.9695962274183052
2017-11-13,0.8935449518830635,1.6561896267446772,0.9655582660143444
2017-11-14,0.8898081499153258,1.6631158061642173,0.9695962274183052
2017-11-15,0.8926419571365762,1.657819215453363,0.9665083159497301
2017-11-16,0.8873768901615668,1.6675975248102513,0.9722090686139927
2017-11-17,0.8834744198502041,1.6602638316478238,0.9679335267683932
2017-11-20,0.8817399518433823,1.6570043433885429,0.9660332456768423
2017-11-21,0.8875936573104265,1.668004883132184,0.9724465584452417
2017-11-22,0.8884608913138375,1.6696346272618245,0.9733966989910171
2017-11-24,0.9012523034001962,1.645596445322969,0.9874109549048401
2017-11-27,0.8956154477859981,1.6558887791417312,0.9812352225780794
2017-11-28,0.9006019192496314,1.665108184819193,0.9866983948007033
2017-11-29,0.8977834500905391,1.670319206431689,0.9836104833321282
2017-11-30,0.8973498330888335,1.6695124653338096,0.9831354130592406
2017-12-01,0.890412126469519,1.6566049155080016,0.9755344699138169
2017-12-04,0.8886776584626971,1.659831879899519,0.9774347510053676
2017-12-05,0.8845743554622121,1.6521679164047305,0.9729216287181294
2017-12-06,0.88738178317765,1.646924330073711,0.9698338078599439
2017-12-07,0.8841217971269099,1.6529746575026099,0.9733966989910171
2017-12-08,0.8793753872491428,1.661848655709152,0.978622381382392
2017-12-11,0.8787350100107081,1.6606384671272674,0.9779097306678656
2017-12-12,0.8802290878651613,1.6578149502197552,0.9762470300179535
2017-12-13,0.8806573513089615,1.657008362992007,0.9757720503554554
2017-12-14,0.8890180906865691,1.6412771423885555,0.9665083159497301
2017-12-15,0.8887995583603341,1.6416805898725606,0.9667458963913688
2017-12-18,0.8767887704037143,1.6638654315187846,0.9798100117594164
2017-12-19,0.87551341209316,1.6614452082251465,0.9783848009407533
2017-12-20,0.8701995407573799,1.651361175306851,0.9724465584452417
2017-12-21,0.872325137941637,1.6553948807962477,0.9748219098096801
2017-12-22,0.8742381348658473,1.6590251388016393,0.9726841388868803
2017-12-26,0.8733841586721472,1.660645713238722,0.9736342794326557
2017-12-27,0.8723187312141757,1.658619917919126,0.9724465584452417
2017-12-28,0.870614193586687,1.655378923591445,0.9705463679640806
2017-12-29,0.8674180737741789,1.6493018467256264,0.9669833862226178
2018-01-02,0.8712533850369073,1.656594277146015,0.9712589280682173
2018-01-03,0.8678442285012269,1.6630764203478619,0.9750593996409291
2018-01-04,0.8832772589838774,1.6335016323302798,0.9923990568545763
2018-01-05,0.8921565843002639,1.6499227416148037,1.0023753513644384
2018-01-08,0.888562546710008,1.6565694272513085,0.998337299350088
2018-01-09,0.8891968360771653,1.65538690568594,0.9990499500646143
2018-01-10,0.8860256311826507,1.6612906278368036,0.9954869683231514
2018-01-11,0.8915222949331065,1.6715968262712824,1.0016627006499121
2018-01-12,0.9039955771926583,1.6482095266414765,1.0156769565637351
2018-01-16,0.9063211166956903,1.643969487795953,1.0182897977594225
2018-01-17,0.9097036976145303,1.6378338481003363,1.0220902693321343
2018-01-18,0.9109721957017541,1.635550039527332,1.0235154801507975
2018-01-19,0.9179487335637594,1.6230244357495167,1.03135391312747
2018-01-22,0.925771017464338,1.6091938617209212,1.040142577260308
2018-01-23,0.9280965569673698,1.6051515620346355,1.0427554184559953
2018-01-24,0.9295764310789192,1.6025921060987898,1.0444181191059074
2018-01-25,0.9259823934886633,1.608788235947393,1.0403800670915568
2018-01-26,0.9346502621336338,1.6238476638639743,1.0501187811597803
2018-01-29,0.9268280588801459,1.637437845126481,1.0413302076373323
2018-01-30,0.9346502621336338,1.6236182682191866,1.032541634114884
2018-01-31,0.9331451958516119,1.6262327789184003,1.0342043347647962
2018-02-01,0.9335738437773025,1.6269798023296254,1.034679405037684
2018-02-02,0.957363272237616,1.585520929127595,1.0083135938599501
2018-02-05,0.9977326739572432,1.5186638298645032,0.9657957558455934
2018-02-06,0.9695134387930529,1.5616167498889835,0.9931117075691026
2018-02-07,0.9882961986842815,1.5313629428950335,0.9738717692639047
2018-02-08,1.0174629668695447,1.4861690951170252,0.9451306973321221
2018-02-09,1.0143944957349031,1.4906510931042283,0.9479810283590585
2018-02-12,1.0283738543133472,1.5111937382324006,0.9610451437271061
2018-02-13,1.0253238353591159,1.5067117402451977,0.9581948127001697
2018-02-14,1.0067693998701477,1.5339774535942479,0.9755344699138169
2018-02-15,1.0133880558440276,1.5238928512629313,0.9819477826822162
2018-02-16,1.015349087144671,1.5209439300052552,0.9838479731633772
2018-02-20,1.0062791186670923,1.534530305051995,0.9750593996409291
2018-02-21,1.0136331496897661,1.5457448709306287,0.9679335267683932
2018-02-22,1.0061708387310861,1.5571245588317193,0.9750593996409291
2018-02-23,1.0132790109559835,1.5681249865063593,0.9819477826822162
2018-02-26,1.0216127075468766,1.5552279682983012,0.9900237961005275
2018-02-27,1.003474629024986,1.5828400435985102,0.9724465584452417
2018-02-28,0.9939154080680972,1.5677617174719478,0.9631829146499059
2018-03-01,1.0029844005782846,1.5534566577474511,0.9543943411274578
2018-03-02,1.0034836575964288,1.5526833913453857,0.9539192708545702
2018-03-05,0.9964872880685671,1.5635088260033305,0.9605700734542185
2018-03-06,0.9918054130934707,1.5708547830802095,0.9650831957414566
2018-03-07,0.9976639209487483,1.5801336849340235,0.9707838577953296
2018-03-08,0.9983963042701356,1.5789737115881823,0.9714965085098559
2018-03-09,1.0018137827055982,1.5735689353621127,0.9748219098096801
2018-03-12,1.0030342974155058,1.57165184850843,0.9760095401867045
2018-03-13,0.9947346670211097,1.5846565179249197,0.9679335267683932
2018-03-14,0.9976639209487485,1.5893229495704464,0.9707838577953296
2018-03-15,0.9983963042701357,1.5904896687392187,0.9714965085098559
2018-03-16,0.9959552748503205,1.5943783370532933,0.9738717692639047
2018-03-19,0.988910690910543,1.6056556828445718,0.9669833862226178
2018-03-20,0.9903681271290693,1.6032893005532591,0.9655582660143444
2018-03-21,0.992804512756819,1.599345079306644,0.9631829146499059
2018-03-22,1.0141051017067542,1.5650311819727016,0.9425178561364346
2018-03-23,1.0261169623936923,1.5464937182552512,0.9313539312495481
2018-03-26,1.0043959989264855,1.579230077547204,0.9510689398276336
2018-03-27,0.9916026899014799,1.5591149253311072,0.9389548743949718
2018-03-28,0.9978738935475878,1.5689752527626606,0.9448931168904834
2018-03-29,1.0101654947979877,1.5883015607294342,0.9565321120502576
2018-04-02,0.9948637425909285,1.6123607837354899,0.942042785863547
2018-04-03,0.984077264664345,1.6298422671375872,0.952256570204658
2018-04-04,0.9880047331499707,1.6233375399473833,0.9560570417773699
2018-04-05,0.9769586987721998,1.6051883938235427,0.9667458963913688
2018-04-06,0.9709577240765077,1.6150482732076554,0.9608076538958571
2018-04-09,0.980559228649051,1.6310189926278342,0.9703087875224419
2018-04-10,0.9911210027167378,1.6134510032632605,0.9807601523051918
2018-04-11,0.9858401156828944,1.6220477865616865,0.9755344699138169
2018-04-12,0.9918410903785865,1.612174108703064,0.9814727124093284
2018-04-13,0.99088091245105,1.6106134010357385,0.9824228529551038
2018-04-16,0.9947141037580167,1.604382794299695,0.9862233245278157
2018-04-17,1.0045366621940248,1.5885399066888763,0.9959620385960392
2018-04-18,1.0078906931638094,1.5832359568737084,0.9992874398958633
2018-04-19,1.0040575018568427,1.5892572906829483,0.9954869683231514
2018-04-20,1.00118263122424,1.593807736353823,0.992636637296215
2018-04-23,1.0016617915614219,1.5945705237100325,0.9921615670233273
2018-04-24,1.0069375113234558,1.5861719731266262,0.9869358846319524
2018-04-25,1.0081492106798522,1.5842632513466166,0.985748254254928
2018-04-26,1.0062057460333287,1.5873173226955417,0.9876485353464787
2018-04-27,1.008867588336326,1.5915164523611076,0.9902612859317765
2018-04-30,1.0066896502244962,1.5949522098155795,0.9881235150089768
2018-05-01,1.012255471551863,1.586133981652071,0.9826603427863528
2018-05-02,1.0105426947589644,1.588817783864606,0.984323043436265
2018-05-03,1.0127374100036282,1.5922684076030442,0.9864608143590647
2018-05-04,1.0144444004134776,1.5949522098155793,0.9881235150089768
2018-05-07,1.0134689507438492,1.5934185667637732,0.9890736555547521
2018-05-08,1.0083578183010715,1.601454504446455,0.9840855536050159
2018-05-09,1.0047069563589297,1.5956562756865433,0.9876485353464787
2018-05-10,0.9976996910463464,1.5845274716102333,0.9945368277773761
2018-05-11,0.9969848648318783,1.585662744863715,0.9938242676732394
2018-05-14,0.9972231099371837,1.5860416637429826,0.9940617575044883
2018-05-15,0.9893597488823788,1.5985480107436654,0.9862233245278157
2018-05-16,0.9910277373151721,1.6012430461887575,0.9845606238779036
2018-05-17,0.9876804930257862,1.606651322305019,0.9878860251777277
2018-05-18,0.984118252571563,1.600856656543612,0.984323043436265
2018-05-21,0.9796060692506754,1.608196586156657,0.9888361657235031
2018-05-22,0.9805472511320177,1.609741702643823,0.9897862156588888
2018-05-23,0.9654872638552813,1.5850180704755004,0.9745843293680415
2018-05-24,0.9685462620577026,1.5900399569466166,0.9714965085098559
2018-05-25,0.9792026566935891,1.572545600784369,0.9608076538958571
2018-05-29,1.014303882218878,1.5161749635065684,0.9263658292998118
2018-05-30,0.9927173673602228,1.5484423480170744,0.9460808378778974
2018-05-31,0.9872340878575299,1.5398895187152548,0.9408551554865225
2018-06-01,0.9777629946466,1.5546625470635131,0.9498813094506092
2018-06-04,0.9828975114030121,1.5628265305054811,0.9548694114003455
2018-06-05,0.9802079759772556,1.5585501158545714,0.952256570204658
2018-06-06,0.9916995934254663,1.576822015435279,0.9634204950915446
2018-06-07,0.9831419722280539,1.5904288028064686,0.9551069012315946
2018-06-08,0.9848534778135244,1.5931975054518532,0.9567696018815066
2018-06-11,0.99707857100692,1.5734209717659742,0.9686460868725298
2018-06-12,0.9897435337448944,1.584995888520128,0.9615202139999939
2018-06-13,0.9929220840907939,1.5900860851801077,0.964608125468569
2018-06-14,0.9939001139310798,1.5885198478440195,0.9655582660143444
2018-06-15,0.9694499275442888,1.6275978254139025,0.9418052960322979
2018-06-18,0.9819195748327854,1.6485329662951298,0.929691230599636
2018-06-19,0.9909510426858339,1.6333701435228873,0.9211401469084369
2018-06-20,0.9932508298920283,1.6295794378298267,0.9190023759856372
2018-06-21,1.0032629061694949,1.613153100050157,0.9097387321903014
2018-06-22,0.9896415698546723,1.6350549373133096,0.9220902874542123
2018-06-25,0.9766401390583537,1.6135743788331522,0.90997631263194
2018-06-26,0.97383588409779,1.6089412762448805,0.9073634714362526
2018-06-27,0.9835232838029,1.5929360565774269,0.8983373174721658
2018-06-28,0.9850836420305056,1.5954632472630603,0.8997625282908289
2018-06-29,0.9733812033300476,1.6144167757283634,0.9104513829048277
2018-07-02,0.9688101387518606,1.6068353643422422,0.9061758410592282
2018-07-03,0.9632233573911049,1.6161014088480063,0.9114014328402135
2018-07-05,0.9812979472383058,1.6464270543924913,0.9285036002226116
2018-07-06,0.9870717532700594,1.656114377681251,0.9339667724452355
2018-07-09,0.9920924833123329,1.6476905693999186,0.9387173845637228
2018-07-10,0.9938497244627597,1.644772101897723,0.9403800852136348
2018-07-11,0.9732648174756521,1.6788391040804285,0.9209026570771879
2018-07-12,0.9657337702934718,1.6658483781473654,0.928028529949724
2018-07-13,0.9630147709333702,1.6611582235586606,0.9306413711454113
2018-07-16,0.9608026352607487,1.6573423865900947,0.9327791420682111
2018-07-17,0.9598239496329538,1.6590305763541149,0.9318290015224358
2018-07-18,0.9563986432682698,1.653110023950141,0.9351544028222599
2018-07-19,0.9510543398307572,1.66234751257036,0.9299288110412747
2018-07-20,0.9466816689562714,1.6699905022998258,0.9342043528868742
2018-07-23,0.9474038378968526,1.671264441905265,0.9334917021723479
2018-07-24,0.9428234550548014,1.679344450311423,0.938004824459586
2018-07-25,0.9514183754969678,1.694653606938823,0.9465558175403954
2018-07-26,0.9454496276178755,1.705285060337995,0.9406175750448839
2018-07-27,0.949508423535108,1.6979643064464773,0.9446556270592343
2018-07-30,0.9511796656551847,1.6949756973968018,0.9463183277091465
2018-07-31,0.9549996606547693,1.7017828221937907,0.9501187992818583
2018-08-01,0.9483146921744626,1.713695250014857,0.9434679966822099
2018-08-02,0.9585809458125706,1.732247351168887,0.9332542123410988
2018-08-03,0.960044834125605,1.7296019651284713,0.9318290015224358
2018-08-06,0.9632262477205878,1.72387037946687,0.9287410900538606
2018-08-07,0.953864942931466,1.7406241546856385,0.9377672440179474
2018-08-08,0.9509656831634499,1.7353335507900725,0.9349169129910109
2018-08-09,0.9451670714616115,1.724752174813675,0.9292161603267484
2018-08-10,0.9161741972840319,1.6718456313022185,0.9007125782262146
2018-08-13,0.920764699597208,1.6634688277854668,0.8961995465493661
2018-08-14,0.9202766074766672,1.664350623132272,0.8966746168222538
2018-08-15,0.9385602486848128,1.6312840544607699,0.8788598893357189
2018-08-16,0.9319650030276281,1.642747057598707,0.8850356216624795
2018-08-17,0.9392186454402007,1.6555328378494851,0.8919240047037665
2018-08-20,0.9457219439532117,1.6669960091726879,0.8980998276409168
2018-08-21,0.959228611220536,1.6431882075500082,0.9109263625673257
2018-08-22,0.9649815658339855,1.6333332187925709,0.9163896254003393
2018-08-23,0.9584782673209745,1.6443407383858029,0.9102138024631891
2018-08-24,0.9482231538951125,1.6267473287511272,0.9199525165314125
2018-08-27,0.9614439485576373,1.6040660724319966,0.9327791420682111
2018-08-28,0.9594852708024947,1.6073339161149955,0.9308788609766604
2018-08-29,0.9631577448959392,1.613486060755538,0.9344418427181233
2018-08-30,0.9756439887028376,1.6344030709134145,0.922327867895851
2018-08-31,0.9894633846830502,1.6575533834144505,0.9092636619174137
2018-09-04,1.000061081905531,1.6398000747428498,0.8995249478491902
2018-09-05,1.0093037505764328,1.6246448716741635,0.8912114445996299
2018-09-06,1.0144147933323522,1.616417785033923,0.8866984129227813
2018-09-07,1.025284534701331,1.5990974113731458,0.8771971886858069
2018-09-10,1.013624160380615,1.6172836550555696,0.8871733925852793
2018-09-11,1.014709726540516,1.6190157254575124,0.8881235331310547
2018-09-12,1.0122672544433822,1.6151186496428036,0.8902613040538545
2018-09-13,1.0241508245409656,1.5961578706541575,0.9007125782262146
2018-09-14,1.020099656634746,1.6024716902439156,0.8971496870951414
2018-09-17,1.0230705749161668,1.5978046830460986,0.8997625282908289
2018-09-18,1.0292824481281833,1.5881031430428962,0.9052257005134529
2018-09-19,1.033063579385228,1.5822691502020674,0.908551101813277
2018-09-20,1.054670117302698,1.5491759707775943,0.9275534596768362
2018-09-21,1.0554804333064216,1.5479857198535274,0.9282661103913625
2018-09-24,1.050348809719204,1.5555118470862153,0.9237529881041244
2018-09-25,1.0544000806535232,1.5495121259690234,0.9273159698455872
2018-09-26,1.0552102936291472,1.5483214632847333,0.928028529949724
2018-09-27,1.050348809719204,1.5554547711444309,0.9237529881041244
2018-09-28,1.0336037557116773,1.5306571287726158,0.9090261720861647
2018-10-01,1.033063579385228,1.531457072407016,0.9095012423590524
2018-10-02,1.0246997475584054,1.5190581749342846,0.9021377890448777
2018-10-03,1.0198433423583753,1.5262575150702387,0.9064133308904773
2018-10-04,1.0080841790488813,1.5086592128343774,0.895962056718117
2018-10-05,1.0166363163556986,1.4958604198312697,0.8883611135726933
2018-10-08,1.02533480025164,1.483061626828162,0.8807601704272696
2018-10-09,1.024781853838163,1.4838614178889147,0.8812351500897677
2018-10-10,1.0454984689861324,1.513858617597507,0.8634204226032328
2018-10-11,1.0552775516245747,1.4996987226157759,0.8553444091849215
2018-10-12,1.0549844377583075,1.5001152788953491,0.8555819896265602
2018-10-15,1.0582062292794068,1.5046964447526254,0.8581948308222476
2018-10-16,1.0400471727482394,1.4788755158575877,0.8729216468402073
2018-10-17,1.0287268882289105,1.4949721815154922,0.8634204226032328
2018-10-18,1.0491032492221746,1.524583629601477,0.8463183458312243
2018-10-19,1.040858859092154,1.5365645878509118,0.8529691484308727
2018-10-22,1.0504239206423618,1.5506849796122721,0.8451307154541999
2018-10-23,1.0442240314534916,1.541532412870873,0.8401425228940741
2018-10-24,1.0734516139147354,1.4983852870082843,0.8166271333536663
2018-10-25,1.0569033874070664,1.5214842500204553,0.8292161784488262
2018-10-26,1.051453861967189,1.5293292122238604,0.8249406366032267
2018-10-29,1.052664893285007,1.527567779185047,0.8239904960574513
2018-10-30,1.0584305003079144,1.5359345021296602,0.8285036183446896
2018-10-31,1.0505408745879437,1.524485523336374,0.8346793506714502
2018-11-01,1.06489087879003,1.5036616085367929,0.8460807653895858
2018-11-02,1.0669835806084365,1.5007066434364922,0.8477434660394978
2018-11-05,1.0672826031788922,1.500286069806142,0.8479810464811365
2018-11-06,1.07087007571849,1.495243136415361,0.8508313775080729
2018-11-07,1.0568189800431635,1.4756237588232186,0.8619953023949595
2018-11-08,1.0405109043966028,1.4983945306764725,0.8486936065852732
2018-11-09,1.0422582339232733,1.5009107839852938,0.8472683957666101
2018-11-12,1.0656337829773972,1.534572896228673,0.8282660379030509
2018-11-13,1.0570768505821793,1.546895362669136,0.8349169311130888
2018-11-14,1.0603848181860716,1.5420545795761162,0.8375296816983866
2018-11-15,1.0660988202812571,1.5337450461430922,0.8420428039856248
2018-11-16,1.0670010975555633,1.5350431090181165,0.8413301532710985
2018-11-19,1.077243234327107,1.5497779780906955,0.8332542304631767
2018-11-20,1.0563616582194768,1.519736659873789,0.817102203626554
2018-11-21,1.0425430680638568,1.5396168002441464,0.8277909676301631
2018-11-23,1.0326711266150292,1.5541955810842207,0.8199525346534905
2018-11-26,1.0171152328885453,1.5776075858032506,0.8323040899174013
2018-11-27,1.0121805410316307,1.585261592994708,0.8282660379030509
2018-11-28,1.0278552882521204,1.609811140966868,0.8410926634398495
2018-11-29,1.023501154891914,1.6166305176560083,0.8375296816983866
2018-11-30,1.0182763498819618,1.608377884830418,0.8332542304631767
2018-12-03,1.004923836648305,1.5872874539327462,0.8441805749084246
2018-12-04,0.9791928148572726,1.6279298654034473,0.8225653758491779
2018-12-06,0.9661858405636614,1.606305480920815,0.8116389407935404
2018-12-07,0.9777789359230536,1.6255792601823342,0.8019002267253169
2018-12-10,0.9815440005687729,1.6193197563451516,0.7988124058671314
2018-12-11,0.9795009503661518,1.6226903149287628,0.8004751065170436
2018-12-12,0.9986840501627731,1.654469998489716,0.8161520630807786
2018-12-13,0.9981027306688929,1.6535069555113033,0.815676992807891
2018-12-14,0.983570075947957,1.6294314320959855,0.8038005078168677
2018-12-17,0.9902550838145446,1.6405061508252317,0.7983373355942438
2018-12-18,0.9881926752335761,1.643922840138818,0.8000000362441558
2018-12-19,0.9799773325890276,1.6575895973931636,0.7933492336445075
2018-12-20,0.9752828350884787,1.6496490563590769,0.7895487620717957
2018-12-21,0.9923004584814993,1.6208644767871172,0.7757719959892218
2018-12-24,1.0099223905157528,1.592080086532589,0.7619953205170373
2018-12-26,0.9822188718407991,1.6357529675613511,0.7828978688617577
2018-12-27,0.9816228515857444,1.6347603762674114,0.7833729391346455
2018-12-28,0.9860875249520036,1.6273250653429085,0.7869359208761082
2018-12-31,0.9902544928717867,1.6342017483662263,0.7902613221759324
2019-01-02,0.9857898195055275,1.641569730105815,0.7866983404344696
2019-01-03,0.9988860206164689,1.663377956258813,0.7762470662621094
2019-01-04,0.9652638330938763,1.7193667321671646,0.8023752969982046
2019-01-07,0.966121157544086,1.71783963140173,0.803087947712731
2019-01-08,0.9724075858172,1.7066618660218977,0.8083135394937163
2019-01-09,0.9849806603734597,1.684595001060344,0.8187649042764661
2019-01-10,0.98412333592325,1.6860612679031493,0.8180522535619397
2019-01-11,0.9924100062384931,1.700258506550383,0.8111639611310424
2019-01-14,0.995897324574156,1.706233197079486,0.8083135394937163
2019-01-15,0.9947266867198157,1.7042275875457045,0.8092636800394917
2019-01-16,0.9956025477882897,1.705728167167905,0.8085511199353549
2019-01-17,0.9938477381352215,1.7027217181989807,0.8099762401436283
2019-01-18,0.9792751900031524,1.6777551229733063,0.8218527251346516
2019-01-22,0.9673880858172225,1.6981208487150126,0.8118765212351791
2019-01-23,0.9611614457390123,1.6871908119600934,0.817102203626554
2019-01-24,0.961999633785536,1.6857194845602492,0.8178147637306907
2019-01-25,0.977087658135715,1.6592806214491158,0.8306413892674893
2019-01-28,0.9751318149701872,1.6626020150171665,0.8289786886175772
2019-01-29,0.9796023288607448,1.6549797784246392,0.8327791601902891
2019-01-30,0.9871463410358343,1.6422346192614485,0.8391924729586884
2019-01-31,0.9849110307978263,1.6459533220566132,0.8372921918671377
2019-02-01,0.9826757205598181,1.6422177396567528,0.8391924729586884
2019-02-04,0.9821194238367545,1.643147405799931,0.8387174026858006
2019-02-05,0.9729407931630843,1.6277909808945787,0.8465558356624734
2019-02-06,0.9688459869176022,1.6346418486161765,0.8429929445314002
2019-02-07,0.9516475091004656,1.6056244898697865,0.8280285480718018
2019-02-08,0.9554693699180744,1.6120727527685428,0.8247031467719776
2019-02-11,0.9560197680777994,1.613001387327014,0.82422807649909
2019-02-12,0.9438973653166406,1.6334543665690653,0.8346793506714502
2019-02-13,0.9438973653166406,1.6334543665690653,0.8346793506714502
2019-02-14,0.9409426331567804,1.6283410774277753,0.8320665094757628
2019-02-15,0.9242887068860743,1.599520752690161,0.8467934161041121
2019-02-19,0.9281776601699417,1.5927907543276956,0.8503563072351853
2019-02-20,0.932066712356515,1.5861169820191297,0.853919288976648
2019-02-21,0.931288842577577,1.587440698926746,0.8532066382621217
2019-02-22,0.9349186707729745,1.581253427326307,0.8565321301723355
2019-02-25,0.9369927594104961,1.5777454646882865,0.8584323206534966
2019-02-26,0.9442522179958799,1.5655217012235743,0.865083123253145
2019-02-27,0.9398447178269556,1.5728291102305052,0.8610451618491841
2019-02-28,0.9445115408897611,1.5650191869248267,0.8653207036947836
2019-03-01,0.9512524525900881,1.5538497562808775,0.8714964360215443
2019-03-04,0.9471041764123395,1.5606258732940108,0.8676959644488325
2019-03-05,0.9478820461912772,1.5593441096472045,0.8684086151633588
2019-03-06,0.9458078586510502,1.5627563191474825,0.866508334071808
2019-03-07,0.9299925248162878,1.536624676590661,0.8520190078850973
2019-03-08,0.9263627955235958,1.5426220706036895,0.8553444091849215
2019-03-11,0.9199315067239401,1.531912391747073,0.861282651680433
2019-03-12,0.9201851683736508,1.532334800830426,0.8610451618491841
2019-03-13,0.9305927760598324,1.5496660293690396,0.8707838759174076
2019-03-14,0.9326235760151221,1.5462842475799292,0.8726841570089583
2019-03-15,0.9437926852676017,1.5277659320014172,0.8831354311813184
2019-03-18,0.9478541883443099,1.5211913673431265,0.8869359027540303
2019-03-19,0.9509002914433732,1.516302740173133,0.8897862337809668
2019-03-20,0.9511541898547203,1.5158978745312612,0.8900238142226055
2019-03-21,0.9473464883554876,1.521966382320117,0.8864608324811426
2019-03-22,0.9760309083037918,1.568049545549503,0.859619951030521
2019-03-25,0.974143042365332,1.5710825102862498,0.861282651680433
2019-03-26,0.9722623629693539,1.5680493802653213,0.8629454429407348
2019-03-27,0.9749385189793213,1.5637333181274158,0.8653207036947836
2019-03-28,0.9719946861150723,1.5684550205150123,0.8627078624990961
2019-03-29,0.9650365171470643,1.5796830397700188,0.8688836854362464
2019-04-01,0.9763804836529535,1.5611139274362713,0.879097379166968
2019-04-02,0.9795463400447727,1.556052107184558,0.881947800804294
2019-04-03,0.9898351217242829,1.5397079284987065,0.8912114445996299
2019-04-04,0.9914180499201924,1.5372456526711522,0.8926366554182928
2019-04-05,0.9922094636993667,1.536018524123717,0.8933492155224296
2019-04-08,0.9916818209673969,1.5352016915494708,0.8938242857953173
2019-04-09,0.9861475118643944,1.5437692386364978,0.8888360932351914
2019-04-10,0.990627657278198,1.5367557740267535,0.8928741452495419
2019-04-11,0.9893100029319908,1.5347117033713178,0.8940617756265663
2019-04-12,0.9971950255384892,1.5224797068892482,0.9011876484991024
2019-04-15,0.9974579164413571,1.5220783349865694,0.901425228940741
2019-04-16,0.9982463886229562,1.5208751599898405,0.9021377890448777
2019-04-17,1.0063943021323225,1.5084614318728422,0.9095012423590524
2019-04-18,1.006919983674556,1.507673499816563,0.90997631263194
2019-04-22,1.006919983674556,1.507673499816563,0.90997631263194
2019-04-23,1.0061314112294546,1.5088542388995498,0.9092636619174137
2019-04-24,1.0137535429330853,1.5202848389206944,0.9023753694865163
2019-04-25,1.0148209572011766,1.5186840812809905,0.901425228940741
2019-04-26,1.013751292732974,1.5202848389206944,0.9023753694865163
2019-04-29,1.0196218545882725,1.529088700625764,0.9076009612675017
2019-04-30,1.0286946521399176,1.5426948352499454,0.915676974685813
2019-05-01,1.0209560685647496,1.554300099152822,0.908788591644526
2019-05-02,1.0166865227636228,1.560800041379874,0.9049881200718142
2019-05-03,1.0257593203152677,1.5747284475079948,0.9130641334901256
2019-05-06,1.0345652139952164,1.588247107303632,0.9052257005134529
2019-05-07,1.0595403395223641,1.6265884997421574,0.8833729210125675
2019-05-08,1.0524178578159422,1.6375228138037743,0.889311163508079
2019-05-09,1.0479203497272478,1.6305248594781152,0.8855106919353672
2019-05-10,1.041174033979681,1.6410218743887999,0.8912114445996299
2019-05-13,1.0642064525326214,1.6047198716189235,0.8714964360215443
2019-05-14,1.0537645068582784,1.6204653105627544,0.8800475197127433
2019-05-15,1.0611594064131733,1.6318370906196955,0.8862233426498936
2019-05-16,1.0733893407954451,1.6130300570861629,0.8964371269910048
2019-05-17,1.068269828333265,1.62072337689592,0.8921615851454052
2019-05-20,1.056608740724172,1.638414972021821,0.8824228710771818
2019-05-21,1.0503516432120625,1.6287124947943337,0.887648462858167
2019-05-22,1.0475410046085336,1.6330707706550918,0.8852732021041182
2019-05-23,1.0601890927623938,1.6133529524714907,0.8745843474901194
2019-05-24,1.0469439538139773,1.633508870103735,0.8855106919353672
2019-05-28,1.0348681428058515,1.6146674179671532,0.875296907594256
2019-05-29,1.0250390441383728,1.599331430018648,0.8669834043446957
2019-05-30,1.0199840485010578,1.6072185572920885,0.8712589461902952
2019-05-31,1.030829009053319,1.590129837249545,0.8619953023949595
2019-06-03,1.0223074353841501,1.603274993655368,0.8691211752674954
2019-06-04,1.0407475214335644,1.632194404608072,0.8847981318312306
2019-06-05,1.0390711112178534,1.6295653064670146,0.8833729210125675
2019-06-06,1.0427032800614682,1.6352616021977733,0.8864608324811426
2019-06-07,1.0594669558951715,1.6089712893861268,0.9007125782262146
2019-06-10,1.0597464108882158,1.6085468919493007,0.9009501586678533
2019-06-11,1.0661724901771636,1.5987930019984082,0.9064133308904773
2019-06-12,1.057790652260312,1.6113620974579248,0.8992874580179412
2019-06-13,1.058908259070786,1.6096596157330103,0.9002375985637165
2019-06-14,1.050805769566127,1.6219763108110097,0.8933492155224296
2019-06-17,1.0505264211539345,1.6224075003991922,0.8935867053536787
2019-06-18,1.070632224638438,1.653458415176738,0.9106888727360768
2019-06-19,1.0753793690588351,1.6461270405839217,0.9147268341400376
2019-06-20,1.0859907771783455,1.6298837255764138,0.9237529881041244
2019-06-21,1.0630925483317493,1.664249993988528,0.9042755599676775
2019-06-24,1.061417029199974,1.6616270025007593,0.9057007707863405
2019-06-25,1.0539010817639853,1.673393066983848,0.8992874580179412
2019-06-26,1.0558496489300995,1.6764870184397758,0.9009501586678533
2019-06-27,1.0577982160962136,1.6795809698957036,0.9026128593177654
2019-06-28,1.049447198785875,1.6928407859364962,0.9097387321903014
2019-07-01,1.0505432522998506,1.6910727655023348,0.9106888727360768
2019-07-02,1.054105373957563,1.6853387731992324,0.9137767842046519
2019-07-03,1.0628735930185351,1.671319852586125,0.9213777273500756
2019-07-05,1.0552013229461223,1.6833841444931328,0.9147268341400376
2019-07-08,1.0606813814651679,1.692126593371134,0.90997631263194
2019-07-09,1.0628963762352277,1.695660219604319,0.9080760315403893
2019-07-10,1.0609501972434117,1.6987649985559048,0.9097387321903014
2019-07-11,1.0601191995555244,1.697434427347443,0.9090261720861647
2019-07-12,1.0603961635611134,1.6978778946843425,0.9092636619174137
2019-07-15,1.0592880961965172,1.6996521024274664,0.9102138024631891
2019-07-16,1.0573530793892312,1.6965473234758806,0.908551101813277
2019-07-17,1.053483045774659,1.690337765572709,0.9052257005134529
2019-07-18,1.0554180625819451,1.6934425445242949,0.9068884011633649
2019-07-19,1.0637110068203868,1.6801363248463894,0.8997625282908289
2019-07-22,1.0600605446921396,1.6859022462148985,0.9028503491490144
2019-07-23,1.0695428062776011,1.700982673635928,0.9109263625673257
2019-07-24,1.0698217557763847,1.7014263101705904,0.9111639430089644
2019-07-25,1.058666116362408,1.7191680492063062,0.90166271877199
2019-07-26,1.0622917151301599,1.7132804388781535,0.9047506302405651
2019-07-29,1.0642439360693965,1.7101318668805336,0.9064133308904773
2019-07-30,1.0447216202889684,1.741502244666964,0.8897862337809668
2019-07-31,1.0533671397661413,1.7270905666817375,0.8824228710771818
2019-08-01,1.0579038443343527,1.7196522297830572,0.8786223995044699
2019-08-02,1.0704877927841618,1.6991966703037311,0.8681710347217201
2019-08-05,1.0906966880604398,1.6671188756801614,0.8517815180538483
2019-08-06,1.0855261237355895,1.6750220310470352,0.8558194794578092
2019-08-07,1.093058223100795,1.6866444435352193,0.8617577219533208
2019-08-08,1.1030006494296096,1.7019861131447138,0.8695962455403832
2019-08-09,1.0972761803563955,1.6931529661535718,0.865083123253145
2019-08-12,1.1060133282726903,1.7066348298584706,0.8581948308222476
2019-08-13,1.0928501382747402,1.7269463016538698,0.8684086151633588
2019-08-14,1.0599689126652714,1.7789059519035944,0.8422802938168739
2019-08-15,1.0599689126652714,1.7789059519035944,0.8422802938168739
2019-08-16,1.0474142297151012,1.7999760040131065,0.852256588326736
2019-08-19,1.0561718512437173,1.7849260761464354,0.859382461199272
2019-08-20,1.0517929847998095,1.7775258099014206,0.8558194794578092
2019-08-21,1.0658052015174349,1.801206398410244,0.8672208941759447
2019-08-22,1.062010302715861,1.7947930350742587,0.8641330733177592
2019-08-23,1.045954644686865,1.821927030978332,0.8510689579497116
2019-08-26,1.0354455656680457,1.8402325810634472,0.859619951030521
2019-08-27,1.0357317405229793,1.839723980409399,0.8598575314721597
2019-08-28,1.0354455656680457,1.8392156608102084,0.859619951030521
2019-08-29,1.0217121195118888,1.8636097671590062,0.8710213657486565
2019-08-30,1.0214335428335322,1.8641178928910727,0.8707838759174076
2019-09-03,1.0169755719749614,1.8559820887540792,0.8669834043446957
2019-09-04,1.002208563434647,1.8290322739202016,0.8795724494398557
2019-09-05,1.0105986806701477,1.8137202961886265,0.8869359027540303
2019-09-06,1.0111399885476562,1.8127488115600567,0.887410973026918
2019-09-09,1.0146584381295012,1.8064410150429941,0.8904988844954931
2019-09-10,1.0157409506405974,1.8045137704394345,0.8914489344308789
2019-09-11,1.019800708099951,1.7973014115841304,0.8950119161723417
2019-09-12,1.0295440434072627,1.7801297130725693,0.9035629998635407
2019-09-13,1.0322504795508844,1.7754501586361702,0.9059382606175895
2019-09-16,1.0195300025392362,1.7973291244256406,0.894774335730703
2019-09-17,1.012763808936261,1.7854010038270887,0.9007125782262146
2019-09-18,1.0130308431843593,1.7858717584200194,0.9004750883949656
2019-09-19,1.0095569552345383,1.7797476424335805,0.9035629998635407
2019-09-20,1.0074337585197928,1.776004659605422,0.90166271877199
2019-09-23,1.00239131818166,1.7671153431014126,0.8971496870951414
2019-09-24,1.0063722614020116,1.7600973395362378,0.8935867053536787
2019-09-25,0.9999520806537158,1.7488687480022516,0.8878860432998057
2019-09-26,0.9948694290574038,1.757758064506261,0.8923990749766543
2019-09-27,0.9930158076310093,1.7544830437692445,0.8907363743267421
2019-09-30,0.9993711532463561,1.7657118137784753,0.8964371269910048
2019-10-01,0.9885141844568487,1.7465294729722747,0.8866984129227813
2019-10-02,0.9633577637939048,1.7020825335017382,0.8641330733177592
2019-10-03,0.9562080378571866,1.7147148328339061,0.8705463860861585
2019-10-04,0.9486419383422057,1.7011469662699432,0.8774346785170558
2019-10-07,0.9488987993669479,1.700686351642514,0.8776722589586945
2019-10-08,0.9386265135803631,1.6822756041011837,0.8681710347217201
2019-10-09,0.9275838406471066,1.7020670962558482,0.8783848190628313
2019-10-10,0.9368646690549332,1.6850372689057533,0.8871733925852793
2019-10-11,0.9559281008870372,1.65074993352919,0.9052257005134529
2019-10-14,0.9556772133788116,1.6511831800643035,0.9049881200718142
2019-10-15,0.9684697971029562,1.6290806345822453,0.9171021855044761
2019-10-16,0.970225626918341,1.6261271213612631,0.9187648861543881
2019-10-17,0.9724831360646284,1.6223434686235396,0.9209026570771879
2019-10-18,0.9739881740573363,1.6198326913494157,0.922327867895851
2019-10-21,0.9782523048416855,1.612741046267212,0.9263658292998118
2019-10-22,0.9727339278873056,1.621838610340464,0.9211401469084369
2019-10-23,0.9664630797793461,1.632293991086932,0.9270783894039486
2019-10-24,0.9662154063054027,1.6318756865166617,0.9273159698455872
2019-10-25,0.9652254088683517,1.6335477285237487,0.9263658292998118
2019-10-28,0.9627505096870761,1.6293592085171753,0.9287410900538606
2019-10-29,0.9620118564598343,1.6306093054276392,0.928028529949724
2019-10-30,0.9570872824452034,1.622262156523389,0.9327791420682111
2019-10-31,0.9546500296382826,1.6263932980264362,0.9304037907037727
2019-11-01,0.9607430221980522,1.6367736488947946,0.9363420331992843
2019-11-04,0.9663486571681259,1.6272235867113105,0.9418052960322979
2019-11-05,0.9653737560453576,1.6255819617243945,0.9408551554865225
2019-11-06,0.9668360147578218,1.6231196807979962,0.9422802756947959
2019-11-07,0.9692732675647426,1.6190280324340445,0.9446556270592343
2019-11-08,0.9692732675647426,1.6190280324340445,0.9446556270592343
2019-11-11,0.9695170393312789,1.6194352172154114,0.9444180466175957
2019-11-12,0.9697608407271632,1.6198424514882341,0.9441805567863467
2019-11-13,0.9670772109315648,1.6153598437313266,0.9415677155906592
2019-11-14,0.967321134974229,1.6149524045951476,0.9413302257594102
2019-11-15,0.9602426510692693,1.6267700049657912,0.9482185181903076
2019-11-18,0.9600021496861115,1.6263625658296121,0.9479810283590585
2019-11-19,0.9590399606346838,1.6247324983813207,0.9470308878132832
2019-11-20,0.9532670098449142,1.6149524045951478,0.9413302257594102
2019-11-21,0.951823818027171,1.617397350315797,0.9427553459676836
2019-11-22,0.9530228723573313,1.6194348569002672,0.9415677155906592
2019-11-25,0.9561483515009322,1.624745862560753,0.9446556270592343
2019-11-26,0.956869580644548,1.6259714193116572,0.9453681871633711
2019-11-27,0.956869580644548,1.6259714193116572,0.9453681871633711
2019-11-29,0.9587928889317762,1.6292396225953816,0.9434679966822099
2019-12-02,0.9703794985401066,1.6095509456315085,0.9320665819640744
2019-12-03,0.9713686949389403,1.6079101834332619,0.9311164414182991
2019-12-04,0.9619523394688794,1.623497111373214,0.9401425953823858
2019-12-05,0.9609801572432021,1.6218563491749673,0.9391924548366104
2019-12-06,0.9668130651724658,1.6317006094210562,0.9448931168904834
2019-12-09,0.9600079750175248,1.6202155869767207,0.938242314290835
2019-12-10,0.962438337869318,1.6243173360006418,0.9406175750448839
2019-12-11,0.9544179735760803,1.6107812825726502,0.9484560986319462
2019-12-12,0.9630228082966389,1.5962588122386376,0.9570071823231453
2019-12-13,0.9680422648236463,1.5879388102149512,0.9619952842728815
2019-12-16,0.9778421952154035,1.571863386267102,0.971733998341105
2019-12-17,0.9721056083417128,1.5810848444052514,0.9660332456768423
2019-12-18,0.9685203213281167,1.5869161480325495,0.9624703545457692
2019-12-19,0.9687593951703296,1.58652442662782,0.9622327741041306
2019-12-20,0.9663679323007834,1.5904408936854029,0.964608125468569
2019-12-23,0.9666058554025145,1.59083246569219,0.964845615299818
2019-12-24,0.9649401213633054,1.5880910134508532,0.9631829146499059
2019-12-26,0.9592289683890906,1.5974903849911095,0.9688836673141685
2019-12-27,0.955936703934729,1.592007480508436,0.9722090686139927
2019-12-30,0.947995862918877,1.578782882847598,0.9641330551956813
2019-12-31,0.9526669615918129,1.5865620841261951,0.9688836673141685
2020-01-02,0.9416899821682798,1.5682811317538035,0.9800475015906653
2020-01-03,0.9295936525190173,1.5884262388608499,0.9674584564955054
2020-01-06,0.9279960273602106,1.5856963259411176,0.9691211571454176
2020-01-07,0.9332273672004355,1.5946352827036707,0.9636579849227936
2020-01-08,0.937827963375936,1.6024964677061344,0.9684085970412808
2020-01-09,0.9339175136636584,1.5958145579148015,0.9724465584452417
2020-01-10,0.9309520345291279,1.5907473494035147,0.9693587375870562
2020-01-13,0.9332331857126651,1.5946452249805694,0.971733998341105
2020-01-14,0.9364268321777531,1.6001023102662149,0.9684085970412808
2020-01-15,0.9380346220168915,1.6028495918985073,0.9667458963913688
2020-01-16,0.9334250977773286,1.6107260325679824,0.9714965085098559
2020-01-17,0.9375330879042322,1.617814814147449,0.9757720503554554
2020-01-21,0.928175931568887,1.6016680281481892,0.9660332456768423
2020-01-22,0.9247526645028086,1.5957608103190404,0.9624703545457692
2020-01-23,0.9220140334380436,1.5910350060095995,0.9596200235188327
2020-01-24,0.9236115754807825,1.5882782743098747,0.9579573228689207
2020-01-27,0.9011681734629597,1.5496837300525068,0.9346793325493722
2020-01-28,0.8910915225908617,1.5670119295714744,0.9451306973321221
2020-01-29,0.8897478856316029,1.5693747566108898,0.9465558175403954
2020-01-30,0.8888548533290279,1.567799588661483,0.9456057676050097
2020-01-31,0.9047073904060117,1.5398382167733151,0.9287410900538606
2020-02-03,0.9007738339613248,1.5465332439230828,0.9327791420682111
2020-02-04,0.8851760118363453,1.5733130520609329,0.9489311689048339
2020-02-05,0.8947035699829025,1.590247346919591,0.9591449532459451
2020-02-06,0.8995780736811168,1.5989112964484646,0.9643705450269303
2020-02-07,0.8933741137801453,1.609938223247364,0.957719742427282
2020-02-10,0.892044657577388,1.6075424269914194,0.9591449532459451
2020-02-11,0.8878473506081067,1.5999785130383322,0.9636579849227936
2020-02-12,0.8926619304060143,1.591302219505796,0.9688836673141685
2020-02-13,0.8860966474429326,1.6030058096276283,0.9617577944416325
2020-02-14,0.8860966474429326,1.6030058096276283,0.9617577944416325
2020-02-18,0.8900358339172021,1.61013205124211,0.9574822525960329
2020-02-19,0.8853991009997404,1.6185201992232945,0.9624703545457692
2020-02-20,0.8801548446336915,1.6281067628969772,0.9567696018815066
2020-02-21,0.8858360459551696,1.617597700373181,0.950593869554746
2020-02-24,0.9241292977410173,1.5476715822033034,0.9095012423590524
2020-02-25,0.9477815899086603,1.5080602631689297,0.8862233426498936
2020-02-26,0.9475276037191573,1.5084643926475578,0.8864608324811426
2020-02-27,0.920614941088221,1.4656194210279903,0.861282651680433
2020-02-28,0.927977756208317,1.453897815879267,0.8543943592495358
2020-03-02,0.907854834537674,1.485425157639698,0.8729216468402073
2020-03-03,0.8955030680813791,1.465215291549362,0.8610451618491841
2020-03-04,0.8628944121756806,1.5185693256927257,0.8923990749766543
2020-03-05,0.8337254926290616,1.4672362473205873,0.8622327922262085
2020-03-06,0.8488841347636041,1.4405592302489054,0.8465558356624734
2020-03-09,0.9281990206583867,1.3059616022655691,0.7674584927396613
2020-03-10,0.8988965327064675,1.3471897475925398,0.7916865329945955
2020-03-11,0.9474418281966565,1.2744341834106176,0.748931159843795
2020-03-12,1.0655340131906843,1.115584623605453,0.6555819805655212
2020-03-13,0.999517268196222,1.1847023286290324,0.6961995374883271
2020-03-16,0.8849360063074013,1.0488920809262485,0.6163895891561835
2020-03-17,0.8392398849733333,1.1030545282159108,0.6482185725565414
2020-03-18,0.9038204646531913,1.0181730752175953,0.5983373265332048
2020-03-19,0.8905448553063342,1.0331283329515122,0.6071259000556529
2020-03-20,0.8881059715269436,1.0359577018690358,0.608788600705565
2020-03-23,0.8950362047572423,1.0440416791429785,0.6135392128240522
2020-03-24,0.979238227874841,1.1422616406771349,0.6712589371292562
2020-03-25,1.0156217871049036,1.0998209527252376,0.6961995374883271
2020-03-26,1.0582426091155168,1.0536666916953847,0.7254157249981923
2020-03-27,1.0163148236462538,1.0954131783941543,0.6966746077612148
2020-03-30,0.9996823432034596,1.0774862153680187,0.7080760224793503
2020-03-31,1.0097428579849703,1.088329725879415,0.7009501496068143
2020-04-01,1.0610683163119778,1.0330096792458205,0.6653206946337447
2020-04-02,1.0455367974177667,1.0481304863648904,0.6750594087019681
2020-04-03,1.0631953893531827,1.065832884405302,0.6636579939838325
2020-04-06,0.9985056645635689,1.1306830865923576,0.7040380157701946
2020-04-07,1.0038957036074325,1.1367866333214918,0.7078384873429066
2020-04-08,1.015349552639226,1.149756688310906,0.7159145007612179
2020-04-09,1.040952270224745,1.1207648049675103,0.7339667633841965
2020-04-13,1.0284878290311854,1.1341849274869726,0.7251781898617485
2020-04-14,1.0082752147438638,1.1118950745371494,0.7394299356068205
2020-04-15,0.9639020697234847,1.160828421968898,0.7068883921023259
2020-04-16,0.9681126980050305,1.1658992866729925,0.7038004806337508
2020-04-17,0.9331521118663416,1.2080023626111156,0.7292161965709042
2020-04-20,0.9209937320830337,1.192262858497061,0.7197149723339298
2020-04-21,0.8975889843437044,1.1619644856959965,0.7014252198797021
2020-04-22,0.8875583616052914,1.174949524054029,0.7092636981615695
2020-04-23,0.8780466938542226,1.1875410673040587,0.7016627550161458
2020-04-24,0.8682377793991813,1.2008074332303427,0.7095012332980134
2020-04-27,0.8853873860916294,1.224526022402446,0.7235154439066416
2020-04-28,0.8903288151037532,1.217691829247842,0.7275534506157972
2020-04-29,0.9211401044458494,1.259832052774236,0.7527316314165068
2020-04-30,0.9031184058600702,1.284480109475078,0.7380047700933523
2020-05-01,0.9231748007259035,1.3130057602710075,0.7216152081202857
2020-05-04,0.927429044050813,1.3190564518483863,0.7182898068204615
2020-05-05,0.9292691646779185,1.321673604072519,0.7168646413069932
2020-05-06,0.9418934261712952,1.303718469197805,0.7071259272387698
2020-05-07,0.924808390628076,1.3273666609843617,0.7199525074703735
2020-05-08,0.9403693440824674,1.3497011153835707,0.7320665275978406
2020-05-11,0.9345721124356065,1.3413804166398875,0.7275534506157972
2020-05-12,0.9483023244038066,1.3610872292072562,0.7168646413069932
2020-05-13,0.9307062743757031,1.3358318245104464,0.7035629908025018
2020-05-14,0.9366763852525377,1.3272629942310104,0.6990499138204584
2020-05-15,0.9344484864949152,1.330419909065677,0.7007126144703705
2020-05-18,0.8815491968766349,1.4057352090535638,0.7403800761525958
2020-05-19,0.8693879385270492,1.3863426339040663,0.7301662918114847
2020-05-20,0.8917307255309093,1.4219708693683948,0.748931159843795
2020-05-21,0.8832461003378179,1.4355006149705798,0.7418052416660641
2020-05-22,0.8818320231107636,1.4377988518133757,0.7406176112890397
2020-05-26,0.8560954291845376,1.3958361602497618,0.7622328103482864
2020-05-27,0.8793052174500547,1.4336789761652826,0.7828978688617577
2020-05-28,0.8875754186795168,1.4201946781126449,0.7902613221759324
2020-05-29,0.889976438277212,1.4163528465534025,0.7923990930987321
2020-06-01,0.9078506161291504,1.3879069893468892,0.8083135394937163
2020-06-02,0.9251913245312048,1.3613968014769349,0.8237530062262023
2020-06-03,0.9620069244397625,1.30722353089924,0.8565321301723355
2020-06-04,0.9636075363260233,1.3050485387360853,0.857957250380609
2020-06-05,0.992152935005119,1.2663884728592356,0.8833729210125675
2020-06-08,1.0033577270504646,1.2520866258491905,0.8933492155224296
2020-06-09,0.9838828355439612,1.2763892753806179,0.8760095583087825
2020-06-10,0.989752017175728,1.2840033532153088,0.8707838759174076
2020-06-11,1.0526576430978185,1.20239600792234,0.8154395029766419
2020-06-12,1.0342599458667259,1.2234107393981215,0.829691248721714
2020-06-15,1.0440310230940966,1.23496880162728,0.8375296816983866
2020-06-16,1.0298183622976287,1.2181568561165699,0.8489311870269118
2020-06-17,1.0338523280334861,1.2229285743130784,0.852256588326736
2020-06-18,1.028665769253863,1.2167934709119763,0.8479810464811365
2020-06-19,1.035293014379532,1.2246327408090356,0.8425178742585125
2020-06-22,1.0408386654707054,1.231192609175794,0.8470309059353611
2020-06-23,1.0522219084878959,1.2177275399617495,0.8562945497306969
2020-06-24,1.022742230708577,1.25184412241598,0.8323040899174013
2020-06-25,1.0069807659111725,1.27113627294508,0.8451307154541999
2020-06-26,1.0250940566287448,1.294001119656101,0.8299287385529629
2020-06-29,1.0409369802360176,1.3140000268333198,0.8427553640897616
2020-06-30,1.042403892736339,1.3158517461029606,0.843942994466786
2020-07-01,1.0421104430853247,1.3154813174827578,0.8441805749084246
2020-07-02,1.023051090655539,1.2914222340995487,0.859619951030521
2020-07-06,1.04397011671164,1.317828828659011,0.8771971886858069
2020-07-07,1.0255952950699667,1.341023812206182,0.8617577219533208
2020-07-08,1.016266509604646,1.3288258979722787,0.8695962455403832
2020-07-09,1.030423791282792,1.3473373438981389,0.8574821801077213
2020-07-10,1.0181500360628406,1.3633859725280333,0.8676959644488325
2020-07-13,1.0198222648744257,1.3656252233494435,0.866270844240559
2020-07-14,1.0374390788130188,1.3892155746275252,0.8812351500897677
2020-07-15,1.0234574194938588,1.3704929919891922,0.8931116350807909
2020-07-16,1.0204633492491373,1.3745022963430007,0.8904988844954931
2020-07-17,1.0250906336738215,1.3682696246137902,0.894536845899454
2020-07-20,1.0177413256158663,1.3584599213082489,0.9009501586678533
2020-07-21,1.021766180626784,1.3530876286796678,0.9045131404093161
2020-07-22,1.0252542791228436,1.348468467258863,0.9076009612675017
2020-07-23,1.0150581571794641,1.3618789442585166,0.8985748979138045
2020-07-24,1.0225712130427564,1.3719590293402295,0.8919240047037665
2020-07-27,1.011950649605697,1.3577096766122203,0.9011876484991024
2020-07-28,1.0047490906041783,1.3673718338991054,0.894774335730703
2020-07-29,0.9930131714548378,1.3833433490164524,0.9052257005134529
2020-07-30,0.9739919395213023,1.4098413809074144,0.8878860432998057
2020-07-31,0.9956188809374371,1.4411461132298533,0.8681710347217201
2020-08-03,0.9746441337395589,1.4715068024242361,0.8864608324811426
2020-08-04,0.9798673269854423,1.479392721115609,0.8912114445996299
2020-08-05,0.9743830189081211,1.4711125741747926,0.8961995465493661
2020-08-06,0.9754160486802786,1.4726722309604998,0.8971496870951414
2020-08-07,0.9702509983346321,1.4804703661519782,0.8923990749766543
2020-08-10,0.970767513220711,1.4812584972477758,0.8919240047037665
2020-08-11,0.963787282108136,1.4919093755553445,0.8983373174721658
2020-08-12,0.9869772949778655,1.5278067133412532,0.9199525165314125
2020-08-13,0.9795870465262448,1.539246562317616,0.9130641334901256
2020-08-14,0.9714323231354809,1.5520602576297333,0.9054631903447019
2020-08-17,0.9663355967132609,1.5439172029510433,0.9102138024631891
2020-08-18,0.9648225105095932,1.5463346651943217,0.908788591644526
2020-08-19,0.9635616534384843,1.5443138717575253,0.9076009612675017
2020-08-20,0.9580138630861594,1.5354223498002904,0.9023753694865163
2020-08-21,0.967848779114157,1.5196597909693035,0.8931116350807909
2020-08-24,0.9485432840664585,1.5499721550512175,0.9109263625673257
2020-08-25,0.953242776815428,1.5576513859583625,0.915439484854564
2020-08-26,0.9609102113390441,1.5701803977724935,0.922802847558349
2020-08-27,0.9480486900054621,1.591196834527163,0.9104513829048277
2020-08-28,0.9552214361159147,1.5791581586383188,0.9173396753357251
2020-08-31,0.9423598204301654,1.6004207942697044,0.9049881200718142
2020-09-01,0.9433491972564924,1.6021010645994596,0.9059382606175895
2020-09-02,0.9243041179344502,1.6344455473699566,0.924228058377012
2020-09-03,0.9029246494230287,1.6722508285924593,0.9028503491490144
2020-09-04,0.9038748681608356,1.674010669873409,0.9038004896947898
2020-09-08,0.919790624238791,1.703487256104656,0.8878860432998057
2020-09-09,0.8956762752567048,1.6588265636625685,0.9111639430089644
2020-09-10,0.8847021111266896,1.6791511334605624,0.900000018122078
2020-09-11,0.8926408511009131,1.6942187410296112,0.9080760315403893
2020-09-14,0.8940418366505608,1.6915596917925104,0.9095012423590524
2020-09-15,0.8991786055254886,1.6818407381388032,0.9147268341400376
2020-09-16,0.8931078462841289,1.6704858747770526,0.908551101813277
2020-09-17,0.890305964255057,1.6757265681287346,0.9114014328402135
2020-09-18,0.9000512570670797,1.6940690781589403,0.901425228940741
2020-09-21,0.9365750971735187,1.6253242065151152,0.8648456334218959
2020-09-22,0.9396618319101759,1.619967514134845,0.8619953023949595
2020-09-23,0.9544209100009566,1.5945230124708365,0.8484561167540241
2020-09-24,0.9578943728415148,1.6003260249302207,0.8515439376122096
2020-09-25,0.9602991327686611,1.596308463073473,0.8494061666894098
2020-09-28,0.939352940102907,1.63112738926068,0.867933544890471
2020-09-29,0.9411524589176834,1.6342521406730193,0.8695962455403832
2020-09-30,0.9344684478344395,1.6226457751818901,0.8634204226032328
2020-10-01,0.9308693121384664,1.6163961020710311,0.8667459145134466
2020-10-02,0.9280631683241953,1.6212687945790893,0.8641330733177592
2020-10-05,0.9107161859395259,1.5909646922504066,0.880285100154382
2020-10-06,0.8994120286181752,1.5712170305182727,0.8693586650987445
2020-10-07,0.9087502129296378,1.5875302593360268,0.8783848190628313
2020-10-08,0.9013780016280631,1.5746514634326523,0.8855106919353672
2020-10-09,0.9093569823348668,1.5607126790114925,0.8933492155224296
2020-10-12,0.9161269594916546,1.572331866404861,0.900000018122078
2020-10-13,0.9030704959172601,1.5947404349202619,0.8871733925852793
2020-10-14,0.9076643958116487,1.6028528446919001,0.8826603609084308
2020-10-15,0.8925203980122988,1.5761099206941045,0.867933544890471
2020-10-16,0.8832386440066479,1.5597191865413293,0.8769596082441682
2020-10-19,0.8786932989974294,1.567745852797878,0.8724465765673196
2020-10-20,0.8856310029003107,1.580123956209036,0.8793349596086066
2020-10-21,0.8741479539882111,1.5596361451264207,0.867933544890471
2020-10-22,0.8746264257669435,1.5587824659784806,0.8674584746175834
2020-10-23,0.8652862349689177,1.5421361296502711,0.8767221184129191
2020-10-26,0.8366855774971267,1.5931089816806576,0.8477434660394978
2020-10-27,0.8512202982685474,1.5654338372417653,0.8330166500215381
2020-10-28,0.8866574487382133,1.500263264414164,0.7983373355942438
2020-10-29,0.8842831760744083,1.5042806378228897,0.8004751065170436
2020-10-30,0.8871695762788491,1.5091907797977981,0.7978622653213561
2020-11-02,0.8707943399824846,1.537047185490993,0.8125890813393158
2020-11-03,0.8993033162639583,1.587368644580346,0.8391924729586884
2020-11-04,0.9105032088097653,1.6071376790410898,0.8496437471310485
2020-11-05,0.9377393883763067,1.6552125128154134,0.8750594177630071
2020-11-06,0.9405393857879475,1.6502702113518657,0.8776722589586945
2020-11-09,0.9876299512177511,1.5676451150094977,0.9216152171813247
2020-11-10,1.0057025382010156,1.5389588619599965,0.9384798041220841
2020-11-11,1.0110480319417647,1.5307790128978744,0.9434679966822099
2020-11-12,1.0278479193108534,1.5562149112836896,0.9277910401184749
2020-11-13,1.0125855093426592,1.533106833202884,0.9415677155906592
2020-11-16,1.004411264666518,1.5207306039821045,0.9491686587360829
2020-11-17,1.0061707362284675,1.5233945349287383,0.9508313593859951
2020-11-18,1.0124545906308615,1.5329086155019596,0.9448931168904834
2020-11-19,1.0180539182497752,1.5413862871204986,0.9501187992818583
2020-11-20,1.0193264662297499,1.5433129905797889,0.9489311689048339
2020-11-23,1.0183058406705068,1.5448582704643816,0.9498813094506092
2020-11-24,1.0343480976306345,1.5691957654997135,0.964845615299818
2020-11-25,1.0361305706262043,1.5718999316147504,0.9665083159497301
2020-11-27,1.043769851621495,1.5603104798463059,0.9736342794326557
2020-11-30,1.0269636082793427,1.5854337937386072,0.9579573228689207
2020-12-01,1.0529368139683566,1.5453361722658456,0.9821852725134651
2020-12-02,1.0534461058438755,1.5445887132093858,0.9826603427863528
2020-12-03,1.0542099950884076,1.5457087464969939,0.9819477826822162
2020-12-04,1.0639003899280959,1.5599170428805424,0.9909739366463028
2020-12-07,1.0580351791057365,1.5513173258313702,0.9855107644236789
2020-12-08,1.0557400881510333,1.547952206757164,0.9876485353464787
2020-12-09,1.0598026728768877,1.5539088688770406,0.9838479731633772
2020-12-10,1.0615938343877844,1.5565351141476043,0.9855107644236789
2020-12-11,1.0697816805904221,1.5685403365884407,0.9779097306678656
2020-12-14,1.068482376458209,1.5704454084155706,0.9790974516552796
2020-12-15,1.0837760384300381,1.5929238898118974,0.9931117075691026
2020-12-16,1.088441908108393,1.5997817414471547,0.9973872494147021
2020-12-17,1.0990697004018675,1.5841611116860852,1.0071259634829257
2020-12-18,1.091293185016276,1.595369912414354,1.0
2020-12-21,1.066149441619032,1.6321277445461764,0.9769596807324799
2020-12-22,1.0669271524870918,1.6333183126180104,0.9762470300179535
2020-12-23,1.0516111620701114,1.609871643775042,0.9902612859317765
2020-12-24,1.0548903795998388,1.6148916735210996,0.9933491974003517
2020-12-28,1.062205520156925,1.6260901447601266,1.0002375804416386
2020-12-29,1.0639712304673947,1.6287932037066968,1.0019002810915507
2020-12-30,1.064475732873814,1.6280208801068676,1.0023753513644384
2020-12-31,1.0523679637917378,1.6465386351560276,0.9909739366463028
2021-01-04,1.0445484170522275,1.658773125618491,0.998337299350088
2021-01-05,1.0512585897610438,1.6694290741374256,1.0047506121184873
2021-01-06,1.068158262922973,1.6425919039161985,1.02090263895511
2021-01-07,1.0686553232870968,1.6418275346666142,1.0213777092279976
2021-01-08,1.0736258321237648,1.64946397093518,1.026128321346485
2021-01-11,1.0572232193259596,1.6746641086644118,1.0104513647827498
2021-01-12,1.0554835554538116,1.6719084440189795,1.012114065432662
2021-01-13,1.0577129307104214,1.6754398219330677,1.009976294509862
2021-01-14,1.0509964920368602,1.6860788039181869,1.0163896072782614
2021-01-15,1.0713827737418953,1.6533737685217802,0.9966745987001758
2021-01-19,1.0629566945042979,1.6663770188300455,1.004513122287238
2021-01-20,1.0694917370782062,1.6561321567217964,1.010688854613999
2021-01-21,1.0720052887467804,1.6600244483605142,1.0130642059784372
2021-01-22,1.0654701502906796,1.6701442581454367,1.006888383041287
2021-01-25,1.0757754724263533,1.686298042076914,0.9971496689730636
2021-01-26,1.0665501310519427,1.700758936097924,1.0057007526642625
2021-01-27,1.036825769323294,1.653359407132563,0.9776722408366166
2021-01-28,1.024230704051586,1.6734439481099912,0.9895487258276399
2021-01-29,1.002103742940814,1.7095961831625166,0.9681710165996421
2021-02-01,0.9883358456067639,1.7330843149036386,0.9814727124093284
2021-02-02,1.0031656416654597,1.7070797061901228,0.9961995284272882
2021-02-03,1.0057967536463897,1.7115570503901318,0.9988123696229756
2021-02-04,1.0091454084424822,1.7172554320013236,1.0021377709227999
2021-02-05,0.9990993528102045,1.7001601318984942,1.012114065432662
2021-02-08,1.004961235810081,1.690185008056995,1.0180523079281736
2021-02-09,1.0068369918585187,1.6870302846319802,1.0199524984093347
2021-02-10,1.0119953880756494,1.6956735612584843,1.0147269066283493
2021-02-11,1.0207603038518884,1.6809872927996057,1.0235154801507975
2021-02-12,1.0273932033186124,1.6700642389975469,1.0301662827504459
2021-02-16,1.0209971543900667,1.659667233691361,1.036579595518845
2021-02-17,1.0118727668416247,1.6448352167983296,1.0273159517235093
2021-02-18,1.0132765530984174,1.6471171213496667,1.0258907409048463
2021-02-19,1.007645895973453,1.6379642876769456,1.0315914935691088
2021-02-22,1.005789724751575,1.6349470152547594,1.0296912124775581
2021-02-23,1.0069498760188065,1.6368328824543597,1.0308789334649722
2021-02-24,0.9992933909963482,1.6243869933915112,1.038717366441645
2021-02-25,0.9803267424491656,1.6552179560355778,1.0190024484739488
2021-02-26,0.9707290929899194,1.6390129490386343,1.0090261539640868
2021-03-01,0.9524479597000688,1.6698794538148307,1.028028511827646
2021-03-02,0.9513475598394225,1.6679501776800458,1.02921623281506
2021-03-03,0.945638988701569,1.6579416249222199,1.0230404098779098
2021-03-04,0.9555191435517243,1.6406192427209092,1.0123515552639109
2021-03-05,0.9512593834711247,1.6479332190077984,1.0168646775511492
2021-03-08,0.9463709324062073,1.6394646130320278,1.0220902693321343
2021-03-09,0.9597868483430796,1.6162232827282843,1.036579595518845
2021-03-10,0.970563593834282,1.6343706734796655,1.0482185906786192
2021-03-11,0.9800207121537915,1.6502958915027028,1.0584323750197304
2021-03-12,0.9800207121537915,1.6502958915027028,1.0584323750197304
2021-03-15,0.984419385495052,1.6577029926518114,1.0536817629012432
2021-03-16,0.985972790716323,1.660318833544468,1.052019062251331
2021-03-17,0.9959905938070504,1.677188210974438,1.06270791686533
2021-03-18,0.9839692300981775,1.697431463890402,1.0498812913285314
2021-03-19,0.9844144752268571,1.6981995499925346,1.050356361601419
2021-03-22,0.9844144752268571,1.6981995499925346,1.050356361601419
2021-03-23,0.9962132588323026,1.6778456345296302,1.0377672258958694
2021-03-24,0.9987213904345976,1.6736213807140674,1.0351544753105717
2021-03-25,0.9923046681209218,1.6843742931490358,1.04180527791022
2021-03-26,0.9796350788870869,1.662868468279099,1.0551068831095165
2021-03-29,0.9778708090470241,1.659873732024953,1.0532066926283554
2021-03-30,0.9813994328561773,1.665863347336938,1.0570071642010674
2021-03-31,0.9811789306745548,1.6654890588565547,1.0572446540323164
2021-04-01,0.9981528298940022,1.6366769405442625,1.075534451791739
2021-04-05,1.0157881066511432,1.6077602757369365,1.0945369002656877
2021-04-06,1.0054273941700076,1.6241589142388364,1.0833729753788013
2021-04-07,1.0038843200674425,1.6216662453762767,1.0850356760287134
2021-04-08,0.9990494738681412,1.6138560756921183,1.0902613584200882
2021-04-09,1.0007906933342738,1.611043324484061,1.0921615489012493
2021-04-12,1.0044908365934762,1.6169997059103436,1.0881235874972885
2021-04-13,0.9983512120654348,1.6268830922933502,1.094774390096937
2021-04-14,0.9987844401232374,1.627589067699428,1.0942993198240492
2021-04-15,1.0063723071155242,1.639954027412136,1.1026128230736094
2021-04-16,1.0204641546172541,1.6169903767823033,1.1180522898060956
2021-04-19,1.0180793727906647,1.620769215310705,1.1154394486104082
2021-04-20,0.9987844401232373,1.6514864989672213,1.0942993198240492
2021-04-21,0.9844758318652479,1.6278272663963127,1.1099762763877843
2021-04-22,0.9872146059061173,1.6323558194759538,1.1068883649192092
2021-04-23,0.9978070376468002,1.6498703674687232,1.1187648499102323
2021-04-26,0.9992899716253886,1.6523223934976792,1.1204275505601444
2021-04-27,0.9982307446140884,1.6505709654234817,1.11923992018312
2021-04-28,0.9944174627223352,1.6442657174560529,1.1235154620287195
2021-04-29,0.9946276636883161,1.6446132840013872,1.1232779721974704
2021-04-30,0.9773810076321022,1.616095999905878,1.1038005440610235
2021-05-03,0.9651821905294359,1.6362667003484461,1.1175772195332079
2021-05-04,0.9456939050406598,1.6693050561169838,1.0950118799281858
2021-05-05,0.9301032453478074,1.696825130968644,1.1130641878563594
2021-05-06,0.9388365817822975,1.6808925505660186,1.1235154620287195
2021-05-07,0.9529290368412099,1.7061236751167288,1.140380048969479
2021-05-10,0.942210875308589,1.7253134662108764,1.12755351404307
2021-05-11,0.930301697571131,1.7035061773540103,1.1133016776876083
2021-05-12,0.9398289943313629,1.7209519252516152,1.1019002629694727
2021-05-13,0.9294967071766603,1.7020321328442864,1.1140143284021347
2021-05-14,0.9076961756984101,1.6621124593235785,1.14014255913823
2021-05-17,0.9041032376389998,1.6555333117255082,1.1356295274613815
2021-05-18,0.9054269554575831,1.6531094082897544,1.1339668268114693
2021-05-19,0.8930991615336717,1.6306015825659488,1.1185273600789833
2021-05-20,0.8769782670320239,1.6011683939358925,1.138717348319567
2021-05-21,0.8797222820922194,1.5961584292058217,1.1422803300610298
2021-05-24,0.8866737357370335,1.6087710702134077,1.1513064840251164
2021-05-25,0.8877712859345502,1.606779687211176,1.15273160423339
2021-05-26,0.882466297152415,1.6163812009693563,1.1458433118024924
2021-05-27,0.8804540985292337,1.6126955304370971,1.1484560623877904
2021-05-28,0.8851887407980024,1.6040232595738952,1.1546318853249407
2021-06-01,0.8890128268465325,1.610952768147315,1.1596199872746769
2021-06-02,0.8906517307910007,1.6139225755182995,1.1617577581974767
2021-06-03,0.8840961150131282,1.625801805002237,1.1532066745062777
2021-06-04,0.8780867773948496,1.6147509794406743,1.1610451980933398
2021-06-07,0.8743143261814486,1.607813659065797,1.1660333000430763
2021-06-08,0.8732456755378177,1.6058484721185544,1.164608089224413
2021-06-09,0.8714646590731896,1.6025732854801784,1.1622328284703642
2021-06-10,0.8719989504242934,1.603555816483619,1.1629453885745011
2021-06-11,0.8680806326724039,1.5963502559507579,1.168171070965876
2021-06-14,0.865962520674353,1.5924551700532512,1.1710214019928125
2021-06-15,0.8668407654213468,1.5908401285768219,1.1722090323698369
2021-06-16,0.8582338730927169,1.575044621206943,1.1605701278204523
2021-06-17,0.863679097733325,1.5650514572800205,1.1532066745062777
2021-06-18,0.8821801701633907,1.5985767914509048,1.1285035639784557
2021-06-21,0.8803232970991262,1.6019415850447734,1.1308789153428942
2021-06-22,0.8799534825917477,1.6012686263259996,1.131353985615782
2021-06-23,0.8886366486993575,1.5854676985038367,1.1201900607288953
2021-06-24,0.8993771622745723,1.604630465832608,1.1337292463698307
2021-06-25,0.8990002933217083,1.603958072282095,1.133254176096943
2021-06-28,0.9055953202958215,1.5921915057630096,1.1249406728473825
2021-06-29,0.9057865763694393,1.591855244864775,1.124703092405744
2021-06-30,0.8958392480859094,1.5743735255352644,1.1123516277522227
2021-07-01,0.893543716403067,1.5784077585923855,1.115201958779159
2021-07-02,0.8925921401863597,1.5767268388390814,1.1163895891561835
2021-07-06,0.9039869044868767,1.5565984622984594,1.1021378434111115
2021-07-07,0.8979473845692889,1.566998068056105,1.1095012061148966
2021-07-08,0.9139031662561611,1.5948423265364018,1.0897862881472005
2021-07-09,0.8937845820697261,1.6299510457040505,1.113776747960496
2021-07-12,0.8985499083317428,1.621260754240409,1.1197149904560078
2021-07-13,0.8907347761705598,1.6071598490545727,1.1099762763877843
2021-07-14,0.8956907562023976,1.6161019632876434,1.1161520993249345
2021-07-15,0.8853976340252959,1.6346739255900151,1.103325473788136
2021-07-16,0.8930221851297656,1.620597024539194,1.0938242495511614
2021-07-19,0.9147417054352036,1.5811818895430836,1.0672209485421784
2021-07-20,0.9065979690569733,1.5952587905939049,1.076722172779153
2021-07-21,0.8891980301011333,1.564641685192738,1.0973872312926243
2021-07-22,0.8917001229965913,1.569044392702125,1.1004751427611994
2021-07-23,0.9009385351255446,1.5853003944392254,1.111876557479335
2021-07-26,0.9028631767864366,1.5819137758573696,1.1142518182333838
2021-07-27,0.8992063282625925,1.5883209693334426,1.1097387865565351
2021-07-28,0.8938172728757964,1.578801964176655,1.1163895891561835
2021-07-29,0.9006635444455423,1.5667089924590414,1.1249406728473825
2021-07-30,0.8943877713247482,1.555792251969635,1.1171021492603201
2021-08-02,0.892105632437779,1.5597620446167397,1.1199525708976463
2021-08-03,0.8977817936349711,1.5498378153858205,1.1270784437701824
2021-08-04,0.8981602140049579,1.5491845495213579,1.12755351404307
2021-08-05,0.9023226937222028,1.5563641697774118,1.1327791058240553
2021-08-06,0.9008090844185607,1.553753432727773,1.1308789153428942
2021-08-09,0.902511939995349,1.556690589716573,1.1287411444200943
2021-08-10,0.9038413920106334,1.558983684522259,1.1304038450700065
2021-08-11,0.8981437301666001,1.5491561175029913,1.1375297179425425
2021-08-12,0.9007693216396097,1.5536848482126318,1.1408551192423666
2021-08-13,0.906208087714845,1.5630658609104051,1.1477435022836537
2021-08-16,0.9009569047688258,1.5721233223296862,1.1410926996840054
2021-08-17,0.9101465464663613,1.5881587730377928,1.1294537045242312
2021-08-18,0.9153145798653274,1.5791408213532137,1.1230403917558318
2021-08-19,0.9249943028295561,1.562440939139546,1.1111639067648087
2021-08-20,0.919853206185425,1.5711249492402475,1.117339729701959
2021-08-23,0.909684752125427,1.5537570564488343,1.1296912849658698
2021-08-24,0.9093022014328747,1.5531036533477998,1.129216214692982
2021-08-25,0.9102585416822135,1.5547370987884368,1.1304038450700065
2021-08-26,0.9146577652004388,1.562251047514485,1.1249406728473825
2021-08-27,0.904808231437393,1.5790742190047262,1.1370546476696548
2021-08-30,0.9063203750948714,1.5764352210579873,1.1389549287612055
2021-08-31,0.9061313210861975,1.5761063843616652,1.138717348319567
2021-09-01,0.9148260029107418,1.5609830316921751,1.1496437833752045
2021-09-02,0.91822825403709,1.5551777132372042,1.153919325220804
2021-09-03,0.9123688055188286,1.5651016985942183,1.1465558719066293
2021-09-07,0.9112346977757199,1.5631562200285423,1.1479810827252923
2021-09-08,0.9010532876284727,1.5806216816041156,1.1351544571884937
2021-09-09,0.9033158711660481,1.576652672617594,1.1323040355511675
2021-09-10,0.9063477655881806,1.5713607868040753,1.1285035639784557
2021-09-13,0.9147416877879452,1.5859135674176343,1.1389549287612055
2021-09-14,0.9118801101702179,1.5809523692687373,1.1353919470197427
2021-09-15,0.9103539888075873,1.5783064894462329,1.1334917565385816
2021-09-16,0.9097817023932185,1.5792986786086083,1.1342043166427183
2021-09-17,0.9250241038132441,1.6057581076762024,1.115201958779159
2021-09-20,0.9470906850997837,1.567452520109902,1.088598657770176
2021-09-21,0.9346915373098938,1.587973337974804,1.1028504035152482
2021-09-22,0.9463675923170564,1.5681365647678225,1.1166270789874326
2021-09-23,0.9598555350259809,1.5904861637154923,1.1325416159928063
2021-09-24,0.949991214131727,1.574140927037417,1.1209026208330322
2021-09-27,0.9495885809529384,1.5734737615353722,1.1213776911059197
2021-09-28,0.97392667321858,1.6138021209469644,1.092636619174137
2021-09-29,0.9792197529643333,1.6050314572461657,1.0866983766786253
2021-09-30,0.9890654401744126,1.5888934681558258,1.0757720322333775
2021-10-01,0.9838242481238126,1.5973132303639563,1.0814726942872506
2021-10-04,0.9924675043945215,1.6113462119874098,1.0719715606606657
2021-10-05,1.001923771171971,1.626699177786206,1.0821853450017769
2021-10-06,0.9948865610897054,1.6152737338711065,1.074584401856353
2021-10-07,0.9836710337367699,1.6334829925476604,1.0866983766786253
2021-10-08,0.9810909359580946,1.6291984851300068,1.083848045651689
2021-10-11,0.9748556244747855,1.6188441340188118,1.0769596626104019
2021-10-12,0.9755006284144969,1.6177730412149072,1.0762471025062652
2021-10-13,0.9608605775445792,1.5934939388448122,1.092399129342888
2021-10-14,0.9759033498454402,1.568546962098092,1.1095012061148966
2021-10-15,0.983424775845752,1.5806359767585123,1.1180522898060956
2021-10-18,0.9771569474120798,1.590710112942332,1.1109264169335595
2021-10-19,0.973187341334032,1.5842480061646322,1.1154394486104082
2021-10-20,0.9769176228895793,1.5781754948753797,1.1197149904560078
2021-10-21,0.9740163103585618,1.5734885282037343,1.1163895891561835
2021-10-22,0.966555747247467,1.5614362552136378,1.1249406728473825
2021-10-25,0.962269940250045,1.568359823199944,1.1199525708976463
2021-10-26,0.9681884022618709,1.5780060541027516,1.1268408633285436
2021-10-27,0.965943511348689,1.5816648992650417,1.1242281127432459
2021-10-28,0.9777805132253289,1.6010471614375728,1.1380047882154303
2021-10-29,0.9745151253435329,1.6063940055691832,1.1342043166427183
2021-11-01,0.9649230143800749,1.5905823376414827,1.145368241529605
2021-11-02,0.9657233902017756,1.589262995448893,1.1463182914649905
2021-11-03,0.9753286634153743,1.605070115204333,1.1577197967935158
2021-11-04,0.9735276842297395,1.6080339344556251,1.155582025870716
2021-11-05,0.9805314497653643,1.5964653957969979,1.1638955291202764
2021-11-08,0.9797309976083446,1.5977686626835204,1.1629453885745011
2021-11-09,0.9795309227367492,1.5974423758141596,1.162707898743252
2021-11-10,0.9655233153301802,1.620286315842621,1.1460808016337416
2021-11-11,0.9625216579090158,1.6253235266143744,1.1496437833752045
2021-11-12,0.9651068886515516,1.62968897264153,1.15273160423339
2021-11-15,0.9601351860298359,1.638084238526725,1.1467933617378783
2021-11-16,0.9601351860298359,1.638084238526725,1.1467933617378783
2021-11-17,0.9603340966175151,1.6384235993826692,1.1470309421795168
2021-11-18,0.9577488658749793,1.6428342550839914,1.1501187630377023
2021-11-19,0.973177262704919,1.6692987070049012,1.1315914754470309
2021-11-22,0.9840039370936922,1.6507276262255282,1.1190024303518709
2021-11-23,0.9865103989890823,1.6465228809609693,1.1161520993249345
2021-11-24,0.9951179558864751,1.632156545446155,1.106413385256711
2021-11-26,1.0292998138614375,1.5760926960307893,1.0684085789192028
2021-11-29,1.025867253962874,1.5813487278613192,1.0719715606606657
2021-11-30,1.0340505650381144,1.5687343584012008,1.0634204769694666
2021-12-01,1.03335768466364,1.5697855113007302,1.0641330370736033
2021-12-02,1.044198742286094,1.5862542862810451,1.07529696196049
2021-12-03,1.0335883941393729,1.5701359847115348,1.064370617515242
2021-12-06,1.0199794387373142,1.5908095049564084,1.078384873429065
2021-12-07,1.0496352207331094,1.5445569060469357,1.1097387865565351
2021-12-08,1.048736539896165,1.543234481202936,1.1087886460107599
2021-12-09,1.0332346811220199,1.5204232201541241,1.092399129342888
2021-12-10,1.0285167352824438,1.5134806788931867,1.0973872312926243
2021-12-13,1.0385347722506242,1.5282223985674077,1.0866983766786253
2021-12-14,1.0324057041869923,1.519203365842208,1.0802850639102262
2021-12-15,1.0171965160451406,1.5415839568473921,1.0961996009155999
2021-12-16,1.0143311502987318,1.5459264824021766,1.0931116894470247
2021-12-17,0.9962574600461855,1.5183806494777745,1.0736342613105778
2021-12-20,1.0077188389517198,1.500912538427756,1.061282706046667
2021-12-21,0.9928331121075014,1.4787414990460377,1.0769596626104019
2021-12-22,1.0061906066448774,1.4588466332777414,1.0914489887971126
2021-12-23,1.0138547017733526,1.469958582943599,1.099762492046673
2021-12-27,1.0232706378068348,1.4836104760251771,1.1099762763877843
2021-12-28,1.0221757790073913,1.4851978801044183,1.1087886460107599
2021-12-29,1.0215188804341997,1.486152338611834,1.108076085906623
2021-12-30,1.0232707213392067,1.4887009967988911,1.1061758048150723
2021-12-31,1.0252482717292164,1.4915780274569896,1.1083135757378721
2022-01-03,1.0342570937682893,1.5046844733562719,1.1180522898060956
2022-01-04,1.0379925039802498,1.5101189187967907,1.122090341820446
2022-01-05,1.0329386989018265,1.5174714253241246,1.1166270789874326
2022-01-06,1.0285442169856893,1.5239272786520437,1.111876557479335
2022-01-07,1.0261272854595618,1.5203462679162154,1.1144893080646328
2022-01-10,1.036405997761751,1.5355755694941566,1.103325473788136
2022-01-11,1.0265886197587788,1.5501213419524504,1.113776747960496
2022-01-12,1.0158607427418351,1.5339225347596404,1.1254157431202703
2022-01-13,1.0074988799156281,1.5212963456748363,1.1161520993249345
2022-01-14,1.007713251002794,1.5216200402793914,1.1163895891561835
2022-01-18,1.0231505865525967,1.5449300038208278,1.0992874217737854
2022-01-19,1.021824086079478,1.5429270236066361,1.1007126325924483
2022-01-20,1.017193483536055,1.53593493769169,1.0957245306427121
2022-01-21,1.0044041041879674,1.516623317149418,1.0819477645601383
2022-01-24,1.0174139523692305,1.496978794569306,1.0679335086463153
2022-01-25,1.0287286095432406,1.4803308983832237,1.056057023655292
2022-01-26,1.0241009327325556,1.4869900822603304,1.0608076357737792
2022-01-27,1.0204319673601496,1.4816627605613186,1.0570071642010674
2022-01-28,1.0160750983163658,1.4879889153872174,1.061520195877916
2022-01-31,1.0015239383530332,1.509298329196632,1.076722172779153
2022-02-01,1.0132337650312235,1.4916515998836626,1.089311217874313
2022-02-02,1.0163269204343557,1.4962052481778731,1.092636619174137
2022-02-03,0.9999772763693032,1.4721358048086894,1.0750593815188512
2022-02-04,1.0015238540708693,1.4744126289557946,1.0733966808689392
2022-02-07,1.000858921243202,1.4734337352883748,1.0741093315834656
2022-02-08,1.0063921968636422,1.4815796535519383,1.080047574078977
2022-02-09,0.9891284039458157,1.506994878759265,1.0985748616696487
2022-02-10,0.9780073829114616,1.490051353855431,1.0862233064057378
2022-02-11,1.004526671730631,1.4496476688743907,1.0567696743698183
2022-02-14,1.0153645264478495,1.4652879413216593,1.045368169041293
2022-02-15,0.9872176050897785,1.5059071902485408,1.0743468214147145
2022-02-16,0.9911464017289455,1.4999141821443065,1.078622363260314
2022-02-17,0.9721572734809137,1.4711776980930138,1.0579573047468427
2022-02-18,0.976522612331312,1.4645715764946745,1.0532066926283554
2022-02-22,1.0000877655470921,1.4292289708450427,1.027791021996397
2022-02-23,1.0097951572943247,1.4153561028884016,1.0178147274865348
2022-02-24,0.9911782313876282,1.3892621178769604,0.9990499500646143
2022-02-25,0.9645489246223903,1.4265864718051913,1.0258907409048463
2022-02-28,0.9321665897855503,1.3786923737201333,0.9914490069191906
2022-03-01,0.9705788468017488,1.3218799043762217,0.950593869554746
2022-03-02,0.9509344142729104,1.3486346401489149,0.9698338078599439
2022-03-03,0.9239178246693455,1.3869501202190242,0.9422802756947959
2022-03-04,0.9721283037060034,1.314578392008629,0.8931116350807909
2022-03-07,1.0083245126260652,1.2656314022568178,0.8598575314721597
2022-03-08,0.978799056849056,1.3026912411572986,0.8850356216624795
2022-03-09,1.0473622949292678,1.3939425854321923,0.9470308878132832
2022-03-10,1.016101704860983,1.3523376241376257,0.9187648861543881
2022-03-11,1.0247706660940843,1.340800036530372,0.9109263625673257
2022-03-14,1.046682313210029,1.3694690238711962,0.9304037907037727
2022-03-15,1.0568365234625194,1.3827546944391966,0.9394299446678595
2022-03-16,1.1073402003988932,1.4488332172947593,0.984323043436265
2022-03-17,1.1086763584874306,1.4505814336256868,0.9855107644236789
2022-03-18,1.1124173564924138,1.4554761192638497,0.9888361657235031
2022-03-21,1.1303208351463983,1.4789008577224338,0.9729216287181294
2022-03-22,1.1137633375061209,1.5005645276297235,0.987173465073591
2022-03-23,1.0880362923265174,1.4659026833247362,0.9643705450269303
2022-03-24,1.078388663162889,1.4789008577224343,0.9729216287181294
2022-03-25,1.0773355251066146,1.4774565855152728,0.9738717692639047
2022-03-28,1.0857439894787464,1.4889879429904171,0.9814727124093284
2022-03-29,1.1214800131787077,1.5379962809920928,1.013776766082574
2022-03-30,1.109918399726227,1.5221406988299253,1.0033254919102137
2022-03-31,1.0812770366346522,1.4828619694725198,0.9774347510053676
2022-04-01,1.0686643400764544,1.4655649332598033,0.9888361657235031
2022-04-04,1.0704612695925617,1.463100626379162,0.9904988663734152
2022-04-05,1.0930513665561723,1.4322246050262315,0.9695962274183052
2022-04-06,1.1150087843343235,1.4034538125759277,0.9501187992818583
2022-04-07,1.1141725617734406,1.4045063601053482,0.9508313593859951
2022-04-08,1.1138941679166596,1.4041554216996845,0.9510689398276336
2022-04-11,1.1214054548387624,1.394686825347,0.9446556270592343
2022-04-12,1.1140741043111648,1.3855688582917112,0.9384798041220841
2022-04-13,1.1011032782001962,1.4017006152871647,0.9494062391777216
2022-04-14,1.1074393613176965,1.4097664268964334,0.9439430669550977
2022-04-18,1.1060459203170985,1.407992581384778,0.9427553459676836
2022-04-19,1.098243054671318,1.4179256020134798,0.9494062391777216
2022-04-20,1.0823066330117224,1.3973503202673223,0.9631829146499059
2022-04-21,1.0721641500447494,1.384255508325934,0.9541567606858191
2022-04-22,1.0553491014878493,1.362545844197838,0.9391924548366104
2022-04-25,1.0657584463516898,1.3759851976450075,0.9299288110412747
2022-04-26,1.10250879848006,1.4234330416756915,0.8978622471992782
2022-04-27,1.1022170671726457,1.4238096917149812,0.8980998276409168
2022-04-28,1.0809365084512306,1.4512992549372086,0.915439484854564
2022-04-29,1.0646691203022338,1.4294581494552223,0.90166271877199
2022-05-02,1.0643886960543942,1.4290816430658333,0.901425228940741
2022-05-03,1.0559745777320562,1.4403787021962158,0.908551101813277
2022-05-04,1.078888586439633,1.4716340475618377,0.9282661103913625
2022-05-05,1.0418949630333614,1.421173716039556,0.8964371269910048
2022-05-06,1.0570789954603235,1.4004622733756376,0.8833729210125675
2022-05-09,1.0863554169486147,1.361675651023028,0.8589073909263844
2022-05-10,1.0746386594447688,1.376361842257515,0.8681710347217201
2022-05-11,1.0731685879205668,1.374479023010768,0.8669834043446957
2022-05-12,1.0711104653548305,1.3718430473353422,0.8653207036947836
2022-05-13,1.0381803921437807,1.4140188017920567,0.8919240047037665
2022-05-16,1.0370744489477206,1.4155251146494146,0.8909738641579912
2022-05-17,1.0669342824300534,1.4562814405394013,0.9166271152315884
2022-05-18,1.0301624621751673,1.4060907959478004,0.8850356216624795
2022-05-19,1.0193796742164039,1.4208084540455928,0.894299356068205
2022-05-20,1.0177552309427154,1.418544309689224,0.8957244762764784
2022-05-23,1.0439345955770127,1.4550330327182999,0.9187648861543881
2022-05-24,1.0385367746378449,1.4475095654393497,0.914014274035901
2022-05-25,1.0412357365848643,1.4512713708279261,0.9163896254003393
2022-05-26,1.0215337776685425,1.423810837233231,0.9337292826139865
2022-05-27,1.0410237371314277,1.450975886600298,0.9515440101005214
2022-05-31,1.035566473142214,1.4433695677693938,0.9465558175403954
2022-06-01,1.0184153127801174,1.4194643298531182,0.9308788609766604
2022-06-02,0.9906096452102192,1.4582197892299804,0.9562945316086189
2022-06-03,0.9765846273512953,1.4788652156954645,0.9427553459676836
2022-06-06,0.9687109364081029,1.4907885322508407,0.9503562891131073
2022-06-07,0.9696794274344276,1.4922789823545488,0.9513064296588827
2022-06-08,0.9837221778745857,1.5138899403097388,0.9375297541866984
2022-06-09,1.0126331872725756,1.4693976158748234,0.90997631263194
2022-06-10,1.0454096635679955,1.4218367846374174,0.880522589985631
2022-06-13,1.0837629894979766,1.3696733395107323,0.8482185363123855
2022-06-14,1.0937781013967454,1.357016114736601,0.8403801033357128
2022-06-15,1.066881952408449,1.390385321484173,0.8610451618491841
2022-06-16,1.0365678252737023,1.3508792474460767,0.8365796317630009
2022-06-17,1.0312701955628043,1.3577832414372237,0.8408551736086004
2022-06-21,1.0379706361464467,1.3489613575372912,0.8353919107755868
2022-06-22,1.043873137437379,1.341290383159979,0.8306413892674893
2022-06-23,1.0480521936858849,1.3359206425700774,0.8273159879676651
2022-06-24,1.0128463629908575,1.380796457198075,0.8551069193536724
2022-06-27,1.004124591783636,1.368906212810109,0.8477434660394978
2022-06-28,0.9948402225985855,1.3562489880359778,0.839905033062825
2022-06-29,0.9863998577053409,1.344742380155552,0.8327791601902891
2022-06-30,0.9939962183067799,1.3343863891688317,0.8263658474218898
2022-07-01,0.9954247624645418,1.3324686455745036,0.8251782170448654
2022-07-05,1.0300956545282633,1.286058431230803,0.796437054502693
2022-07-06,1.0294812082001694,1.2868255579314256,0.7969121247755807
2022-07-07,1.013831800530102,1.3063869230111613,0.8090261902082426
2022-07-08,1.013831800530102,1.3063869230111613,0.8090261902082426
2022-07-11,0.9935908755165758,1.2803052004478188,0.7928741633716199
2022-07-12,0.9959722142468637,1.2772366936453279,0.7909738822800692
2022-07-13,0.9935794333866568,1.2803052004478188,0.7928741633716199
2022-07-14,1.0093553369272101,1.2599767086674605,0.7802850276660702
2022-07-15,0.9866179038011789,1.288359811332671,0.7978622653213561
2022-07-18,0.9924924001570462,1.2960309320244408,0.8026128774398433
2022-07-19,1.0333199761579412,1.349344994044831,0.8356294912172255
2022-07-20,1.0212773090494276,1.333619262468209,0.825890777149002
2022-07-21,1.0339074369981978,1.3501121207454538,0.8361045614901133
2022-07-22,1.0400756077508442,1.3581667316303063,0.8311164595403769
2022-07-25,1.0495875786313489,1.3705877924703682,0.8387174026858006
2022-07-26,1.0249158262032894,1.338370564117834,0.8190023941077151
2022-07-27,0.9940018641458307,1.3787390858833979,0.843705504635537
2022-07-28,1.0029568272393588,1.366318025043336,0.8513064477809607
2022-07-29,1.0211466560708515,1.391097846397491,0.8667459145134466
2022-08-01,1.0197473563518287,1.3930040983682779,0.8655581935260326
2022-08-02,1.0012777316274797,1.4182341347847347,0.8498812369622976
2022-08-03,0.9830879027959868,1.443998650802467,0.8653207036947836
2022-08-04,0.9930725712268479,1.4293327722967222,0.8741092772172318
2022-08-05,0.9844371656203482,1.4169038032635766,0.866508334071808
2022-08-08,0.9817385370294703,1.4207879486895583,0.8688836854362464
2022-08-09,0.9739554571963436,1.409524149201708,0.8619953023949595
2022-08-10,0.995694270164258,1.440984912244671,0.8812351500897677
2022-08-11,0.9940840483914104,1.443315251335262,0.8798100298814943
2022-08-12,1.0040141247147703,1.4577327753138638,0.8885986034039424
2022-08-15,1.0131390901517063,1.4709813550535231,0.880522589985631
2022-08-16,1.007399724542674,1.4626483434435793,0.8855106919353672
2022-08-17,1.0192895987341921,1.4799113070580185,0.8750594177630071
2022-08-18,1.0245464831852267,1.4722788120844166,0.8705463860861585
2022-08-19,1.0443945307462128,1.4437570608853538,0.8536817085350094
2022-08-22,1.0763598182837446,1.3995686740000184,0.8275534777989142
2022-08-23,1.0732704285316714,1.4035857443563537,0.8299287385529629
2022-08-24,1.0705058462153436,1.3999703197390874,0.8320665094757628
2022-08-25,1.0576707164814212,1.3831849834039158,0.8420428039856248
2022-08-26,1.0955618946248897,1.432737748546061,0.8118765212351791
2022-08-29,1.091715602758452,1.4377677952974204,0.8147268522621156
2022-08-30,1.097126379948133,1.444893681536654,0.8106888908581547
2022-08-31,1.0878041518591512,1.4326164920443643,0.8038005078168677
2022-09-01,1.104198309338568,1.411025711812422,0.7916865329945955
2022-09-02,1.113143224808255,1.3995952417501405,0.7852732202261962
2022-09-06,1.113143224808255,1.3995952417501405,0.7852732202261962
2022-09-07,1.1390694425050076,1.4321932130769695,0.8035630179856187
2022-09-08,1.1458035467087175,1.440660245881832,0.7988124058671314
2022-09-09,1.1130955383563546,1.4817852079144371,0.8216152353034025
2022-09-12,1.1398046185753945,1.517341113604271,0.8413301532710985
2022-09-13,1.0963620839785957,1.4595091459594245,0.8092636800394917
2022-09-14,1.0886389039750985,1.4492278237432368,0.8149644327037542
2022-09-15,1.1003789030536295,1.4648564525320866,0.8061757685709164
2022-09-16,1.1052420239602025,1.4713303807577809,0.8026128774398433
2022-09-19,1.1068774562321169,1.46915324567318,0.8014252470628189
2022-09-20,1.1298417426962,1.4386728561744877,0.7847981499533084
2022-09-21,1.1465979271690283,1.4173365336939752,0.7731591547935343
2022-09-22,1.150824978775374,1.412111376269981,0.7703088237665978
2022-09-23,1.1951830179345542,1.357682168631159,0.7406176112890397
2022-09-26,1.2112823429443238,1.3393939515424198,0.7306413620843724
2022-09-27,1.2203393774801867,1.3293789972694476,0.7251781898617485
2022-09-28,1.1891614147106406,1.3633427696825493,0.74370547745242
2022-09-29,1.2051131200259846,1.3816309867712888,0.7337292282477528
2022-09-30,1.2101847839083961,1.3758164554563548,0.7306413620843724
2022-10-03,1.1814645520585598,1.4084674754567164,0.7479810192980195
2022-10-04,1.2501238107388848,1.4903187104952211,0.7914489525529568
2022-10-05,1.2328652328972205,1.5108932977905132,0.7805226081077089
2022-10-06,1.2051013155289445,1.5449183603462637,0.7629453704524232
2022-10-07,1.233240285583553,1.5809920173229945,0.7451306882710831
2022-10-10,1.2387441183815042,1.573936201988415,0.7418052416660641
2022-10-11,1.2518336307269773,1.5573047951940626,0.7339667633841965
2022-10-12,1.2522387641568735,1.556800801518238,0.7337292282477528
2022-10-13,1.214132414842099,1.604175149649137,0.756057032716331
2022-10-14,1.1939159204943997,1.6308862377060518,0.7434679423159762
2022-10-17,1.23473028796129,1.6866385641972383,0.7688836129479347
2022-10-18,1.251895242855982,1.6631912776437547,0.7795724675619335
2022-10-19,1.2385448032205986,1.680927853352457,0.7712589643123732
2022-10-20,1.237019142625754,1.6788572577777405,0.7722090142477589
2022-10-21,1.2621324150813262,1.6447740344259232,0.7878859708114939
2022-10-24,1.252239224178648,1.6576665513440434,0.7940617937486443
2022-10-25,1.2844535971151947,1.700310710270196,0.8144893624308666
2022-10-26,1.2968148431879305,1.6839473639126763,0.8223277954075393
2022-10-27,1.2844535971151947,1.6999987592588994,0.8144893624308666
2022-10-28,1.3035573930068827,1.6747145221436428,0.8266033372531388
2022-10-31,1.3234103769776784,1.7002201736340494,0.8140142921579788
2022-11-01,1.3118252559357158,1.71510388382115,0.8211401650305149
2022-11-02,1.2807087873494853,1.674421654323308,0.801662736894068
2022-11-03,1.2920928365080508,1.6595379441362073,0.7945368640215319
2022-11-04,1.2225632082007567,1.5702354937569596,0.8372921918671377
2022-11-07,1.2343553125223623,1.5550899531193345,0.845368205285449
2022-11-08,1.2458005163118038,1.5695090764007773,0.8532066382621217
2022-11-09,1.2312338692518257,1.5878607181556281,0.8432304343626492
2022-11-10,1.154585257313283,1.4890108383417116,0.8957244762764784
2022-11-11,1.18305952588188,1.5257326778454954,0.9178147456086128
2022-11-14,1.1729558172136452,1.5127024303006262,0.90997631263194
2022-11-15,1.1806101879730222,1.5225738892935463,0.9159145551274517
2022-11-16,1.184284253234523,1.5178356311523675,0.9187648861543881
2022-11-17,1.1858151040271125,1.5197976431208828,0.9199525165314125
2022-11-18,1.1799978242967002,1.5123419377637572,0.9244655482082611
2022-11-21,1.169083244245029,1.4983532872719139,0.9159145551274517
2022-11-22,1.1545303551867192,1.5170049694914323,0.9273159698455872
2022-11-23,1.143588372906239,1.5026276589070857,0.9361045433680353
2022-11-25,1.1473607076065078,1.4976709676765922,0.9391924548366104
2022-11-28,1.1296598801981168,1.5207761822247734,0.9247031286498998
2022-11-29,1.1232759461967117,1.512181971747431,0.9299288110412747
2022-11-30,1.0974535773282412,1.4774192575604799,0.9513064296588827
2022-12-01,1.10293401570371,1.4700413553302072,0.9560570417773699
2022-12-02,1.1040301242849373,1.4715022994314808,0.9570071823231453
2022-12-05,1.1188272765395024,1.4912246268287819,0.9441805567863467
2022-12-06,1.1146052438684113,1.4968519468150088,0.9406175750448839
2022-12-07,1.112072045739907,1.500253888956569,0.9427553459676836
2022-12-08,1.1078691606424,1.4945839373230154,0.9463183277091465
2022-12-09,1.1120403971869297,1.500211193103485,0.9427553459676836
2022-12-12,1.1069971213545455,1.5070148837542836,0.9470308878132832
2022-12-13,1.087006168255906,1.534229646357478,0.9641330551956813
2022-12-14,1.0843281944254752,1.5304498823020372,0.9617577944416325
2022-12-15,1.0476393195680245,1.5822335438318664,0.9292161603267484
2022-12-16,1.0572801888106202,1.5967940003004357,0.9206650766355492
2022-12-19,1.0638267573789535,1.606681182074105,0.9149644145816763
2022-12-20,1.0610650478461685,1.6108521494857657,0.9173396753357251
2022-12-21,1.0434813864846921,1.6375467227896925,0.9325415616265724
2022-12-22,1.0317867762789188,1.619194243421295,0.9220902874542123
2022-12-23,1.0307236022447968,1.6208626940308424,0.9230404279999876
2022-12-27,1.0283364360064806,1.6171087597154645,0.9251781989227874
2022-12-28,1.015927723021899,1.597595458657993,0.914014274035901
2022-12-29,0.9953346254845367,1.6299791000921802,0.9325415616265724
2022-12-30,0.9811373513101909,1.6532288289672274,0.9192399564272759
2023-01-03,0.9666864991189162,1.677578697427394,0.9327791420682111
2023-01-04,0.9932721749355186,1.7237152302612475,0.9584323025314186
2023-01-05,0.98219486478936,1.7044917699740403,0.9477435385278095
2023-01-06,1.011734483717994,1.6532289919276246,0.9762470300179535
2023-01-09,1.022811887768311,1.6351279132098362,0.9869358846319524
2023-01-10,1.0314276882092945,1.6489016442000348,0.9952494784919024
2023-01-11,1.04324355456158,1.6300120975273478,1.006650893210038
2023-01-12,1.057767241226627,1.60731961612048,1.020665149123861
2023-01-13,1.0646598064560873,1.596846087666475,1.0273159517235093
2023-01-17,1.0624443256460239,1.600169010014437,1.0251781808007094
2023-01-18,1.0557978832158337,1.5901586678751738,1.0187648680323103
2023-01-19,1.0481668556844053,1.5786654220875096,1.0114015053285252
2023-01-20,1.0378280078402151,1.5942369711279434,1.0213777092279976
2023-01-23,1.0308286805743179,1.6049888358068887,1.0282660922692846
2023-01-24,1.031304934791259,1.6057303583465707,1.0287411625421723
2023-01-25,1.0253518933338,1.5964615387469896,1.034679405037684
2023-01-26,1.0222919088131834,1.5916971767478696,1.0377672258958694
2023-01-27,1.0166762557581144,1.5829536671531141,1.0320665638419966
2023-01-30,1.0262697448814537,1.5680167108677927,1.0223278497737731
2023-01-31,1.014109060954957,1.5865967729883326,1.0344418245960454
2023-02-01,0.9996717120313849,1.5640092110637052,1.049168640614005
2023-02-02,1.0041982031652656,1.571091009760201,1.0539192527324923
2023-02-03,0.9919767893401159,1.5519703288759596,1.0410927178060831
2023-02-06,1.0041982895009032,1.5328495129176427,1.0282660922692846
2023-02-07,0.9967752555580226,1.5215186890328791,1.0358670354147084
2023-02-08,1.0040893526257304,1.5326832271971895,1.0282660922692846
2023-02-09,1.0003782382849908,1.5383480245475332,1.0320665638419966
2023-02-10,0.9913990231987277,1.5245400894472845,1.0228029200466606
2023-02-13,0.976433693997726,1.547553269594558,1.0382422961687572
2023-02-14,0.9804547044435016,1.5411803556929937,1.0425178380143567
2023-02-15,0.9840289264823938,1.546798688460699,1.0463183095870685
2023-02-16,0.9891668653372904,1.554875033442299,1.0408551373644446
2023-02-17,0.9866837763440357,1.558778210162751,1.043467978560132
2023-02-21,1.0021813963291009,1.5342948316768767,1.0270784618922602
2023-02-22,1.0063532961944648,1.5279078398357318,1.0228029200466606
2023-02-23,0.9958364383751832,1.5438751840808218,1.03349168405027
2023-02-24,0.9711179502218668,1.5055533683917244,1.0078385235870624
2023-02-27,0.9544100630189302,1.531456108477358,1.0251781808007094
2023-02-28,0.947554909375171,1.520456259115881,1.0178147274865348
2023-03-01,0.9530832345975595,1.529327066077719,1.0237529699820465
2023-03-02,0.9572848157541257,1.5360689659976898,1.0282660922692846
2023-03-03,0.9420266685083309,1.5115855875118158,1.0446556089371564
2023-03-06,0.9424550669801787,1.5122730000632911,1.045130679210044
2023-03-07,0.9240343412339996,1.48271491590255,1.024703110527822
2023-03-08,0.9188936412804819,1.4909637354097138,1.0304038631920844
2023-03-09,0.9292730653347346,1.50780501514451,1.0187648680323103
2023-03-10,0.9232064920628779,1.4979616117948689,1.012114065432662
2023-03-13,0.9117233118980457,1.4793294171383875,0.9995250203375019
2023-03-14,0.8928735430527324,1.5099143733364242,1.0201900788509732
2023-03-15,0.8604431838304955,1.4550722673034682,0.9831354130592406
2023-03-16,0.8440201127261417,1.4828448800185985,1.0019002810915507
2023-03-17,0.8564262664623535,1.504641044909795,0.987173465073591
2023-03-20,0.8422074760819399,1.5296218009341425,1.0035629817414629
2023-03-21,0.8597493335618628,1.5614814179432404,1.0244656206965728
2023-03-22,0.8583539663120542,1.5589471443512435,1.0228029200466606
2023-03-23,0.8605466319604591,1.5629294756332721,1.0254156706319586
2023-03-24,0.8523737340508039,1.5777731372896324,1.0156769565637351
2023-03-27,0.8453968217599491,1.5906876422233103,1.023990550423685
2023-03-28,0.8473578143604111,1.5943774203437822,1.0263658111777338
2023-03-29,0.8622616274293845,1.6224202407810158,1.0444181191059074
2023-03-30,0.877361509835575,1.6508319827278914,1.06270791686533
2023-03-31,0.880499142880558,1.6567357121742543,1.0665083884380417
2023-04-03,0.885205555044496,1.6478801883827163,1.0722090504919148
2023-04-04,0.887754905270755,1.6431343712025588,1.07529696196049
2023-04-05,0.8816757085180063,1.6543862798931652,1.0679335086463153
2023-04-06,0.8769692215469955,1.66321758532226,1.0736342613105778
2023-04-10,0.8767752343765586,1.6635854920460882,1.0738717511418268
2023-04-11,0.8748358507890233,1.66726526112856,1.0762471025062652
2023-04-12,0.8825589213555478,1.6819839163519343,1.08574823613285
2023-04-13,0.8949158931846767,1.7055338770044035,1.1009501224236975
2023-04-14,0.8933713085327165,1.7084775519015434,1.0990499319425364
2023-04-17,0.8862274480040068,1.7221394248883328,1.0902613584200882
2023-04-18,0.8788905420138127,1.7078821649818945,1.0992874217737854
2023-04-19,0.8777511451213574,1.7100962696268274,1.097862301565512
2023-04-20,0.8796502606818684,1.706396279653962,1.0954869502010736
2023-04-21,0.8722117725484083,1.7208258876976716,1.1047505939964093
2023-04-24,0.8748372820610218,1.726005873659683,1.108076085906623
2023-04-25,0.8592720832992866,1.695296592015738,1.0883610773285375
2023-04-26,0.8572092187368572,1.699366510415797,1.0909739185242249
2023-04-27,0.8678473417465244,1.6782770615611156,1.1045131041651604
2023-04-28,0.8644879269860865,1.684773628942847,1.1002375623195608
2023-05-01,0.8661676343663054,1.6815000994808456,1.098099791396761
2023-05-02,0.8566122797466365,1.6629501916961902,1.0859858165744887
2023-05-03,0.8545513026886545,1.6669511875664178,1.088598657770176
2023-05-04,0.85138142682618,1.6607677924715125,1.0845606057558257
2023-05-05,0.8375832733664285,1.6876834945757508,1.1021378434111115
2023-05-08,0.8370416856496031,1.686592225588397,1.1014251926965852
2023-05-09,0.8290991106945118,1.6705883808575173,1.0909739185242249
2023-05-10,0.8301822172676774,1.6684059816328394,1.089548707705562
2023-05-11,0.8338019486977752,1.6611314563006103,1.0847980955870746
2023-05-12,0.8365404726499943,1.6556756663639611,1.0812352044560014
2023-05-15,0.8403997154358951,1.6633138555252882,1.0862233064057378
2023-05-16,0.8457291860093691,1.6527658007310577,1.0793349233644507
2023-05-17,0.8520572683373073,1.665132452170838,1.0874109367827622
2023-05-18,0.8507544341226558,1.6676785152246136,1.0890736374326742
2023-05-19,0.8574343060034875,1.6807726330726198,1.0976247211238732
2023-05-22,0.8576198973237048,1.681136435651748,1.097862301565512
2023-05-23,0.8409202176216257,1.7138717302717639,1.0764845923375144
2023-05-24,0.8548365937792419,1.7422345680113818,1.0586698648509794
2023-05-25,0.8527268215622704,1.7379346607381245,1.061282706046667
2023-05-26,0.8397488785243705,1.7114844348740796,1.0774347328832896
2023-05-30,0.8297518512511227,1.691109585903467,1.064608107346491
2023-05-31,0.8153117478262685,1.6616793444567168,1.0460808197558196
2023-06-01,0.8036486199622349,1.6854498576562296,1.0610451256050282
2023-06-02,0.7951929260315997,1.703183538493563,1.0722090504919148
2023-06-05,0.7872656458314069,1.6862044976847193,1.061520195877916
2023-06-06,0.7893796320183071,1.6907323378556567,1.064370617515242
2023-06-07,0.792198213067234,1.6967693141507043,1.06057014594253
2023-06-08,0.8023113759845275,1.718430186674806,1.0741093315834656
2023-06-09,0.7962789570793097,1.7055096535056566,1.066033318165154
2023-06-12,0.8051501573704014,1.724510429050617,1.0779098031561773
2023-06-13,0.8117148266348808,1.738570962363852,1.0866983766786253
2023-06-14,0.817569851314307,1.751111543806444,1.0945369002656877
2023-06-15,0.8275055523239219,1.7723923196395748,1.1078385054649844
2023-06-16,0.8287475149501238,1.7697322226604333,1.1095012061148966
2023-06-20,0.8033758767030509,1.8239115775755803,1.075534451791739
2023-06-21,0.8037307328365211,1.8247172106907619,1.0750593815188512
2023-06-22,0.8076374646727683,1.8335866995978183,1.069833789737866
2023-06-23,0.8196516452321713,1.8063107959357545,1.0539192527324923
2023-06-26,0.8163264807103935,1.8136386413794714,1.0581947945780918
2023-06-27,0.8286034811759948,1.8409145450415352,1.0741093315834656
2023-06-28,0.829336381133759,1.8425428343535635,1.0750593815188512
2023-06-29,0.8297028660625674,1.8433570566580901,1.075534451791739
2023-06-30,0.8168761731536798,1.8148598971877488,1.0921615489012493
2023-07-03,0.8168761731536798,1.8148598971877488,1.0921615489012493
2023-07-05,0.8008869018732004,1.7793364137200305,1.0707839302836413
2023-07-06,0.8198964795335053,1.737102693002028,1.045368169041293
2023-07-07,0.8118856694935637,1.754075079200622,1.0555819533824042
2023-07-10,0.8054913884097926,1.7678898926896234,1.0638955472423544
2023-07-11,0.8135840816876779,1.785651709707749,1.074584401856353
2023-07-12,0.834804822746085,1.8322269235118416,1.1026128230736094
2023-07-13,0.8493716706462786,1.8641981941444679,1.1218527613788074
2023-07-14,0.8461345933351245,1.8713029209517182,1.1175772195332079
2023-07-17,0.8437966889209588,1.8764734072946654,1.1144893080646328
2023-07-18,0.8414587845067931,1.8712742692563438,1.1175772195332079
2023-07-19,0.8478971624222071,1.8855922265356468,1.1090261358420088
2023-07-20,0.8528004099853707,1.874688161868808,1.1026128230736094
2023-07-21,0.8467378139508961,1.8880154033698027,1.1104513466606718
2023-07-24,0.8405797179948482,1.9017464306475358,1.1023753332423605
2023-07-25,0.8436587314268997,1.894780401514347,1.0983373718383995
2023-07-26,0.8445710478127599,1.8927314222961924,1.0971496508509857
2023-07-27,0.8434739396894162,1.8951901035688774,1.0985748616696487
2023-07-28,0.8582461569755484,1.9283815973318685,1.1178147999748465
2023-07-31,0.8576989914370157,1.9271521785379422,1.1171021492603201
2023-08-01,0.8447505433298583,1.8980584868960928,1.1002375623195608
2023-08-02,0.8635349136703734,1.9402648326952594,1.0757720322333775
2023-08-03,0.8671576502241424,1.94840471010163,1.0712589099461394
2023-08-04,0.8638889467727768,1.94106030484969,1.07529696196049
2023-08-07,0.8736212619570071,1.962927711243725,1.0874109367827622
2023-08-08,0.8631256079515832,1.9393451692521055,1.0743468214147145
2023-08-09,0.8600723254628054,1.94620554807811,1.0781472929874263
2023-08-10,0.8684097109679458,1.927339383633348,1.088598657770176
2023-08-11,0.8589354618268569,1.9063123346847335,1.076722172779153
2023-08-14,0.8602619232067712,1.9092562691272996,1.0750593815188512
2023-08-15,0.872426464218877,1.9362541235735864,1.0598574952280038
2023-08-16,0.878292158524622,1.9232358632927165,1.052731622355468
2023-08-17,0.8882006892621255,1.9015387076458796,1.0408551373644446
2023-08-18,0.886984503468312,1.9041424259165178,1.0422803481831076
2023-08-21,0.8803139674710602,1.8898223892684092,1.0501187811597803
2023-08-22,0.8787210388886628,1.893242023865561,1.0482185906786192
2023-08-23,0.8836990641414402,1.9039673919713953,1.054156833174131
2023-08-24,0.8992305545819788,1.9374306517477662,1.0356294549730698
2023-08-25,0.8913932017567068,1.9543165632805461,1.0446556089371564
2023-08-28,0.9019326487277274,1.9312095710545674,1.0570071642010674
2023-08-29,0.9151069767707167,1.9030008257067603,1.0724466309335534
2023-08-30,0.9149042519791823,1.9025792515569897,1.0722090504919148
2023-08-31,0.9035541377925863,1.926182258874428,1.0589074452926182
2023-09-01,0.910040016735168,1.9400087518645757,1.0513064115368047
2023-09-05,0.9203206318644779,1.961924802761947,1.0394299265457816
2023-09-06,0.9247371423198206,1.9525097564139797,1.0344418245960454
2023-09-07,0.931531989817387,1.93816297025693,1.0268408814506216
2023-09-08,0.9291616662336034,1.9430947100660123,1.029453722646309
2023-09-11,0.9398811131990199,1.9655115848148004,1.0413302076373323
2023-09-12,0.9332350266386213,1.9516130609007665,1.0339667543231577
2023-09-13,0.9388091030761663,1.9399563612833568,1.027791021996397
2023-09-14,0.9286117048837697,1.9610282782759152,1.0389549468832835
2023-09-15,0.9298855497719504,1.9637183648155547,1.0375297360646205
2023-09-18,0.9213700819101643,1.9457355274338073,1.028028511827646
2023-09-19,0.9209443003961231,1.9448363684150154,1.0285035821005337
2023-09-20,0.921369688569502,1.945734696782893,1.028028511827646
2023-09-21,0.9068934481102097,1.9151639891830494,1.0118764849910233
2023-09-22,0.9075320795038745,1.913815336979136,1.0111639248868864
2023-09-25,0.9160595453058004,1.8958325072744135,1.0016627006499121
2023-09-26,0.9295277920284359,1.8679592755793704,0.9869358846319524
2023-09-27,0.9317648886003437,1.863463653901677,0.9845606238779036
2023-09-28,0.9200756688251417,1.8868412639190262,0.9969121791418145
2023-09-29,0.9209524941343378,1.885043118146133,0.9978622290772002
2023-10-02,0.9047300969545856,1.851838454107225,0.980285082032304
2023-10-03,0.9119644702352657,1.8370308438844365,0.9724465584452417
2023-10-04,0.9041679469668177,1.821325787178108,0.9807601523051918
2023-10-05,0.9070146252697491,1.8155915332507016,0.9838479731633772
2023-10-06,0.9212483509211868,1.8440835013616657,0.9992874398958633
2023-10-09,0.9133650618548026,1.828303344697887,0.9907363562046643
2023-10-10,0.8995693059886302,1.8559186188594994,1.0057007526642625
2023-10-11,0.9057307590206763,1.8686304303066847,1.0125891357055496
2023-10-12,0.893620361570538,1.893615622620243,0.9990499500646143
2023-10-13,0.9067931399938691,1.9215292424172397,0.984323043436265
2023-10-16,0.8967273222533316,1.9001993907849084,0.9952494784919024
2023-10-17,0.8954432781459278,1.897478452356827,0.9966745987001758
2023-10-18,0.9125155840319599,1.8613015851655688,0.9776722408366166
2023-10-19,0.9142891369204051,1.857683984698898,0.9757720503554554
2023-10-20,0.9231916937257021,1.8395954648508137,0.966270826118481
2023-10-23,0.9168374030334446,1.8522573252415266,0.9729216287181294
2023-10-24,0.9121368410326925,1.842760929948492,0.9779097306678656
2023-10-25,0.9054902447593162,1.856188836133985,0.9707838577953296
2023-10-26,0.9094782194265534,1.8480137794738458,0.9665083159497301
2023-10-27,0.9173011734641267,1.8321179322189867,0.9581948127001697
2023-10-30,0.9027480701195503,1.861184723343153,0.9733966989910171
2023-10-31,0.9064930424075969,1.8534637594966918,0.9774347510053676
2023-11-01,0.9142031558919066,1.837699252483135,0.985748254254928
2023-11-02,0.9362321476001454,1.7934173427847462,1.0095012242369745
2023-11-03,0.9430611652819157,1.8064987978235036,1.0168646775511492
2023-11-06,0.9377741702970073,1.8166264018813814,1.0111639248868864
2023-11-07,0.9340292820428951,1.8238808807207387,1.0071259634829257
2023-11-08,0.9252177357799602,1.8066745563928734,1.0166270971095104
2023-11-09,0.9260824450592373,1.8049860368226884,1.0175772376552858
2023-11-10,0.9334323090066605,1.819311329207209,1.0256532510735972
2023-11-13,0.9364587090209143,1.8134127077651203,1.0289786523734215
2023-11-14,0.9652096740827569,1.7577376791691803,1.06057014594253
2023-11-15,0.9671552287295224,1.7541946410072886,1.06270791686533
2023-11-16,0.9675875009059453,1.7534105998184366,1.063182896527828
2023-11-17,0.9801255380658147,1.7306898358188512,1.0769596626104019
2023-11-20,0.985313711278261,1.7215286434036756,1.0826604152746646
2023-11-21,0.9788284741468991,1.7328595742058264,1.075534451791739
2023-11-22,0.9799094019776031,1.7309459640177969,1.076722172779153
2023-11-24,0.99028566593928,1.7126169713682717,1.0881235874972885
2023-11-27,0.9863945566457492,1.70588762039132,1.083848045651689
2023-11-28,0.9866106927339605,1.7055138309429543,1.084085535482938
2023-11-29,0.9809901648818756,1.6957978527364261,1.0902613584200882
2023-11-30,0.9773568257006177,1.7020786586021834,1.0862233064057378
2023-12-01,0.9705176853312918,1.6901682134508238,1.0938242495511614
2023-12-04,0.9728359815204806,1.6942055541274066,1.091211408355474
2023-12-05,0.970083048989371,1.6989998192172464,1.0942993198240492
2023-12-06,0.9705041930131845,1.6997374092834463,1.094774390096937
2023-12-07,0.9759789046727415,1.7093257987822055,1.1009501224236975
2023-12-08,0.9837699486257776,1.695680593578886,1.1097387865565351
2023-12-11,0.9871390204912764,1.6898734739482453,1.113539258129247
2023-12-12,0.9902974801823639,1.6844665382079813,1.1171021492603201
2023-12-13,1.003352703945555,1.662259991167325,1.1318290558886694
2023-12-14,1.0073534516842695,1.6556319301926878,1.1363420875655181
2023-12-15,0.997246236087773,1.6722436059048449,1.1249406728473825
2023-12-18,0.9991413440324292,1.67542143905003,1.1228029019245829
2023-12-19,0.9900524699328496,1.6601806579391165,1.1330166862656939
2023-12-20,1.0052042065844442,1.6855880185458436,1.1156770290520468
2023-12-21,0.9889394952804648,1.7128616832594539,1.1337292463698307
2023-12-22,0.9864531830183558,1.7171680225519066,1.1308789153428942
2023-12-26,0.9937049600488577,1.7297915508022306,1.1391924185924547
2023-12-27,0.9978488665113335,1.722578047122272,1.1439430307109417
2023-12-28,0.9895610535863815,1.7368852283821874,1.1344418064739674
2023-12-29,0.9885250176919311,1.7350667701530333,1.1356295274613815
2024-01-02,0.9742584488568247,1.7601075623099078,1.11923992018312
2024-01-03,0.9876978753468748,1.7358277254493688,1.1038005440610235
2024-01-04,0.98323444422766,1.7279834770402633,1.1087886460107599
2024-01-05,0.9847088681905272,1.7253922534913488,1.1071259453608477
2024-01-08,0.9720329657955247,1.7476027813995,1.1213776911059197
2024-01-09,0.9827395448460905,1.7283535913139259,1.1090261358420088
2024-01-10,0.9772669728063907,1.7379782569622595,1.115201958779159
2024-01-11,0.9785159048508524,1.7357571476870075,1.113776747960496
2024-01-12,0.9797680332117479,1.7379782569622597,1.115201958779159
2024-01-16,0.9618212580706883,1.7698134505187444,1.094774390096937
2024-01-17,0.9678730924054839,1.780949217914359,1.0878860070556498
2024-01-18,0.9541368697548156,1.7556736779920687,1.103325473788136
2024-01-19,0.9574234521243221,1.7496261534286608,1.1071259453608477
2024-01-22,0.9568072424170099,1.7485000721555126,1.106413385256711
2024-01-23,0.9549585349367684,1.7451216851416027,1.1042756143339112
2024-01-24,0.9358553287853465,1.780031493359385,1.1263657930556559
2024-01-25,0.9407891930036196,1.7894158858208609,1.1323040355511675
2024-01-26,0.949275445481833,1.8055570523101565,1.1425178198922787
2024-01-29,0.9524331155701359,1.7995510468625908,1.1463182914649905
2024-01-30,0.9544067064283213,1.7958220947326557,1.148693642829429
2024-01-31,0.9443415812635597,1.8147607442993283,1.136579577396767
2024-02-01,0.9557881823866542,1.8367579143763355,1.1503563434793411
2024-02-02,0.9619062011198386,1.82500079126521,1.1429928901651665
2024-02-05,0.96550436017211,1.8181740932879555,1.138717348319567
2024-02-06,0.9576497543092913,1.8329653686895695,1.1479810827252923
2024-02-07,0.9574516394779854,1.8333445653877083,1.1482185725565413
2024-02-08,0.9608187272945177,1.8397919219904797,1.1522565339605022
2024-02-09,0.9677510869178605,1.8265177227341098,1.1605701278204523
2024-02-12,0.9675529784838118,1.8268916293829416,1.1603325473788135
2024-02-13,0.9485386488515332,1.862793663086535,1.1375297179425425
2024-02-14,0.935664320662632,1.8880769944466418,1.1529691846750285
2024-02-15,0.9244841921145268,1.8655166135060879,1.166745860147213
2024-02-16,0.9224138780346346,1.8613389268088383,1.1641330189515255
2024-02-20,0.9284366425380302,1.873492263054232,1.1717340527073388
2024-02-21,0.9344593352452654,1.885645454422157,1.1793349958527624
2024-02-22,0.9493278174809121,1.855642344726169,1.198099773274683
2024-02-23,0.9498924942820757,1.8545385761817013,1.1988124239892093
2024-02-26,0.9510217042920821,1.8523339440398818,1.2002375441974829
2024-02-27,0.9555387597205887,1.843535937580544,1.2059382968617454
2024-02-28,0.9534684456406964,1.8395416481082087,1.203325455666058
2024-02-29,0.952527413366971,1.8413571964545086,1.2045130860430824
2024-03-01,0.9562841913759155,1.8486195283571671,1.2092636981615696
2024-03-04,0.9532787832996761,1.8544293661758022,1.2130641697342814
2024-03-05,0.9469322993811823,1.8420834434965205,1.2049881563159701
2024-03-06,0.9353593244259052,1.8195703392639926,1.2197149723339298
2024-03-07,0.9513888712423705,1.7883877902933223,1.2406176112890397
2024-03-08,0.9426455010205158,1.804823274271982,1.229216196570904
2024-03-11,0.9406417989826914,1.8009869136585208,1.2266033553752167
2024-03-12,0.9297125340907756,1.7800613465961856,1.2408551917306785
2024-03-13,0.9334498766388002,1.772905694967552,1.2458432936804147
2024-03-14,0.9261531311398148,1.75904695228234,1.2361045796121912
2024-03-15,0.9247294106934092,1.7617510311521805,1.2380047700933523
2024-03-18,0.9181647732941234,1.7492443923737515,1.229216196570904
2024-03-19,0.9204712931247324,1.7536386655989336,1.2323041080394792
2024-03-20,0.9076968727371436,1.7293014399954671,1.249406184811488
2024-03-21,0.9035553267917692,1.7371917187683203,1.2437055227576148
2024-03-22,0.8988960382317085,1.7282336868007275,1.2372922099892156
2024-03-25,0.8961349856585635,1.722925237475126,1.2410926815619274
2024-03-26,0.8942483752206721,1.7192980063227363,1.2437055227576148
2024-03-27,0.9015922841161166,1.733417537621228,1.253919307098726
2024-03-28,0.8974933324637604,1.741298255774247,1.2482185544344635
2024-04-01,0.8954438892128954,1.7373219677852958,1.2510688854613998
2024-04-02,0.8852433009108899,1.7571129411281206,1.236817139716328
2024-04-03,0.877762873813003,1.7719607860599462,1.247268413888688
2024-04-04,0.8879596469511706,1.7925452544673348,1.232779178312367
2024-04-05,0.8893283368986288,1.7953082614109241,1.234679368793528
2024-04-08,0.88351125777379,1.8070513373670145,1.2427553822118396
2024-04-09,0.8782763628038834,1.7963443725455572,1.235391928897665
2024-04-10,0.8674688958883459,1.774239789982024,1.2201900426068175
2024-04-11,0.8678066372816544,1.7749305746563475,1.2197149723339298
2024-04-12,0.8862274628933728,1.8126068094119017,1.1938242314290834
2024-04-15,0.8856984313843475,1.8136888410074044,1.1945368821436098
2024-04-16,0.8830566315482455,1.808279095756502,1.1909739004021471
2024-04-17,0.8818238095404007,1.810803606853447,1.192636601052059
2024-04-18,0.8812969495857406,1.8097217128334813,1.1919240409479224
2024-04-19,0.8823507364914946,1.807557787218013,1.1904988301292594
2024-04-22,0.8726681299026623,1.8273932905120946,1.203562945497307
2024-04-23,0.8885129382623389,1.8605727954049256,1.2254157249981923
2024-04-24,0.8847239494961036,1.8526385390570785,1.2201900426068175
2024-04-25,0.8804183043340839,1.8436223886892653,1.2142518001113058
2024-04-26,0.8709458981174268,1.823786885395184,1.2273159154793534
2024-04-29,0.8682489518092935,1.8294343720163628,1.2235154439066416
2024-04-30,0.8512244902955032,1.7935631682636877,1.1995249840933462
2024-05-01,0.8539214366036365,1.7878805973083178,1.1957245125206342
2024-05-02,0.8471361788247964,1.8020870924383312,1.2052257367576087
2024-05-03,0.855150072490478,1.8191348053044405,1.2166271514757443
2024-05-06,0.8634978863533254,1.8368928564753682,1.2285036364667674
2024-05-07,0.8698421790331781,1.8503888778173845,1.2375296998204646
2024-05-08,0.8741830779075672,1.8411546153379221,1.2437055227576148
2024-05-09,0.8826978200246147,1.8232213503921646,1.255819497579887
2024-05-10,0.8858700300533064,1.8166691182227483,1.2603326198671252
2024-05-13,0.886704798701838,1.814957243598706,1.2615202502441496
2024-05-14,0.8923813146761248,1.8265762556994851,1.2695962636624611
2024-05-15,0.9002282163988407,1.8105147760026337,1.280760097938958
2024-05-16,0.8910456338874617,1.79204701303335,1.2676959825709104
2024-05-17,0.8935500035218221,1.7970837338836692,1.271258964312373
2024-05-20,0.8947186923675197,1.794733298310622,1.2695962636624611
2024-05-21,0.893714307905688,1.7927185843526678,1.268171052843798
2024-05-22,0.9019165575161077,1.7762655353413384,1.2565321482944134
2024-05-23,0.9053264628924373,1.7695499502372902,1.2517815361759261
2024-05-24,0.9139158978998947,1.786338848952845,1.2636580211669495
2024-05-28,0.9146030684282166,1.7849957063142086,1.264608161712725
2024-05-29,0.8981113034094352,1.7528093614786753,1.241805241666064
2024-05-30,0.8915833144547549,1.7655497869782266,1.2508313956301509
2024-05-31,0.8870119528190775,1.7564973894835443,1.25724470839855
2024-06-03,0.889693263536733,1.7618070307583744,1.261045179971262
2024-06-04,0.8831575726579161,1.7488647880629653,1.2517815361759261
2024-06-05,0.8685779496261331,1.777735954582865,1.2724465946893975
2024-06-06,0.8726314215067297,1.786032276986777,1.2783848371849091
2024-06-07,0.8603088942041882,1.760811512579292,1.2603326198671252
2024-06-10,0.8658216184358424,1.7720945161122854,1.2522566064488139
2024-06-11,0.8766608089294373,1.794279305246445,1.2365796498850787
2024-06-12,0.8606634007243394,1.7615370882023873,1.2591448988797114
2024-06-13,0.841342738635116,1.721993100610781,1.2308788972208162
2024-06-14,0.8634235306999005,1.6767998994983975,1.1985748435475707
2024-06-17,0.8502480149261116,1.702387230327128,1.2168646413069932
2024-06-18,0.8475925483271226,1.6970703905941096,1.220665112879705
2024-06-20,0.8495717310802017,1.701033158382069,1.2235154439066416
2024-06-21,0.8568287764528821,1.6865029258434732,1.2130641697342814
2024-06-24,0.8670630838687094,1.6663586567956612,1.1985748435475707
2024-06-25,0.8663757410664108,1.6676796213830198,1.1995249840933462
2024-06-26,0.873409680108763,1.6541400492978846,1.1897862700251227
2024-06-27,0.8732353413029068,1.654470227457666,1.1900237598563717
2024-06-28,0.8720152572856887,1.6567818524984854,1.1883610592064595
2024-07-01,0.8622545186583518,1.638236976718342,1.2016627550161458
2024-07-02,0.8583344130251345,1.6456849655221248,1.196199582793522
2024-07-03,0.8436765871684836,1.617581509254404,1.2166271514757443
2024-07-05,0.8494416303376218,1.6065281893302978,1.2249406547253046
2024-07-08,0.8445001557877522,1.61587387934324,1.2178147818527687
2024-07-09,0.8337935752344865,1.6363599428857245,1.2023753151202825
2024-07-10,0.8217692974572427,1.6599581656128297,1.2197149723339298
2024-07-11,0.8196888517008989,1.655755705223955,1.222802883802505
2024-07-12,0.8330637306174855,1.6827727032310218,1.2427553822118396
2024-07-15,0.822395703526811,1.7043219126440996,1.2268409358168553
2024-07-16,0.8228734189898605,1.7053119238129233,1.226128285102329
2024-07-17,0.833872673945436,1.728106633419447,1.2097387684344572
2024-07-18,0.8402581016292089,1.714873558056349,1.2004751246391214
2024-07-19,0.8482383845108119,1.6985866861143395,1.1890737099209858
2024-07-22,0.8314634311429309,1.732178319045811,1.2125890994613937
2024-07-23,0.8259257681128672,1.743714869517637,1.2045130860430824
2024-07-24,0.8133845882468148,1.7172376210069182,1.1862232882836599
2024-07-25,0.8168048930836804,1.710016589005516,1.1812351863339237
2024-07-26,0.8049790228743502,1.7347745629214595,1.1983373537163218
2024-07-29,0.7944480808677585,1.7574693286203267,1.1826603971525866
2024-07-30,0.7922142539068482,1.762410976115978,1.1859857984524107
2024-07-31,0.7982435401239666,1.7758241154968857,1.1950119524164975
2024-08-01,0.7763477558282426,1.727113340118702,1.1622328284703642
2024-08-02,0.7839636676428668,1.744056189239419,1.1508314137522289
2024-08-05,0.7957757029266096,1.7703340055393328,1.1334917565385816
2024-08-06,0.7954421765659935,1.7695920212644032,1.1339668268114693
2024-08-07,0.7914433408639383,1.7606959531890929,1.1396674888653422
2024-08-08,0.8043096361045851,1.7893191442541843,1.1581947764560139
2024-08-09,0.8057942134726971,1.7926218309144544,1.1603325473788135
2024-08-12,0.8028250587364733,1.7992272042349942,1.156057005533214
2024-08-13,0.8158563419760684,1.8284318722453226,1.1748218735655243
2024-08-14,0.8216297263740523,1.8413707188300408,1.1831354674254744
2024-08-15,0.8346609466891628,1.8121661918410263,1.201900244847395
2024-08-16,0.8412590823084346,1.7978407123204427,1.2114014690843693
2024-08-19,0.8523108871075574,1.774222085157501,1.2273159154793534
2024-08-20,0.8521459620330938,1.774565403204866,1.2270784256481044
2024-08-21,0.8605585251694048,1.7570465224507326,1.2391924004703767
2024-08-22,0.8526408001809694,1.7732125480605687,1.227790985752241
2024-08-23,0.8666618226408008,1.8023716651907074,1.2479810646032143
2024-08-26,0.8625380036098771,1.8109478530179999,1.2420428221077027
2024-08-27,0.8600637499460138,1.816142690047374,1.245605713238776
2024-08-28,0.8631799005114468,1.8095625102980784,1.2410926815619274
2024-08-29,0.8608670840668841,1.8144110777042493,1.2444180828617515
2024-08-30,0.8631675396450837,1.8095625102980784,1.2477434841615758
2024-09-03,0.8477215788466622,1.841943746051974,1.2254157249981923
2024-09-04,0.8515009076798065,1.8501555354910901,1.2199525527755684
2024-09-05,0.8556456745098335,1.8591613547741133,1.2140143102800567
2024-09-06,0.871549881785964,1.893718284618979,1.1914489706750346
2024-09-09,0.8644259719049571,1.9091972361759408,1.201187684743258
2024-09-10,0.8704087239908412,1.9224109226202808,1.1928741814936978
2024-09-11,0.8610495408752005,1.9430818963276864,1.2057007164201068
2024-09-12,0.8671562857630644,1.9568626428164877,1.2142518001113058
2024-09-13,0.8712274705914029,1.9660498558176212,1.2199525527755684
2024-09-16,0.876146800052103,1.9771510289364664,1.2268409358168553
2024-09-17,0.8756378615052559,1.978299521827731,1.226128285102329
2024-09-18,0.8734326984029732,1.9832815735440634,1.2230404642441435
2024-09-19,0.8525680298422964,1.9359046974892093,1.2522566064488139
2024-09-20,0.8415713206796986,1.9608746473109655,1.2361045796121912
2024-09-23,0.8431885200799921,1.9646427477984214,1.2337292282477528
2024-09-24,0.8306884129639168,1.9355172981421915,1.2520190260071753
2024-09-25,0.8229662434537617,1.9535100767013176,1.2403801214577908
2024-09-26,0.8480240071856283,2.0129907593407053,1.2781473473536602
2024-09-27,0.8480240071856283,2.0129907593407053,1.2781473473536602
2024-09-30,0.8390410409532701,2.0343140094656844,1.264608161712725
2024-10-01,0.8521215364146915,2.0660285905995095,1.2448931531346392
2024-10-02,0.8540725700819968,2.0612981722664214,1.2420428221077027
2024-10-03,0.8630559178294618,2.0396169253310408,1.2289787067396551
2024-10-04,0.8567173235565163,2.0545966084487,1.2380047700933523
2024-10-07,0.8603335091421881,2.04592419990092,1.232779178312367
2024-10-08,0.8604992488492651,2.0463183387714743,1.233016668143616
2024-10-09,0.8570181458829981,2.0545966084486995,1.2380047700933523
2024-10-10,0.8591557131772675,2.0494720512450573,1.2349169492351668
2024-10-11,0.8537023630726823,2.062480739255371,1.2427553822118396
2024-10-14,0.8486440888662989,2.050260328986166,1.2501188355260142
2024-10-15,0.8265531766675188,2.103630312359032,1.21757720141113
2024-10-16,0.8309067972356717,2.1147105531157133,1.2111639792531204
2024-10-17,0.829766118272752,2.1118074527335424,1.2128266799030323
2024-10-18,0.84097915130642,2.0832695717490317,1.229216196570904
2024-10-21,0.8302536225810286,2.1098388007243485,1.2135392400071692
2024-10-22,0.8333412531866153,2.1019925201700773,1.2090262083303205
2024-10-23,0.8385803286033138,2.088777648955678,1.201425265184897
2024-10-24,0.831948652052497,2.1052961592068313,1.2109263988114816
2024-10-25,0.8286848159083029,2.097036825314409,1.2061757866929945
2024-10-28,0.8371707649822089,2.1185110304212307,1.2185273419569054
2024-10-29,0.8339069288380148,2.1102516965288083,1.2137767298384181
2024-10-30,0.8419032620261689,2.0900164939027492,1.2021378252890336
2024-10-31,0.847891914160751,2.1048832634023706,1.1935867415978345
2024-11-01,0.8448546842442334,2.097343370272583,1.197862283443434
2024-11-04,0.8433469101011352,2.101086404621412,1.1957245125206342
2024-11-05,0.851053282873552,2.081887004152715,1.206650856965882
2024-11-06,0.8272640285132153,2.140081409236312,1.1729216830843632
2024-11-07,0.8121863509899244,2.1010763803097583,1.1942993017019712
2024-11-08,0.7973253729888515,2.1395208208353838,1.1724466128114754
2024-11-11,0.8002329663577278,2.1317186653265052,1.168171070965876
2024-11-12,0.7836360166436677,2.087506505892509,1.1439430307109417
2024-11-13,0.7877038946499306,2.0766701971689496,1.1380047882154303
2024-11-14,0.7809629537682571,2.094441736861629,1.1477435022836537
2024-11-15,0.7787002398287678,2.0883734304322674,1.1444181009838295
2024-11-18,0.781286207424517,2.095308661401387,1.1482185725565413
2024-11-19,0.7859732929587909,2.1078788192044637,1.1413301895152543
2024-11-20,0.7897354885979342,2.0977890965987505,1.1358670172926304
2024-11-21,0.7913869387092485,2.0934023188901247,1.1334917565385816
2024-11-22,0.7917186256463291,2.092524929879431,1.1330166862656939
2024-11-25,0.7875691570248242,2.1034920414958376,1.1389549287612055
2024-11-26,0.7823132261407584,2.089454152014424,1.131353985615782
2024-11-27,0.7859266394637796,2.0798032075864787,1.136579577396767
2024-11-29,0.7741007636468124,2.0485083090277163,1.1536817447791652
2024-12-02,0.7763320511724019,2.042603637115927,1.1570071460789895
2024-12-03,0.78159156673817,2.028765350254162,1.1648456696660519
2024-12-04,0.7871697855521435,2.01428605246292,1.1731591729156121
2024-12-05,0.7972106402153211,1.9885925440558876,1.1881235693752106
2024-12-06,0.7999200434112439,1.9818341056677622,1.1921615307791715
2024-12-09,0.7996012793650132,1.9826238564230836,1.1916864605062838
2024-12-10,0.7925886527420143,2.0000117736234992,1.1812351863339237
2024-12-11,0.7900386011701941,2.006446553063431,1.1850356579066355
2024-12-12,0.7949476017826175,2.018913851931099,1.1776722952028504
2024-12-13,0.789977214395334,2.031537053665588,1.1850356579066355
2024-12-16,0.7858603021422768,2.0209498371783665,1.1788599255798748
2024-12-17,0.7857019849185835,2.021356972093533,1.1790974154111238
2024-12-18,0.765758729592332,1.9700494293180915,1.1491687131023167
2024-12-19,0.7676581332455248,1.9651628783217887,1.1463182914649905
2024-12-20,0.7673399916250335,1.964348453155738,1.1467933617378783
2024-12-23,0.7654327234211097,1.9594659507617251,1.1496437833752045
2024-12-24,0.7627442490961072,1.9525836033807635,1.1536817447791652
2024-12-26,0.7594464192628072,1.9441413391921152,1.1586698467289016
2024-12-27,0.7563327052405248,1.9361704014200765,1.153919325220804
2024-12-30,0.7625602520656658,1.920228221804214,1.1444181009838295
2024-12-31,0.7630350523263006,1.9190326115455865,1.1437055408796928
2025-01-02,0.7708001290556947,1.8995034491179494,1.1320665457199186
2025-01-03,0.7662717384575318,1.9106628836275175,1.138717348319567
2025-01-06,0.7859320203626359,1.861640886557195,1.1679334905242373
2025-01-07,0.78832964099883,1.8673201418759091,1.1714964722657002
2025-01-08,0.7848131469921522,1.8589906059229853,1.1662707898743252
2025-01-10,0.7913665742938536,1.8745137401074128,1.1565320758061017
2025-01-13,0.7882784952924147,1.881828487415131,1.1520190441292533
2025-01-14,0.7808020543409921,1.899676722082049,1.1629453885745011
2025-01-15,0.7887759316790395,1.919077015766741,1.1748218735655243
2025-01-16,0.8008962593009509,1.9485655450544697,1.1928741814936978
2025-01-17,0.8042452731823253,1.9404174572298976,1.197862283443434
2025-01-21,0.822266253000352,1.8969379056536468,1.2247031648940556
2025-01-22,0.8240204549126033,1.8928910265687064,1.2273159154793534
2025-01-23,0.8303995811173837,1.8782372753439767,1.236817139716328
2025-01-24,0.8318348814716665,1.8749908447242731,1.2389549106391275
2025-01-27,0.833110731046965,1.87211502606577,1.2408551917306785
2025-01-28,0.828007393581627,1.8835829311063608,1.233254157974865
2025-01-29,0.8260936192186792,1.8879364583236056,1.2361045796121912
2025-01-30,0.8348244196091014,1.9078896403649022,1.2491686949802387
2025-01-31,0.8273635240937827,1.890838671410033,1.2380047700933523
2025-02-03,0.8426027459267326,1.856011284022489,1.215201940657081
2025-02-04,0.8244858237693035,1.816104919939895,1.2413301713931764
2025-02-05,0.8293765957906669,1.8053319571135653,1.248693624707351
2025-02-06,0.8363182843067578,1.7902217500278685,1.2591448988797114
2025-02-07,0.8274834189559159,1.8091336504447717,1.2458432936804147
2025-02-10,0.8347406469749665,1.8250001863987864,1.2567696381256626
2025-02-11,0.8260635212841012,1.8060293167512829,1.26983375349371
2025-02-12,0.8365708811080359,1.8290016419959345,1.285985780330333
2025-02-13,0.8446059244407315,1.8465687218225042,1.2983373355942438
2025-02-14,0.8503231452745953,1.834069115956543,1.3071259091166918
2025-02-18,0.8549587902722587,1.8240704544241588,1.3142518725996175
2025-02-19,0.8410519731686175,1.8537409069447472,1.2928741633716199
2025-02-20,0.8353347523347537,1.8411397283352475,1.3016627368940679
2025-02-21,0.8299996083061428,1.8528987813376656,1.2933492336445076
2025-02-24,0.8278655506946985,1.8481346914417447,1.2900238323446833
2025-02-25,0.8364017811404759,1.8671910510254286,1.30332543754398
2025-02-26,0.8388407124319421,1.8726357437367258,1.3071259091166918
2025-02-27,0.8208535723516129,1.8324810863115155,1.2790973972890458
2025-02-28,0.8176524277857375,1.8396273509671108,1.2840855898491716
2025-03-03,0.8016200645742312,1.8035563104341588,1.3092636800394917
2025-03-04,0.8039469711507872,1.7983210285027273,1.3130641516122035
2025-03-05,0.8296884063602166,1.740740907049325,1.3551069193536724
2025-03-06,0.8224168163737505,1.7559971816359028,1.3432304343626493
2025-03-07,0.8325970534503687,1.7777336870903375,1.3598575314721597
2025-03-10,0.8551389713128479,1.825864444447313,1.3230404461220655
2025-03-11,0.8537572363604632,1.8288146792113025,1.3251782170448654
2025-03-12,0.8536042315348609,1.8291424274975068,1.3254157068761143
2025-03-13,0.8438137979389264,1.8081630358633765,1.310213820585267
2025-03-14,0.8236210140584147,1.8514330623705297,1.3415677337127372
2025-03-17,0.8330996776600947,1.8301257974031573,1.3570072004452232
2025-03-18,0.8363077953671296,1.8371732841975836,1.3622327922262085
2025-03-19,0.8377660812593444,1.833969770016871,1.364608143590647
2025-03-20,0.8247876427721865,1.8623811182200487,1.343468014804288
2025-03-21,0.8328080761095706,1.880491359975468,1.3304038088258507
2025-03-24,0.834889715564018,1.8851917286690076,1.3270784075260265
2025-03-25,0.826820246808191,1.9034126930307034,1.339905033062825
2025-03-26,0.8108437497753688,1.8666333962490465,1.314014292157979
2025-03-27,0.8114300565815793,1.8652836665813715,1.3130641516122035
2025-03-28,0.8153932709730073,1.8743941487622195,1.3066508388438043
2025-03-31,0.8242868309315594,1.8539499810931832,1.2923990930987321
2025-04-01,0.8211054400048192,1.861105426779261,1.2973871950484683
2025-04-02,0.8254650396753141,1.8709868308109963,1.3042755780897555
2025-04-03,0.8454589728093772,1.8256688781516546,1.2726841751310363
2025-04-04,0.8976887276698609,1.7128848862266268,1.1940618118707222
2025-04-07,0.9223318824687203,1.6658631446108254,1.161282687924589
2025-04-08,0.934971700020953,1.6886924608418878,1.145368241529605
2025-04-09,0.8502387007053119,1.535652559071987,1.2491686949802387
2025-04-10,0.8368198059273806,1.5598890000720893,1.2294536864021532
2025-04-11,0.8208141444260796,1.5897246410761734,1.2529691665529505
2025-04-14,0.8264159187005552,1.578875317074688,1.2615202502441496
2025-04-15,0.8318620551571646,1.5892802115475362,1.26983375349371
2025-04-16,0.8293723842972239,1.5845236721592566,1.2660332819209983
2025-04-17,0.8220589501768325,1.5984960562269475,1.2771972068078847
2025-04-21,0.81227436356926,1.617522213780066,1.2619953205170373
2025-04-22,0.790106126731064,1.6616669229255765,1.2964371451130827
2025-04-23,0.8000946229587903,1.6826736626910932,1.3128266617809545
2025-04-24,0.8115307633497963,1.7067249332365957,1.3315915298132646
2025-04-25,0.8168869086989848,1.6954604596930847,1.3403801033357128
2025-04-28,0.820650673079555,1.687648712903041,1.3465558356624734
2025-04-29,0.8180449688076301,1.6930072821517785,1.3422802938168739
2025-04-30,0.8218087331882001,1.7007966834042505,1.3361045614901133
2025-05-01,0.8210782476829717,1.702308479609856,1.3372921918671377
2025-05-02,0.8372664780280007,1.7358708859505252,1.3636580030448715
2025-05-05,0.8391624114321118,1.7398016483592256,1.3667459145134466
2025-05-06,0.8381415370530092,1.7376851106028461,1.3650832138635345
2025-05-07,0.8419334038612313,1.745546635420247,1.3589073909263842
2025-05-08,0.8413447286732143,1.7443261588491954,1.3598575314721597
2025-05-09,0.8486927175699236,1.7595604484461316,1.3717340164631828
2025-05-12,0.8526606383014315,1.767786978775886,1.3781473292315822
2025-05-13,0.8597147009149877,1.7531620747102359,1.3895487439497178
2025-05-14,0.857657272993622,1.75735765796518,1.3862233426498936
2025-05-15,0.8616251937251298,1.749227305546696,1.392636655418293
2025-05-16,0.8591269044093877,1.744155406628144,1.3966746168222537
2025-05-19,0.8493375041096645,1.7242814678971166,1.4125891538276274
2025-05-20,0.8530507430696602,1.7318198953109702,1.4187648861543882
2025-05-21,0.8496231462574594,1.73877842667701,1.4130642241005151
2025-05-22,0.8491946557954325,1.739655344843248,1.4123515733859888
2025-05-23,0.8586206287499885,1.7589653394585358,1.3966746168222537
2025-05-27,0.8444562908449731,1.7879823215773702,1.4197150267001635
2025-05-28,0.8342838037179492,1.7664439336859228,1.4026128593177654
2025-05-29,0.8304691210453152,1.7745208291452157,1.4090261720861648
2025-05-30,0.8286491299238042,1.7784097300954584,1.4059382606175896
2025-06-02,0.8390090177634867,1.8006436583908794,1.4235154982728753
2025-06-03,0.8335490978040163,1.8123614946026392,1.4142518544775395
2025-06-04,0.8280891778445459,1.8242328393431297,1.4235154982728753
2025-06-05,0.8280891778445459,1.8242328393431297,1.4235154982728753
2025-06-06,0.8309908626155045,1.830625084031537,1.4285036002226117
2025-06-09,0.8298854814832288,1.8330601751007576,1.4266034097414506
2025-06-10,0.8285037418903876,1.8300081734975118,1.4289786704954992
2025-06-11,0.8274020355063443,1.8324416346705334,1.4270784800143381
2025-06-12,0.8319466597095022,1.8425065828413483,1.4349169129910109
2025-06-13,0.8152829500733283,1.8056015789677489,1.4061758410592282
2025-06-16,0.8072954080510555,1.823291533708235,1.4199525165314126
2025-06-17,0.7940610630109964,1.8531815454995413,1.3966746168222537
2025-06-18,0.7951413914248021,1.8506602725486276,1.3947744263410926
2025-06-20,0.7981204798632976,1.857593983560267,1.3895487439497178
2025-06-23,0.7914353452521568,1.842034596041389,1.3779097487899437
2025-06-24,0.77874727192156,1.8715655870089747,1.400000018122078
2025-06-25,0.7726695141939383,1.8861722798595666,1.38907367367683
2025-06-26,0.7679129906151553,1.8977834833016465,1.3976247573680292
2025-06-27,0.7594299074345354,1.8768187967493877,1.4130642241005151
2025-06-30,0.7624936416810408,1.869247230281179,1.4187648861543882
2025-07-01,0.7654297406244325,1.8764450539976711,1.4133017139317643
2025-07-02,0.7586116426720212,1.8597305399130255,1.425890759026924
2025-07-03,0.7600017433785117,1.8631383609798222,1.4232779178312367
2025-07-07,0.7639336307645903,1.8534993696434465,1.4159145551274517
2025-07-08,0.7552190678265762,1.8746431395494276,1.4320665819640743
2025-07-09,0.7433189404467988,1.8451040387737214,1.4546319215690966
2025-07-10,0.738221040040037,1.8324497713819492,1.4446556270592343
2025-07-11,0.7292390933882708,1.8547452156945377,1.4270784800143381
2025-07-14,0.7297246165321596,1.8559800942637221,1.4261283394685629
2025-07-15,0.7388400971126666,1.8791643888918355,1.4083136119820279
2025-07-16,0.7368462650840856,1.8842354971873698,1.4121140835547399
2025-07-17,0.7346152717976153,1.8899405091329406,1.4163896254003394
2025-07-18,0.7394198919971054,1.8775796902191233,1.4071259816050037
2025-07-21,0.7420410516183197,1.8842354971873696,1.4121140835547399
2025-07-22,0.7421658959512321,1.883918484909972,1.411876503113101
2025-07-23,0.7245606835652497,1.8392293052728392,1.445368187163371
2025-07-24,0.7150348329721262,1.8634097831346987,1.4263658292998118
2025-07-25,0.7119389031400869,1.8714779018764685,1.432541652236962
2025-07-28,0.7257503756975242,1.907784199466911,1.4047506302405652
2025-07-29,0.7240323403460974,1.9032679900272291,1.4080760315403893
2025-07-30,0.7187804150134894,1.9170737564475355,1.397862247199278
2025-07-31,0.7307499051739933,1.8851496875866327,1.3745843474901194
2025-08-01,0.7398416287937499,1.861695343193215,1.357482270718111
2025-08-04,0.7302619050804052,1.8858012144122882,1.375059417763007
2025-08-05,0.7320279479560775,1.8903617779258406,1.3783848190628312
2025-08-06,0.7380829727245508,1.9059980489434643,1.3897862337809668
2025-08-07,0.7481747287930656,1.879937472981389,1.4087886822549156
2025-08-08,0.7512022171167725,1.8723303077969518,1.4144893443087887
2025-08-11,0.7452733657657382,1.8871076444741126,1.4033255100322917
2025-08-12,0.7379568955492303,1.8685816008633187,1.417102185504476
2025-08-13,0.730040503260489,1.848536493804662,1.4323040717953235
2025-08-14,0.7330672052194327,1.8562004097134226,1.4382423142908352
2025-08-15,0.7380309945847484,1.843631592300738,1.4479810283590586
2025-08-18,0.7336725363744603,1.8545191990668075,1.4394299446678596
2025-08-19,0.731614355026799,1.8493166916330948,1.44346799668221
2025-08-20,0.7332998176298966,1.8450563130557531,1.4467933979820342
2025-08-21,0.7275210690226712,1.8305163986265032,1.4353919832638986
2025-08-22,0.7162043587408645,1.8589903832729968,1.457719742427282
2025-08-25,0.7026668491870938,1.894128538698593,1.4301663008725236
2025-08-26,0.6997492820891384,1.8862638627000052,1.4242280583770122
2025-08-27,0.7007996080251441,1.8834325745402962,1.4220902874542123
2025-08-28,0.6970538979081935,1.8733657988625383,1.429691230599636
2025-08-29,0.6925373569389497,1.8612273782808098,1.4204275868043001
2025-09-02,0.7002965336445535,1.8403742185592593,1.404513140409316
2025-09-03,0.6981647293575155,1.8347718523323975,1.4087886822549156
2025-09-04,0.6955750408418007,1.827966169668774,1.414014274035901
2025-09-05,0.694757133205572,1.8258167143244155,1.415676974685813
2025-09-08,0.7012850687535533,1.842972081666301,1.4289786704954992
2025-09-09,0.7009353730079567,1.8438910795530767,1.4282661103913625
2025-09-10,0.7045490587615054,1.8533972953639328,1.4209026570771879
2025-09-11,0.6971290209510116,1.833878032881854,1.4358670535367863
2025-09-12,0.6973596727188095,1.8344847888732099,1.4353919832638986
2025-09-15,0.689512497675432,1.855127684950893,1.4515440101005213
2025-09-16,0.687932865407957,1.8508776973708072,1.4482186088006972
2025-09-17,0.6837580737962002,1.8621099397507215,1.4394299446678596
2025-09-18,0.6749571978118019,1.838142107739503,1.4579573228689207
2025-09-19,0.6739675228405364,1.8408373352940155,1.4558195519461208
2025-09-22,0.6739675228405364,1.8408373352940155,1.4558195519461208
2025-09-23,0.6719881728980056,1.8462436214284956,1.4600950937917203
2025-09-24,0.6683806029760979,1.8363320586573004,1.4522565702046581
2025-09-25,0.673737244633159,1.8216150355153942,1.4406176656552736
2025-09-26,0.6641838751868244,1.7957851417965873,1.4610451437271061
2025-09-29,0.6666674473715541,1.7890701910208515,1.4665084065601197
2025-09-30,0.6707706510005996,1.8000815570765314,1.4755344699138169
2025-10-01,0.678977140640758,1.778058603884479,1.4935867778419902
2025-10-02,0.6837282380385635,1.7656167570233476,1.5040380520143506
2025-10-03,0.6852399489746365,1.7617130098735112,1.5073634533141747
2025-10-06,0.6815686333337306,1.7711517539771116,1.4992874398958633
2025-10-07,0.6890192263148188,1.790513165552169,1.4828979232279915
2025-10-08,0.6844941938581127,1.8022720974931787,1.492636637296215
2025-10-09,0.6916833418912739,1.7833430824318761,1.4769596807324799
2025-10-10,0.7038083812046179,1.7520815156511262,1.4510689398276337
2025-10-13,0.697587114724719,1.7675689214485883,1.4638955653644323
2025-10-14,0.6931727297781966,1.7563836092860168,1.473159209159768
2025-10-15,0.6913844755025411,1.751852472436473,1.4769596807324799
2025-10-16,0.6976111762721338,1.7360750554928772,1.4902613765421662
2025-10-17,0.6996125718744336,1.7310943827348901,1.494536827777376
2025-10-20,0.6942753755485377,1.717888229857223,1.5059383331059013
2025-10-21,0.6888000178289866,1.7314362439622069,1.494061848114878
2025-10-22,0.6927422820708496,1.7215265764027432,1.485510764423679
2025-10-23,0.6879792601914452,1.733363112098054,1.49572454876479
2025-10-24,0.6883070120984996,1.7325373414702447,1.4964371088689268
2025-10-27,0.6945345483975712,1.7482126709291272,1.509976294509862
2025-10-28,0.6936605294195906,1.7504126637955204,1.508076104028701
2025-10-29,0.6916939346222515,1.7553752532637392,1.5038005621831014
2025-10-30,0.6969381735226536,1.768684040181173,1.492399147464966
2025-10-31,0.7008205537357519,1.7785367131752703,1.484085553605016
2025-11-03,0.7001475352344267,1.7802446940654888,1.485510764423679
2025-11-04,0.7077602715736947,1.7608880116617387,1.4693587375870563
2025-11-05,0.7016963841461522,1.7759747961339498,1.481947782682216
2025-11-06,0.7067575143161585,1.7887843813405513,1.4712589280682173
2025-11-07,0.7093818912675443,1.7954266092706375,1.4767221002908413
2025-11-10,0.7000253582522201,1.7717454742529177,1.4961996190376778
2025-11-11,0.7068044218183762,1.7545878455307273,1.510688854613999
2025-11-12,0.713583527778321,1.7377592341727461,1.5251781808007094
2025-11-13,0.7081380456226133,1.7510203823526458,1.513539276251325
2025-11-14,0.7138058408061491,1.7650351990267668,1.501425210818663
2025-11-17,0.7250984503797109,1.7929585533155084,1.4776722408366165
2025-11-18,0.7340733120889673,1.770766318512071,1.459382443077194
2025-11-19,0.7353875326929701,1.7675960934918475,1.4567696924918963
2025-11-20,0.7458194445492177,1.7425216860195996,1.4361045433680353
2025-11-21,0.7384179662073217,1.759814392201527,1.450356379723497
2025-11-24,0.7374504786860046,1.7575086540664784,1.4484560986319461
2025-11-25,0.7254780743375983,1.7860415587976535,1.4719715787827437
2025-11-26,0.7343753166797772,1.76413759623292,1.4900237961005276
2025-11-28,0.7384727667605246,1.7542945833048504,1.4983373899604775
2025-12-01,0.7373020475981527,1.75707570994562,1.495962038596039
2025-12-02,0.7314485857614016,1.743126236122845,1.5078385235870624
