Date,signal,actual_return,strategy_return,fold
2013-12-30,1,0.0023753513644384494,0.0023753513644384494,1
2013-12-31,1,-0.029383925498782992,-0.029383925498782992,1
2014-01-02,-1,-0.003173761140713771,0.003173761140713771,1
2014-01-03,-1,0.002449142043511543,-0.002449142043511543,1
2014-01-06,1,0.012948907289156653,0.012948907289156653,1
2014-01-07,1,-0.0024119265877781126,-0.0024119265877781126,1
2014-01-08,1,-0.0014507101645447884,-0.0014507101645447884,1
2014-01-09,1,0.01041162985760824,0.01041162985760824,1
2014-01-10,1,-0.009106184334620515,-0.009106184334620515,1
2014-01-13,1,0.013059272925132204,0.013059272925132204,1
2014-01-14,1,0.011697342697691404,0.011697342697691404,1
2014-01-15,1,-0.00448330430905064,-0.00448330430905064,1
2014-01-16,1,-0.01114001946680132,-0.01114001946680132,1
2014-01-17,1,0.007909827581540574,0.007909827581540574,1
2014-01-21,1,-0.0030915831266093985,-0.0030915831266093985,1
2014-01-22,1,-0.0011927299438097005,-0.0011927299438097005,1
2014-01-23,1,-0.03654164839569063,-0.03654164839569063,1
2014-01-24,-1,-0.0012394456338974402,0.0012394456338974402,1
2014-01-27,-1,0.013651010785869389,-0.013651010785869389,1
2014-01-28,1,-0.017629804554677553,-0.017629804554677553,1
2014-01-29,-1,0.005732790337976246,-0.005732790337976246,1
2014-01-30,1,-0.014622061335796466,-0.014622061335796466,1
2014-01-31,-1,-0.02062373564991138,0.02062373564991138,1
2014-02-03,-1,0.008988246049353776,-0.008988246049353776,1
2014-02-04,1,0.0017816160140773363,0.0017816160140773363,1
2014-02-05,1,0.02235775036761045,0.02235775036761045,1
2014-02-06,1,0.015407527485679529,0.015407527485679529,1
2014-02-07,1,-0.0061184531636219175,-0.0061184531636219175,1
2014-02-10,1,0.016005853272899273,0.016005853272899273,1
2014-02-11,1,-0.000242324816770223,-0.000242324816770223,1
2014-02-12,1,0.009697006687973575,0.009697006687973575,1
2014-02-13,1,0.004561791590594,0.004561791590594,1
2014-02-14,1,0.003585122498371396,0.003585122498371396,1
2014-02-18,1,-0.006906427814601934,-0.006906427814601934,1
2014-02-19,-1,0.004796181277703981,-0.004796181277703981,1
2014-02-20,1,0.0026252217577213965,0.0026252217577213965,1
2014-02-21,1,0.007379228414110983,0.007379228414110983,1
2014-02-24,1,0.0011814564608010336,0.0011814564608010336,1
2014-02-25,1,-0.005428358461988192,-0.005428358461988192,1
2014-02-26,-1,0.001898477271319976,-0.001898477271319976,1
2014-02-27,-1,0.0033159494457757344,-0.0033159494457757344,1
2014-02-28,1,-0.02927293816336196,-0.02927293816336196,1
2014-03-03,-1,0.024319066779561416,-0.024319066779561416,1
2014-03-04,1,0.0016619111253401986,0.0016619111253401986,1
2014-03-05,1,0.010429069820535597,0.010429069820535597,1
2014-03-06,1,-0.007975607414239305,-0.007975607414239305,1
2014-03-07,1,-0.003546973814886556,-0.003546973814886556,1
2014-03-10,-1,-0.0061698700830326025,0.0061698700830326025,1
2014-03-11,-1,-0.0014326975110011686,0.0014326975110011686,1
2014-03-12,-1,-0.026303167913634184,0.026303167913634184,1
2014-03-13,-1,0.003929269219441034,-0.003929269219441034,1
2014-03-14,-1,0.01687863524169897,-0.01687863524169897,1
2014-03-17,1,0.009622360568088073,0.009622360568088073,1
2014-03-18,1,-0.013819438031576259,-0.013819438031576259,1
2014-03-19,1,0.006281762262975388,0.006281762262975388,1
2014-03-20,-1,-0.005282141960221254,0.005282141960221254,1
2014-03-21,-1,0.0,-0.0,1
2014-03-24,1,0.014240891823362745,0.014240891823362745,1
2014-03-25,1,0.00023794196630855247,0.00023794196630855247,1
2014-03-26,1,0.0019034459523727953,0.0019034459523727953,1
2014-03-27,1,0.011398706608385378,0.011398706608385378,1
2014-03-28,1,0.0016435711334452652,0.0016435711334452652,1
2014-03-31,1,0.010079707142846228,0.010079707142846228,1
2014-04-01,1,-0.0020886551930653363,-0.0020886551930653363,1
2014-04-02,-1,0.0011627729548964183,-0.0011627729548964183,1
2014-04-03,1,-0.0020905959159788212,-0.0020905959159788212,1
2014-04-04,-1,-0.004655511340821761,0.004655511340821761,1
2014-04-07,-1,0.0009354751425985075,-0.0009354751425985075,1
2014-04-08,1,0.012850449693099675,0.012850449693099675,1
2014-04-09,1,-0.02214530837978579,-0.02214530837978579,1
2014-04-10,1,-0.004718111956101945,-0.004718111956101945,1
2014-04-11,-1,0.0054515181256897804,-0.0054515181256897804,1
2014-04-14,1,-0.006129145043753059,-0.006129145043753059,1
2014-04-15,1,0.01304552274789228,0.01304552274789228,1
2014-04-16,1,0.004682762051665845,0.004682762051665845,1
2014-04-17,1,0.002097416753855219,0.002097416753855219,1
2014-04-21,1,0.008604626322901598,0.008604626322901598,1
2014-04-22,1,-0.003919718080055867,-0.003919718080055867,1
2014-04-23,1,-0.0006945044783397414,-0.0006945044783397414,1
2014-04-24,1,-0.00880234583126116,-0.00880234583126116,1
2014-04-25,-1,0.006309896050170405,-0.006309896050170405,1
2014-04-28,1,0.008128157523427104,0.008128157523427104,1
2014-04-29,1,0.006219775598081956,0.006219775598081956,1
2014-04-30,1,0.0020604430393564854,0.0020604430393564854,1
2014-05-01,1,-0.007310936519934641,-0.007310936519934641,1
2014-05-02,-1,0.0011507304069644508,-0.0011507304069644508,1
2014-05-05,-1,-0.005747126436781658,0.005747126436781658,1
2014-05-06,1,0.00786127520434432,0.00786127520434432,1
2014-05-07,1,0.0022940691390467283,0.0022940691390467283,1
2014-05-08,1,-0.006637608375954396,-0.006637608375954396,1
2014-05-09,-1,0.010138216848831538,-0.010138216848831538,1
2014-05-12,1,-0.003877782460102064,-0.003877782460102064,1
2014-05-13,1,-0.0009158942639599932,-0.0009158942639599932,1
2014-05-14,1,-0.011689253351936713,-0.011689253351936713,1
2014-05-15,-1,0.0037105716923799825,-0.0037105716923799825,1
2014-05-16,-1,0.00023110296932937757,-0.00023110296932937757,1
2014-05-19,-1,-0.006006055225958873,0.006006055225958873,1
2014-05-20,-1,0.009528232838560413,-0.009528232838560413,1
2014-05-21,-1,-0.0027624064382678615,0.0027624064382678615,1
2014-05-22,1,0.005078513902422976,0.005078513902422976,1
2014-05-23,1,0.012402409374657752,0.012402409374657752,1
2014-05-27,1,-0.002949207411866439,-0.002949207411866439,1
2014-05-28,1,0.003185424055020425,0.003185424055020425,1
2014-05-29,1,0.003855708059808949,0.003855708059808949,1
2014-05-30,1,-0.0013555707381163185,-0.0013555707381163185,1
2014-06-02,-1,-0.004072405024180603,0.004072405024180603,1
2014-06-03,1,-0.00022721799469460624,-0.00022721799469460624,1
2014-06-04,-1,0.0145422228755816,-0.0145422228755816,1
2014-06-05,1,0.008958515061859629,0.008958515061859629,1
2014-06-06,1,-0.002219721993664936,-0.002219721993664936,1
2014-06-09,-1,-0.0017797959888056214,0.0017797959888056214,1
2014-06-10,-1,-0.009360333829802281,0.009360333829802281,1
2014-06-11,-1,-0.0017998161908107102,0.0017998161908107102,1
2014-06-12,-1,-0.0015776357112760042,0.0015776357112760042,1
2014-06-13,-1,-0.0006771733592215723,0.0006771733592215723,1
2014-06-16,-1,0.0011294157791628123,-0.0011294157791628123,1
2014-06-17,1,0.011958456293914788,0.011958456293914788,1
2014-06-18,1,0.005797149277061653,0.005797149277061653,1
2014-06-19,1,-0.025271544540543367,-0.025271544540543367,1
2014-06-20,-1,-0.0034114514831597997,0.0034114514831597997,1
2014-06-23,-1,-0.006161580548700085,0.006161580548700085,2
2014-06-24,-1,-0.0011480881271289656,0.0011480881271289656,2
2014-06-25,-1,-0.005747126436781658,0.005747126436781658,2
2014-06-26,-1,0.0013873149893877113,-0.0013873149893877113,2
2014-06-27,1,-0.0009235953419297616,-0.0009235953419297616,2
2014-06-30,-1,0.00808870973927367,-0.00808870973927367,2
2014-07-01,1,-0.002292491439012778,-0.002292491439012778,2
2014-07-02,-1,0.00666362390801889,-0.00666362390801889,2
2014-07-03,1,-0.01506504968553779,-0.01506504968553779,2
2014-07-07,-1,-0.014368545183253145,0.014368545183253145,2
2014-07-08,-1,0.007994360741750084,-0.007994360741750084,2
2014-07-09,-1,-0.01586191560807404,0.01586191560807404,2
2014-07-10,-1,-0.0007110400633643099,0.0007110400633643099,2
2014-07-11,-1,0.006166943132689839,-0.006166943132689839,2
2014-07-14,1,-0.008015001239192188,-0.008015001239192188,2
2014-07-15,1,0.00855505655868627,0.00855505655868627,2
2014-07-16,1,-0.020499504242143085,-0.020499504242143085,2
2014-07-17,1,0.011787387107626168,0.011787387107626168,2
2014-07-18,-1,-0.008321499700202573,0.008321499700202573,2
2014-07-21,-1,0.006952791222555987,-0.006952791222555987,2
2014-07-22,1,0.0021428607759022,0.0021428607759022,2
2014-07-23,1,0.008315478091049044,0.008315478091049044,2
2014-07-24,1,-0.01225260307705145,-0.01225260307705145,2
2014-07-25,-1,-0.0016698401212258407,0.0016698401212258407,2
2014-07-28,-1,-0.0014336334714767363,0.0014336334714767363,2
2014-07-29,1,-0.0014357830097275759,-0.0014357830097275759,2
2014-07-30,-1,-0.023244697611878862,0.023244697611878862,2
2014-07-31,-1,-0.009568189541421135,0.009568189541421135,2
2014-08-01,-1,0.00520195453867256,-0.00520195453867256,2
2014-08-04,-1,-0.01798923913243744,0.01798923913243744,2
2014-08-05,-1,0.0,-0.0,2
2014-08-06,-1,-0.014805525098603,0.014805525098603,2
2014-08-07,1,0.014773353434825998,0.014773353434825998,2
2014-08-08,1,-0.0007529814051701056,-0.0007529814051701056,2
2014-08-11,-1,-0.005023882342130137,0.005023882342130137,2
2014-08-12,-1,0.008078760158882536,-0.008078760158882536,2
2014-08-13,1,0.005509672402246535,0.005509672402246535,2
2014-08-14,1,-0.004732314674603,-0.004732314674603,2
2014-08-15,1,0.007507488586933286,0.007507488586933286,2
2014-08-18,1,0.0024839118973551955,0.0024839118973551955,2
2014-08-19,-1,-0.006689803113987591,0.006689803113987591,2
2014-08-20,-1,0.012222541197350667,-0.012222541197350667,2
2014-08-21,1,-0.00911785928749953,-0.00911785928749953,2
2014-08-22,-1,0.01467297105250931,-0.01467297105250931,2
2014-08-25,1,0.007843129921766057,0.007843129921766057,2
2014-08-26,1,0.0019455698719061942,0.0019455698719061942,2
2014-08-27,1,-0.007766982740254447,-0.007766982740254447,2
2014-08-28,-1,-0.0004892479755650436,0.0004892479755650436,2
2014-08-29,-1,0.00024469704806295844,-0.00024469704806295844,2
2014-09-02,1,0.011499907829370049,0.011499907829370049,2
2014-09-03,1,0.0031446799137735404,0.0031446799137735404,2
2014-09-04,1,0.005304977080541562,0.005304977080541562,2
2014-09-05,1,-0.012473026502584972,-0.012473026502584972,2
2014-09-08,-1,-0.0024289161663486603,0.0024289161663486603,2
2014-09-09,-1,0.002191384301355015,-0.002191384301355015,2
2014-09-10,-1,-0.0036443519542028735,0.0036443519542028735,2
2014-09-11,-1,-0.0014629983186867923,0.0014629983186867923,2
2014-09-12,-1,0.0009768233158018447,-0.0009768233158018447,2
2014-09-15,1,0.002683503077582916,0.002683503077582916,2
2014-09-16,1,-0.004136208643714556,-0.004136208643714556,2
2014-09-17,-1,0.008551147605948994,-0.008551147605948994,2
2014-09-18,1,-0.006782916365717151,-0.006782916365717151,2
2014-09-19,1,-0.002926803216701579,-0.002926803216701579,2
2014-09-22,-1,-0.014921736653948803,0.014921736653948803,2
2014-09-23,-1,0.009436331358222638,-0.009436331358222638,2
2014-09-24,-1,-0.01943421613463925,0.01943421613463925,2
2014-09-25,1,0.006773719358487806,0.006773719358487806,2
2014-09-26,1,-0.012210357972208485,-0.012210357972208485,2
2014-09-29,-1,0.00151365727080921,-0.00151365727080921,2
2014-09-30,1,-0.010579394850658397,-0.010579394850658397,2
2014-10-01,1,-0.014765734072861525,-0.014765734072861525,2
2014-10-02,-1,-0.0036175552167561076,0.0036175552167561076,2
2014-10-03,-1,0.003889981997913905,-0.003889981997913905,2
2014-10-06,1,-0.022991459847526374,-0.022991459847526374,2
2014-10-07,-1,0.02009524437765875,-0.02009524437765875,2
2014-10-08,1,-0.03136347438418052,-0.03136347438418052,2
2014-10-09,1,-0.015520418328472507,-0.015520418328472507,2
2014-10-10,-1,0.00190268260620452,-0.00190268260620452,2
2014-10-13,1,0.004069389818173619,0.004069389818173619,2
2014-10-14,1,-0.01405016662116032,-0.01405016662116032,2
2014-10-15,-1,-0.015072705575740697,0.015072705575740697,2
2014-10-16,-1,0.022815796498523833,-0.022815796498523833,2
2014-10-17,1,0.0032644927111364908,0.0032644927111364908,2
2014-10-20,1,0.015184315140324145,0.015184315140324145,2
2014-10-21,1,-0.01495720029739156,-0.01495720029739156,2
2014-10-22,-1,0.018980497360794324,-0.018980497360794324,2
2014-10-23,1,0.0047896881774436295,0.0047896881774436295,2
2014-10-24,1,-0.009533813868021324,-0.009533813868021324,2
2014-10-27,-1,0.017112282447517835,-0.017112282447517835,2
2014-10-28,1,-0.01682437892337696,-0.01682437892337696,2
2014-10-29,-1,0.005080176977466655,-0.005080176977466655,2
2014-10-30,-1,0.01808992557636291,-0.01808992557636291,2
2014-10-31,1,-0.012019834830687581,-0.012019834830687581,2
2014-11-03,-1,-0.007934489311331672,0.007934489311331672,2
2014-11-04,-1,0.00586513544514955,-0.00586513544514955,2
2014-11-05,1,-0.0007950909001017692,-0.0007950909001017692,2
2014-11-06,1,-0.0071618157108658265,-0.0071618157108658265,2
2014-11-07,-1,0.0064119118838570355,-0.0064119118838570355,2
2014-11-10,1,0.006636581156143961,0.006636581156143961,2
2014-11-11,1,-0.017141290679543286,-0.017141290679543286,2
2014-11-12,-1,0.004829629808557945,-0.004829629808557945,2
2014-11-13,-1,0.0016020709578494774,-0.0016020709578494774,2
2014-11-14,-1,0.005065381229227617,-0.005065381229227617,2
2014-11-17,1,0.019363382691332642,0.019363382691332642,2
2014-11-18,1,0.0002601696969504186,0.0002601696969504186,2
2014-11-19,1,-0.0075441496147343745,-0.0075441496147343745,2
2014-11-20,-1,0.015989430439223185,-0.015989430439223185,2
2014-11-21,1,0.013157950420940479,0.013157950420940479,2
2014-11-24,1,0.006620787331358402,0.006620787331358402,2
2014-11-25,1,0.004300581555585881,0.004300581555585881,2
2014-11-26,1,-0.0020151594336836887,-0.0020151594336836887,2
2014-11-28,-1,-0.0015143250936704433,0.0015143250936704433,2
2014-12-01,-1,-0.002780601782936931,0.002780601782936931,2
2014-12-02,-1,-0.0035487804040794657,0.0035487804040794657,2
2014-12-03,-1,-0.00763172325813366,0.00763172325813366,2
2014-12-04,-1,0.012304623880710075,-0.012304623880710075,2
2014-12-05,1,-0.01012918482849845,-0.01012918482849845,2
2014-12-08,1,-0.008697880564356608,-0.008697880564356608,2
2014-12-09,-1,-0.012645204605594706,0.012645204605594706,2
2014-12-10,-1,-0.002090904857996234,0.002090904857996234,2
2014-12-11,-1,-0.025406003482185135,0.025406003482185135,3
2014-12-12,-1,-0.02015587257332041,0.02015587257332041,3
2014-12-15,-1,0.010148183101288177,-0.010148183101288177,3
2014-12-16,-1,0.015476504656146917,-0.015476504656146917,3
2014-12-17,1,0.02245989621167932,0.02245989621167932,3
2014-12-18,1,-0.01856702060684612,-0.01856702060684612,3
2014-12-19,-1,0.006394929024063689,-0.006394929024063689,3
2014-12-22,1,0.002912380434693773,0.002912380434693773,3
2014-12-23,1,0.003959812749527503,0.003959812749527503,3
2014-12-24,1,0.0010518253171525327,0.0010518253171525327,3
2014-12-26,1,-0.00788020066890971,-0.00788020066890971,3
2014-12-29,-1,-0.015620866969479064,0.015620866969479064,3
2014-12-30,-1,-0.008606769558839211,0.008606769558839211,3
2014-12-31,-1,-0.0008138572653320075,0.0008138572653320075,3
2015-01-02,-1,-0.042628385323556284,0.042628385323556284,3
2015-01-05,-1,-0.011344235116918955,0.011344235116918955,3
2015-01-06,-1,0.011761326455351773,-0.011761326455351773,3
2015-01-07,1,0.015026900267028909,0.015026900267028909,3
2015-01-08,1,-0.01508382477752479,-0.01508382477752479,3
2015-01-09,-1,0.005104943668299944,-0.005104943668299944,3
2015-01-12,1,0.00479689588685428,0.00479689588685428,3
2015-01-13,1,0.0030890370251661636,0.0030890370251661636,3
2015-01-14,1,-0.002519601050173681,-0.002519601050173681,3
2015-01-15,-1,0.02161101416448541,-0.02161101416448541,3
2015-01-16,1,0.008516416087877232,0.008516416087877232,3
2015-01-20,1,0.009806609080081241,0.009806609080081241,3
2015-01-21,1,0.004046439900560639,0.004046439900560639,3
2015-01-22,1,-0.007522906631136639,-0.007522906631136639,3
2015-01-23,-1,0.018679005605250598,-0.018679005605250598,3
2015-01-26,1,-0.0031890178893381194,-0.0031890178893381194,3
2015-01-27,-1,-0.024260194298374782,0.024260194298374782,3
2015-01-28,-1,0.02732240551067444,-0.02732240551067444,3
2015-01-29,1,-0.018882955140578694,-0.018882955140578694,3
2015-01-30,-1,0.017891023538409323,-0.017891023538409323,3
2015-02-02,1,0.02450071910346585,0.02450071910346585,3
2015-02-03,1,-0.02131530202247367,-0.02131530202247367,3
2015-02-04,-1,0.016732994100542964,-0.016732994100542964,3
2015-02-05,1,-0.02429467959332221,-0.02429467959332221,3
2015-02-06,-1,-0.008567595927639449,0.008567595927639449,3
2015-02-09,-1,0.014312789939665338,-0.014312789939665338,3
2015-02-10,1,-0.006389820811813496,-0.006389820811813496,3
2015-02-11,-1,0.027063294332516863,-0.027063294332516863,3
2015-02-12,1,0.004435120292834993,0.004435120292834993,3
2015-02-13,1,0.0020779696377841717,0.0020779696377841717,3
2015-02-17,1,0.0010367314393926463,0.0010367314393926463,3
2015-02-18,1,0.0,0.0,3
2015-02-19,1,0.015277062892427695,0.015277062892427695,3
2015-02-20,1,-0.006886010305228285,-0.006886010305228285,3
2015-02-23,-1,0.011556260370045202,-0.011556260370045202,3
2015-02-24,1,-0.001269338355808336,-0.001269338355808336,3
2015-02-25,1,-0.005846455041795373,-0.005846455041795373,3
2015-02-26,-1,0.0038352776487029505,-0.0038352776487029505,3
2015-02-27,1,0.0020377441282468656,0.0020377441282468656,3
2015-03-02,1,-0.009659406879545696,-0.009659406879545696,3
2015-03-03,-1,-0.002053337223750229,0.002053337223750229,3
2015-03-04,-1,0.002829233727613456,-0.002829233727613456,3
2015-03-05,1,-0.020774591906169593,-0.020774591906169593,3
2015-03-06,-1,0.004190671716427952,-0.004190671716427952,3
2015-03-09,-1,-0.025039099651851693,0.025039099651851693,3
2015-03-10,-1,0.007223126004508806,-0.007223126004508806,3
2015-03-11,-1,0.007702445925021895,-0.007702445925021895,3
2015-03-12,1,-0.0071165120594811615,-0.0071165120594811615,3
2015-03-13,-1,0.01752067146776426,-0.01752067146776426,3
2015-03-16,1,-0.004435219815326019,-0.004435219815326019,3
2015-03-17,1,0.015985341006046427,0.015985341006046427,3
2015-03-18,1,-0.01496006768652336,-0.01496006768652336,3
2015-03-19,-1,0.028803412630893588,-0.028803412630893588,3
2015-03-20,1,0.004581326062139235,0.004581326062139235,3
2015-03-23,1,0.005067062124570754,0.005067062124570754,3
2015-03-24,1,-0.007058199955150668,-0.007058199955150668,3
2015-03-25,-1,-0.008631636401528864,0.008631636401528864,3
2015-03-26,-1,0.004865619593301451,-0.004865619593301451,3
2015-03-27,-1,0.0035677722645273136,-0.0035677722645273136,3
2015-03-30,1,-0.014220450942151741,-0.014220450942151741,3
2015-03-31,-1,0.00875837597271345,-0.00875837597271345,3
2015-04-01,-1,0.010469863355712095,-0.010469863355712095,3
2015-04-02,1,0.010614151803936211,0.010614151803936211,3
2015-04-06,1,-0.006251562628331042,-0.006251562628331042,3
2015-04-07,1,-0.002768007189369759,-0.002768007189369759,3
2015-04-08,-1,-0.002523398590034809,0.002523398590034809,3
2015-04-09,-1,0.0025297822389696023,-0.0025297822389696023,3
2015-04-10,-1,-0.005803672370359281,0.005803672370359281,3
2015-04-13,-1,0.003807048359709242,-0.003807048359709242,3
2015-04-14,1,0.0032870055783318364,0.0032870055783318364,3
2015-04-15,1,-0.003528210397472642,-0.003528210397472642,3
2015-04-16,-1,-0.01745074419397108,0.01745074419397108,3
2015-04-17,-1,0.0033462309709439975,-0.0033462309709439975,3
2015-04-20,-1,0.004617760576952845,-0.004617760576952845,3
2015-04-21,1,0.0022982674396980762,0.0022982674396980762,3
2015-04-22,1,0.002802563321058882,0.002802563321058882,3
2015-04-23,-1,0.004573178414241319,-0.004573178414241319,3
2015-04-24,1,0.013657078983912774,0.013657078983912774,3
2015-04-27,1,-0.0002495542857664512,-0.0002495542857664512,3
2015-04-28,1,-0.013725960600184162,-0.013725960600184162,3
2015-04-29,-1,0.0025303257328643802,-0.0025303257328643802,3
2015-04-30,-1,0.009338787394167936,-0.009338787394167936,3
2015-05-01,1,-0.004251112190728379,-0.004251112190728379,3
2015-05-04,-1,-0.019085844484122094,0.019085844484122094,3
2015-05-05,-1,0.013568836678518048,-0.013568836678518048,3
2015-05-06,1,-0.0047991570087569935,-0.0047991570087569935,3
2015-05-07,-1,0.023604067745148116,-0.023604067745148116,3
2015-05-08,1,-0.012645725590762602,-0.012645725590762602,3
2015-05-11,1,-0.004018077565000722,-0.004018077565000722,3
2015-05-12,-1,0.0025213937091737026,-0.0025213937091737026,3
2015-05-13,1,0.02137832808604556,0.02137832808604556,3
2015-05-14,1,-0.0002462973671544244,-0.0002462973671544244,3
2015-05-15,-1,-0.0059112776549119506,0.0059112776549119506,3
2015-05-18,-1,0.0019821113763041076,-0.0019821113763041076,3
2015-05-19,1,0.0029674270686739224,0.0029674270686739224,3
2015-05-20,1,0.0036981682964245532,0.0036981682964245532,3
2015-05-21,1,-0.010808121753969946,-0.010808121753969946,3
2015-05-22,-1,-0.02582569912354793,0.02582569912354793,3
2015-05-26,-1,0.015804204412932954,-0.015804204412932954,3
2015-05-27,-1,-0.0020074785300022713,0.0020074785300022713,3
2015-05-28,-1,-0.01860703218378612,0.01860703218378612,3
2015-05-29,-1,-0.001024778428927231,0.001024778428927231,3
2015-06-01,-1,0.010258981635349551,-0.010258981635349551,3
2015-06-02,1,0.015232350802626193,0.015232350802626193,3
2015-06-03,1,-0.014753691618512366,-0.014753691618512366,3
2015-06-04,1,-0.015228483898008571,-0.015228483898008571,3
2015-06-05,-1,-0.002061804585836491,0.002061804585836491,4
2015-06-08,-1,-0.0038740062280447907,0.0038740062280447907,4
2015-06-09,-1,0.028519535463431778,-0.028519535463431778,4
2015-06-10,1,0.0030250252614323347,0.0030250252614323347,4
2015-06-11,1,-0.01407392210118008,-0.01407392210118008,4
2015-06-12,-1,-0.013000212273368006,0.013000212273368006,4
2015-06-15,-1,-0.002066162926976145,0.002066162926976145,4
2015-06-16,-1,-0.0046583930646749705,0.0046583930646749705,4
2015-06-17,-1,0.018460715064325228,-0.018460715064325228,4
2015-06-18,1,-0.025529743343026712,-0.025529743343026712,4
2015-06-19,-1,0.0385119541844543,-0.0385119541844543,4
2015-06-22,1,-0.0022704377894464667,-0.0022704377894464667,4
2015-06-23,1,-0.008343818526504454,-0.008343818526504454,4
2015-06-24,-1,0.00178479583491864,-0.00178479583491864,4
2015-06-25,1,0.004072279045147065,0.004072279045147065,4
2015-06-26,1,-0.04512047045804701,-0.04512047045804701,4
2015-06-29,-1,-0.006371061200830752,0.006371061200830752,4
2015-06-30,-1,0.006144791353488888,-0.006144791353488888,4
2015-07-01,1,-0.00398304637511071,-0.00398304637511071,4
2015-07-02,1,-0.036523566867191715,-0.036523566867191715,4
2015-07-06,-1,0.002490319704146593,-0.002490319704146593,4
2015-07-07,-1,-0.012696635116884236,0.012696635116884236,4
2015-07-08,-1,0.02376288686729966,-0.02376288686729966,4
2015-07-09,1,0.05488809925880078,0.05488809925880078,4
2015-07-10,1,-0.0015532325040638062,-0.0015532325040638062,4
2015-07-13,1,0.006741045846193172,0.006741045846193172,4
2015-07-14,1,-0.003347954210274229,-0.003347954210274229,4
2015-07-15,-1,0.010077503409816835,-0.010077503409816835,4
2015-07-16,1,-0.00434898907595227,-0.00434898907595227,4
2015-07-17,-1,0.0028263261954450947,-0.0028263261954450947,4
2015-07-20,1,-0.001793484422585978,-0.001793484422585978,4
2015-07-21,-1,-0.0041067723606769135,0.0041067723606769135,4
2015-07-22,-1,-0.0005154757256945475,0.0005154757256945475,4
2015-07-23,-1,-0.010314536456230705,0.010314536456230705,4
2015-07-24,-1,-0.009640509022533994,0.009640509022533994,4
2015-07-27,-1,0.011049776432235259,-0.011049776432235259,4
2015-07-28,1,0.0007806083543755449,0.0007806083543755449,4
2015-07-29,1,-0.004160162538243695,-0.004160162538243695,4
2015-07-30,-1,0.007310772834773216,-0.007310772834773216,4
2015-07-31,1,0.004665538671219771,0.004665538671219771,4
2015-08-03,1,-0.005933940975135443,-0.005933940975135443,4
2015-08-04,1,0.011938824649459612,0.011938824649459612,4
2015-08-05,1,0.0020517571919367317,0.0020517571919367317,4
2015-08-06,1,-0.0010238268707394305,-0.0010238268707394305,4
2015-08-07,-1,0.014347973118258528,-0.014347973118258528,4
2015-08-10,1,-0.015913136289140706,-0.015913136289140706,4
2015-08-11,-1,-0.010523610293808106,0.010523610293808106,4
2015-08-12,-1,-0.008560259997104636,0.008560259997104636,4
2015-08-13,-1,-0.002616490989649445,0.002616490989649445,4
2015-08-14,-1,-0.00419726788812369,0.00419726788812369,4
2015-08-17,-1,-0.008956800863753611,0.008956800863753611,4
2015-08-18,-1,-0.008240233051442503,0.008240233051442503,4
2015-08-19,-1,-0.025462362046963838,0.025462362046963838,4
2015-08-20,-1,-0.019251945852282626,0.019251945852282626,4
2015-08-21,-1,-0.027762245729191837,0.027762245729191837,4
2015-08-24,-1,0.009518368863090432,-0.009518368863090432,4
2015-08-25,1,0.022571454729352736,0.022571454729352736,4
2015-08-26,1,0.011735070081070997,0.011735070081070997,4
2015-08-27,1,-0.009389675812880305,-0.009389675812880305,4
2015-08-28,-1,-0.0027878025396930184,0.0027878025396930184,4
2015-08-31,-1,-0.02571993211822554,0.02571993211822554,4
2015-09-01,-1,0.01406030702786576,-0.01406030702786576,4
2015-09-02,-1,-0.0005659439071113992,0.0005659439071113992,4
2015-09-03,1,-0.022083770839080086,-0.022083770839080086,4
2015-09-04,-1,0.02924140980781398,-0.02924140980781398,4
2015-09-08,1,-0.007876196492431431,-0.007876196492431431,4
2015-09-09,1,0.009356337172510054,0.009356337172510054,4
2015-09-10,1,-0.0019662836467564393,-0.0019662836467564393,4
2015-09-11,-1,-0.00928787018562216,0.00928787018562216,4
2015-09-14,-1,0.007670467383851465,-0.007670467383851465,4
2015-09-15,1,0.012686691084169865,0.012686691084169865,4
2015-09-16,1,0.008908784126780533,0.008908784126780533,4
2015-09-17,1,-0.03890727875572664,-0.03890727875572664,4
2015-09-18,-1,-0.0017226922232751463,0.0017226922232751463,4
2015-09-21,-1,-0.03163653363060981,0.03163653363060981,4
2015-09-22,-1,-0.002375943590968377,0.002375943590968377,4
2015-09-23,-1,-0.0044656601725959755,0.0044656601725959755,4
2015-09-24,-1,0.009868476214323518,-0.009868476214323518,4
2015-09-25,1,-0.017471132501931885,-0.017471132501931885,4
2015-09-28,1,0.004219390848727578,0.004219390848727578,4
2015-09-29,-1,0.01590632605495501,-0.01590632605495501,4
2015-09-30,1,-0.003249536207169723,-0.003249536207169723,4
2015-10-01,1,0.016597437188367037,0.016597437188367037,4
2015-10-02,1,0.023323593436006984,0.023323593436006984,4
2015-10-05,1,0.008262134704682733,0.008262134704682733,4
2015-10-06,1,0.00932471988544914,0.00932471988544914,4
2015-10-07,1,0.005039202100347362,0.005039202100347362,4
2015-10-08,1,0.005570945396701887,0.005570945396701887,4
2015-10-09,1,-0.002493079124432862,-0.002493079124432862,4
2015-10-12,-1,-0.009997134474705738,0.009997134474705738,4
2015-10-13,-1,0.004207509249971597,-0.004207509249971597,4
2015-10-14,1,0.012290571250927806,0.012290571250927806,4
2015-10-15,1,0.0016555616946729579,0.0016555616946729579,4
2015-10-16,1,-0.0016528253403513826,-0.0016528253403513826,4
2015-10-19,-1,-0.0035872257752260772,0.0035872257752260772,4
2015-10-20,-1,-0.0008307609745172861,0.0008307609745172861,4
2015-10-21,1,0.013303756038703485,0.013303756038703485,4
2015-10-22,1,0.010940856021790513,0.010940856021790513,4
2015-10-23,1,-0.0029762070637543436,-0.0029762070637543436,4
2015-10-26,-1,-0.007598338965835061,0.007598338965835061,4
2015-10-27,-1,0.005468984539471089,-0.005468984539471089,4
2015-10-28,1,-0.005439237434037736,-0.005439237434037736,4
2015-10-29,-1,0.0013672200568166648,-0.0013672200568166648,4
2015-10-30,1,0.011742226043632842,0.011742226043632842,4
2015-11-02,1,-0.003238837634434666,-0.003238837634434666,4
2015-11-03,-1,-0.010831343692754958,0.010831343692754958,4
2015-11-04,-1,0.0027375387944177376,-0.0027375387944177376,4
2015-11-05,1,-0.0024570065510107764,-0.0024570065510107764,4
2015-11-06,-1,-0.01313627614148083,0.01313627614148083,4
2015-11-09,-1,-0.004159775933619603,0.004159775933619603,4
2015-11-10,-1,0.0027846971469229764,-0.0027846971469229764,4
2015-11-11,1,-0.012496444576980181,-0.012496444576980181,4
2015-11-12,-1,-0.010405026217460644,0.010405026217460644,4
2015-11-13,-1,0.009093484152094877,-0.009093484152094877,4
2015-11-16,1,0.003379407272719126,0.003379407272719126,4
2015-11-17,1,0.00982313959104264,0.00982313959104264,4
2015-11-18,1,0.003057271032547826,0.003057271032547826,4
2015-11-19,1,-0.005541722418782258,-0.005541722418782258,4
2015-11-20,1,-0.006129875297980036,-0.006129875297980036,4
2015-11-23,-1,-0.0025230261427088285,0.0025230261427088285,4
2015-11-24,-1,0.0064642925913394045,-0.0064642925913394045,5
2015-11-25,1,0.007819010571323615,0.007819010571323615,5
2015-11-27,1,0.000831221367970203,0.000831221367970203,5
2015-11-30,1,0.002768612729112885,0.002768612729112885,5
2015-12-01,1,-0.013804527419899792,-0.013804527419899792,5
2015-12-02,-1,-0.009518480990163836,0.009518480990163836,5
2015-12-03,-1,0.011871061511183001,-0.011871061511183001,5
2015-12-04,-1,-0.002793253526597095,0.002793253526597095,5
2015-12-07,-1,-0.015686312642109512,0.015686312642109512,5
2015-12-08,-1,-0.004553211445394667,0.004553211445394667,5
2015-12-09,-1,-0.002858732859626012,0.002858732859626012,5
2015-12-10,-1,-0.018348605792718242,0.018348605792718242,5
2015-12-11,-1,-0.001752376470493866,0.001752376470493866,5
2015-12-14,-1,0.011410163433772214,-0.011410163433772214,5
2015-12-15,1,0.01822392460736877,0.01822392460736877,5
2015-12-16,1,-0.009375051815400326,-0.009375051815400326,5
2015-12-17,1,-0.0192141723392103,-0.0192141723392103,5
2015-12-18,-1,0.00380120073728496,-0.00380120073728496,5
2015-12-21,1,0.006117071752751668,0.006117071752751668,5
2015-12-22,1,0.016792067196983895,0.016792067196983895,5
2015-12-23,1,-0.002562646791716805,-0.002562646791716805,5
2015-12-24,1,-0.001998278540209064,-0.001998278540209064,5
2015-12-28,-1,0.009439411890638683,-0.009439411890638683,5
2015-12-29,1,-0.011051271735072143,-0.011051271735072143,5
2015-12-30,-1,-0.013467083098968158,0.013467083098968158,5
2015-12-31,-1,-0.02120242624937152,0.02120242624937152,5
2016-01-04,-1,-0.00890205431064739,0.00890205431064739,5
2016-01-05,-1,-0.01706585834681995,0.01706585834681995,5
2016-01-06,-1,-0.014011662306238293,0.014011662306238293,5
2016-01-07,-1,-0.010194563708569415,0.010194563708569415,5
2016-01-08,-1,0.005617986892395788,-0.005617986892395788,5
2016-01-11,1,0.012414577778619762,0.012414577778619762,5
2016-01-12,1,-0.020846058249329835,-0.020846058249329835,5
2016-01-13,1,0.012210434892798938,0.012210434892798938,5
2016-01-14,1,-0.0330962431664652,-0.0330962431664652,5
2016-01-15,-1,0.008317345712672619,-0.008317345712672619,5
2016-01-19,1,-0.021256347289453137,-0.021256347289453137,5
2016-01-20,-1,0.010372761454370272,-0.010372761454370272,5
2016-01-21,-1,0.025344851018448855,-0.025344851018448855,5
2016-01-22,1,-0.013767166436583267,-0.013767166436583267,5
2016-01-25,1,0.021890819057365674,0.021890819057365674,5
2016-01-26,1,-0.008071975440028467,-0.008071975440028467,5
2016-01-27,-1,-0.0006259924033200637,0.0006259924033200637,5
2016-01-28,-1,0.012527451364103603,-0.012527451364103603,5
2016-01-29,1,-0.004330442202796991,-0.004330442202796991,5
2016-02-01,-1,-0.02982289920559722,0.02982289920559722,5
2016-02-02,-1,0.013768822013405346,-0.013768822013405346,5
2016-02-03,-1,0.004421964318483074,-0.004421964318483074,5
2016-02-04,-1,-0.01666662867963853,0.01666662867963853,5
2016-02-05,-1,-0.02270549988575432,0.02270549988575432,5
2016-02-08,-1,-0.009816729132959612,0.009816729132959612,5
2016-02-09,-1,0.003965595868377747,-0.003965595868377747,5
2016-02-10,1,-0.015141510769582589,-0.015141510769582589,5
2016-02-11,-1,0.013368971173472577,-0.013368971173472577,5
2016-02-12,1,0.018469639563946982,0.018469639563946982,5
2016-02-16,1,0.022020735869699326,0.022020735869699326,5
2016-02-17,1,-0.008555087293534491,-0.008555087293534491,5
2016-02-18,1,-0.0035155195632153857,-0.0035155195632153857,5
2016-02-19,-1,0.012507998262710096,-0.012507998262710096,5
2016-02-22,1,-0.018055106123984754,-0.018055106123984754,5
2016-02-23,1,-0.0077419281005859375,-0.0077419281005859375,5
2016-02-24,-1,0.013003888672104003,-0.013003888672104003,5
2016-02-25,1,-0.0006418632176383721,-0.0006418632176383721,5
2016-02-26,1,-0.006422570954105589,-0.006422570954105589,5
2016-02-29,-1,0.030704552010110575,-0.030704552010110575,5
2016-03-01,1,0.005644412311723412,0.005644412311723412,5
2016-03-02,1,0.009042747685904962,0.009042747685904962,5
2016-03-03,1,0.005871403681253495,0.005871403681253495,5
2016-03-04,1,-0.0021505283092148053,-0.0021505283092148053,5
2016-03-07,-1,-0.007697044443455314,0.007697044443455314,5
2016-03-08,-1,0.0043437602121270125,-0.0043437602121270125,5
2016-03-09,1,0.0021624867820204674,0.0021624867820204674,5
2016-03-10,1,0.03452536356336022,0.03452536356336022,5
2016-03-11,1,-0.0023838446895403376,-0.0023838446895403376,5
2016-03-14,1,-0.005973738520729244,-0.005973738520729244,5
2016-03-15,-1,0.012019277059821976,-0.012019277059821976,5
2016-03-16,1,-0.0005938378142056333,-0.0005938378142056333,5
2016-03-17,-1,-0.0011883813341853067,0.0011883813341853067,5
2016-03-18,1,-0.0032718802452798013,-0.0032718802452798013,5
2016-03-21,-1,-0.003282506749145764,0.003282506749145764,5
2016-03-22,-1,-0.010778460895357389,0.010778460895357389,5
2016-03-23,1,-0.010290561233855966,-0.010290561233855966,5
2016-03-24,-1,0.0021406634003371394,-0.0021406634003371394,5
2016-03-28,1,0.013121766834577775,0.013121766834577775,5
2016-03-29,1,0.01054212247223174,0.01054212247223174,5
2016-03-30,1,-0.009537994101375014,-0.009537994101375014,5
2016-03-31,1,-0.010532605445156107,-0.010532605445156107,5
2016-04-01,-1,-0.0024331456343007485,0.0024331456343007485,5
2016-04-04,-1,-0.02408539432631218,0.02408539432631218,5
2016-04-05,-1,0.013433312331244895,-0.013433312331244895,5
2016-04-06,-1,-0.021886532507066403,0.021886532507066403,5
2016-04-07,-1,0.018909621729420012,-0.018909621729420012,5
2016-04-08,1,0.0021651621051559378,0.0021651621051559378,5
2016-04-11,1,0.012962905838441063,0.012962905838441063,5
2016-04-12,1,0.01889088780163939,0.01889088780163939,5
2016-04-13,1,0.0038875919095104905,0.0038875919095104905,5
2016-04-14,1,0.0002979486541969667,0.0002979486541969667,5
2016-04-15,1,0.009827218533747795,0.009827218533747795,5
2016-04-18,1,0.01975824201290033,0.01975824201290033,5
2016-04-19,1,0.003759318870284911,0.003759318870284911,5
2016-04-20,1,-0.0008642690892577409,-0.0008642690892577409,5
2016-04-21,1,-0.00403689124614981,-0.00403689124614981,5
2016-04-22,-1,-0.004053253790896716,0.004053253790896716,5
2016-04-25,-1,0.0031975811271853782,-0.0031975811271853782,5
2016-04-26,1,0.00695455491567043,0.00695455491567043,5
2016-04-27,1,-0.010647451277259412,-0.010647451277259412,5
2016-04-28,-1,-0.00814434512201978,0.00814434512201978,5
2016-04-29,-1,0.008211220132652963,-0.008211220132652963,5
2016-05-02,1,-0.020942443232524255,-0.020942443232524255,5
2016-05-03,-1,-0.013666045352285439,0.013666045352285439,5
2016-05-04,-1,-0.0057229649710835995,0.0057229649710835995,5
2016-05-05,-1,0.006664684395321974,-0.006664684395321974,5
2016-05-06,-1,-0.0009027619533592546,0.0009027619533592546,5
2016-05-09,1,0.01174696929777741,0.01174696929777741,5
2016-05-10,1,-0.008931206778736267,-0.008931206778736267,5
2016-05-11,-1,-0.004505903326933902,0.004505903326933902,5
2016-05-12,1,-0.010561209431718344,-0.010561209431718344,5
2016-05-13,-1,0.011283895137360611,-0.011283895137360611,5
2016-05-16,-1,-0.012967439902124678,0.012967439902124678,5
2016-05-17,-1,0.0012221483680658896,-0.0012221483680658896,5
2016-05-18,-1,-0.007018600519483331,0.007018600519483331,6
2016-05-19,-1,0.010755945429432368,-0.010755945429432368,6
2016-05-20,1,-0.005472797461724244,-0.005472797461724244,6
2016-05-23,1,0.02109454175233516,0.02109454175233516,6
2016-05-24,1,0.01497005919633243,0.01497005919633243,6
2016-05-25,1,0.00648959870511856,0.00648959870511856,6
2016-05-26,1,-0.0011722480094423782,-0.0011722480094423782,6
2016-05-27,-1,-0.005575188708854872,0.005575188708854872,6
2016-05-31,1,-0.001180316206779386,-0.001180316206779386,6
2016-06-01,-1,0.0005908554997118287,-0.0005908554997118287,6
2016-06-02,-1,0.001476210175296977,-0.001476210175296977,6
2016-06-03,1,0.002063782821355664,0.002063782821355664,6
2016-06-06,1,0.008531835437177948,0.008531835437177948,6
2016-06-07,1,0.0005834439462042429,0.0005834439462042429,6
2016-06-08,1,-0.01457725979946256,-0.01457725979946256,6
2016-06-09,-1,-0.035502981953434265,0.035502981953434265,6
2016-06-10,-1,-0.017791351027756752,0.017791351027756752,6
2016-06-13,-1,-0.018113676309002846,0.018113676309002846,6
2016-06-14,-1,0.007951653808949022,-0.007951653808949022,6
2016-06-15,1,0.009466684506304501,0.009466684506304501,6
2016-06-16,-1,-0.015317279606877454,0.015317279606877454,6
2016-06-17,-1,0.022222246442522353,-0.022222246442522353,6
2016-06-20,1,0.012422288872800724,0.012422288872800724,6
2016-06-21,1,0.0018405330091855188,0.0018405330091855188,6
2016-06-22,1,0.03551744803526158,0.03551744803526158,6
2016-06-23,1,-0.12211706676622625,-0.12211706676622625,6
2016-06-24,-1,-0.017177508242103623,0.017177508242103623,6
2016-06-27,-1,0.026387952354719246,-0.026387952354719246,6
2016-06-28,1,0.018697811408249887,0.018697811408249887,6
2016-06-29,1,0.021632246557223178,0.021632246557223178,6
2016-06-30,1,-0.0009624859342982628,-0.0009624859342982628,6
2016-07-01,1,-0.03018621211089234,-0.03018621211089234,6
2016-07-05,1,-0.002980137427623375,-0.002980137427623375,6
2016-07-06,-1,-0.00763870624120444,0.00763870624120444,6
2016-07-07,-1,0.020415014306711,-0.020415014306711,6
2016-07-08,1,0.013775010805076926,0.013775010805076926,6
2016-07-11,1,0.020058260831253616,0.020058260831253616,6
2016-07-12,1,0.0028544291350431905,0.0028544291350431905,6
2016-07-13,1,0.01233388589338369,0.01233388589338369,6
2016-07-14,1,-0.004685964356353489,-0.004685964356353489,6
2016-07-15,1,-0.0034526242386769823,-0.0034526242386769823,6
2016-07-18,-1,-0.009448794868048727,0.009448794868048727,6
2016-07-19,-1,0.008902981637661123,-0.008902981637661123,6
2016-07-20,1,-0.0006303327466818942,-0.0006303327466818942,6
2016-07-21,1,0.0012614606333094525,0.0012614606333094525,6
2016-07-22,1,-0.00031496783879803036,-0.00031496783879803036,6
2016-07-25,1,0.005040953010897686,0.005040953010897686,6
2016-07-26,1,0.008777451096985578,0.008777451096985578,6
2016-07-27,1,0.0006215182589808244,0.0006215182589808244,6
2016-07-28,1,0.011490649786276341,0.011490649786276341,6
2016-07-29,1,-0.013202342929223732,-0.013202342929223732,6
2016-08-01,-1,-0.010578723056771322,0.010578723056771322,6
2016-08-02,-1,-0.0022012483177245024,0.0022012483177245024,6
2016-08-03,-1,0.0022061045015471237,-0.0022061045015471237,6
2016-08-04,1,0.008490580636524303,0.008490580636524303,6
2016-08-05,1,0.0040536660228349675,0.0040536660228349675,6
2016-08-08,1,0.014285685514706215,0.014285685514706215,6
2016-08-09,1,0.004898954322095195,0.004898954322095195,6
2016-08-10,1,0.007007908116239303,0.007007908116239303,6
2016-08-11,1,0.00030263650412587495,0.00030263650412587495,6
2016-08-12,1,0.002722327551401671,0.002722327551401671,6
2016-08-15,1,-0.0021116045732176847,-0.0021116045732176847,6
2016-08-16,-1,-0.003023043630078659,0.003023043630078659,6
2016-08-17,-1,0.0036385364933400055,-0.0036385364933400055,6
2016-08-18,1,-0.009365485585629774,-0.009365485585629774,6
2016-08-19,-1,-0.0024398239957597045,0.0024398239957597045,6
2016-08-22,-1,0.00550291379437029,-0.00550291379437029,6
2016-08-23,1,0.00030410873870723165,0.00030410873870723165,6
2016-08-24,1,-0.0048632170210161085,-0.0048632170210161085,6
2016-08-25,-1,-0.0021381645061895327,0.0021381645061895327,6
2016-08-26,1,0.0030609823820992865,0.0030609823820992865,6
2016-08-29,-1,0.003356747293712603,-0.003356747293712603,6
2016-08-30,1,-0.0009124876222474931,-0.0009124876222474931,6
2016-08-31,1,0.005479461599293023,0.005479461599293023,6
2016-09-01,1,0.014229525827222256,0.014229525827222256,6
2016-09-02,1,0.006268629387243374,0.006268629387243374,6
2016-09-06,1,0.0023732374140448265,0.0023732374140448265,6
2016-09-07,1,0.0005919046233135994,0.0005919046233135994,6
2016-09-08,1,-0.021591230777441184,-0.021591230777441184,6
2016-09-09,-1,0.007255074077542112,-0.007255074077542112,6
2016-09-12,-1,-0.022509003807599126,0.022509003807599126,6
2016-09-13,-1,-0.004605512044347448,0.004605512044347448,6
2016-09-14,-1,0.006169055343471008,-0.006169055343471008,6
2016-09-15,-1,-0.024524808806127174,0.024524808806127174,6
2016-09-16,-1,0.007856693978556706,-0.007856693978556706,6
2016-09-19,1,0.0012473001530399763,0.0012473001530399763,6
2016-09-20,1,0.01494859959864292,0.01494859959864292,6
2016-09-21,1,0.016876318947082636,0.016876318947082636,6
2016-09-22,1,-0.005733211533139992,-0.005733211533139992,6
2016-09-23,1,-0.013657078983912885,-0.013657078983912885,6
2016-09-26,-1,-0.0006153987004207107,0.0006153987004207107,6
2016-09-27,-1,0.010467985141002334,-0.010467985141002334,6
2016-09-28,1,-0.017672090851630573,-0.017672090851630573,6
2016-09-29,1,0.016128927295115947,0.016128927295115947,6
2016-09-30,1,-0.0036629712464267827,-0.0036629712464267827,6
2016-10-03,-1,0.0018382774023593118,-0.0018382774023593118,6
2016-10-04,1,0.007951018821622524,0.007951018821622524,6
2016-10-05,1,-0.0030339343719278933,-0.0030339343719278933,6
2016-10-06,-1,-0.006695107018160562,0.006695107018160562,6
2016-10-07,-1,0.004901956201103674,-0.004901956201103674,6
2016-10-10,1,-0.012195052453833122,-0.012195052453833122,6
2016-10-11,-1,-0.004938266662867674,0.004938266662867674,6
2016-10-12,-1,-0.0062034972868203475,0.0062034972868203475,6
2016-10-13,-1,0.005305810364784502,-0.005305810364784502,6
2016-10-14,1,-0.0015522893039959795,-0.0015522893039959795,6
2016-10-17,1,0.010572144098291991,0.010572144098291991,6
2016-10-18,1,0.00184619610126191,0.00184619610126191,6
2016-10-19,1,0.0036854707255387087,0.0036854707255387087,6
2016-10-20,1,-0.003059928800100309,-0.003059928800100309,6
2016-10-21,-1,0.0033762059383757315,-0.0033762059383757315,6
2016-10-24,1,-0.0006118219211954656,-0.0006118219211954656,6
2016-10-25,-1,-0.0033669054735012693,0.0033669054735012693,6
2016-10-26,-1,0.0015356030390576425,-0.0015356030390576425,6
2016-10-27,1,0.001226645654052616,0.001226645654052616,6
2016-10-28,-1,-0.002450285675829944,0.002450285675829944,6
2016-10-31,-1,-0.005526567604002275,0.005526567604002275,6
2016-11-01,1,-0.007409628536338642,-0.007409628536338642,6
2016-11-02,-1,-0.0031104909509215295,0.0031104909509215295,6
2016-11-03,-1,-0.008424291945156481,0.008424291945156481,6
2016-11-04,-1,0.017621128188889612,-0.017621128188889612,6
2016-11-07,1,0.004947428777278606,0.004947428777278606,7
2016-11-08,1,-0.0009230393629807709,-0.0009230393629807709,7
2016-11-09,-1,-0.0036958035747013396,0.0036958035747013396,7
2016-11-10,-1,-0.009891799379224353,0.009891799379224353,7
2016-11-11,-1,-0.007492908926510999,0.007492908926510999,7
2016-11-14,-1,0.004403881271360932,-0.004403881271360932,7
2016-11-15,-1,-0.015032869954546224,0.015032869954546224,7
2016-11-16,-1,0.0031796016437282137,-0.0031796016437282137,7
2016-11-17,-1,-0.012678276646688746,0.012678276646688746,7
2016-11-18,-1,0.009951828884067648,-0.009951828884067648,7
2016-11-21,-1,0.0031786517603265008,-0.0031786517603265008,7
2016-11-22,1,-0.010773135562147207,-0.010773135562147207,7
2016-11-23,-1,0.0070468041493203515,-0.0070468041493203515,7
2016-11-25,1,-0.011450400898104007,-0.011450400898104007,7
2016-11-28,-1,0.011261273562705787,-0.011261273562705787,7
2016-11-29,1,-0.0015908731760637673,-0.0015908731760637673,7
2016-11-30,1,-0.0022307105384418158,-0.0022307105384418158,7
2016-12-01,-1,-0.0006387272678427536,0.0006387272678427536,7
2016-12-02,-1,0.02269092565351527,-0.02269092565351527,7
2016-12-05,1,0.016250014305114746,0.016250014305114746,7
2016-12-06,1,0.01691264542799975,0.01691264542799975,7
2016-12-07,1,-0.0036286341999436367,-0.0036286341999436367,7
2016-12-08,1,0.000303439189732746,0.000303439189732746,7
2016-12-09,-1,0.0012136200436421163,-0.0012136200436421163,7
2016-12-12,1,0.012424237800366944,0.012424237800366944,7
2016-12-13,1,-0.01586347745338068,-0.01586347745338068,7
2016-12-14,1,0.0012164567983807828,0.0012164567983807828,7
2016-12-15,-1,-0.00030371573782872474,0.00030371573782872474,7
2016-12-16,-1,-0.003038543743079214,0.003038543743079214,7
2016-12-19,1,0.006095609261540513,0.006095609261540513,7
2016-12-20,1,0.002423563620798541,0.002423563620798541,7
2016-12-21,1,-0.0006044260402370272,-0.0006044260402370272,7
2016-12-22,1,0.0033262960800322094,0.0033262960800322094,7
2016-12-23,1,0.001205573091001666,0.001205573091001666,7
2016-12-27,1,-0.006923526001949343,-0.006923526001949343,7
2016-12-28,-1,0.00666860851205886,-0.00666860851205886,7
2016-12-29,1,0.007527853263834761,0.007527853263834761,7
2016-12-30,1,0.0020920411458320576,0.0020920411458320576,7
2017-01-03,1,0.0068595153775652395,0.0068595153775652395,7
2017-01-04,1,0.010071095067887725,0.010071095067887725,7
2017-01-05,1,-0.003812236341201758,-0.003812236341201758,7
2017-01-06,1,-0.0005887682380029124,-0.0005887682380029124,7
2017-01-09,-1,-0.0029455754512831556,0.0029455754512831556,7
2017-01-10,-1,0.005317586803242902,-0.005317586803242902,7
2017-01-11,1,0.0008816513391236569,0.0008816513391236569,7
2017-01-12,1,0.004991138053171751,0.004991138053171751,7
2017-01-13,1,-0.002337073252329791,-0.002337073252329791,7
2017-01-17,-1,-0.0014642181412471977,0.0014642181412471977,7
2017-01-18,-1,-0.003812236341201758,0.003812236341201758,7
2017-01-19,-1,0.00912562694889818,-0.00912562694889818,7
2017-01-20,1,-0.0005834439462043539,-0.0005834439462043539,7
2017-01-23,-1,0.0026269748101921397,-0.0026269748101921397,7
2017-01-24,1,0.012518204491325902,0.012518204491325902,7
2017-01-25,1,-0.011213323845215006,-0.011213323845215006,7
2017-01-26,-1,-0.0017446222639890818,0.0017446222639890818,7
2017-01-27,-1,-0.009612636570155098,0.009612636570155098,7
2017-01-30,-1,0.0005882487577550943,-0.0005882487577550943,7
2017-01-31,-1,0.0029394024919324746,-0.0029394024919324746,7
2017-02-01,1,0.000879325760063443,0.000879325760063443,7
2017-02-02,1,0.005563649142592331,0.005563649142592331,7
2017-02-03,1,-0.014269122780707688,-0.014269122780707688,7
2017-02-06,-1,-0.0041358758038192445,0.0041358758038192445,7
2017-02-07,-1,-0.0005933093535112066,0.0005933093535112066,7
2017-02-08,-1,0.008607923043886245,-0.008607923043886245,7
2017-02-09,1,-0.00235426772910885,-0.00235426772910885,7
2017-02-10,1,0.00412977531996761,0.00412977531996761,7
2017-02-13,1,0.002937675423959174,0.002937675423959174,7
2017-02-14,1,0.004100743765416803,0.004100743765416803,7
2017-02-15,1,0.0040839963428758175,0.0040839963428758175,7
2017-02-16,1,-0.004938936025240426,-0.004938936025240426,7
2017-02-17,-1,0.001751864913606349,-0.001751864913606349,7
2017-02-21,-1,0.0008743450334056657,-0.0008743450334056657,7
2017-02-22,-1,0.000291156711962115,-0.000291156711962115,7
2017-02-23,1,-0.0078601646305696,-0.0078601646305696,7
2017-02-24,-1,0.0032276053328748056,-0.0032276053328748056,7
2017-02-27,-1,0.0,-0.0,7
2017-02-28,1,0.01667153313012837,0.01667153313012837,7
2017-03-01,1,-0.004602987777274747,-0.004602987777274747,7
2017-03-02,1,0.015606963564788412,0.015606963564788412,7
2017-03-03,1,-0.005122376445709453,-0.005122376445709453,7
2017-03-06,1,-0.0037184570029267228,-0.0037184570029267228,7
2017-03-07,-1,-0.004019615187641934,0.004019615187641934,7
2017-03-08,-1,0.013548608801075446,-0.013548608801075446,7
2017-03-09,1,0.01052329162373411,0.01052329162373411,7
2017-03-10,1,0.0002815124282047332,0.0002815124282047332,7
2017-03-13,1,-0.01069220760625289,-0.01069220760625289,7
2017-03-14,-1,0.014220705408700463,-0.014220705408700463,7
2017-03-15,-1,0.01205833726908967,-0.01205833726908967,7
2017-03-16,1,-0.0027708083596094113,-0.0027708083596094113,7
2017-03-17,1,-0.0027786130634773754,-0.0027786130634773754,7
2017-03-20,1,0.0002786886709547076,0.0002786886709547076,7
2017-03-21,1,0.002506967932104809,0.002506967932104809,7
2017-03-22,1,0.002222784457531324,0.002222784457531324,7
2017-03-23,1,0.002217960402870922,0.002217960402870922,7
2017-03-24,1,0.006085681790313879,0.006085681790313879,7
2017-03-27,1,0.004674236696046163,0.004674236696046163,7
2017-03-28,1,-0.0024630583013928176,-0.0024630583013928176,7
2017-03-29,-1,-0.007133117442752579,0.007133117442752579,7
2017-03-30,-1,0.004421106755556181,-0.004421106755556181,7
2017-03-31,-1,-0.0035762657187047298,0.0035762657187047298,7
2017-04-03,-1,0.0008282379427344555,-0.0008282379427344555,7
2017-04-04,-1,-0.007448288490032318,0.007448288490032318,7
2017-04-05,-1,0.0038910336695279213,-0.0038910336695279213,7
2017-04-06,1,-0.0005537225458225326,-0.0005537225458225326,7
2017-04-07,-1,-0.0063711787245976925,0.0063711787245976925,7
2017-04-10,-1,0.002230327110034347,-0.002230327110034347,7
2017-04-11,-1,-0.000556340955193857,0.000556340955193857,7
2017-04-12,-1,-0.008627925707152317,0.008627925707152317,7
2017-04-13,-1,0.005895645858145837,-0.005895645858145837,7
2017-04-17,1,-0.006698344019027691,-0.006698344019027691,7
2017-04-18,-1,-0.0011239369304817393,0.0011239369304817393,7
2017-04-19,1,0.010126599664628477,0.010126599664628477,7
2017-04-20,1,0.0013923485734614882,0.0013923485734614882,7
2017-04-21,1,0.055617354030011334,0.055617354030011334,7
2017-04-24,1,0.0076396449557862844,0.0076396449557862844,7
2017-04-25,1,-0.008888892878114785,-0.008888892878114785,7
2017-04-26,1,-0.0018464704591392156,-0.0018464704591392156,7
2017-04-27,-1,-0.0002642262550973662,0.0002642262550973662,7
2017-04-28,1,0.005551125411267233,0.005551125411267233,7
2017-05-01,1,0.0068348663321686765,0.0068348663321686765,7
2017-05-02,1,-0.0015665159213813507,-0.0015665159213813507,8
2017-05-03,1,0.021443505722594347,0.021443505722594347,8
2017-05-04,1,0.01612896137399411,0.01612896137399411,8
2017-05-05,1,-0.01536903040464721,-0.01536903040464721,8
2017-05-08,-1,-0.005373666564238655,0.005373666564238655,8
2017-05-09,-1,0.0018008669088693807,-0.0018008669088693807,8
2017-05-10,-1,-0.004879266394700488,0.004879266394700488,8
2017-05-11,-1,0.009032218686995996,-0.009032218686995996,8
2017-05-12,1,0.006905382820983297,0.006905382820983297,8
2017-05-15,1,0.010668072010091567,0.010668072010091567,8
2017-05-16,1,-0.018095029005695706,-0.018095029005695706,8
2017-05-17,-1,0.0005119134353697152,-0.0005119134353697152,8
2017-05-18,-1,0.014325949631748491,-0.014325949631748491,8
2017-05-19,1,0.001261014757538259,0.001261014757538259,8
2017-05-22,1,0.0005037898584210332,0.0005037898584210332,8
2017-05-23,1,0.0002517200711462664,0.0002517200711462664,8
2017-05-24,-1,-0.0022652945790299084,0.0022652945790299084,8
2017-05-25,-1,-0.004540875578892822,0.004540875578892822,8
2017-05-26,-1,-0.002787648578401747,0.002787648578401747,8
2017-05-30,-1,0.004828524746480101,-0.004828524746480101,8
2017-05-31,1,0.004805225652748435,0.004805225652748435,8
2017-06-01,1,0.011326472895149875,0.011326472895149875,8
2017-06-02,1,-0.0074663821498752725,-0.0074663821498752725,8
2017-06-05,-1,-0.006519612067872882,0.006519612067872882,8
2017-06-06,-1,0.0005048071252615749,-0.0005048071252615749,8
2017-06-07,1,0.0002523243285690313,0.0002523243285690313,8
2017-06-08,-1,-0.0007566858219301142,0.0007566858219301142,8
2017-06-09,-1,-0.008329076861530393,0.008329076861530393,8
2017-06-12,-1,0.007635511073301737,-0.007635511073301737,8
2017-06-13,1,-0.0010103792718659799,-0.0010103792718659799,8
2017-06-14,1,-0.014159230578922544,-0.014159230578922544,8
2017-06-15,-1,-0.006411900211280797,0.006411900211280797,8
2017-06-16,-1,0.005678817668408609,-0.005678817668408609,8
2017-06-19,1,-0.010010251509576351,-0.010010251509576351,8
2017-06-20,1,0.0005185495961088638,0.0005185495961088638,8
2017-06-21,-1,-0.0012956526784878575,0.0012956526784878575,8
2017-06-22,-1,0.0025946671444110336,-0.0025946671444110336,8
2017-06-23,1,0.003882027128579324,0.003882027128579324,8
2017-06-26,1,0.002577944618739725,0.002577944618739725,8
2017-06-27,1,0.010028269369226184,0.010028269369226184,8
2017-06-28,1,-0.016802440629401727,-0.016802440629401727,8
2017-06-29,-1,-0.0038839387708475837,0.0038839387708475837,8
2017-06-30,-1,0.00207949087130177,-0.00207949087130177,8
2017-07-03,1,-0.00025935983738212265,-0.00025935983738212265,8
2017-07-05,-1,-0.003892099696823581,0.003892099696823581,8
2017-07-06,-1,0.004428288261145941,-0.004428288261145941,8
2017-07-07,-1,0.0023340287702953155,-0.0023340287702953155,8
2017-07-10,1,0.004657187530904938,0.004657187530904938,8
2017-07-11,1,0.0072108876150744905,0.0072108876150744905,8
2017-07-12,1,0.0033239853256568086,0.0033239853256568086,8
2017-07-13,1,0.005606457609470095,0.005606457609470095,8
2017-07-14,1,-0.004308113859338825,-0.004308113859338825,8
2017-07-17,-1,-0.0017816160140773363,0.0017816160140773363,8
2017-07-18,-1,0.0030596361078494283,-0.0030596361078494283,8
2017-07-19,-1,0.0068632551275145115,-0.0068632551275145115,8
2017-07-20,1,-0.007068891062417704,-0.007068891062417704,8
2017-07-21,-1,-0.001017058572719387,0.001017058572719387,8
2017-07-24,-1,0.003308659974263106,-0.003308659974263106,8
2017-07-25,1,0.007103059538311252,0.007103059538311252,8
2017-07-26,1,-0.0022670063188489076,-0.0022670063188489076,8
2017-07-27,-1,0.002777091862069092,-0.002777091862069092,8
2017-07-28,-1,0.0,-0.0,8
2017-07-31,1,0.0062940582154285,0.0062940582154285,8
2017-08-01,1,0.00025014563992620253,0.00025014563992620253,8
2017-08-02,1,0.002751390985769042,0.002751390985769042,8
2017-08-03,1,0.005238191161720529,0.005238191161720529,8
2017-08-04,1,-0.00024809731321306927,-0.00024809731321306927,8
2017-08-07,-1,-0.004715870863458482,0.004715870863458482,8
2017-08-08,-1,-0.006234414202318184,0.006234414202318184,8
2017-08-09,-1,-0.01606021114565559,0.01606021114565559,8
2017-08-10,-1,0.0,-0.0,8
2017-08-11,-1,0.010456512547445396,-0.010456512547445396,8
2017-08-14,1,0.0010096142505231498,0.0010096142505231498,8
2017-08-15,1,0.004286484727600737,0.004286484727600737,8
2017-08-16,1,-0.013557642247114199,-0.013557642247114199,8
2017-08-17,-1,0.004072279045147065,-0.004072279045147065,8
2017-08-18,-1,-0.0020279297720532385,0.0020279297720532385,8
2017-08-21,-1,0.007874050843317493,-0.007874050843317493,8
2017-08-22,1,-0.0005040437905707851,-0.0005040437905707851,8
2017-08-23,-1,-0.0010085959576713321,0.0010085959576713321,8
2017-08-24,-1,0.008329173143644786,-0.008329173143644786,8
2017-08-25,1,-0.0012515453343102667,-0.0012515453343102667,8
2017-08-28,1,-0.004761965767921428,-0.004761965767921428,8
2017-08-29,-1,-0.004280991510064891,0.004280991510064891,8
2017-08-30,-1,0.005816882572352355,-0.005816882572352355,8
2017-08-31,1,0.002765919262897265,0.002765919262897265,8
2017-09-01,1,-0.008274870165902004,-0.008274870165902004,8
2017-09-05,-1,0.012642225275480534,-0.012642225275480534,8
2017-09-06,1,0.008739133470306859,0.008739133470306859,8
2017-09-07,1,-0.0007426384371526096,-0.0007426384371526096,8
2017-09-08,1,0.010403814583974436,0.010403814583974436,8
2017-09-11,1,0.004167643175526425,0.004167643175526425,8
2017-09-12,1,-0.004394538798806247,-0.004394538798806247,8
2017-09-13,1,0.00367831119100126,0.00367831119100126,8
2017-09-14,-1,-0.002198879841603829,0.002198879841603829,8
2017-09-15,-1,0.0031831799125738858,-0.0031831799125738858,8
2017-09-18,1,0.0039052927177178898,0.0039052927177178898,8
2017-09-19,1,-0.003403826550273714,-0.003403826550273714,8
2017-09-20,-1,0.0017077260785034465,-0.0017077260785034465,8
2017-09-21,-1,0.0009741134800862472,-0.0009741134800862472,8
2017-09-22,1,-0.009245675608898996,-0.009245675608898996,8
2017-09-25,-1,-0.004420439582017099,0.004420439582017099,8
2017-09-26,-1,0.0029600130531521884,-0.0029600130531521884,8
2017-09-27,1,0.0034431724095873584,0.0034431724095873584,8
2017-09-28,1,0.011029430670447038,0.011029430670447038,8
2017-09-29,1,-0.0029090650153882347,-0.0029090650153882347,8
2017-10-02,-1,0.0026744616458771464,-0.0026744616458771464,8
2017-10-03,1,-0.004607236510018375,-0.004607236510018375,8
2017-10-04,-1,0.002436109395297592,-0.002436109395297592,8
2017-10-05,-1,0.0002429725677388639,-0.0002429725677388639,8
2017-10-06,-1,-0.0014577593176251513,0.0014577593176251513,8
2017-10-09,-1,0.009245768423921108,-0.009245768423921108,8
2017-10-10,1,0.0028929347446733367,0.0028929347446733367,8
2017-10-11,1,-0.002884589814574512,-0.002884589814574512,8
2017-10-12,-1,-0.0007232106949839334,0.0007232106949839334,8
2017-10-13,1,-0.001688774271068394,-0.001688774271068394,8
2017-10-16,-1,-0.0021749673819423387,0.0021749673819423387,8
2017-10-17,-1,0.005085954948324645,-0.005085954948324645,8
2017-10-18,1,0.000240923410438576,0.000240923410438576,8
2017-10-19,-1,-0.005299865451734664,0.005299865451734664,8
2017-10-20,-1,-0.00435941635225523,0.00435941635225523,9
2017-10-23,-1,0.004378504074516121,-0.004378504074516121,9
2017-10-24,1,-0.0012109284560888334,-0.0012109284560888334,9
2017-10-25,1,0.0009698617653297603,0.0009698617653297603,9
2017-10-26,1,-0.0019379365000743443,-0.0019379365000743443,9
2017-10-27,-1,0.005825190760321952,-0.005825190760321952,9
2017-10-30,1,0.00506763769616958,0.00506763769616958,9
2017-10-31,1,0.0028811267104085214,0.0028811267104085214,9
2017-11-01,1,0.0028728496664993664,0.0028728496664993664,9
2017-11-02,1,-0.005490559694139363,-0.005490559694139363,9
2017-11-03,-1,-0.0004800878021345989,0.0004800878021345989,9
2017-11-06,-1,-0.009365979715777573,0.009365979715777573,9
2017-11-07,-1,0.0007272431344695907,-0.0007272431344695907,9
2017-11-08,-1,-0.008720945276096126,0.008720945276096126,9
2017-11-09,-1,-0.0024437555864063043,0.0024437555864063043,9
2017-11-10,-1,-0.0041645803580656615,0.0041645803580656615,9
2017-11-13,-1,0.004181996619042838,-0.004181996619042838,9
2017-11-14,1,-0.003184739566074013,-0.003184739566074013,9
2017-11-15,-1,0.005898296548706661,-0.005898296548706661,9
2017-11-16,1,-0.004397759683207658,-0.004397759683207658,9
2017-11-17,1,-0.0019632351179064145,-0.0019632351179064145,9
2017-11-20,1,0.0066388116528079966,0.0066388116528079966,9
2017-11-21,1,0.0009770619655382617,0.0009770619655382617,9
2017-11-22,1,0.014397270843788057,0.014397270843788057,9
2017-11-24,1,-0.00625447013331526,-0.00625447013331526,9
2017-11-27,1,0.005567647896159045,0.005567647896159045,9
2017-11-28,1,-0.003129539365672951,-0.003129539365672951,9
2017-11-29,1,-0.0004829861829840354,-0.0004829861829840354,9
2017-11-30,1,-0.007731328812347171,-0.007731328812347171,9
2017-12-01,-1,0.001947938438011887,-0.001947938438011887,9
2017-12-04,1,-0.004617313107188048,-0.004617313107188048,9
2017-12-05,-1,-0.003173761140713771,0.003173761140713771,9
2017-12-06,-1,0.0036737130652675365,-0.0036737130652675365,9
2017-12-07,1,0.00536850227331942,0.00536850227331942,9
2017-12-08,1,-0.0007282182873435961,-0.0007282182873435961,9
2017-12-11,1,-0.001700259847886465,-0.001700259847886465,9
2017-12-12,-1,-0.00048653634571294013,0.00048653634571294013,9
2017-12-13,1,-0.009493748465485119,-0.009493748465485119,9
2017-12-14,1,0.00024581313757776613,0.00024581313757776613,9
2017-12-15,-1,0.01351349451475592,-0.01351349451475592,9
2017-12-18,1,-0.0014545787464488313,-0.0014545787464488313,9
2017-12-19,1,-0.0060694345310778886,-0.0060694345310778886,9
2017-12-20,-1,0.0024426549138454323,-0.0024426549138454323,9
2017-12-21,-1,-0.0021929861252473204,0.0021929861252473204,9
2017-12-22,-1,0.0009768233158018447,-0.0009768233158018447,9
2017-12-26,1,-0.0012198841110094838,-0.0012198841110094838,9
2017-12-27,1,-0.0019540307533189027,-0.0019540307533189027,9
2017-12-28,-1,-0.003671109242247672,0.003671109242247672,9
2017-12-29,-1,0.004421525650302405,-0.004421525650302405,9
2018-01-02,-1,0.0039129334751863976,-0.0039129334751863976,9
2018-01-03,1,0.017783180409350008,0.017783180409350008,9
2018-01-04,1,0.010052704545570723,0.010052704545570723,9
2018-01-05,1,-0.0040284829518741905,-0.0040284829518741905,9
2018-01-08,1,0.0007138376127890922,0.0007138376127890922,9
2018-01-09,1,-0.003566369971023331,-0.003566369971023331,9
2018-01-10,1,0.006203729956569148,0.006203729956569148,9
2018-01-11,1,0.013990993080535086,0.013990993080535086,9
2018-01-12,1,0.0025725120362356524,0.0025725120362356524,9
2018-01-16,1,0.0037322102029051507,0.0037322102029051507,9
2018-01-17,1,0.001394407971024192,0.001394407971024192,9
2018-01-18,1,0.00765834335550819,0.00765834335550819,9
2018-01-19,1,0.008521482316566908,0.008521482316566908,9
2018-01-22,1,0.0025120029242235997,0.0025120029242235997,9
2018-01-23,1,0.0015945260225778135,0.0015945260225778135,9
2018-01-24,1,-0.003866317464702118,-0.003866317464702118,9
2018-01-25,1,0.009360727272917257,0.009360727272917257,9
2018-01-26,1,-0.008369123265028922,-0.008369123265028922,9
2018-01-29,-1,-0.00843975662858032,0.00843975662858032,9
2018-01-30,-1,0.0016102988925355,-0.0016102988925355,9
2018-01-31,1,0.00045935823020482047,0.00045935823020482047,9
2018-02-01,-1,-0.025482106872296018,0.025482106872296018,9
2018-02-02,-1,-0.0421672764041523,0.0421672764041523,9
2018-02-05,-1,0.028283362769173648,-0.028283362769173648,9
2018-02-06,-1,-0.019373387866197467,0.019373387866197467,9
2018-02-07,-1,-0.02951217279201601,0.02951217279201601,9
2018-02-08,-1,0.003015806210699079,-0.003015806210699079,9
2018-02-09,-1,0.013780988202539701,-0.013780988202539701,9
2018-02-12,1,-0.0029658659070711524,-0.0029658659070711524,9
2018-02-13,-1,0.018096171033095576,-0.018096171033095576,9
2018-02-14,1,0.006574152904064823,0.006574152904064823,9
2018-02-15,1,0.0019351237557365675,0.0019351237557365675,9
2018-02-16,1,-0.008932857272846872,-0.008932857272846872,9
2018-02-20,-1,-0.007308142329749523,0.007308142329749523,9
2018-02-21,-1,0.00736194446774352,-0.00736194446774352,9
2018-02-22,1,0.007064577854255516,0.007064577854255516,9
2018-02-23,1,0.008224483583283426,0.008224483583283426,9
2018-02-26,1,-0.01775435875836362,-0.01775435875836362,9
2018-02-27,-1,-0.009526121219603723,0.009526121219603723,9
2018-02-28,-1,-0.009124511438870941,0.009124511438870941,9
2018-03-01,-1,-0.0004977714686850154,0.0004977714686850154,9
2018-03-02,-1,0.006972081184281054,-0.006972081184281054,9
2018-03-05,1,0.004698379027163524,0.004698379027163524,9
2018-03-06,1,0.005906912563629518,0.005906912563629518,9
2018-03-07,1,0.0007340982328907231,0.0007340982328907231,9
2018-03-08,1,0.003422967834362023,0.003422967834362023,9
2018-03-09,1,0.001218304969423878,0.001218304969423878,9
2018-03-12,1,-0.008274523030549985,-0.008274523030549985,9
2018-03-13,1,0.0029447590646567434,0.0029447590646567434,9
2018-03-14,1,0.0007340982328907231,0.0007340982328907231,9
2018-03-15,1,0.002444950376293331,0.002444950376293331,9
2018-03-16,1,-0.007073193061642558,-0.007073193061642558,9
2018-03-19,-1,-0.0014737794139777494,0.0014737794139777494,9
2018-03-20,-1,-0.002460080813396659,0.002460080813396659,9
2018-03-21,-1,-0.021454967897746147,0.021454967897746147,9
2018-03-22,-1,-0.011844788737106371,0.011844788737106371,9
2018-03-23,-1,0.021168116562986006,-0.021168116562986006,9
2018-03-26,1,-0.012737315798429294,-0.012737315798429294,9
2018-03-27,1,0.006324310845436498,0.006324310845436498,9
2018-03-28,1,0.012317790183588695,0.012317790183588695,9
2018-03-29,1,-0.01514776765377368,-0.01514776765377368,9
2018-04-02,1,0.010842166082454918,0.010842166082454918,9
2018-04-03,-1,0.003991016383215973,-0.003991016383215973,9
2018-04-04,-1,0.011180143178620039,-0.011180143178620039,9
2018-04-05,1,-0.006142506027362105,-0.006142506027362105,9
2018-04-06,1,0.009888694774713658,0.009888694774713658,9
2018-04-09,1,0.010771173998574302,0.010771173998574302,9
2018-04-10,1,-0.005328196072293956,-0.005328196072293956,9
2018-04-11,1,0.0060871682945617955,0.0060871682945617955,9
2018-04-12,-1,0.0009680763751882537,-0.0009680763751882537,9
2018-04-13,1,0.003868468207228748,0.003868468207228748,9
2018-04-16,1,0.009874755368299848,0.009874755368299848,10
2018-04-17,1,0.0033388835828640495,0.0033388835828640495,10
2018-04-18,1,-0.0038031815681660586,-0.0038031815681660586,10
2018-04-19,1,-0.002863252978326458,-0.002863252978326458,10
2018-04-20,-1,-0.0004785943365758216,0.0004785943365758216,10
2018-04-23,1,-0.005266967160452496,-0.005266967160452496,10
2018-04-24,-1,-0.001203351094551941,0.001203351094551941,10
2018-04-25,-1,0.0019277549651732784,-0.0019277549651732784,10
2018-04-26,1,0.002645425464415041,0.002645425464415041,10
2018-04-27,1,-0.002158794808168496,-0.002158794808168496,10
2018-04-30,1,-0.005528835352708206,-0.005528835352708206,10
2018-05-01,1,0.0016920400442714811,0.0016920400442714811,10
2018-05-02,1,0.0021718184259273965,0.0021718184259273965,10
2018-05-03,1,0.0016855212348119153,0.0016855212348119153,10
2018-05-04,-1,0.0009615605046771059,-0.0009615605046771059,10
2018-05-07,1,-0.005043205752900737,-0.005043205752900737,10
2018-05-08,-1,0.0036206016117303896,-0.0036206016117303896,10
2018-05-09,1,0.006974436942267959,0.006974436942267959,10
2018-05-10,1,-0.0007164743267770168,-0.0007164743267770168,10
2018-05-11,1,0.00023896561894698465,0.00023896561894698465,10
2018-05-14,1,-0.007885257548133073,-0.007885257548133073,10
2018-05-15,-1,-0.0016859271207240178,0.0016859271207240178,10
2018-05-16,-1,0.003377548542136788,-0.003377548542136788,10
2018-05-17,1,-0.0036066728859959207,-0.0036066728859959207,10
2018-05-18,-1,0.004585001151129031,-0.004585001151129031,10
2018-05-21,1,0.0009607758780652009,0.0009607758780652009,10
2018-05-22,1,-0.015358757325921846,-0.015358757325921846,10
2018-05-23,-1,-0.0031683465095193597,0.0031683465095193597,10
2018-05-24,-1,-0.011002463231076454,0.011002463231076454,10
2018-05-25,-1,-0.035846742536231324,0.035846742536231324,10
2018-05-29,-1,0.02128209823217153,-0.02128209823217153,10
2018-05-30,-1,-0.005523505161669218,0.005523505161669218,10
2018-05-31,1,0.009593563803579563,0.009593563803579563,10
2018-06-01,1,0.005251289713892104,0.005251289713892104,10
2018-06-04,1,-0.002736333538903124,-0.002736333538903124,10
2018-06-05,1,0.011723652255281491,0.011723652255281491,10
2018-06-06,1,-0.00862924745976068,-0.00862924745976068,10
2018-06-07,1,0.0017408529325544375,0.0017408529325544375,10
2018-06-08,1,0.012413108618488655,0.012413108618488655,10
2018-06-11,1,-0.007356528838663223,-0.007356528838663223,10
2018-06-12,1,0.003211488873155588,0.003211488873155588,10
2018-06-13,1,0.0009850015987724614,0.0009850015987724614,10
2018-06-14,1,-0.024600245079040683,-0.024600245079040683,10
2018-06-15,-1,-0.012862600670963342,0.012862600670963342,10
2018-06-18,-1,-0.00919776739819711,0.00919776739819711,10
2018-06-19,-1,-0.002320787916990308,0.002320787916990308,10
2018-06-20,-1,-0.010080108645421526,0.010080108645421526,10
2018-06-21,1,0.013577035721204389,0.013577035721204389,10
2018-06-22,1,-0.013137514825926178,-0.013137514825926178,10
2018-06-25,1,-0.002871328802098505,-0.002871328802098505,10
2018-06-26,-1,-0.00994767174151212,0.00994767174151212,10
2018-06-27,1,0.0015864985133573484,0.0015864985133573484,10
2018-06-28,-1,0.011879639658147534,-0.011879639658147534,10
2018-06-29,1,-0.0046960682644671126,-0.0046960682644671126,10
2018-07-02,-1,0.005766642128614885,-0.005766642128614885,10
2018-07-03,1,0.018764692226895363,0.018764692226895363,10
2018-07-05,1,0.005883846030660722,0.005883846030660722,10
2018-07-06,1,0.005086489432648111,0.005086489432648111,10
2018-07-09,1,0.0017712473181530353,0.0017712473181530353,10
2018-07-10,1,-0.02071229329789781,-0.02071229329789781,10
2018-07-11,-1,0.007737921937539527,-0.007737921937539527,10
2018-07-12,-1,0.002815475075781393,-0.002815475075781393,10
2018-07-13,1,0.0022970942288635943,0.0022970942288635943,10
2018-07-16,1,-0.0010186125556673753,-0.0010186125556673753,10
2018-07-17,-1,0.003568681908795668,-0.003568681908795668,10
2018-07-18,1,-0.005587945440041375,-0.005587945440041375,10
2018-07-19,-1,0.004597708765267772,-0.004597708765267772,10
2018-07-20,1,-0.0007628424255614608,-0.0007628424255614608,10
2018-07-23,1,0.004834667814117344,0.004834667814117344,10
2018-07-24,1,0.009116150426769831,0.009116150426769831,10
2018-07-25,1,-0.006273525961672299,-0.006273525961672299,10
2018-07-26,1,0.004292979550331921,0.004292979550331921,10
2018-07-27,1,0.0017601130002138365,0.0017601130002138365,10
2018-07-30,1,0.004016060411629274,0.004016060411629274,10
2018-07-31,1,-0.006999969482421875,-0.006999969482421875,10
2018-08-01,-1,-0.010825787813713683,0.010825787813713683,10
2018-08-02,-1,-0.0015271410509767325,0.0015271410509767325,10
2018-08-03,-1,-0.0033138177321483386,0.0033138177321483386,10
2018-08-06,-1,0.009718697773523965,-0.009718697773523965,10
2018-08-07,1,-0.0030394866584633196,-0.0030394866584633196,10
2018-08-08,1,-0.006097603525028306,-0.006097603525028306,10
2018-08-09,-1,-0.030674866965842207,0.030674866965842207,10
2018-08-10,-1,-0.005010512549670554,0.005010512549670554,10
2018-08-13,-1,0.0005300943017845228,-0.0005300943017845228,10
2018-08-14,1,-0.019867549668874163,-0.019867549668874163,10
2018-08-15,-1,0.007026981663059484,-0.007026981663059484,10
2018-08-16,-1,0.0077831703862356605,-0.0077831703862356605,10
2018-08-17,1,0.006924158229379085,0.006924158229379085,10
2018-08-20,1,0.014281858799707114,0.014281858799707114,10
2018-08-21,1,0.005997480210822026,0.005997480210822026,10
2018-08-22,1,-0.006739298182748765,-0.006739298182748765,10
2018-08-23,-1,0.010699369798468084,-0.010699369798468084,10
2018-08-24,1,0.013942703896457687,0.013942703896457687,10
2018-08-27,1,-0.0020372251113348616,-0.0020372251113348616,10
2018-08-28,1,0.0038275460866354916,0.0038275460866354916,10
2018-08-29,-1,-0.012963861707043112,0.012963861707043112,10
2018-08-30,-1,-0.014164383873861763,0.014164383873861763,10
2018-08-31,-1,-0.010710550169449107,0.010710550169449107,10
2018-09-04,-1,-0.009242104145569696,0.009242104145569696,10
2018-09-05,-1,-0.005063929221505892,0.005063929221505892,10
2018-09-06,1,-0.01071528278217615,-0.01071528278217615,10
2018-09-07,-1,0.011372817911578847,-0.011372817911578847,10
2018-09-10,1,0.0010709750244048966,0.0010709750244048966,10
2018-09-11,1,0.0024070648316942833,0.0024070648316942833,10
2018-09-12,1,0.01173955795311965,0.01173955795311965,10
2018-09-13,1,-0.003955636034404741,-0.003955636034404741,10
2018-09-14,1,0.002912380434693773,0.002912380434693773,10
2018-09-17,1,0.006071793446434937,0.006071793446434937,10
2018-09-18,1,0.0036735604147539735,0.0036735604147539735,10
2018-09-19,1,0.020915012733609073,0.020915012733609073,10
2018-09-20,1,0.0007683122811861232,0.0007683122811861232,10
2018-09-21,1,-0.004861884148000928,-0.004861884148000928,10
2018-09-24,1,0.0038570719525090613,0.0038570719525090613,10
2018-09-25,1,0.0007684113369204049,0.0007684113369204049,10
2018-09-26,1,-0.004607123280823244,-0.004607123280823244,10
2018-09-27,-1,-0.015942374430836126,0.015942374430836126,10
2018-09-28,-1,0.0005226145159247242,-0.0005226145159247242,10
2018-10-01,1,-0.008096144316499743,-0.008096144316499743,10
2018-10-02,-1,0.004739344585183769,-0.004739344585183769,10
2018-10-03,1,-0.011530362381246828,-0.011530362381246828,10
2018-10-04,-1,-0.008483554731397613,0.008483554731397613,11
2018-10-05,-1,-0.008556141223758917,0.008556141223758917,11
2018-10-08,-1,0.0005392837669619954,-0.0005392837669619954,11
2018-10-09,-1,-0.02021563425462558,0.02021563425462558,11
2018-10-10,1,-0.009353512155714339,-0.009353512155714339,11
2018-10-11,-1,0.00027775997491463755,-0.00027775997491463755,11
2018-10-12,-1,0.0030538758732261417,-0.0030538758732261417,11
2018-10-15,-1,0.017160224565615056,-0.017160224565615056,11
2018-10-16,1,-0.010884395262011015,-0.010884395262011015,11
2018-10-17,-1,-0.0198073572552816,0.0198073572552816,11
2018-10-18,-1,0.007858511672834023,-0.007858511672834023,11
2018-10-19,-1,-0.009189585568355363,0.009189585568355363,11
2018-10-22,-1,-0.005902273422218607,0.005902273422218607,11
2018-10-23,-1,-0.02798976233151884,0.02798976233151884,11
2018-10-24,-1,0.015415903514570006,-0.015415903514570006,11
2018-10-25,-1,-0.0051561244904767545,0.0051561244904767545,11
2018-10-26,-1,-0.0011517683862534156,0.0011517683862534156,11
2018-10-29,-1,0.005477153327413609,-0.005477153327413609,11
2018-10-30,-1,0.007454080090922854,-0.007454080090922854,11
2018-10-31,1,0.013659634336184112,0.013659634336184112,11
2018-11-01,1,0.0019651795879633838,0.0019651795879633838,11
2018-11-02,1,0.0002802503954983937,0.0002802503954983937,11
2018-11-05,1,0.0033613145467867867,0.0033613145467867867,11
2018-11-06,-1,0.0131211955529702,-0.0131211955529702,11
2018-11-07,1,-0.015431285730593824,-0.015431285730593824,11
2018-11-08,-1,-0.0016792995818566414,0.0016792995818566414,11
2018-11-09,-1,-0.02242779024746444,0.02242779024746444,11
2018-11-12,-1,0.008029899700917609,-0.008029899700917609,11
2018-11-13,1,0.003129353936821566,0.003129353936821566,11
2018-11-14,1,0.00538861175413663,0.00538861175413663,11
2018-11-15,-1,-0.000846335496429873,0.000846335496429873,11
2018-11-16,-1,-0.009598993660838717,0.009598993660838717,11
2018-11-19,1,-0.019384272225830057,-0.019384272225830057,11
2018-11-20,-1,0.013081306054700592,-0.013081306054700592,11
2018-11-21,1,-0.009469097010218586,-0.009469097010218586,11
2018-11-23,-1,0.01506374423140322,-0.01506374423140322,11
2018-11-26,1,-0.004851654657555771,-0.004851654657555771,11
2018-11-27,-1,0.015486117925675336,-0.015486117925675336,11
2018-11-28,1,-0.004236134609581721,-0.004236134609581721,11
2018-11-29,1,-0.005104835480624237,-0.005104835480624237,11
2018-11-30,-1,0.01311285805194684,-0.01311285805194684,11
2018-12-03,1,-0.025604947213564433,-0.025604947213564433,11
2018-12-04,1,-0.013283363701465767,-0.013283363701465767,11
2018-12-06,-1,-0.011998825559924375,0.011998825559924375,11
2018-12-07,-1,-0.003850629735815292,0.003850629735815292,11
2018-12-10,-1,0.002081465733005494,-0.002081465733005494,11
2018-12-11,1,0.019584564761729206,0.019584564761729206,11
2018-12-12,1,-0.0005820854891849248,-0.0005820854891849248,11
2018-12-13,1,-0.014560279492669692,-0.014560279492669692,11
2018-12-14,-1,-0.006796676749386443,0.006796676749386443,11
2018-12-17,-1,0.002082704360399701,-0.002082704360399701,11
2018-12-18,1,-0.008313502872915546,-0.008313502872915546,11
2018-12-19,-1,-0.004790414374326812,0.004790414374326812,11
2018-12-20,-1,-0.017448911003828838,0.017448911003828838,11
2018-12-21,-1,-0.017758665617488623,0.017758665617488623,11
2018-12-24,-1,0.027431334264018004,-0.027431334264018004,11
2018-12-26,-1,0.0006068100218210581,-0.0006068100218210581,11
2018-12-27,-1,0.00454825736691733,-0.00454825736691733,11
2018-12-28,1,0.004225758682005365,0.004225758682005365,11
2018-12-31,1,-0.004508612077397833,-0.004508612077397833,11
2019-01-02,-1,-0.013284983118927451,0.013284983118927451,11
2019-01-03,-1,0.033659683716308786,-0.033659683716308786,11
2019-01-04,1,0.000888176290063436,0.000888176290063436,11
2019-01-07,1,0.006506873619344322,0.006506873619344322,11
2019-01-08,1,0.01292984005847031,0.01292984005847031,11
2019-01-09,1,-0.0008703972419972228,-0.0008703972419972228,11
2019-01-10,-1,-0.008420357502720077,0.008420357502720077,11
2019-01-11,-1,-0.0035139894940002803,0.0035139894940002803,11
2019-01-14,-1,0.0011754603867832891,-0.0011754603867832891,11
2019-01-15,-1,-0.0008805042431929699,0.0008805042431929699,11
2019-01-16,-1,0.001762560428322013,-0.001762560428322013,11
2019-01-17,-1,0.014662757254357617,-0.014662757254357617,11
2019-01-18,1,-0.012138675938365928,-0.012138675938365928,11
2019-01-22,-1,0.006436548236946837,-0.006436548236946837,11
2019-01-23,1,0.0008720574990179752,0.0008720574990179752,11
2019-01-24,1,0.015684022966626854,0.015684022966626854,11
2019-01-25,1,-0.0020017069597005888,-0.0020017069597005888,11
2019-01-28,-1,0.004584522648042544,-0.004584522648042544,11
2019-01-29,1,0.007701096611175906,0.007701096611175906,11
2019-01-30,-1,-0.002264416272528047,0.002264416272528047,11
2019-01-31,-1,0.002269555490913122,-0.002269555490913122,11
2019-02-01,1,-0.0005661040681320673,-0.0005661040681320673,11
2019-02-04,-1,0.009345737851118807,-0.009345737851118807,11
2019-02-05,1,-0.004208690060337306,-0.004208690060337306,11
2019-02-06,1,-0.017751508546630546,-0.017751508546630546,11
2019-02-07,-1,-0.00401604667806188,0.00401604667806188,11
2019-02-08,-1,-0.0005760500305439509,0.0005760500305439509,11
2019-02-11,-1,0.012680075418871839,-0.012680075418871839,11
2019-02-12,1,0.0,0.0,11
2019-02-13,1,-0.0031303532231695685,-0.0031303532231695685,11
2019-02-14,-1,0.0176991940675848,-0.0176991940675848,11
2019-02-15,1,0.004207509249971597,0.004207509249971597,11
2019-02-19,1,0.00418998684568761,0.00418998684568761,11
2019-02-20,1,-0.0008345644883843706,-0.0008345644883843706,11
2019-02-21,1,0.0038976395178869083,0.0038976395178869083,11
2019-02-22,1,0.002218469587099703,0.002218469587099703,11
2019-02-25,1,0.007747614389198798,0.007747614389198798,11
2019-02-26,1,-0.004667714922903743,-0.004667714922903743,11
2019-02-27,-1,0.004965525660021619,-0.004965525660021619,11
2019-02-28,1,0.007136928887048644,0.007136928887048644,11
2019-03-01,1,-0.004360857274484431,-0.004360857274484431,11
2019-03-04,-1,0.0008213138515389407,-0.0008213138515389407,11
2019-03-05,-1,-0.0021882338087966247,0.0021882338087966247,11
2019-03-06,1,-0.016721508169025845,-0.016721508169025845,11
2019-03-07,-1,0.003902966094710303,-0.003902966094710303,11
2019-03-08,-1,0.006942516291385203,-0.006942516291385203,11
2019-03-11,-1,-0.0002757397130729311,0.0002757397130729311,11
2019-03-12,1,0.01131034061826508,0.01131034061826508,11
2019-03-13,1,0.002182264904191822,0.002182264904191822,11
2019-03-14,1,0.011976009978433622,0.011976009978433622,11
2019-03-15,1,0.004303384779419606,0.004303384779419606,11
2019-03-18,1,0.0032136832189180176,0.0032136832189180176,11
2019-03-19,1,0.00026700844834293136,0.00026700844834293136,11
2019-03-20,1,-0.004003243154313663,-0.004003243154313663,11
2019-03-21,-1,-0.030278699821960298,0.030278699821960298,11
2019-03-22,-1,0.0019342276175871032,-0.0019342276175871032,11
2019-03-25,-1,0.0019305988075546399,-0.0019305988075546399,11
2019-03-26,1,0.002752503965898878,0.002752503965898878,11
2019-03-27,1,-0.0030195061605842177,-0.0030195061605842177,11
2019-03-28,-1,0.007158649185438293,-0.007158649185438293,11
2019-03-29,1,0.011754960879019727,0.011754960879019727,12
2019-04-01,1,0.003242441286797071,0.003242441286797071,12
2019-04-02,1,0.010503619133567454,0.010503619133567454,12
2019-04-03,1,0.001599183703597129,0.001599183703597129,12
2019-04-04,1,0.0007982644447899201,0.0007982644447899201,12
2019-04-05,1,0.0005317856272026855,0.0005317856272026855,12
2019-04-08,1,-0.005580730619427543,-0.005580730619427543,12
2019-04-09,1,0.0045430783527846685,0.0045430783527846685,12
2019-04-10,-1,0.0013301206932052612,-0.0013301206932052612,12
2019-04-11,1,0.007970224280690275,0.007970224280690275,12
2019-04-12,1,0.0002636303793492889,0.0002636303793492889,12
2019-04-15,1,0.0007904816520101221,0.0007904816520101221,12
2019-04-16,1,0.008162226883290824,0.008162226883290824,12
2019-04-17,1,0.0005223415326573999,0.0005223415326573999,12
2019-04-18,1,0.0,0.0,12
2019-04-22,1,-0.0007831530388577868,-0.0007831530388577868,12
2019-04-23,-1,-0.007575682081445545,0.007575682081445545,12
2019-04-24,-1,-0.0010529327128200316,0.0010529327128200316,12
2019-04-25,-1,0.0010540425487002292,-0.0010540425487002292,12
2019-04-26,1,0.005790929094129371,0.005790929094129371,12
2019-04-29,1,0.008898198396609214,0.008898198396609214,12
2019-04-30,1,-0.007522721693040801,-0.007522721693040801,12
2019-05-01,1,-0.004181909420577723,-0.004181909420577723,12
2019-05-02,-1,0.008923888876762875,-0.008923888876762875,12
2019-05-03,-1,-0.00858475619528587,0.00858475619528587,12
2019-05-06,-1,-0.02414069716369105,0.02414069716369105,12
2019-05-07,-1,0.006722237408754772,-0.006722237408754772,12
2019-05-08,-1,-0.004273500354724069,0.004273500354724069,12
2019-05-09,-1,0.006437813474395204,-0.006437813474395204,12
2019-05-10,-1,-0.022121583713438975,0.022121583713438975,12
2019-05-13,-1,0.009811954860349692,-0.009811954860349692,12
2019-05-14,1,0.007017601662199002,0.007017601662199002,12
2019-05-15,-1,0.011525068060801669,-0.011525068060801669,12
2019-05-16,1,-0.004769483231859106,-0.004769483231859106,12
2019-05-17,1,-0.010915863482999222,-0.010915863482999222,12
2019-05-20,-1,0.005921868020721588,-0.005921868020721588,12
2019-05-21,1,-0.0026759025148318516,-0.0026759025148318516,12
2019-05-22,-1,-0.012074074521394751,0.012074074521394751,12
2019-05-23,-1,0.01249318545044198,-0.01249318545044198,12
2019-05-24,1,-0.011534343327676777,-0.011534343327676777,12
2019-05-28,1,-0.009497923707293743,-0.009497923707293743,12
2019-05-29,-1,0.004931515210295334,-0.004931515210295334,12
2019-05-30,-1,-0.010632480545356149,0.010632480545356149,12
2019-05-31,-1,0.008266718916840388,-0.008266718916840388,12
2019-06-03,1,0.018037710977309995,0.018037710977309995,12
2019-06-04,1,-0.0016107751219064381,-0.0016107751219064381,12
2019-06-05,1,0.003495592173049289,0.003495592173049289,12
2019-06-06,1,0.01607712966311481,0.01607712966311481,12
2019-06-07,1,0.0002637694280971381,0.0002637694280971381,12
2019-06-10,1,0.006063789622615445,0.006063789622615445,12
2019-06-11,1,-0.007861615258389243,-0.007861615258389243,12
2019-06-12,1,0.0010565482008049187,0.0010565482008049187,12
2019-06-13,1,-0.007651738887908044,-0.007651738887908044,12
2019-06-14,-1,0.00026584209973257167,-0.00026584209973257167,12
2019-06-17,-1,0.019138788972502763,-0.019138788972502763,12
2019-06-18,1,0.004433963700280152,0.004433963700280152,12
2019-06-19,1,0.009867595031879173,0.009867595031879173,12
2019-06-20,1,-0.021085104337710048,-0.021085104337710048,12
2019-06-21,-1,0.0015760802146571606,-0.0015760802146571606,12
2019-06-24,-1,-0.007081050359304841,0.007081050359304841,12
2019-06-25,1,0.0018489089724176289,0.0018489089724176289,12
2019-06-26,1,0.0018454968167944674,0.0018454968167944674,12
2019-06-27,-1,0.007894716764751175,-0.007894716764751175,12
2019-06-28,1,0.0010444103478894906,0.0010444103478894906,12
2019-07-01,1,0.003390742503856181,0.003390742503856181,12
2019-07-02,1,0.008318161805828339,0.008318161805828339,12
2019-07-03,1,-0.007218421948581577,-0.007218421948581577,12
2019-07-05,-1,-0.00519337722563229,0.00519337722563229,12
2019-07-08,-1,-0.0020882753376892937,0.0020882753376892937,12
2019-07-09,-1,0.0018310147962958823,-0.0018310147962958823,12
2019-07-10,1,-0.0007832579606906753,-0.0007832579606906753,12
2019-07-11,1,0.0002612574186988681,0.0002612574186988681,12
2019-07-12,1,0.0010449560293344096,0.0010449560293344096,12
2019-07-15,1,-0.0018267143888749393,-0.0018267143888749393,12
2019-07-16,1,-0.003660114762050637,-0.003660114762050637,12
2019-07-17,1,0.0018367802073770978,0.0018367802073770978,12
2019-07-18,-1,-0.00785749697911553,0.00785749697911553,12
2019-07-19,-1,0.003431817575300755,-0.003431817575300755,12
2019-07-22,1,0.00894501887928989,0.00894501887928989,12
2019-07-23,1,0.0002608119068692183,0.0002608119068692183,12
2019-07-24,1,-0.010427568287654454,-0.010427568287654454,12
2019-07-25,-1,0.0034246857547584053,-0.0034246857547584053,12
2019-07-26,-1,0.0018377446716670853,-0.0018377446716670853,12
2019-07-29,1,-0.018343835580149404,-0.018343835580149404,12
2019-07-30,-1,-0.008275428888684822,0.008275428888684822,12
2019-07-31,-1,-0.0043068597803597175,0.0043068597803597175,12
2019-08-01,1,-0.011895172247650687,-0.011895172247650687,12
2019-08-02,-1,-0.01887821179512772,0.01887821179512772,12
2019-08-05,-1,0.0047406069730027145,-0.0047406069730027145,12
2019-08-06,-1,0.00693866246100594,-0.00693866246100594,12
2019-08-07,-1,0.00909597139355478,-0.00909597139355478,12
2019-08-08,1,-0.0051899054421902235,-0.0051899054421902235,12
2019-08-09,-1,-0.007962578676825816,0.007962578676825816,12
2019-08-12,-1,0.011901475019751917,-0.011901475019751917,12
2019-08-13,-1,-0.03008758882656848,0.03008758882656848,12
2019-08-14,-1,0.0,-0.0,12
2019-08-15,-1,0.011844387887378405,-0.011844387887378405,12
2019-08-16,1,0.008361182500831621,0.008361182500831621,12
2019-08-19,1,-0.00414597912143877,-0.00414597912143877,12
2019-08-20,1,0.013322219220061049,0.013322219220061049,12
2019-08-21,1,-0.0035605932455301526,-0.0035605932455301526,12
2019-08-22,1,-0.015118175396167999,-0.015118175396167999,12
2019-08-23,1,0.010047356328692025,0.010047356328692025,12
2019-08-26,1,0.00027637846394079624,0.00027637846394079624,12
2019-08-27,1,-0.000276302099990855,-0.000276302099990855,12
2019-08-28,-1,0.013263320266668321,-0.013263320266668321,12
2019-08-29,1,-0.0002726567230011412,-0.0002726567230011412,12
2019-08-30,1,-0.004364425752265921,-0.004364425752265921,12
2019-09-03,-1,0.014520514501284332,-0.014520514501284332,12
2019-09-04,1,0.008371627964090855,0.008371627964090855,12
2019-09-05,1,0.0005356308966775192,0.0005356308966775192,12
2019-09-06,1,0.0034796859205408204,0.0034796859205408204,12
2019-09-09,1,0.0010668738073984496,0.0010668738073984496,12
2019-09-10,1,0.003996843345533296,0.003996843345533296,12
2019-09-11,-1,0.009554156248297918,-0.009554156248297918,12
2019-09-12,1,0.0026287716013244644,0.0026287716013244644,12
2019-09-13,1,-0.012323052654025113,-0.012323052654025113,12
2019-09-16,-1,0.006636581156143961,-0.006636581156143961,12
2019-09-17,-1,-0.0002636688295357681,0.0002636688295357681,12
2019-09-18,1,0.0034292025491555744,0.0034292025491555744,12
2019-09-19,1,-0.002103097506026441,-0.002103097506026441,13
2019-09-20,1,-0.005005232647297464,-0.005005232647297464,13
2019-09-23,-1,-0.003971446228777431,0.003971446228777431,13
2019-09-24,-1,-0.00637952872364711,0.00637952872364711,13
2019-09-25,-1,0.005082895165325452,-0.005082895165325452,13
2019-09-26,1,-0.001863180606676007,-0.001863180606676007,13
2019-09-27,1,0.006400044759114598,0.006400044759114598,13
2019-09-30,1,-0.010863800455155781,-0.010863800455155781,13
2019-10-01,-1,-0.02544871996628595,0.02544871996628595,13
2019-10-02,-1,0.007421672617824893,-0.007421672617824893,13
2019-10-03,-1,0.007912608151606992,-0.007912608151606992,13
2019-10-04,1,0.000270767098059288,0.000270767098059288,13
2019-10-07,1,-0.010825480855743419,-0.010825480855743419,13
2019-10-08,-1,0.011764714477470406,-0.011764714477470406,13
2019-10-09,1,0.010005379569087758,0.010005379569087758,13
2019-10-10,1,0.020348116928493365,0.020348116928493365,13
2019-10-11,1,-0.0002624543707762106,-0.0002624543707762106,13
2019-10-14,-1,0.013385883376790142,-0.013385883376790142,13
2019-10-15,1,0.0018129938802811107,0.0018129938802811107,13
2019-10-16,1,0.0023267877941524073,0.0023267877941524073,13
2019-10-17,1,0.0015476237447142882,0.0015476237447142882,13
2019-10-18,-1,0.0043780108403022044,-0.0043780108403022044,13
2019-10-21,1,-0.0056410569411057265,-0.0056410569411057265,13
2019-10-22,-1,0.006446622173012173,-0.006446622173012173,13
2019-10-23,-1,0.00025626791040989083,-0.00025626791040989083,13
2019-10-24,1,-0.001024613590913992,-0.001024613590913992,13
2019-10-25,-1,0.0025640634390025063,-0.0025640634390025063,13
2019-10-28,1,-0.0007672322370224638,-0.0007672322370224638,13
2019-10-29,-1,0.0051190367161930705,-0.0051190367161930705,13
2019-10-30,1,-0.0025465313891686048,-0.0025465313891686048,13
2019-10-31,-1,0.006382435835756706,-0.006382435835756706,13
2019-11-01,1,0.005834687154166129,0.005834687154166129,13
2019-11-04,1,-0.0010088502897341867,-0.0010088502897341867,13
2019-11-05,-1,0.0015147073382792975,-0.0015147073382792975,13
2019-11-06,1,0.0025208543845269826,0.0025208543845269826,13
2019-11-07,1,0.0,0.0,13
2019-11-08,-1,-0.00025149952515313156,0.00025149952515313156,13
2019-11-11,-1,-0.00025146684998189617,0.00025146684998189617,13
2019-11-12,-1,-0.002767310952240587,0.002767310952240587,13
2019-11-13,-1,-0.0002522280950341127,0.0002522280950341127,13
2019-11-14,-1,0.00731761526656638,-0.00731761526656638,13
2019-11-15,1,-0.0002504589677306823,-0.0002504589677306823,13
2019-11-18,-1,-0.0010022780175464874,0.0010022780175464874,13
2019-11-19,1,-0.006019510163006281,-0.006019510163006281,13
2019-11-20,-1,0.0015139428962069879,-0.0015139428962069879,13
2019-11-21,-1,-0.0012597439856523174,0.0012597439856523174,13
2019-11-22,-1,0.0032795426366525327,-0.0032795426366525327,13
2019-11-25,1,0.000754306737530408,0.000754306737530408,13
2019-11-26,1,0.0,0.0,13
2019-11-27,-1,-0.0020100004495208212,0.0020100004495208212,13
2019-11-29,-1,-0.012084580248858057,0.012084580248858057,13
2019-12-02,-1,-0.0010193912797229476,0.0010193912797229476,13
2019-12-03,-1,0.009693904610188042,-0.009693904610188042,13
2019-12-04,1,-0.0010106345042146803,-0.0010106345042146803,13
2019-12-05,1,0.006069748563796384,0.006069748563796384,13
2019-12-06,1,-0.00703868245070427,-0.00703868245070427,13
2019-12-09,-1,0.0025316069397745,-0.0025316069397745,13
2019-12-10,-1,0.008333379893192383,-0.008333379893192383,13
2019-12-11,1,0.00901579282745213,0.00901579282745213,13
2019-12-12,1,0.005212188624987624,0.005212188624987624,13
2019-12-13,1,0.010123453022521156,0.010123453022521156,13
2019-12-16,1,-0.005866577349351365,-0.005866577349351365,13
2019-12-17,-1,-0.0036881661651063657,0.0036881661651063657,13
2019-12-18,-1,-0.00024684442540656715,0.00024684442540656715,13
2019-12-19,-1,0.0024685828921697794,-0.0024685828921697794,13
2019-12-20,1,0.0002462034322316953,0.0002462034322316953,13
2019-12-23,1,-0.0017232815525574097,-0.0017232815525574097,13
2019-12-24,-1,0.005918660492783667,-0.005918660492783667,13
2019-12-26,1,0.0034321987375867113,0.0034321987375867113,13
2019-12-27,1,-0.008306869046001308,-0.008306869046001308,13
2019-12-30,1,0.004927340778211331,0.004927340778211331,13
2019-12-31,-1,0.011522368116126946,-0.011522368116126946,13
2020-01-02,1,-0.01284534175611618,-0.01284534175611618,13
2020-01-03,-1,0.0017186274395026846,-0.0017186274395026846,13
2020-01-06,-1,-0.005637243787676605,0.005637243787676605,13
2020-01-07,-1,0.004929769890162694,-0.004929769890162694,13
2020-01-08,-1,0.00416968768792203,-0.00416968768792203,13
2020-01-09,1,-0.003175311621362864,-0.003175311621362864,13
2020-01-10,-1,0.002450342336585587,-0.002450342336585587,13
2020-01-13,-1,-0.0034221312679201255,0.0034221312679201255,13
2020-01-14,-1,-0.001716941232236091,0.001716941232236091,13
2020-01-15,-1,0.0049140235673303945,-0.0049140235673303945,13
2020-01-16,1,0.004400985292430493,0.004400985292430493,13
2020-01-17,1,-0.009980614504243479,-0.009980614504243479,13
2020-01-21,-1,-0.0036881661651063657,0.0036881661651063657,13
2020-01-22,-1,-0.0029614740999286404,0.0029614740999286404,13
2020-01-23,-1,-0.001732665648029208,0.001732665648029208,13
2020-01-24,1,-0.024299611020076273,-0.024299611020076273,13
2020-01-27,-1,0.011181765145318101,-0.011181765145318101,13
2020-01-28,-1,0.0015078551699740927,-0.0015078551699740927,13
2020-01-29,1,-0.0010036914017964582,-0.0010036914017964582,13
2020-01-30,-1,-0.017834787105691308,0.017834787105691308,13
2020-01-31,-1,0.004347876989179378,-0.004347876989179378,13
2020-02-03,1,0.01731602488538675,0.01731602488538675,13
2020-02-04,1,0.01076346175128684,0.01076346175128684,13
2020-02-05,1,0.005448177320123371,0.005448177320123371,13
2020-02-06,1,-0.006896521916752052,-0.006896521916752052,13
2020-02-07,-1,0.0014881293091557612,-0.0014881293091557612,13
2020-02-10,-1,0.0047052655196437865,-0.0047052655196437865,13
2020-02-11,1,0.0054227562819328945,0.0054227562819328945,13
2020-02-12,1,-0.007354724940600521,-0.007354724940600521,13
2020-02-13,-1,0.0,-0.0,13
2020-02-14,-1,-0.004445549461943088,0.004445549461943088,13
2020-02-18,-1,0.00520960251347935,-0.00520960251347935,13
2020-02-19,1,-0.0059230423434215584,-0.0059230423434215584,13
2020-02-20,-1,-0.006454774811632702,0.006454774811632702,13
2020-02-21,-1,-0.043228373874261594,0.043228373874261594,13
2020-02-24,-1,-0.025594137341451995,0.025594137341451995,13
2020-02-25,-1,0.00026797966135583273,-0.00026797966135583273,13
2020-02-26,-1,-0.028403038101793565,0.028403038101793565,13
2020-02-27,-1,-0.007997714127247035,0.007997714127247035,13
2020-02-28,-1,0.02168470260845967,-0.02168470260845967,13
2020-03-02,-1,-0.013605442176870763,0.013605442176870763,13
2020-03-03,-1,0.03641378468480605,-0.03641378468480605,13
2020-03-04,1,-0.0338035791344079,-0.0338035791344079,13
2020-03-05,-1,-0.018181814360433424,0.018181814360433424,13
2020-03-06,-1,-0.09343428937668874,0.09343428937668874,13
2020-03-09,-1,0.03156918645651485,-0.03156918645651485,13
2020-03-10,-1,-0.054005431908859314,0.054005431908859314,13
2020-03-11,-1,-0.12464320391976169,0.12464320391976169,13
2020-03-12,-1,0.06195648771152662,-0.06195648771152662,14
2020-03-13,-1,-0.1146366006218178,0.1146366006218178,14
2020-03-16,-1,0.051637769294466285,-0.051637769294466285,14
2020-03-17,-1,-0.07695127559614257,0.07695127559614257,14
2020-03-18,-1,0.014688325686397441,-0.014688325686397441,14
2020-03-19,-1,0.002738642264742186,-0.002738642264742186,14
2020-03-20,1,0.007803385465794621,0.007803385465794621,14
2020-03-23,1,0.09407666714491913,0.09407666714491913,14
2020-03-24,1,0.03715496208621549,0.03715496208621549,14
2020-03-25,1,0.041965249812242256,0.041965249812242256,14
2020-03-26,1,-0.03962020155690604,-0.03962020155690604,14
2020-03-27,-1,0.016365480514316966,-0.016365480514316966,14
2020-03-30,-1,-0.010063711587894986,0.010063711587894986,14
2020-03-31,-1,-0.05083022664743764,0.05083022664743764,14
2020-04-01,-1,0.014637623850832782,-0.014637623850832782,14
2020-04-02,-1,-0.016889498274023973,0.016889498274023973,14
2020-04-03,-1,0.06084462502134169,-0.06084462502134169,14
2020-04-06,1,0.005398105624387695,0.005398105624387695,14
2020-04-07,1,0.011409401385656714,0.011409401385656714,14
2020-04-08,1,0.025215668356743715,0.025215668356743715,14
2020-04-09,1,-0.011974075613349955,-0.011974075613349955,14
2020-04-13,1,0.01965275010241152,0.01965275010241152,14
2020-04-14,1,-0.04400896141402366,-0.04400896141402366,14
2020-04-15,-1,-0.004368315427265013,0.004368315427265013,14
2020-04-16,-1,0.03611210369488127,-0.03611210369488127,14
2020-04-17,1,-0.013029365340009424,-0.013029365340009424,14
2020-04-20,1,-0.025412494052912016,-0.025412494052912016,14
2020-04-21,-1,0.011175073350245146,-0.011175073350245146,14
2020-04-22,1,-0.010716667390598955,-0.010716667390598955,14
2020-04-23,-1,0.011171290232851572,-0.011171290232851572,14
2020-04-24,1,0.01975220049087878,0.01975220049087878,14
2020-04-27,1,0.005581092626513184,0.005581092626513184,14
2020-04-28,1,0.03460664062468388,0.03460664062468388,14
2020-04-29,1,-0.019564557550798334,-0.019564557550798334,14
2020-04-30,-1,-0.02220793501238949,0.02220793501238949,14
2020-05-01,-1,-0.004608274967605519,0.004608274967605519,14
2020-05-04,-1,-0.0019841093385088993,0.0019841093385088993,14
2020-05-05,-1,-0.013585150538974466,0.013585150538974466,14
2020-05-06,1,0.01813903257894922,0.01813903257894922,14
2020-05-07,1,0.01682613783793996,0.01682613783793996,14
2020-05-08,1,-0.006164845423068721,-0.006164845423068721,14
2020-05-11,-1,-0.014691441982382258,0.014691441982382258,14
2020-05-12,1,-0.018555316775339614,-0.018555316775339614,14
2020-05-13,-1,-0.006414602588597829,0.006414602588597829,14
2020-05-14,-1,0.002378514920093666,-0.002378514920093666,14
2020-05-15,1,0.056610172077760756,0.056610172077760756,14
2020-05-18,1,-0.013795325765905697,-0.013795325765905697,14
2020-05-19,1,0.025699444418005202,0.025699444418005202,14
2020-05-20,1,-0.009514783947855876,-0.009514783947855876,14
2020-05-21,1,-0.0016010002495493447,-0.0016010002495493447,14
2020-05-22,-1,0.029185370061111104,-0.029185370061111104,14
2020-05-26,1,0.027111216196569643,0.027111216196569643,14
2020-05-27,1,0.009405381732460638,0.009405381732460638,14
2020-05-28,1,0.0027051443146850485,0.0027051443146850485,14
2020-05-29,1,0.020083877598533695,0.020083877598533695,14
2020-06-01,1,0.019100838941973564,0.019100838941973564,14
2020-06-02,1,0.0397924179922593,0.0397924179922593,14
2020-06-03,1,0.0016638257434506976,0.0016638257434506976,14
2020-06-04,1,0.02962346972495844,0.02962346972495844,14
2020-06-05,1,0.011293412184773421,0.011293412184773421,14
2020-06-08,1,-0.0194097189680823,-0.0194097189680823,14
2020-06-09,-1,-0.005965325768206853,0.005965325768206853,14
2020-06-10,-1,-0.06355695652087956,0.06355695652087956,14
2020-06-11,-1,0.017477379613138888,-0.017477379613138888,14
2020-06-12,-1,0.009447409489673708,-0.009447409489673708,14
2020-06-15,-1,0.013613255240583877,-0.013613255240583877,14
2020-06-16,1,0.0039171623691554025,0.0039171623691554025,14
2020-06-17,1,-0.005016730764139776,-0.005016730764139776,14
2020-06-18,-1,-0.006442564070617385,0.006442564070617385,14
2020-06-19,-1,0.0053566005122684945,-0.0053566005122684945,14
2020-06-22,1,0.010936606598912713,0.010936606598912713,14
2020-06-23,1,-0.02801659758413788,-0.02801659758413788,14
2020-06-24,-1,0.015410984629513846,-0.015410984629513846,14
2020-06-25,-1,-0.017987722636571113,0.017987722636571113,14
2020-06-26,1,0.015455092637426615,0.015455092637426615,14
2020-06-29,1,0.001409223159685391,0.001409223159685391,14
2020-06-30,-1,0.0002815124282047332,-0.0002815124282047332,14
2020-07-01,-1,0.018289186675221947,-0.018289186675221947,14
2020-07-02,1,0.020447684624134155,0.020447684624134155,14
2020-07-06,1,-0.01760090767688971,-0.01760090767688971,14
2020-07-07,-1,0.00909597139355478,-0.00909597139355478,14
2020-07-08,-1,-0.013930678167928368,0.013930678167928368,14
2020-07-09,-1,0.011911366297813863,-0.011911366297813863,14
2020-07-10,1,-0.001642418850223315,-0.001642418850223315,14
2020-07-13,1,0.017274396279985282,0.017274396279985282,14
2020-07-14,1,0.013477089503083794,0.013477089503083794,14
2020-07-15,1,-0.0029254468116536314,-0.0029254468116536314,14
2020-07-16,1,0.004534493500515158,0.004534493500515158,14
2020-07-17,1,0.007169422699353056,0.007169422699353056,14
2020-07-20,1,0.003954693505721751,0.003954693505721751,14
2020-07-21,1,0.0034137932554392236,0.0034137932554392236,14
2020-07-22,1,-0.009944968922346531,-0.009944968922346531,14
2020-07-23,-1,-0.0074016013862385766,0.0074016013862385766,14
2020-07-24,-1,0.010386135754259174,-0.010386135754259174,14
2020-07-27,1,-0.0071165120594811615,-0.0071165120594811615,14
2020-07-28,-1,0.011680447645176173,-0.011680447645176173,14
2020-07-29,1,-0.019155065089084378,-0.019155065089084378,14
2020-07-30,-1,-0.022204435723322424,0.022204435723322424,14
2020-07-31,-1,0.02106704442781271,-0.02106704442781271,14
2020-08-03,1,0.005359077293004111,0.005359077293004111,14
2020-08-04,-1,0.005596990456038231,-0.005596990456038231,14
2020-08-05,1,0.0010601886035690455,0.0010601886035690455,14
2020-08-06,1,-0.005295227972345495,-0.005295227972345495,14
2020-08-07,-1,-0.0005323518212970724,0.0005323518212970724,14
2020-08-10,-1,0.007190425119827815,-0.007190425119827815,14
2020-08-11,1,0.024061339364226608,0.024061339364226608,14
2020-08-12,1,-0.007487759332686972,-0.007487759332686972,14
2020-08-13,-1,-0.008324654169000856,0.008324654169000856,14
2020-08-14,-1,0.0052466098778445325,-0.0052466098778445325,14
2020-08-17,1,-0.001565797854093387,-0.001565797854093387,14
2020-08-18,1,-0.0013068279993208032,-0.0013068279993208032,14
2020-08-19,1,-0.005757587314239365,-0.005757587314239365,14
2020-08-20,-1,-0.01026594333020947,0.01026594333020947,14
2020-08-21,-1,0.019946809320117387,-0.019946809320117387,14
2020-08-24,1,0.004954431524540004,0.004954431524540004,14
2020-08-25,1,0.008043527535798622,0.008043527535798622,14
2020-08-26,1,-0.01338472750295705,-0.01338472750295705,14
2020-08-27,1,0.007565799294982689,0.007565799294982689,14
2020-08-28,1,-0.013464538377663149,-0.013464538377663149,14
2020-08-31,-1,0.0010498928380406891,-0.0010498928380406891,14
2020-09-01,-1,0.020188790510905497,-0.020188790510905497,15
2020-09-02,1,-0.023130340000213745,-0.023130340000213745,15
2020-09-03,1,0.0010523787764726844,0.0010523787764726844,15
2020-09-04,-1,-0.01760836221759332,0.01760836221759332,15
2020-09-08,-1,0.02621721546905631,-0.02621721546905631,15
2020-09-09,1,-0.012252377821294735,-0.012252377821294735,15
2020-09-10,1,0.008973348061884101,0.008973348061884101,15
2020-09-11,1,0.0015694840180346947,0.0015694840180346947,15
2020-09-14,1,0.005745557606310792,0.005745557606310792,15
2020-09-15,1,-0.006751449827714584,-0.006751449827714584,15
2020-09-16,-1,0.0031372269773795036,-0.0031372269773795036,15
2020-09-17,-1,-0.010946004186523473,0.010946004186523473,15
2020-09-18,-1,-0.04057973345368815,0.04057973345368815,15
2020-09-21,-1,-0.00329576853577751,0.00329576853577751,15
2020-09-22,-1,-0.015706797477107126,0.015706797477107126,15
2020-09-23,1,0.003639340676803382,0.003639340676803382,15
2020-09-24,1,-0.0025104646141856923,-0.0025104646141856923,15
2020-09-25,-1,0.021812154099695613,-0.021812154099695613,15
2020-09-28,1,0.0019157004124341626,0.0019157004124341626,15
2020-09-29,1,-0.0071019429635560405,-0.0071019429635560405,15
2020-09-30,-1,0.003851532605850805,-0.003851532605850805,15
2020-10-01,1,-0.003014541115148095,-0.003014541115148095,15
2020-10-02,-1,0.01869159662482134,-0.01869159662482134,15
2020-10-05,1,-0.012412382140423839,-0.012412382140423839,15
2020-10-06,1,0.01038254327753374,0.01038254327753374,15
2020-10-07,1,0.008112472708873497,0.008112472708873497,15
2020-10-08,1,0.008851980736596765,0.008851980736596765,15
2020-10-09,1,0.007444795925363845,0.007444795925363845,15
2020-10-12,1,-0.014251805865029166,-0.014251805865029166,15
2020-10-13,-1,-0.005086978165223521,0.005086978165223521,15
2020-10-14,-1,-0.01668457842924198,0.01668457842924198,15
2020-10-15,-1,0.010399486696687221,-0.010399486696687221,15
2020-10-16,1,-0.005146225247345759,-0.005146225247345759,15
2020-10-19,1,0.007895478332197392,0.007895478332197392,15
2020-10-20,1,-0.012965951817962895,-0.012965951817962895,15
2020-10-21,-1,-0.000547357888958655,0.000547357888958655,15
2020-10-22,-1,0.010679063109527709,-0.010679063109527709,15
2020-10-23,1,-0.03305340627869613,-0.03305340627869613,15
2020-10-26,-1,-0.01737178357358593,0.01737178357358593,15
2020-10-27,-1,-0.041630997923508106,0.041630997923508106,15
2020-10-28,-1,0.00267777896321042,-0.00267777896321042,15
2020-10-29,-1,-0.00326411299291518,0.00326411299291518,15
2020-10-30,-1,0.018457842484915776,-0.018457842484915776,15
2020-11-02,1,0.03273904637695191,0.03273904637695191,15
2020-11-03,1,0.012453965578972381,0.012453965578972381,15
2020-11-04,1,0.02991332628266652,0.02991332628266652,15
2020-11-05,1,0.002985901462973617,0.002985901462973617,15
2020-11-06,1,0.05006761666908077,0.05006761666908077,15
2020-11-09,1,0.018298945835918623,0.018298945835918623,15
2020-11-10,1,0.005315183702639281,0.005315183702639281,15
2020-11-11,1,-0.01661630984714324,-0.01661630984714324,15
2020-11-12,-1,0.01484889902625608,-0.01484889902625608,15
2020-11-13,1,0.008072646310579579,0.008072646310579579,15
2020-11-16,1,0.0017517441548544621,0.0017517441548544621,15
2020-11-17,1,-0.006245316203439377,-0.006245316203439377,15
2020-11-18,1,0.00553044815118553,0.00553044815118553,15
2020-11-19,-1,-0.0012499809265136275,0.0012499809265136275,15
2020-11-20,-1,0.0010012744621634706,-0.0010012744621634706,15
2020-11-23,1,0.01575386914167609,0.01575386914167609,15
2020-11-24,1,0.0017232815525574097,0.0017232815525574097,15
2020-11-25,1,0.007372894123444107,0.007372894123444107,15
2020-11-27,1,-0.016101483785955217,-0.016101483785955217,15
2020-11-30,1,0.025291262007357318,0.025291262007357318,15
2020-12-01,1,0.0004836870254345538,0.0004836870254345538,15
2020-12-02,1,-0.0007251336734687142,-0.0007251336734687142,15
2020-12-03,1,0.00919209159924117,0.00919209159924117,15
2020-12-04,1,-0.005512932298817663,-0.005512932298817663,15
2020-12-07,1,0.0021692009869114237,0.0021692009869114237,15
2020-12-08,-1,-0.0038480917523643354,0.0038480917523643354,15
2020-12-09,1,0.0016900896334168802,0.0016900896334168802,15
2020-12-10,-1,-0.007712786131015448,0.007712786131015448,15
2020-12-11,-1,0.0012145507403866773,-0.0012145507403866773,15
2020-12-14,1,0.014313443355541633,0.014313443355541633,15
2020-12-15,1,0.004305197303599462,0.004305197303599462,15
2020-12-16,1,0.009764225554255379,0.009764225554255379,15
2020-12-17,1,-0.007075543418900709,-0.007075543418900709,15
2020-12-18,1,-0.02304031926752015,-0.02304031926752015,15
2020-12-21,-1,-0.0007294576517139495,0.0007294576517139495,15
2020-12-22,-1,0.014355235389105658,-0.014355235389105658,15
2020-12-23,1,0.0031182795010202824,0.0031182795010202824,15
2020-12-24,1,0.006934503052213881,0.006934503052213881,15
2020-12-28,1,0.0016623057185853884,0.0016623057185853884,15
2020-12-29,1,0.00047416921808829393,0.00047416921808829393,15
2020-12-30,1,-0.011374396529818753,-0.011374396529818753,15
2020-12-31,-1,0.007430430237857166,-0.007430430237857166,15
2021-01-04,1,0.0064239939473105245,0.0064239939473105245,15
2021-01-05,1,0.016075657622707684,0.016075657622707684,15
2021-01-06,1,0.0004653433684664865,0.0004653433684664865,15
2021-01-07,1,0.004651180533475685,0.004651180533475685,15
2021-01-08,1,-0.015277773975835518,-0.015277773975835518,15
2021-01-11,-1,0.0016455028988648923,-0.0016455028988648923,15
2021-01-12,-1,-0.0021121837901599827,0.0021121837901599827,15
2021-01-13,-1,0.006349963660792213,-0.006349963660792213,15
2021-01-14,1,-0.01939709776340537,-0.01939709776340537,15
2021-01-15,-1,0.00786467679349423,-0.00786467679349423,15
2021-01-19,1,0.006147985715406756,0.006147985715406756,15
2021-01-20,1,0.002350230096626049,0.002350230096626049,15
2021-01-21,1,-0.006096181170655024,-0.006096181170655024,15
2021-01-22,-1,-0.009672089014283625,0.009672089014283625,15
2021-01-25,-1,0.008575526781255949,-0.008575526781255949,15
2021-01-26,1,-0.02786963393772346,-0.02786963393772346,15
2021-01-27,-1,0.012147716274382825,-0.012147716274382825,15
2021-01-28,1,-0.02160349325912958,-0.02160349325912958,15
2021-01-29,1,0.013738994022361561,0.013738994022361561,15
2021-02-01,1,0.01500481453203939,0.01500481453203939,15
2021-02-02,1,0.0026228091071398563,0.0026228091071398563,15
2021-02-03,1,0.0033293553433657586,0.0033293553433657586,15
2021-02-04,1,0.009955012972593158,0.009955012972593158,15
2021-02-05,1,0.005867167247570082,0.005867167247570082,15
2021-02-08,1,0.0018664959220300315,0.0018664959220300315,15
2021-02-09,1,-0.0051233677932401855,-0.0051233677932401855,15
2021-02-10,1,0.008661023438956583,0.008661023438956583,15
2021-02-11,1,0.006497999032382351,0.006497999032382351,15
2021-02-12,1,0.006225512206899708,0.006225512206899708,15
2021-02-16,1,-0.008936741409326099,-0.008936741409326099,15
2021-02-17,-1,-0.0013873149893876002,0.0013873149893876002,15
2021-02-18,-1,0.005556880900625449,-0.005556880900625449,15
2021-02-19,1,-0.0018420868176958205,-0.0018420868176958205,15
2021-02-22,1,0.001153472976190839,0.001153472976190839,15
2021-02-23,1,0.007603640662561917,0.007603640662561917,15
2021-02-24,1,-0.01898006002848851,-0.01898006002848851,16
2021-02-25,1,-0.009790255680741988,-0.009790255680741988,16
2021-02-26,-1,0.018832373956716664,-0.018832373956716664,16
2021-03-01,-1,0.0011553385667315563,-0.0011553385667315563,16
2021-03-02,1,-0.00600051062181417,-0.00600051062181417,16
2021-03-03,-1,-0.010448125519572082,0.010448125519572082,16
2021-03-04,-1,0.00445805833336399,-0.00445805833336399,16
2021-03-05,-1,0.005138925460140609,-0.005138925460140609,16
2021-03-08,1,0.014176170756599049,0.014176170756599049,16
2021-03-09,1,0.011228269599449892,0.011228269599449892,16
2021-03-10,1,0.009743945043465319,0.009743945043465319,16
2021-03-11,1,0.0,0.0,16
2021-03-12,-1,-0.004488347324408615,0.004488347324408615,16
2021-03-15,-1,-0.0015779912953356456,0.0015779912953356456,16
2021-03-16,1,0.010160324083029915,0.010160324083029915,16
2021-03-17,1,-0.012069756264386666,-0.012069756264386666,16
2021-03-18,1,0.0004524990366163717,0.0004524990366163717,16
2021-03-19,-1,0.0,-0.0,16
2021-03-22,1,-0.011985585241142016,-0.011985585241142016,16
2021-03-23,-1,-0.002517665349319853,0.002517665349319853,16
2021-03-24,-1,0.006424937299964739,-0.006424937299964739,16
2021-03-25,-1,0.012767842015523945,-0.012767842015523945,16
2021-03-26,1,-0.001800945962518119,-0.001800945962518119,16
2021-03-29,1,0.003608476474097788,0.003608476474097788,16
2021-03-30,-1,0.00022468138276865446,-0.00022468138276865446,16
2021-03-31,1,0.01729949419906318,0.01729949419906318,16
2021-04-01,1,0.01766791239675558,0.01766791239675558,16
2021-04-05,1,-0.010199678863432204,-0.010199678863432204,16
2021-04-06,-1,0.001534744439541491,-0.001534744439541491,16
2021-04-07,1,0.004816138774810685,0.004816138774810685,16
2021-04-08,1,0.0017428761154250072,0.0017428761154250072,16
2021-04-09,1,-0.003697219892078385,-0.003697219892078385,16
2021-04-12,-1,0.006112175745537574,-0.006112175745537574,16
2021-04-13,1,-0.0004339435386734314,-0.0004339435386734314,16
2021-04-14,1,0.007597101724322597,0.007597101724322597,16
2021-04-15,1,0.014002618516123722,0.014002618516123722,16
2021-04-16,1,-0.002336957957610908,-0.002336957957610908,16
2021-04-19,1,-0.018952287201869145,-0.018952287201869145,16
2021-04-20,-1,0.014326022396007554,-0.014326022396007554,16
2021-04-21,-1,-0.00278196168176148,0.00278196168176148,16
2021-04-22,1,0.010729614085237982,0.010729614085237982,16
2021-04-23,1,0.001486193144203174,0.001486193144203174,16
2021-04-26,1,-0.0010599796269117334,-0.0010599796269117334,16
2021-04-27,-1,0.003820040519015855,-0.003820040519015855,16
2021-04-28,1,-0.0002113810083398393,-0.0002113810083398393,16
2021-04-29,1,-0.01733981135439089,-0.01733981135439089,16
2021-04-30,-1,0.012481127633347855,-0.012481127633347855,16
2021-05-03,1,-0.020191302409015788,-0.020191302409015788,16
2021-05-04,-1,0.01648594710164919,-0.01648594710164919,16
2021-05-05,1,0.009389641932949333,0.009389641932949333,16
2021-05-06,1,0.015010551710883613,0.015010551710883613,16
2021-05-07,1,-0.011247596744611399,-0.011247596744611399,16
2021-05-10,1,-0.012639609719594436,-0.012639609719594436,16
2021-05-11,-1,-0.01024108284990366,0.01024108284990366,16
2021-05-12,-1,0.010993794846746008,-0.010993794846746008,16
2021-05-13,-1,0.023454124484710848,-0.023454124484710848,16
2021-05-14,1,-0.003958304723103878,-0.003958304723103878,16
2021-05-17,1,-0.0014641224181877188,-0.0014641224181877188,16
2021-05-18,1,-0.013615448324797441,-0.013615448324797441,16
2021-05-19,-1,0.01805050905429617,-0.01805050905429617,16
2021-05-20,1,0.003128943057485456,0.003128943057485456,16
2021-05-21,1,0.007901872882293715,0.007901872882293715,16
2021-05-24,1,0.0012378286998706578,0.0012378286998706578,16
2021-05-25,1,-0.005975625553771735,-0.005975625553771735,16
2021-05-26,-1,0.002280198835552527,-0.002280198835552527,16
2021-05-27,1,0.0053775004019831485,0.0053775004019831485,16
2021-05-28,1,0.004320079856735104,0.004320079856735104,16
2021-06-01,1,0.0018435098965687846,0.0018435098965687846,16
2021-06-02,1,-0.0073604704860903425,-0.0073604704860903425,16
2021-06-03,-1,0.006797154196508837,-0.006797154196508837,16
2021-06-04,-1,0.004296216855233181,-0.004296216855233181,16
2021-06-07,1,-0.001222272827551718,-0.001222272827551718,16
2021-06-08,-1,-0.002039536541112885,0.002039536541112885,16
2021-06-09,1,0.0006130958330221592,0.0006130958330221592,16
2021-06-10,-1,0.004493489068975398,-0.004493489068975398,16
2021-06-11,-1,0.0024399945331463613,-0.0024399945331463613,16
2021-06-14,-1,0.0010141833232111264,-0.0010141833232111264,16
2021-06-15,1,-0.009929035033840683,-0.009929035033840683,16
2021-06-16,-1,-0.00634468623451756,0.00634468623451756,16
2021-06-17,-1,-0.021421234436054593,0.021421234436054593,16
2021-06-18,-1,0.0021048682877564673,-0.0021048682877564673,16
2021-06-21,-1,0.0004200894246433329,-0.0004200894246433329,16
2021-06-22,-1,-0.009867755829586877,0.009867755829586877,16
2021-06-23,1,0.012086507562944826,0.012086507562944826,16
2021-06-24,1,-0.0004190332695472865,-0.0004190332695472865,16
2021-06-25,-1,-0.007335956420820855,0.007335956420820855,16
2021-06-28,-1,-0.00021119375214451175,0.00021119375214451175,16
2021-06-29,-1,-0.01098197803217682,0.01098197803217682,16
2021-06-30,-1,0.0025624370530172857,-0.0025624370530172857,16
2021-07-01,-1,0.0010649464589576052,-0.0010649464589576052,16
2021-07-02,-1,-0.012765924981299914,0.012765924981299914,16
2021-07-06,-1,0.006680981646538298,-0.006680981646538298,16
2021-07-07,-1,-0.017769172182093396,0.017769172182093396,16
2021-07-08,-1,0.022013912336961816,-0.022013912336961816,16
2021-07-09,1,0.0053316272820254085,0.0053316272820254085,16
2021-07-12,1,-0.008697493693691993,-0.008697493693691993,16
2021-07-13,1,0.00556392336352296,0.00556392336352296,16
2021-07-14,1,-0.01149182584036379,-0.01149182584036379,16
2021-07-15,-1,-0.008611442826886861,0.008611442826886861,16
2021-07-16,-1,-0.02432136700196519,0.02432136700196519,16
2021-07-19,-1,0.008902771492588446,-0.008902771492588446,16
2021-07-20,-1,0.019192563351911218,-0.019192563351911218,16
2021-07-21,1,0.002813875886762185,0.002813875886762185,16
2021-07-22,1,0.01036044729690877,0.01036044729690877,16
2021-07-23,1,0.0021362630033621155,0.0021362630033621155,16
2021-07-26,1,-0.00405027984069517,-0.00405027984069517,16
2021-07-27,-1,0.005993124400279326,-0.005993124400279326,16
2021-07-28,1,0.00765958745428863,0.00765958745428863,16
2021-07-29,1,-0.006967943978078428,-0.006967943978078428,16
2021-07-30,-1,0.002551621299102802,-0.002551621299102802,16
2021-08-02,1,0.006362655935353123,0.006362655935353123,16
2021-08-03,1,0.0004215059524148579,0.0004215059524148579,16
2021-08-04,1,0.004634451239700299,0.004634451239700299,16
2021-08-05,1,-0.0016774589780050864,-0.0016774589780050864,16
2021-08-06,-1,-0.0018903623489625598,0.0018903623489625598,16
2021-08-09,1,0.0014730575368246956,0.0014730575368246956,16
2021-08-10,-1,0.006303829293941243,-0.006303829293941243,16
2021-08-11,1,0.002923353339584711,0.002923353339584711,16
2021-08-12,1,0.006037912198580964,0.006037912198580964,16
2021-08-13,1,-0.005794676760456752,-0.005794676760456752,16
2021-08-16,-1,-0.010199868216663965,0.010199868216663965,17
2021-08-17,-1,-0.00567824315658938,0.00567824315658938,17
2021-08-18,-1,-0.010575296381330368,0.010575296381330368,17
2021-08-19,-1,0.005557976550130572,-0.005557976550130572,17
2021-08-20,-1,0.011054431284928556,-0.011054431284928556,17
2021-08-23,1,-0.00042053105942307933,-0.00042053105942307933,17
2021-08-24,1,0.0010517298295680266,0.0010517298295680266,17
2021-08-25,1,-0.004832938463939507,-0.004832938463939507,17
2021-08-26,1,0.01076854550170192,0.01076854550170192,17
2021-08-27,1,0.0016712311017288428,0.0016712311017288428,17
2021-08-30,1,-0.00020859512140403158,-0.00020859512140403158,17
2021-08-31,1,0.00959538824253614,0.00959538824253614,17
2021-09-01,1,0.0037190144525003355,0.0037190144525003355,17
2021-09-02,1,-0.006381254870452602,-0.006381254870452602,17
2021-09-03,-1,0.0012430365179614267,-0.0012430365179614267,17
2021-09-07,1,-0.011173202877479804,-0.011173202877479804,17
2021-09-08,-1,-0.0025110429856267658,0.0025110429856267658,17
2021-09-09,-1,-0.0033564055707545615,0.0033564055707545615,17
2021-09-10,1,0.009261259881097939,0.009261259881097939,17
2021-09-13,1,-0.0031282903752285485,-0.0031282903752285485,17
2021-09-14,1,-0.0016735986952777226,-0.0016735986952777226,17
2021-09-15,-1,0.0006286416288661112,-0.0006286416288661112,17
2021-09-16,-1,-0.016753910723781074,0.016753910723781074,17
2021-09-17,1,-0.023855141931517276,-0.023855141931517276,17
2021-09-20,-1,0.013091827408885814,-0.013091827408885814,17
2021-09-21,1,0.01249188052003447,0.01249188052003447,17
2021-09-22,1,0.014252329452555612,0.014252329452555612,17
2021-09-23,1,-0.010276880774549912,-0.010276880774549912,17
2021-09-24,-1,0.0004238283184088143,-0.0004238283184088143,17
2021-09-27,-1,-0.025630144205417427,0.025630144205417427,17
2021-09-28,-1,-0.005434782608695676,0.005434782608695676,17
2021-09-29,-1,-0.010054624797216527,0.010054624797216527,17
2021-09-30,-1,0.005299135767675489,-0.005299135767675489,17
2021-10-01,-1,-0.00878536617408221,0.00878536617408221,17
2021-10-04,1,0.009528036671808904,0.009528036671808904,17
2021-10-05,1,-0.007023698094351105,-0.007023698094351105,17
2021-10-06,-1,0.011273172029433232,-0.011273172029433232,17
2021-10-07,1,-0.0026229274728910568,-0.0026229274728910568,17
2021-10-08,1,-0.006355487809312943,-0.006355487809312943,17
2021-10-11,1,-0.0006616404763104544,-0.0006616404763104544,17
2021-10-12,-1,0.015007730844533107,-0.015007730844533107,17
2021-10-13,1,0.015655520324605154,0.015655520324605154,17
2021-10-14,1,0.007707142312302739,0.007707142312302739,17
2021-10-15,1,-0.006373470129712677,-0.006373470129712677,17
2021-10-18,-1,0.004062403781256441,-0.004062403781256441,17
2021-10-19,1,0.0038330559771091455,0.0038330559771091455,17
2021-10-20,1,-0.00296986405305677,-0.00296986405305677,17
2021-10-21,-1,0.00765958745428863,-0.00765958745428863,17
2021-10-22,1,-0.004434102233241033,-0.004434102233241033,17
2021-10-25,1,0.006150521557690913,0.006150521557690913,17
2021-10-26,1,-0.0023186509030033164,-0.0023186509030033164,17
2021-10-27,1,0.012254341726580353,0.012254341726580353,17
2021-10-28,1,-0.0033395918998474494,-0.0033395918998474494,17
2021-10-29,-1,0.009842957501636107,-0.009842957501636107,17
2021-11-01,1,0.0008294711700029822,0.0008294711700029822,17
2021-11-02,1,0.009946195060670293,0.009946195060670293,17
2021-11-03,1,-0.0018465356891370632,-0.0018465356891370632,17
2021-11-04,1,0.007194213014256823,0.007194213014256823,17
2021-11-05,1,-0.00081634521484375,-0.00081634521484375,17
2021-11-08,1,-0.00020421408742166136,-0.00020421408742166136,17
2021-11-09,1,-0.014300321798348836,-0.014300321798348836,17
2021-11-10,-1,0.003108839914588657,-0.003108839914588657,17
2021-11-11,1,0.0026858935809839224,0.0026858935809839224,17
2021-11-12,1,-0.005151452839241566,-0.005151452839241566,17
2021-11-15,1,0.0,0.0,17
2021-11-16,1,0.00020716935549636162,0.00020716935549636162,17
2021-11-17,1,0.002692011823428375,0.002692011823428375,17
2021-11-18,1,-0.01610902124728153,-0.01610902124728153,17
2021-11-19,-1,-0.011125079472860677,0.011125079472860677,17
2021-11-22,-1,-0.002547207181703981,0.002547207181703981,17
2021-11-23,-1,-0.00872525713485961,0.00872525713485961,17
2021-11-24,-1,-0.0343495540129336,0.0343495540129336,17
2021-11-26,-1,0.003334849430979947,-0.003334849430979947,17
2021-11-29,-1,-0.007976968797501427,0.007976968797501427,17
2021-11-30,-1,0.0006700643062351741,-0.0006700643062351741,17
2021-12-01,1,0.01049109885507149,0.01049109885507149,17
2021-12-02,1,-0.010161234367599081,-0.010161234367599081,17
2021-12-03,-1,0.013166706862445254,-0.013166706862445254,17
2021-12-06,1,0.02907488216871079,0.02907488216871079,17
2021-12-07,1,-0.0008561839572388541,-0.0008561839572388541,17
2021-12-08,1,-0.01478146148667614,-0.01478146148667614,17
2021-12-09,1,0.004566189971916934,0.004566189971916934,17
2021-12-10,-1,-0.009740276093251343,0.009740276093251343,17
2021-12-13,1,-0.005901649350025573,-0.005901649350025573,17
2021-12-14,-1,0.014731793983866703,-0.014731793983866703,17
2021-12-15,1,-0.002816924459738912,-0.002816924459738912,17
2021-12-16,1,-0.017818333043625234,-0.017818333043625234,17
2021-12-17,-1,-0.011504434712090394,0.011504434712090394,17
2021-12-20,-1,0.014771706421310205,-0.014771706421310205,17
2021-12-21,1,0.013453917254050651,0.013453917254050651,17
2021-12-22,1,0.0076169416389515465,0.0076169416389515465,17
2021-12-23,1,0.009287263763745113,0.009287263763745113,17
2021-12-27,1,-0.0010699601444540408,-0.0010699601444540408,17
2021-12-28,1,-0.0006426473671969912,-0.0006426473671969912,17
2021-12-29,-1,-0.0017149373727309847,0.0017149373727309847,17
2021-12-30,1,0.001932577908045241,0.001932577908045241,17
2021-12-31,1,0.008786966325608603,0.008786966325608603,17
2022-01-03,1,0.003611684400781412,0.003611684400781412,17
2022-01-04,1,-0.004868826180385866,-0.004868826180385866,17
2022-01-05,1,-0.004254349189171891,-0.004254349189171891,17
2022-01-06,-1,0.0023498567064144105,-0.0023498567064144105,17
2022-01-07,1,-0.010016995403826168,-0.010016995403826168,17
2022-01-10,-1,0.009472521409731316,-0.009472521409731316,17
2022-01-11,1,0.010450025268607055,0.010450025268607055,17
2022-01-12,1,-0.008231308164973639,-0.008231308164973639,17
2022-01-13,1,0.00021277550917364607,0.00021277550917364607,17
2022-01-14,-1,-0.015319174908577149,0.015319174908577149,17
2022-01-18,-1,0.0012964860603639217,-0.0012964860603639217,17
2022-01-19,1,-0.004531702282718486,-0.004531702282718486,17
2022-01-20,1,-0.0125732022030145,-0.0125732022030145,17
2022-01-21,-1,-0.012952802688695808,0.012952802688695808,17
2022-01-24,-1,-0.011120996667739691,0.011120996667739691,17
2022-01-25,-1,0.004498442803821501,-0.004498442803821501,17
2022-01-26,1,-0.0035826208678633176,-0.0035826208678633176,17
2022-01-27,1,0.004269632060876161,0.004269632060876161,17
2022-01-28,1,0.014320949295424823,0.014320949295424823,17
2022-01-31,1,0.011692008777590246,0.011692008777590246,17
2022-02-01,1,0.0030527559482158573,0.0030527559482158573,17
2022-02-02,1,-0.01608699301014771,-0.01608699301014771,17
2022-02-03,-1,-0.0015466128462252593,0.0015466128462252593,17
2022-02-04,-1,0.0006639211087828834,-0.0006639211087828834,18
2022-02-07,1,0.005528527051112508,0.005528527051112508,18
2022-02-08,-1,0.017154140276154806,-0.017154140276154806,18
2022-02-09,1,-0.011243253140836185,-0.011243253140836185,18
2022-02-10,1,-0.027115632542796475,-0.027115632542796475,18
2022-02-11,-1,-0.010789016381761884,0.010789016381761884,18
2022-02-14,-1,0.02772100130042965,-0.02772100130042965,18
2022-02-15,1,0.0039796663054947334,0.0039796663054947334,18
2022-02-16,1,-0.019158752142879543,-0.019158752142879543,18
2022-02-17,-1,-0.004490362793632796,0.004490362793632796,18
2022-02-18,-1,-0.024131702551691725,0.024131702551691725,18
2022-02-22,-1,-0.009706539847452622,0.009706539847452622,18
2022-02-23,1,-0.018436339065617258,-0.018436339065617258,18
2022-02-24,-1,0.026866315181233835,-0.026866315181233835,18
2022-02-25,1,-0.03357251665540684,-0.03357251665540684,18
2022-02-28,-1,-0.04120750243262339,0.04120750243262339,18
2022-03-01,-1,0.020239914143576065,-0.020239914143576065,18
2022-03-02,-1,-0.028410570905904153,0.028410570905904153,18
2022-03-03,1,-0.052180483750177364,-0.052180483750177364,18
2022-03-04,-1,-0.03723398319138804,0.03723398319138804,18
2022-03-07,-1,0.029281699896507973,-0.029281699896507973,18
2022-03-08,1,0.07004832871511968,0.07004832871511968,18
2022-03-09,1,-0.029846969114346256,-0.029846969114346256,18
2022-03-10,-1,-0.008531588119210287,0.008531588119210287,18
2022-03-11,1,0.021382000715790328,0.021382000715790328,18
2022-03-14,1,0.009701329739058018,0.009701329739058018,18
2022-03-15,1,0.047787596108912256,0.047787596108912256,18
2022-03-16,1,0.0012066373893551141,0.0012066373893551141,18
2022-03-17,1,0.003374292214625152,0.003374292214625152,18
2022-03-18,-1,-0.016094210099738326,0.016094210099738326,18
2022-03-21,1,0.014648493706773902,0.014648493706773902,18
2022-03-22,1,-0.023099202777863148,-0.023099202777863148,18
2022-03-23,-1,0.008867010440432255,-0.008867010440432255,18
2022-03-24,-1,0.0009765848735701077,-0.0009765848735701077,18
2022-03-25,1,0.00780487060546875,0.00780487060546875,18
2022-03-28,1,0.03291385818964354,0.03291385818964354,18
2022-03-29,1,-0.010309246100348002,-0.010309246100348002,18
2022-03-30,1,-0.02580492682943125,-0.02580492682943125,18
2022-03-31,-1,0.011664629998481502,-0.011664629998481502,18
2022-04-01,-1,0.0016814723283260502,-0.0016814723283260502,18
2022-04-04,-1,-0.021103142734168245,0.021103142734168245,18
2022-04-05,-1,-0.02008818473676255,0.02008818473676255,18
2022-04-06,-1,0.0007499694824217862,-0.0007499694824217862,18
2022-04-07,-1,0.00024986601387655405,-0.00024986601387655405,18
2022-04-08,1,-0.006743268021728865,-0.006743268021728865,18
2022-04-11,1,-0.00653764478847807,-0.00653764478847807,18
2022-04-12,-1,0.011642695993718144,-0.011642695993718144,18
2022-04-13,-1,-0.005754304108382069,0.005754304108382069,18
2022-04-14,1,-0.0012582548979837016,-0.0012582548979837016,18
2022-04-18,1,0.007054739321802783,0.007054739321802783,18
2022-04-19,-1,0.014510833090918274,-0.014510833090918274,18
2022-04-20,1,-0.009371173249441922,-0.009371173249441922,18
2022-04-21,1,-0.015683278121356947,-0.015683278121356947,18
2022-04-22,-1,-0.00986341377385469,0.00986341377385469,18
2022-04-25,-1,-0.03448281573950851,0.03448281573950851,18
2022-04-26,-1,0.00026460678392448145,-0.00026460678392448145,18
2022-04-27,-1,0.019307048815713657,-0.019307048815713657,18
2022-04-28,1,-0.015049346582163947,-0.015049346582163947,18
2022-04-29,1,-0.00026339098457173193,-0.00026339098457173193,18
2022-05-02,-1,0.00790511807719163,-0.00790511807719163,18
2022-05-03,1,0.021699394275939587,0.021699394275939587,18
2022-05-04,1,-0.03428864098780737,-0.03428864098780737,18
2022-05-05,1,-0.014573477140877422,-0.014573477140877422,18
2022-05-06,-1,-0.027695585300644643,0.027695585300644643,18
2022-05-09,-1,0.010785381396409166,-0.010785381396409166,18
2022-05-10,1,-0.001367968210785886,-0.001367968210785886,18
2022-05-11,-1,-0.001917799858197733,0.001917799858197733,18
2022-05-12,-1,0.030743862819173406,-0.030743862819173406,18
2022-05-13,1,-0.0010652707414136042,-0.0010652707414136042,18
2022-05-16,1,0.028792372150939105,0.028792372150939105,18
2022-05-17,1,-0.03446493458916189,-0.03446493458916189,18
2022-05-18,-1,0.010467075198989262,-0.010467075198989262,18
2022-05-19,-1,0.0015935605886365778,-0.0015935605886365778,18
2022-05-20,1,0.02572265299000054,0.02572265299000054,18
2022-05-23,1,-0.005170650500555762,-0.005170650500555762,18
2022-05-24,1,0.0025988121103950323,0.0025988121103950323,18
2022-05-25,-1,0.018921708335656984,-0.018921708335656984,18
2022-05-26,1,0.019079114062549474,0.019079114062549474,18
2022-05-27,1,-0.005242208985792418,-0.005242208985792418,18
2022-05-31,1,-0.016562104709758496,-0.016562104709758496,18
2022-06-01,-1,0.027302876558280564,-0.027302876558280564,18
2022-06-02,1,-0.01415796618449816,-0.01415796618449816,18
2022-06-03,-1,0.008062476842941368,-0.008062476842941368,18
2022-06-06,1,0.0009997729868889138,0.0009997729868889138,18
2022-06-07,-1,-0.014481848374686579,0.014481848374686579,18
2022-06-08,-1,-0.029389404903379046,0.029389404903379046,18
2022-06-09,-1,-0.032367570713043636,0.032367570713043636,18
2022-06-10,-1,-0.03668736502691283,0.03668736502691283,18
2022-06-13,-1,-0.00924105362133465,0.00924105362133465,18
2022-06-14,-1,0.02459013300225177,-0.02459013300225177,18
2022-06-15,1,-0.02841375942887936,-0.02841375942887936,18
2022-06-16,-1,0.005110741026038701,-0.005110741026038701,18
2022-06-17,1,-0.006497269689817675,-0.006497269689817675,18
2022-06-21,1,-0.005686578295553746,-0.005686578295553746,18
2022-06-22,-1,-0.0040034139194011775,0.0040034139194011775,18
2022-06-23,-1,0.033591676929001224,-0.033591676929001224,18
2022-06-24,1,-0.008611149258083817,-0.008611149258083817,18
2022-06-27,1,-0.00924623225147636,-0.00924623225147636,18
2022-06-28,1,-0.008484141173140225,-0.008484141173140225,18
2022-06-29,-1,-0.007701096611175795,0.007701096611175795,18
2022-06-30,-1,-0.0014371726284787556,0.0014371726284787556,18
2022-07-01,-1,-0.03483024872505769,0.03483024872505769,18
2022-07-05,-1,0.0005964944375727033,-0.0005964944375727033,18
2022-07-06,-1,0.015201256269094188,-0.015201256269094188,18
2022-07-07,1,0.0,0.0,18
2022-07-08,1,-0.01996477621134274,-0.01996477621134274,18
2022-07-11,-1,-0.0023966994755763027,0.0023966994755763027,18
2022-07-12,-1,0.0024024574440726365,-0.0024024574440726365,18
2022-07-13,1,-0.015877848323390342,-0.015877848323390342,18
2022-07-14,-1,0.022526688366508285,-0.022526688366508285,18
2022-07-15,1,0.005954175707976184,0.005954175707976184,18
2022-07-18,1,0.04113641171905669,0.04113641171905669,18
2022-07-19,1,-0.01165434462352144,-0.01165434462352144,18
2022-07-20,1,0.012366991645516912,0.012366991645516912,18
2022-07-21,-1,-0.0059658829523024925,0.0059658829523024925,18
2022-07-22,1,0.009145460973817299,0.009145460973817299,18
2022-07-25,1,-0.023506139868986642,-0.023506139868986642,18
2022-07-26,-1,0.03016243994589951,-0.03016243994589951,18
2022-07-27,1,0.009009000301245074,0.009009000301245074,18
2022-07-28,1,0.018136203211817525,0.018136203211817525,18
2022-07-29,1,-0.0013703219911693765,-0.0013703219911693765,19
2022-08-01,1,-0.018111961368965535,-0.018111961368965535,19
2022-08-02,1,0.018166616770680655,0.018166616770680655,19
2022-08-03,1,0.010156435047632861,0.010156435047632861,19
2022-08-04,1,-0.008695644061371466,-0.008695644061371466,19
2022-08-05,-1,0.0027412908463053665,-0.0027412908463053665,19
2022-08-08,1,-0.007927854046227756,-0.007927854046227756,19
2022-08-09,1,0.022320130563765694,0.022320130563765694,19
2022-08-10,1,-0.0016171849342689892,-0.0016171849342689892,19
2022-08-11,1,0.009989171780221628,0.009989171780221628,19
2022-08-12,1,-0.009088483132175473,-0.009088483132175473,19
2022-08-15,-1,0.005664933536591699,-0.005664933536591699,19
2022-08-16,1,-0.011802538656555228,-0.011802538656555228,19
2022-08-17,-1,-0.005157400269327539,0.005157400269327539,19
2022-08-18,-1,-0.019372520316774944,0.019372520316774944,19
2022-08-19,-1,-0.0306065252129315,0.0306065252129315,19
2022-08-22,-1,0.0028702202549693023,-0.0028702202549693023,19
2022-08-23,-1,0.002575848772904399,-0.002575848772904399,19
2022-08-24,-1,0.011989780139267436,-0.011989780139267436,19
2022-08-25,1,-0.03582511792471865,-0.03582511792471865,19
2022-08-26,1,0.0035107937628249264,0.0035107937628249264,19
2022-08-29,-1,-0.004956214948297455,0.004956214948297455,19
2022-08-30,1,-0.00849695008648177,-0.00849695008648177,19
2022-08-31,-1,-0.015070872317776929,0.015070872317776929,19
2022-09-01,-1,-0.008100823370255639,0.008100823370255639,19
2022-09-02,1,0.0,0.0,19
2022-09-06,1,0.02329099896486242,0.02329099896486242,19
2022-09-07,-1,-0.0059119347358669305,0.0059119347358669305,19
2022-09-08,-1,0.028545912993824807,-0.028545912993824807,19
2022-09-09,1,0.023995316932524657,0.023995316932524657,19
2022-09-12,1,-0.0381140187439285,-0.0381140187439285,19
2022-09-13,-1,0.007044369844924292,-0.007044369844924292,19
2022-09-14,-1,-0.010784107600475434,0.010784107600475434,19
2022-09-15,-1,-0.004419496677987467,0.004419496677987467,19
2022-09-16,-1,-0.001479705111152252,0.001479705111152252,19
2022-09-19,-1,-0.020746909547019965,0.020746909547019965,19
2022-09-20,-1,-0.014830558864679655,0.014830558864679655,19
2022-09-21,-1,-0.0036866032165105977,0.0036866032165105977,19
2022-09-22,-1,-0.03854455714576421,0.03854455714576421,19
2022-09-23,-1,-0.013470175502988235,0.013470175502988235,19
2022-09-26,-1,-0.007477228235530764,0.007477228235530764,19
2022-09-27,-1,0.02554860012296234,-0.02554860012296234,19
2022-09-28,-1,-0.013414247315807315,0.013414247315807315,19
2022-09-29,-1,-0.004208454623996105,0.004208454623996105,19
2022-09-30,-1,0.023732104577518953,-0.023732104577518953,19
2022-10-03,1,0.05811368488431956,0.05811368488431956,19
2022-10-04,1,-0.01380549485851612,-0.01380549485851612,19
2022-10-05,-1,-0.022519831549658642,0.022519831549658642,19
2022-10-06,-1,-0.023349879128011453,0.023349879128011453,19
2022-10-07,-1,-0.004462903833332921,0.004462903833332921,19
2022-10-10,-1,-0.010566760440061884,0.010566760440061884,19
2022-10-11,-1,-0.00032363200664375924,0.00032363200664375924,19
2022-10-12,-1,0.030430577942083703,-0.030430577942083703,19
2022-10-13,1,-0.016650979827705803,-0.016650979827705803,19
2022-10-14,1,0.03418529459762065,0.03418529459762065,19
2022-10-17,1,0.013901784917768278,0.013901784917768278,19
2022-10-18,1,-0.010664182735391381,-0.010664182735391381,19
2022-10-19,-1,0.0012318170411578233,-0.0012318170411578233,19
2022-10-20,1,0.020301442063592967,0.020301442063592967,19
2022-10-21,-1,0.007838473035367555,-0.007838473035367555,19
2022-10-24,1,0.02572541437334097,0.02572541437334097,19
2022-10-25,1,0.009623738919411595,0.009623738919411595,19
2022-10-26,1,-0.009532005388177445,-0.009532005388177445,19
2022-10-27,1,0.014873091511125036,0.014873091511125036,19
2022-10-28,-1,-0.01522985031368762,0.01522985031368762,19
2022-10-31,-1,0.00875398987608067,-0.00875398987608067,19
2022-11-01,1,-0.0237199798109049,-0.0237199798109049,19
2022-11-02,1,-0.008888866283275454,-0.008888866283275454,19
2022-11-03,-1,0.053811635157115845,-0.053811635157115845,19
2022-11-04,1,0.009645394399656393,0.009645394399656393,19
2022-11-07,1,0.00927221171516135,0.00927221171516135,19
2022-11-08,1,-0.011692599954206684,-0.011692599954206684,19
2022-11-09,1,0.06225349533725799,0.06225349533725799,19
2022-11-10,1,0.024661902088422893,0.024661902088422893,19
2022-11-11,1,-0.008540321469203471,-0.008540321469203471,19
2022-11-14,1,0.00652571106860611,0.00652571106860611,19
2022-11-15,1,0.0031120053841047213,0.0031120053841047213,19
2022-11-16,1,0.0012926379696500678,0.0012926379696500678,19
2022-11-17,-1,0.004905722410396329,-0.004905722410396329,19
2022-11-18,1,-0.009249661166262357,-0.009249661166262357,19
2022-11-21,-1,0.012448120465286205,-0.012448120465286205,19
2022-11-22,1,0.009477431434629091,0.009477431434629091,19
2022-11-23,1,0.0032986822790808112,0.0032986822790808112,19
2022-11-25,1,-0.015427430354763016,-0.015427430354763016,19
2022-11-28,1,0.005651200076509433,0.005651200076509433,19
2022-11-29,-1,0.022988446388353845,-0.022988446388353845,19
2022-11-30,1,0.004993776947550543,0.004993776947550543,19
2022-12-01,1,0.0009938115658967295,0.0009938115658967295,19
2022-12-02,-1,-0.013402851905104596,0.013402851905104596,19
2022-12-05,1,-0.0037736232925511537,-0.0037736232925511537,19
2022-12-06,-1,0.0022727312135304434,-0.0022727312135304434,19
2022-12-07,-1,0.0037793280692624,-0.0037793280692624,19
2022-12-08,-1,-0.0037650985267168036,0.0037650985267168036,19
2022-12-09,1,0.004535155238192701,0.004535155238192701,19
2022-12-12,-1,0.01805872184579682,-0.01805872184579682,19
2022-12-13,1,-0.00246362339850148,-0.00246362339850148,19
2022-12-14,1,-0.03383558137293485,-0.03383558137293485,19
2022-12-15,-1,-0.009202469841024019,0.009202469841024019,19
2022-12-16,-1,-0.006191895618225529,0.006191895618225529,19
2022-12-19,-1,0.002596014354432352,-0.002596014354432352,19
2022-12-20,-1,0.01657170914937689,-0.01657170914937689,19
2022-12-21,1,-0.011207301210393927,-0.011207301210393927,19
2022-12-22,-1,0.0010304202947399865,-0.0010304202947399865,19
2022-12-23,-1,0.0023160100662458216,-0.0023160100662458216,19
2022-12-27,1,-0.012066783350369703,-0.012066783350369703,19
2022-12-28,1,0.020270238788353767,0.020270238788353767,19
2022-12-29,1,-0.014263820237776281,-0.014263820237776281,19
2022-12-30,-1,0.01472867399449962,-0.01472867399449962,19
2023-01-03,1,0.02750185902134117,0.02750185902134117,19
2023-01-04,1,-0.01115234114645125,-0.01115234114645125,19
2023-01-05,1,0.03007511033461685,0.03007511033461685,19
2023-01-06,1,0.010948924078982625,0.010948924078982625,19
2023-01-09,1,0.008423641281470218,0.008423641281470218,19
2023-01-10,1,0.011455835913033674,0.011455835913033674,19
2023-01-11,1,0.013921664410522672,0.013921664410522672,19
2023-01-12,1,0.00651614548155921,0.00651614548155921,19
2023-01-13,1,-0.002080928383535019,-0.002080928383535019,19
2023-01-17,1,-0.006255803028689333,-0.006255803028689333,19
2023-01-18,1,-0.007227735206463248,-0.007227735206463248,19
2023-01-19,-1,0.009863742388075636,-0.009863742388075636,19
2023-01-20,-1,0.006744207337845198,-0.006744207337845198,20
2023-01-23,1,0.00046201102658094406,0.00046201102658094406,20
2023-01-24,-1,0.005772338768711638,-0.005772338768711638,20
2023-01-25,1,0.0029843262010931237,0.0029843262010931237,20
2023-01-26,1,-0.005493199160295115,-0.005493199160295115,20
2023-01-27,-1,-0.009436129809272997,0.009436129809272997,20
2023-01-30,-1,0.011849403129292613,-0.011849403129292613,20
2023-01-31,-1,0.01423648548212042,-0.01423648548212042,20
2023-02-01,1,0.004527977614453782,0.004527977614453782,20
2023-02-02,1,-0.012170320347743568,-0.012170320347743568,20
2023-02-03,-1,-0.012320348915539792,0.012320348915539792,20
2023-02-06,-1,0.007392000186108527,-0.007392000186108527,20
2023-02-07,-1,-0.007337759466764626,0.007337759466764626,20
2023-02-08,-1,0.0036960000930543746,-0.0036960000930543746,20
2023-02-09,1,-0.00897582008746678,-0.00897582008746678,20
2023-02-10,-1,0.01509516234211783,-0.01509516234211783,20
2023-02-13,1,0.004118057857377622,0.004118057857377622,20
2023-02-14,1,0.0036454739037852235,0.0036454739037852235,20
2023-02-15,-1,-0.005221329085581927,0.005221329085581927,20
2023-02-16,-1,0.002510283229521626,-0.002510283229521626,20
2023-02-17,-1,-0.015706774912716992,0.015706774912716992,20
2023-02-21,-1,-0.004162819107045079,0.004162819107045079,20
2023-02-22,-1,0.01045046293289964,-0.01045046293289964,20
2023-02-23,1,-0.024821835394623015,-0.024821835394623015,20
2023-02-24,-1,0.017204797006501016,-0.017204797006501016,20
2023-02-27,1,-0.007182608303683891,-0.007182608303683891,20
2023-02-28,1,0.005834305925378036,0.005834305925378036,20
2023-03-01,1,0.004408409469441876,0.004408409469441876,20
2023-03-02,-1,0.015938983878872826,-0.015938983878872826,20
2023-03-03,1,0.0004547625732571614,0.0004547625732571614,20
2023-03-06,1,-0.019545468417080936,-0.019545468417080936,20
2023-03-07,1,0.005563321322725523,0.005563321322725523,20
2023-03-08,-1,-0.011295566307096161,0.011295566307096161,20
2023-03-09,-1,-0.006528299913299951,0.006528299913299951,20
2023-03-10,-1,-0.012438365916571215,0.012438365916571215,20
2023-03-13,-1,0.020674878660359663,-0.020674878660359663,20
2023-03-14,1,-0.03632133517066438,-0.03632133517066438,20
2023-03-15,-1,0.019086758327542253,-0.019086758327542253,20
2023-03-16,-1,-0.01469888400661501,0.01469888400661501,20
2023-03-17,-1,0.016602468813978977,-0.016602468813978977,20
2023-03-20,1,0.020828427647697767,0.020828427647697767,20
2023-03-21,1,-0.0016229931159442712,-0.0016229931159442712,20
2023-03-22,1,0.0025545005143108312,0.0025545005143108312,20
2023-03-23,1,-0.009497332981288964,-0.009497332981288964,20
2023-03-24,-1,0.008185273680006322,-0.008185273680006322,20
2023-03-27,1,0.0023196119857413766,0.0023196119857413766,20
2023-03-28,1,0.01758857098665323,0.01758857098665323,20
2023-03-29,1,0.017511949883711075,0.017511949883711075,20
2023-03-30,1,0.003576214604594341,0.003576214604594341,20
2023-03-31,1,0.00534516382212602,0.00534516382212602,20
2023-04-03,1,0.0028799528106562278,0.0028799528106562278,20
2023-04-04,1,-0.00684783234275077,-0.00684783234275077,20
2023-04-05,-1,0.00533811573296239,-0.00533811573296239,20
2023-04-06,-1,0.0002212018000982141,-0.0002212018000982141,20
2023-04-10,-1,0.0022119506932860578,-0.0022119506932860578,20
2023-04-11,1,0.008828022490801057,0.008828022490801057,20
2023-04-12,1,0.014001299550798763,0.014001299550798763,20
2023-04-13,1,-0.0017259551022873465,-0.0017259551022873465,20
2023-04-14,1,-0.0079965188723633,-0.0079965188723633,20
2023-04-17,-1,0.008278806988791132,-0.008278806988791132,20
2023-04-18,1,-0.0012964036338866114,-0.0012964036338866114,20
2023-04-19,-1,-0.0021636150189794368,0.0021636150189794368,20
2023-04-20,-1,0.008456188176075852,-0.008456188176075852,20
2023-04-21,1,0.00301017435816342,0.00301017435816342,20
2023-04-24,1,-0.017792107264867907,-0.017792107264867907,20
2023-04-25,1,0.0024007117216107154,0.0024007117216107154,20
2023-04-26,-1,0.012410182691855676,-0.012410182691855676,20
2023-04-27,1,-0.003870974304855501,-0.003870974304855501,20
2023-04-28,-1,-0.001943008488360265,0.001943008488360265,20
2023-05-01,1,-0.01103176133642969,-0.01103176133642969,20
2023-05-02,-1,0.0024059625418766384,-0.0024059625418766384,20
2023-05-03,1,-0.003709403815196577,-0.003709403815196577,20
2023-05-04,-1,0.016206782324567515,-0.016206782324567515,20
2023-05-05,1,-0.0006466076079201244,-0.0006466076079201244,20
2023-05-08,1,-0.009488864283894394,-0.009488864283894394,20
2023-05-09,-1,-0.001306365619254235,0.001306365619254235,20
2023-05-10,-1,-0.004360164979215431,0.004360164979215431,20
2023-05-11,-1,-0.00328438180852908,0.00328438180852908,20
2023-05-12,1,0.004613336607224072,0.004613336607224072,20
2023-05-15,-1,-0.006341590169042011,0.006341590169042011,20
2023-05-16,1,0.007482397950338893,0.007482397950338893,20
2023-05-17,1,0.0015290453624012823,0.0015290453624012823,20
2023-05-18,1,0.007851703867662208,0.007851703867662208,20
2023-05-19,1,0.00021644960892963638,0.00021644960892963638,20
2023-05-22,1,-0.01947212250344499,-0.01947212250344499,20
2023-05-23,-1,-0.016548985107024516,0.016548985107024516,20
2023-05-24,-1,0.002468041532527554,-0.002468041532527554,20
2023-05-25,-1,0.015219344237493493,-0.015219344237493493,20
2023-05-26,1,-0.011904781928157915,-0.011904781928157915,20
2023-05-30,1,-0.01740291799660476,-0.01740291799660476,20
2023-05-31,-1,0.014305114448711187,-0.014305114448711187,20
2023-06-01,-1,0.010521630623882006,-0.010521630623882006,20
2023-06-02,1,-0.009969002415242567,-0.009969002415242567,20
2023-06-05,1,0.0026852260073759737,0.0026852260073759737,20
2023-06-06,-1,-0.003570628040807766,0.003570628040807766,20
2023-06-07,1,0.01276595017569826,0.01276595017569826,20
2023-06-08,1,-0.007518800163858197,-0.007518800163858197,20
2023-06-09,1,0.011140819699205107,0.011140819699205107,20
2023-06-12,1,0.008153347800265554,0.008153347800265554,20
2023-06-13,1,0.007213154777151676,0.007213154777151676,20
2023-06-14,1,0.012152724312965324,0.012152724312965324,20
2023-06-15,1,0.00150085110935394,0.00150085110935394,20
2023-06-16,1,-0.030614436591824723,-0.030614436591824723,20
2023-06-20,-1,-0.00044170623460393355,0.00044170623460393355,20
2023-06-21,-1,-0.004860747109245778,0.004860747109245778,20
2023-06-22,-1,-0.014875709814019977,0.014875709814019977,20
2023-06-23,-1,0.004056802107480495,-0.004056802107480495,20
2023-06-26,1,0.01503932648971218,0.01503932648971218,20
2023-06-27,1,0.0008845002156205872,0.0008845002156205872,20
2023-06-28,1,0.0004419014252183828,0.0004419014252183828,20
2023-06-29,1,0.015459381223736024,0.015459381223736024,20
2023-06-30,1,0.0,0.0,20
2023-07-03,1,-0.019573678124005234,-0.019573678124005234,20
2023-07-05,-1,-0.023735658075869526,0.023735658075869526,20
2023-07-06,-1,0.009770514009890041,-0.009770514009890041,20
2023-07-07,-1,0.007875839325701683,-0.007875839325701683,20
2023-07-10,1,0.010046902293843196,0.010046902293843196,20
2023-07-11,1,0.026083033746662432,0.026083033746662432,20
2023-07-12,1,0.017449405541616336,0.017449405541616336,20
2023-07-13,1,-0.003811143487621904,-0.003811143487621904,20
2023-07-14,1,-0.0027630408123967554,-0.0027630408123967554,21
2023-07-17,-1,0.0027706963595168776,-0.0027706963595168776,21
2023-07-18,-1,-0.007651447740470885,0.007651447740470885,21
2023-07-19,1,-0.0057828328486867475,-0.0057828328486867475,21
2023-07-20,-1,0.007109044465138714,-0.007109044465138714,21
2023-07-21,1,-0.007272730536639349,-0.007272730536639349,21
2023-07-24,-1,-0.0036629642211643,0.0036629642211643,21
2023-07-25,-1,-0.0010813808378622447,0.0010813808378622447,21
2023-07-26,-1,0.0012990122337073196,-0.0012990122337073196,21
2023-07-27,1,0.01751354320629228,0.01751354320629228,21
2023-07-28,1,-0.000637539165291412,-0.000637539165291412,21
2023-07-31,1,-0.015096727682357591,-0.015096727682357591,21
2023-08-01,-1,-0.022236588646004862,0.022236588646004862,21
2023-08-02,-1,-0.0041952403966746266,0.0041952403966746266,21
2023-08-03,-1,0.003769445441115238,-0.003769445441115238,21
2023-08-04,1,0.011265701709215259,0.011265701709215259,21
2023-08-07,1,-0.01201396355889095,-0.01201396355889095,21
2023-08-08,-1,0.003537471789330837,-0.003537471789330837,21
2023-08-09,1,0.009693819064174658,0.009693819064174658,21
2023-08-10,1,-0.010909883919341223,-0.010909883919341223,21
2023-08-11,-1,-0.001544308552697382,0.001544308552697382,21
2023-08-14,-1,-0.014140508470676383,0.014140508470676383,21
2023-08-15,-1,-0.006723425464857491,0.006723425464857491,21
2023-08-16,1,-0.011281588525335451,-0.011281588525335451,21
2023-08-17,-1,0.0013692691398650148,-0.0013692691398650148,21
2023-08-18,-1,0.007520465093999507,-0.007520465093999507,21
2023-08-21,1,-0.0018095005205625014,-0.0018095005205625014,21
2023-08-22,1,0.005665080307025727,0.005665080307025727,21
2023-08-23,-1,-0.017575542479077,0.017575542479077,21
2023-08-24,-1,0.008715621133353668,-0.008715621133353668,21
2023-08-25,-1,0.011823566693407672,-0.011823566693407672,21
2023-08-28,1,0.014606775862447297,0.014606775862447297,21
2023-08-29,1,-0.00022153124900192722,-0.00022153124900192722,21
2023-08-30,1,-0.012405794553957628,-0.012405794553957628,21
2023-08-31,-1,-0.007178185203630227,0.007178185203630227,21
2023-09-01,-1,-0.011296882488961657,0.011296882488961657,21
2023-09-05,-1,-0.004798882370370627,0.004798882370370627,21
2023-09-06,-1,-0.007347869125836959,0.007347869125836959,21
2023-09-07,-1,0.0025445434077344675,-0.0025445434077344675,21
2023-09-08,1,0.011536686622972914,0.011536686622972914,21
2023-09-11,1,-0.007071199183668719,-0.007071199183668719,21
2023-09-12,-1,-0.005972853866856975,0.005972853866856975,21
2023-09-13,-1,0.010862057215873966,-0.010862057215873966,21
2023-09-14,1,-0.0013717734565280582,-0.0013717734565280582,21
2023-09-15,1,-0.00915754402665403,-0.00915754402665403,21
2023-09-18,-1,0.00046211779870097835,-0.00046211779870097835,21
2023-09-19,-1,-0.0004619043444821225,0.0004619043444821225,21
2023-09-20,1,-0.015711652596003822,-0.015711652596003822,21
2023-09-21,-1,-0.000704196722333239,0.000704196722333239,21
2023-09-22,-1,-0.009396324377412224,0.009396324377412224,21
2023-09-25,-1,-0.014702370377178364,0.014702370377178364,21
2023-09-26,-1,-0.002406702189103771,0.002406702189103771,21
2023-09-27,-1,0.012545246036004931,-0.012545246036004931,21
2023-09-28,1,0.000952992605831815,0.000952992605831815,21
2023-09-29,1,-0.017614803459542805,-0.017614803459542805,21
2023-10-02,-1,-0.007996167370834306,0.007996167370834306,21
2023-10-03,-1,0.008549152431823082,-0.008549152431823082,21
2023-10-04,-1,0.0031483955082471926,-0.0031483955082471926,21
2023-10-05,1,0.015692939512639725,0.015692939512639725,21
2023-10-06,1,-0.008557181197124009,-0.008557181197124009,21
2023-10-09,-1,0.015104317476472007,-0.015104317476472007,21
2023-10-10,1,0.006849336667033912,0.006849336667033912,21
2023-10-11,1,-0.013370858093891713,-0.013370858093891713,21
2023-10-12,-1,-0.014740911230111009,0.014740911230111009,21
2023-10-13,-1,0.01110045642891122,-0.01110045642891122,21
2023-10-16,-1,0.0014319225873224983,-0.0014319225873224983,21
2023-10-17,-1,-0.01906575916386488,0.01906575916386488,21
2023-10-18,-1,-0.0019435864104467848,0.0019435864104467848,21
2023-10-19,-1,-0.009737135054763368,0.009737135054763368,21
2023-10-20,-1,0.0068829591247876465,-0.0068829591247876465,21
2023-10-23,-1,0.0051269308878540976,-0.0051269308878540976,21
2023-10-24,1,-0.007286841156258217,-0.007286841156258217,21
2023-10-25,1,-0.0044042160479567105,-0.0044042160479567105,21
2023-10-26,-1,-0.008601584810360552,0.008601584810360552,21
2023-10-27,-1,0.015865131066624016,-0.015865131066624016,21
2023-10-30,1,0.004148413507603088,0.004148413507603088,21
2023-10-31,1,0.008505430404443182,0.008505430404443182,21
2023-11-01,1,0.024096385542168752,0.024096385542168752,21
2023-11-02,1,0.0072941499597884984,0.0072941499597884984,21
2023-11-03,1,-0.005606205810975151,-0.005606205810975151,21
2023-11-06,1,-0.003993379613906445,-0.003993379613906445,21
2023-11-07,-1,0.009433907943081188,-0.009433907943081188,21
2023-11-08,1,0.0009346008467381317,0.0009346008467381317,21
2023-11-09,1,0.00793651147004848,0.00793651147004848,21
2023-11-10,1,0.003242227620634308,0.003242227620634308,21
2023-11-13,-1,0.03070179687036312,-0.03070179687036312,21
2023-11-14,1,0.0020156808401390336,0.0020156808401390336,21
2023-11-15,1,0.00044695221985269207,0.00044695221985269207,21
2023-11-16,1,0.01295803960688846,0.01295803960688846,21
2023-11-17,1,0.005293376216565671,0.005293376216565671,21
2023-11-20,1,-0.006581900827248632,-0.006581900827248632,21
2023-11-21,1,0.0011043077099346377,0.0011043077099346377,21
2023-11-22,1,0.01058900337187918,0.01058900337187918,21
2023-11-24,1,-0.003929279628459681,-0.003929279628459681,21
2023-11-27,1,0.00021911727589651875,0.00021911727589651875,21
2023-11-28,-1,0.005696804112785392,-0.005696804112785392,21
2023-11-29,1,-0.003703746797191876,-0.003703746797191876,21
2023-11-30,1,0.006997587973484709,0.006997587973484709,21
2023-12-01,1,-0.0023887212198482333,-0.0023887212198482333,21
2023-12-04,-1,0.0028298013060812366,-0.0028298013060812366,21
2023-12-05,1,0.00043413192741814655,0.00043413192741814655,21
2023-12-06,1,0.0056411004702199286,0.0056411004702199286,21
2023-12-07,1,0.00798279954180825,0.00798279954180825,21
2023-12-08,1,0.0034246541787590346,0.0034246541787590346,21
2023-12-11,1,0.003199609807254422,0.003199609807254422,21
2023-12-12,1,0.013183133376030609,0.013183133376030609,21
2023-12-13,1,0.003987379236615407,0.003987379236615407,21
2023-12-14,1,-0.010033435215412778,-0.010033435215412778,21
2023-12-15,1,-0.0019003410352198546,-0.0019003410352198546,21
2023-12-18,-1,0.009096685022459194,-0.009096685022459194,21
2023-12-19,1,-0.01530397338700884,-0.01530397338700884,21
2023-12-20,1,0.016180504615320723,0.016180504615320723,21
2023-12-21,1,-0.0025141196948593736,-0.0025141196948593736,21
2023-12-22,1,0.007351364621595913,0.007351364621595913,21
2023-12-26,1,0.004170157772254823,0.004170157772254823,21
2023-12-27,1,-0.008305679550378975,-0.008305679550378975,21
2023-12-28,1,0.0010469651071003394,0.0010469651071003394,21
2023-12-29,1,-0.01443217782026085,-0.01443217782026085,21
2024-01-02,-1,-0.013794518801268585,0.013794518801268585,21
2024-01-03,-1,0.0045190247246884585,-0.0045190247246884585,21
2024-01-04,-1,-0.001499565003568737,0.001499565003568737,22
2024-01-05,-1,0.012872741177090585,-0.012872741177090585,22
2024-01-08,1,-0.011014625457484883,-0.011014625457484883,22
2024-01-09,-1,0.005568690166586121,-0.005568690166586121,22
2024-01-10,-1,-0.0012779845008730195,0.0012779845008730195,22
2024-01-11,1,0.0012796198351894272,0.0012796198351894272,22
2024-01-12,1,-0.018317371594813947,-0.018317371594813947,22
2024-01-16,-1,-0.006292057161363718,0.006292057161363718,22
2024-01-17,-1,0.01419217329053879,-0.01419217329053879,22
2024-01-18,1,0.0034445607057937977,0.0034445607057937977,22
2024-01-19,1,-0.0006436125059867681,-0.0006436125059867681,22
2024-01-22,1,-0.0019321629250750316,-0.0019321629250750316,22
2024-01-23,-1,0.020004225788386565,-0.020004225788386565,22
2024-01-24,1,0.005272037318713396,0.005272037318713396,22
2024-01-25,1,0.009020354975719513,0.009020354975719513,22
2024-01-26,1,0.003326400259621387,0.003326400259621387,22
2024-01-29,1,0.002072156906266276,0.002072156906266276,22
2024-01-30,1,-0.010545949747595817,-0.010545949747595817,22
2024-01-31,1,0.012121250774299819,0.012121250774299819,22
2024-02-01,-1,-0.006401019437075717,0.006401019437075717,22
2024-02-02,-1,-0.003740654804057164,0.003740654804057164,22
2024-02-05,-1,0.008135236034996884,-0.008135236034996884,22
2024-02-06,1,0.00020687608430369764,0.00020687608430369764,22
2024-02-07,1,0.0035167184197084644,0.0035167184197084644,22
2024-02-08,1,0.0072150546470539645,0.0072150546470539645,22
2024-02-09,1,-0.0002047101126795292,-0.0002047101126795292,22
2024-02-12,1,-0.0196519777780797,-0.0196519777780797,22
2024-02-13,-1,0.013572802968533804,-0.013572802968533804,22
2024-02-14,-1,0.011948867025502796,-0.011948867025502796,22
2024-02-15,1,-0.0022394261552021177,-0.0022394261552021177,22
2024-02-16,1,0.00652935157071588,0.00652935157071588,22
2024-02-20,1,0.00648691836501758,0.00648691836501758,22
2024-02-21,1,0.015911320776461846,0.015911320776461846,22
2024-02-22,1,0.0005948175022005842,0.0005948175022005842,22
2024-02-23,1,0.0011887766424134583,0.0011887766424134583,22
2024-02-26,1,0.004749687003062553,0.004749687003062553,22
2024-02-27,1,-0.0021666458412399336,-0.0021666458412399336,22
2024-02-28,-1,0.0009869569129716815,-0.0009869569129716815,22
2024-02-29,1,0.003944010383559515,0.003944010383559515,22
2024-03-01,-1,0.0031427980336213857,-0.0031427980336213857,22
2024-03-04,1,-0.006657531909528225,-0.006657531909528225,22
2024-03-05,1,0.012221544204205514,0.012221544204205514,22
2024-03-06,1,0.01713731439658628,0.01713731439658628,22
2024-03-07,1,-0.00919011193649677,-0.00919011193649677,22
2024-03-08,1,-0.002125615658967406,-0.002125615658967406,22
2024-03-11,-1,0.01161894453737422,-0.01161894453737422,22
2024-03-12,-1,0.004019890461818498,-0.004019890461818498,22
2024-03-13,1,-0.007816965518555485,-0.007816965518555485,22
2024-03-14,1,0.0015372408714457997,0.0015372408714457997,22
2024-03-15,-1,-0.0070989819544761135,0.0070989819544761135,22
2024-03-18,-1,0.0025120979345938377,-0.0025120979345938377,22
2024-03-19,-1,0.013878130130732691,-0.013878130130732691,22
2024-03-20,1,-0.004562697162198703,-0.004562697162198703,22
2024-03-21,1,-0.005156616780296441,-0.005156616780296441,22
2024-03-22,-1,0.0030716038960150183,-0.0030716038960150183,22
2024-03-25,-1,0.0021052748392642595,-0.0021052748392642595,22
2024-03-26,1,0.0082123815921189,0.0082123815921189,22
2024-03-27,1,-0.004546347306393139,-0.004546347306393139,22
2024-03-28,1,0.00228351919366232,0.00228351919366232,22
2024-04-01,1,-0.011391655496104769,-0.011391655496104769,22
2024-04-02,-1,0.00845013691737595,-0.00845013691737595,22
2024-04-03,-1,-0.01161677423638674,0.01161677423638674,22
2024-04-04,1,0.0015413875530916332,0.0015413875530916332,22
2024-04-05,-1,0.006540980292076171,-0.006540980292076171,22
2024-04-08,1,-0.005925102735076737,-0.005925102735076737,22
2024-04-09,1,-0.01230531456070949,-0.01230531456070949,22
2024-04-10,-1,-0.00038934121431832835,0.00038934121431832835,22
2024-04-11,-1,-0.02122687799372025,0.02122687799372025,22
2024-04-12,-1,0.0005969477715102034,-0.0005969477715102034,22
2024-04-15,1,-0.0029827306253357166,-0.0029827306253357166,22
2024-04-16,-1,0.0013960848758740596,-0.0013960848758740596,22
2024-04-17,1,-0.0005974662386749596,-0.0005974662386749596,22
2024-04-18,-1,-0.0011957228562397004,0.0011957228562397004,22
2024-04-19,-1,0.010973648219905652,-0.010973648219905652,22
2024-04-22,1,0.018156740021483264,0.018156740021483264,22
2024-04-23,1,-0.004264415973103786,-0.004264415973103786,22
2024-04-24,1,-0.004866653790113862,-0.004866653790113862,22
2024-04-25,-1,0.010758983735375205,-0.010758983735375205,22
2024-04-26,1,-0.003096571571165163,-0.003096571571165163,22
2024-04-29,1,-0.019607811190919477,-0.019607811190919477,22
2024-04-30,-1,-0.0031683138101408215,0.0031683138101408215,22
2024-05-01,-1,0.007945997708908248,-0.007945997708908248,22
2024-05-02,-1,0.009459982781987897,-0.009459982781987897,22
2024-05-03,1,0.00976181155961986,0.00976181155961986,22
2024-05-06,1,0.0073472011687782945,0.0073472011687782945,22
2024-05-07,1,0.004990444219679091,0.004990444219679091,22
2024-05-08,1,0.00974022757044013,0.00974022757044013,22
2024-05-09,1,0.0035937666965160098,0.0035937666965160098,22
2024-05-10,1,0.0009423150351766107,0.0009423150351766107,22
2024-05-13,1,0.0064018103686789285,0.0064018103686789285,22
2024-05-14,-1,0.008793216076654176,-0.008793216076654176,22
2024-05-15,1,-0.010200282932823157,-0.010200282932823157,22
2024-05-16,-1,0.0028105963815054924,-0.0028105963815054924,22
2024-05-17,-1,-0.0013079165587724928,0.0013079165587724928,22
2024-05-20,1,-0.001122570111030119,-0.001122570111030119,22
2024-05-21,-1,-0.009177708735178092,0.009177708735178092,22
2024-05-22,-1,-0.003780732649726115,0.003780732649726115,22
2024-05-23,1,0.009487665896802389,0.009487665896802389,22
2024-05-24,1,0.0007518968976258922,0.0007518968976258922,22
2024-05-28,1,-0.018031609107897584,-0.018031609107897584,22
2024-05-29,-1,0.007268574540703954,-0.007268574540703954,22
2024-05-30,-1,0.0051272400027730924,-0.0051272400027730924,22
2024-05-31,1,0.00302285748138309,0.00302285748138309,22
2024-06-03,1,-0.007346004681249352,-0.007346004681249352,22
2024-06-04,-1,0.01650851839259526,-0.01650851839259526,22
2024-06-05,1,0.004666791141015425,0.004666791141015425,22
2024-06-06,1,-0.014121113449324096,-0.014121113449324096,22
2024-06-07,-1,-0.00640784289084162,0.00640784289084162,22
2024-06-10,-1,-0.012518964949358335,0.012518964949358335,22
2024-06-11,-1,0.018248116081102772,-0.018248116081102772,22
2024-06-12,1,-0.02244856940932205,-0.02244856940932205,22
2024-06-13,1,-0.026244705101520882,-0.026244705101520882,22
2024-06-14,-1,0.015259620922201123,-0.015259620922201123,22
2024-06-17,-1,0.0031231670669877865,-0.0031231670669877865,22
2024-06-18,1,0.0023350638900558884,0.0023350638900558884,22
2024-06-20,1,-0.008542004291330896,-0.008542004291330896,22
2024-06-21,-1,-0.011944402075518057,0.011944402075518057,22
2024-06-24,-1,0.0007927252527368811,-0.0007927252527368811,22
2024-06-25,-1,-0.008118808859645776,0.008118808859645776,22
2024-06-26,-1,0.00019960713720790224,-0.00019960713720790224,22
2024-06-27,1,-0.00139719954004347,-0.00139719954004347,23
2024-06-28,-1,0.0111933117520433,-0.0111933117520433,23
2024-07-01,1,-0.004546343971982836,-0.004546343971982836,23
2024-07-02,-1,0.01707705718682595,-0.01707705718682595,23
2024-07-03,1,0.006833238301049205,0.006833238301049205,23
2024-07-05,1,-0.005817320900443179,-0.005817320900443179,23
2024-07-08,1,-0.012678008973578625,-0.012678008973578625,23
2024-07-09,-1,0.014421168661394645,-0.014421168661394645,23
2024-07-10,-1,0.0025316664455354854,-0.0025316664455354854,23
2024-07-11,1,0.016317019426131063,0.016317019426131063,23
2024-07-12,1,-0.012805775475025372,-0.012805775475025372,23
2024-07-15,-1,-0.0005808827319997434,0.0005808827319997434,23
2024-07-16,-1,-0.013366885722323918,0.013366885722323918,23
2024-07-17,-1,-0.007657557182633723,0.007657557182633723,23
2024-07-18,-1,-0.009497418550478476,0.009497418550478476,23
2024-07-19,-1,0.019776225261906033,-0.019776225261906033,23
2024-07-22,1,-0.006660140208994636,-0.006660140208994636,23
2024-07-23,1,-0.015184391079972381,-0.015184391079972381,23
2024-07-24,-1,-0.004205027838353637,0.004205027838353637,23
2024-07-25,-1,0.0144782068636784,-0.0144782068636784,23
2024-07-26,1,-0.013082256440656859,-0.013082256440656859,23
2024-07-29,-1,0.002811797290101614,-0.002811797290101614,23
2024-07-30,1,0.007610676262620464,0.007610676262620464,23
2024-07-31,1,-0.02742995488860911,-0.02742995488860911,23
2024-08-01,-1,-0.009809923140048582,0.009809923140048582,23
2024-08-02,-1,-0.01506706977793737,0.01506706977793737,23
2024-08-05,-1,0.0004191210656339095,-0.0004191210656339095,23
2024-08-06,-1,0.005027185909752152,-0.005027185909752152,23
2024-08-07,1,0.016256748368874918,0.016256748368874918,23
2024-08-08,1,0.0018457784184982007,0.0018457784184982007,23
2024-08-09,-1,-0.0036847555946422084,0.0036847555946422084,23
2024-08-12,1,0.016231784369193036,0.016231784369193036,23
2024-08-13,1,0.007076471801396256,0.007076471801396256,23
2024-08-14,1,0.015860210380433504,0.015860210380433504,23
2024-08-15,1,0.007905168734016588,0.007905168734016588,23
2024-08-16,1,0.013137218998927613,0.013137218998927613,23
2024-08-19,1,-0.00019350342340851423,-0.00019350342340851423,23
2024-08-20,1,0.009872209118071629,0.009872209118071629,23
2024-08-21,1,-0.009200681600216254,-0.009200681600216254,23
2024-08-22,1,0.0164442312130213,0.0164442312130213,23
2024-08-23,1,-0.004758279323252124,-0.004758279323252124,23
2024-08-26,-1,0.002868573504597016,-0.002868573504597016,23
2024-08-27,1,-0.0036231623128268886,-0.0036231623128268886,23
2024-08-28,-1,0.0026794141559509654,-0.0026794141559509654,23
2024-08-29,1,0.0026722540805392825,0.0026722540805392825,23
2024-08-30,1,-0.01789451072820991,-0.01789451072820991,23
2024-09-03,-1,-0.004458219452530665,0.004458219452530665,23
2024-09-04,-1,-0.004867601188260351,0.004867601188260351,23
2024-09-05,-1,-0.01858737530022736,0.01858737530022736,23
2024-09-06,-1,0.008173840683001199,-0.008173840683001199,23
2024-09-09,-1,-0.006921069334254182,0.006921069334254182,23
2024-09-10,-1,0.01075263018128858,-0.01075263018128858,23
2024-09-11,1,0.007092210840338842,0.007092210840338842,23
2024-09-12,1,0.004694868612704628,0.004694868612704628,23
2024-09-13,1,0.005646435204069933,0.005646435204069933,23
2024-09-16,1,-0.0005808827319997434,-0.0005808827319997434,23
2024-09-17,1,-0.0025183505638871617,-0.0025183505638871617,23
2024-09-18,1,0.023888123949133977,0.023888123949133977,23
2024-09-19,1,-0.012898336294209778,-0.012898336294209778,23
2024-09-20,-1,-0.0019216427182752183,0.0019216427182752183,23
2024-09-23,-1,0.014824807048949618,-0.014824807048949618,23
2024-09-24,1,-0.009296108371853018,-0.009296108371853018,23
2024-09-25,1,0.030448106384906026,0.030448106384906026,23
2024-09-26,1,0.0,0.0,23
2024-09-27,1,-0.010592820670455194,-0.010592820670455194,23
2024-09-30,-1,-0.015589816019678793,0.015589816019678793,23
2024-10-01,-1,-0.002289619008474242,0.002289619008474242,23
2024-10-02,-1,-0.010518248755609139,0.010518248755609139,23
2024-10-03,-1,0.007344361057029403,-0.007344361057029403,23
2024-10-04,-1,-0.004220978712861645,0.004220978712861645,23
2024-10-07,1,0.0001926458812957499,0.0001926458812957499,23
2024-10-08,-1,0.004045445676939652,-0.004045445676939652,23
2024-10-09,-1,-0.002494191406025581,0.002494191406025581,23
2024-10-10,-1,0.006347336135865245,-0.006347336135865245,23
2024-10-11,1,0.005925102735076626,0.005925102735076626,23
2024-10-14,1,-0.02603083258176142,-0.02603083258176142,23
2024-10-15,-1,-0.005267199608022355,0.005267199608022355,23
2024-10-16,-1,0.001372812169444959,-0.001372812169444959,23
2024-10-17,1,0.013513486254426832,0.013513486254426832,23
2024-10-18,1,-0.012753620239847496,-0.012753620239847496,23
2024-10-21,-1,-0.0037189004921026614,0.0037189004921026614,23
2024-10-22,-1,-0.006286830751105588,0.006286830751105588,23
2024-10-23,-1,0.007908218598285055,-0.007908218598285055,23
2024-10-24,1,-0.003923122101516574,-0.003923122101516574,23
2024-10-25,1,0.010240261328554379,0.010240261328554379,23
2024-10-28,1,-0.003898650407678117,-0.003898650407678117,23
2024-10-29,1,-0.009588999577322621,-0.009588999577322621,23
2024-10-30,-1,-0.007113230705591556,0.007113230705591556,23
2024-10-31,-1,0.0035820956253886926,-0.0035820956253886926,23
2024-11-01,1,-0.0017846550077981194,-0.0017846550077981194,23
2024-11-04,1,0.00913784432018927,0.00913784432018927,23
2024-11-05,1,-0.027952720280935983,-0.027952720280935983,23
2024-11-06,-1,0.018225955684775696,-0.018225955684775696,23
2024-11-07,-1,-0.018297497837731158,0.018297497837731158,23
2024-11-08,-1,-0.003646683609198176,0.003646683609198176,23
2024-11-11,-1,-0.020740147446813406,0.020740147446813406,23
2024-11-12,-1,-0.005191029916779222,0.005191029916779222,23
2024-11-13,-1,0.008557709219743526,-0.008557709219743526,23
2024-11-14,1,-0.0028973383802283204,-0.0028973383802283204,23
2024-11-15,1,0.003320876845136045,0.003320876845136045,23
2024-11-18,-1,-0.005999191448323171,0.005999191448323171,23
2024-11-19,-1,-0.004786671090286521,0.004786671090286521,23
2024-11-20,-1,-0.0020911433450284678,0.0020911433450284678,23
2024-11-21,-1,-0.0004191210656339095,0.0004191210656339095,23
2024-11-22,-1,0.005241090062921616,-0.005241090062921616,23
2024-11-25,1,-0.006673611881807262,-0.006673611881807262,23
2024-11-26,-1,0.004618883079411384,-0.004618883079411384,23
2024-11-27,-1,0.015047047934443114,-0.015047047934443114,23
2024-11-29,1,0.0028824251704362425,0.0028824251704362425,23
2024-12-02,1,0.006774827289206087,0.006774827289206087,23
2024-12-03,1,0.007136999746879535,0.007136999746879535,23
2024-12-04,1,0.01275564033003973,0.01275564033003973,23
2024-12-05,1,0.003398603906228592,0.003398603906228592,23
2024-12-06,1,-0.00039849488565291136,-0.00039849488565291136,23
2024-12-09,1,-0.008770154330628221,-0.008770154330628221,23
2024-12-10,-1,0.0032173707799096896,-0.0032173707799096896,23
2024-12-11,-1,-0.006213621214396503,0.006213621214396503,23
2024-12-12,-1,0.006252471705226581,-0.006252471705226581,23
2024-12-13,1,-0.005211431643896702,-0.005211431643896702,23
2024-12-16,-1,0.00020145720971243009,-0.00020145720971243009,23
2024-12-17,1,-0.025382722341369623,-0.025382722341369623,24
2024-12-18,-1,-0.0024804205029486104,0.0024804205029486104,24
2024-12-19,-1,0.0004144313812532996,-0.0004144313812532996,24
2024-12-20,-1,0.0024855581942038185,-0.0024855581942038185,24
2024-12-23,-1,0.003512358751774247,-0.003512358751774247,24
2024-12-24,1,0.004323637755654142,0.004323637755654142,24
2024-12-26,1,-0.0040999785413498024,-0.0040999785413498024,24
2024-12-27,-1,-0.008233872186130808,0.008233872186130808,24
2024-12-30,-1,-0.0006226396659788636,0.0006226396659788636,24
2024-12-31,-1,-0.010176566208485727,0.010176566208485727,24
2025-01-02,-1,0.005874921951181555,-0.005874921951181555,24
2025-01-03,1,0.025657062525468177,0.025657062525468177,24
2025-01-06,1,0.003050671780859382,0.003050671780859382,24
2025-01-07,1,-0.0044606898228795044,-0.0044606898228795044,24
2025-01-08,-1,-0.0083503026507874,0.0083503026507874,24
2025-01-10,-1,-0.003902210557976127,0.003902210557976127,24
2025-01-13,-1,0.009484517205621712,-0.009484517205621712,24
2025-01-14,1,0.010212418491620578,0.010212418491620578,24
2025-01-15,1,0.015365995760179052,0.015365995760179052,24
2025-01-16,1,0.004181582623818958,0.004181582623818958,24
2025-01-17,1,0.022407318288262257,0.022407318288262257,24
2025-01-21,1,0.0021333745679703586,0.0021333745679703586,24
2025-01-22,1,0.007741465841957673,0.007741465841957673,24
2025-01-23,1,0.0017284454218431389,0.0017284454218431389,24
2025-01-24,1,0.0015337774403512139,0.0015337774403512139,24
2025-01-27,1,-0.00612564125650461,-0.00612564125650461,24
2025-01-28,-1,0.0023113010557425095,-0.0023113010557425095,24
2025-01-29,1,0.010568778389403066,0.010568778389403066,24
2025-01-30,1,-0.008937083463385287,-0.008937083463385287,24
2025-01-31,1,-0.018419015812476736,-0.018419015812476736,24
2025-02-03,-1,0.021501143029748038,-0.021501143029748038,24
2025-02-04,1,0.005931905534778403,0.005931905534778403,24
2025-02-05,1,0.008369766582903448,0.008369766582903448,24
2025-02-06,1,-0.010563998798812868,-0.010563998798812868,24
2025-02-07,1,0.008770239805176328,0.008770239805176328,24
2025-02-10,-1,0.0103949960054186,-0.0103949960054186,24
2025-02-11,1,0.012719796423888985,0.012719796423888985,24
2025-02-12,1,0.009604737045177947,0.009604737045177947,24
2025-02-13,1,0.006769098662964712,0.006769098662964712,24
2025-02-14,1,0.005451627447076612,0.005451627447076612,24
2025-02-18,1,-0.016266067162386544,-0.016266067162386544,24
2025-02-19,-1,0.006797702182808507,-0.006797702182808507,24
2025-02-20,1,-0.006386833558282179,-0.006386833558282179,24
2025-02-21,1,-0.0025711549621083574,-0.0025711549621083574,24
2025-02-24,1,0.01031113136500772,0.01031113136500772,24
2025-02-25,1,0.0029159805089613577,0.0029159805089613577,24
2025-02-26,1,-0.021442855376179182,-0.021442855376179182,24
2025-02-27,-1,0.0038997753968526006,-0.0038997753968526006,24
2025-02-28,-1,0.01960779747810837,-0.01960779747810837,24
2025-03-03,1,0.0029027549077029757,0.0029027549077029757,24
2025-03-04,1,0.032018822301902006,0.032018822301902006,24
2025-03-05,1,-0.00876424201028192,-0.00876424201028192,24
2025-03-06,1,0.01237843982994602,0.01237843982994602,24
2025-03-07,1,-0.027074222481406895,-0.027074222481406895,24
2025-03-10,-1,0.0016158016401279784,-0.0016158016401279784,24
2025-03-11,-1,0.00017921350365890376,-0.00017921350365890376,24
2025-03-12,1,-0.011469523268799131,-0.011469523268799131,24
2025-03-13,-1,0.023930378870117952,-0.023930378870117952,24
2025-03-14,1,0.011508525693114224,0.011508525693114224,24
2025-03-17,1,0.003850820967840729,0.003850820967840729,24
2025-03-18,1,0.001743719119077003,0.001743719119077003,24
2025-03-19,1,-0.015491721111039025,-0.015491721111039025,24
2025-03-20,-1,-0.009724240424391795,0.009724240424391795,24
2025-03-21,-1,-0.0024995428288491217,0.0024995428288491217,24
2025-03-24,-1,0.009665311005029764,-0.009665311005029764,24
2025-03-25,1,-0.019322817860952246,-0.019322817860952246,24
2025-03-26,-1,-0.0007230823526394037,0.0007230823526394037,24
2025-03-27,-1,-0.004884234148441968,0.004884234148441968,24
2025-03-28,-1,-0.010907080393169677,0.010907080393169677,24
2025-03-31,-1,0.003859567819547438,-0.003859567819547438,24
2025-04-01,1,0.005309427337942596,0.005309427337942596,24
2025-04-02,1,-0.0242214172291626,-0.0242214172291626,24
2025-04-03,1,-0.06177680590097623,-0.06177680590097623,24
2025-04-04,-1,-0.027451781490925087,0.027451781490925087,24
2025-04-07,-1,-0.013704196713227423,0.013704196713227423,24
2025-04-08,-1,0.09062627169757342,-0.09062627169757342,24
2025-04-09,1,-0.015782502921591002,-0.015782502921591002,24
2025-04-10,-1,0.019126771842551182,-0.019126771842551182,24
2025-04-11,1,0.006824656120408834,0.006824656120408834,24
2025-04-14,1,0.006590067220840545,0.006590067220840545,24
2025-04-15,1,-0.00299288907879125,-0.00299288907879125,24
2025-04-16,1,0.008818034285755116,0.008818034285755116,24
2025-04-17,1,-0.011902536436672606,-0.011902536436672606,24
2025-04-21,-1,0.027291562841876837,-0.027291562841876837,24
2025-04-22,1,0.012641967818996847,0.012641967818996847,24
2025-04-23,1,0.014293484873969753,0.014293484873969753,24
2025-04-24,1,0.006600052137370138,0.006600052137370138,24
2025-04-25,1,0.004607448522543356,0.004607448522543356,24
2025-04-28,1,-0.0031751686282627256,-0.0031751686282627256,24
2025-04-29,-1,-0.004600926017619966,0.004600926017619966,24
2025-04-30,-1,0.0008888753255207327,-0.0008888753255207327,24
2025-05-01,1,0.019715819278748548,0.019715819278748548,24
2025-05-02,1,0.002264432476236866,0.002264432476236866,24
2025-05-05,1,-0.001216539689093521,-0.001216539689093521,24
2025-05-06,1,-0.004524136605321805,-0.004524136605321805,24
2025-05-07,-1,0.0006991944794174643,-0.0006991944794174643,24
2025-05-08,1,0.008733624454148492,0.008733624454148492,24
2025-05-09,1,0.004675332601968396,0.004675332601968396,24
2025-05-12,1,0.008273001352107068,0.008273001352107068,24
2025-05-13,1,-0.0023931519598023865,-0.0023931519598023865,24
2025-05-14,1,0.004626464272445174,0.004626464272445174,24
2025-05-15,1,0.002899508201403833,0.002899508201403833,24
2025-05-16,1,0.011394591706394008,0.011394591706394008,24
2025-05-19,1,0.0043719239313331215,0.0043719239313331215,24
2025-05-20,1,-0.004018045632158795,-0.004018045632158795,24
2025-05-21,1,-0.0005043300243341431,-0.0005043300243341431,24
2025-05-22,-1,-0.011099896696508016,0.011099896696508016,24
2025-05-23,-1,0.016496619613759256,-0.016496619613759256,24
2025-05-27,1,-0.012046197342961529,-0.012046197342961529,24
2025-05-28,1,0.004572404085557036,0.004572404085557036,24
2025-05-29,1,-0.002191521725961487,-0.002191521725961487,24
2025-05-30,-1,0.012502140490553648,-0.012502140490553648,24
2025-06-02,1,-0.006507581973343557,-0.006507581973343557,24
2025-06-03,-1,0.006550207988772927,-0.006550207988772927,24
2025-06-04,1,0.0,0.0,24
2025-06-05,1,0.0035040728083313155,0.0035040728083313155,24
2025-06-06,1,-0.0013301964943350786,-0.0013301964943350786,24
2025-06-09,-1,0.0016649762210223518,-0.0016649762210223518,24
2025-06-10,1,-0.0013297542646331095,-0.0013297542646331095,24
2025-06-11,1,0.005492643247338336,0.005492643247338336,24
2025-06-12,1,-0.020029781286690307,-0.020029781286690307,25
2025-06-13,-1,0.009797263663559264,-0.009797263663559264,25
2025-06-16,1,-0.01639343530023163,-0.01639343530023163,25
2025-06-17,1,-0.0013605104999219186,-0.0013605104999219186,25
2025-06-18,-1,-0.0037466147161039354,0.0037466147161039354,25
2025-06-20,1,-0.008376097067808508,-0.008376097067808508,25
2025-06-23,-1,0.01603172439380285,-0.01603172439380285,25
2025-06-24,1,-0.0078045316455810365,-0.0078045316455810365,25
2025-06-25,1,0.006155961237509278,0.006155961237509278,25
2025-06-26,1,0.011046932770110152,0.011046932770110152,25
2025-06-27,1,0.0040342554546675125,0.0040342554546675125,25
2025-06-30,1,-0.003850653674853821,-0.003850653674853821,25
2025-07-01,1,0.008907542509191124,0.008907542509191124,25
2025-07-02,1,-0.0018324273294754168,-0.0018324273294754168,25
2025-07-03,1,-0.005173524166668164,-0.005173524166668164,25
2025-07-07,-1,0.011407486968850966,-0.011407486968850966,25
2025-07-08,1,0.01575718607585541,0.01575718607585541,25
2025-07-09,1,-0.006858294776798779,-0.006858294776798779,25
2025-07-10,1,-0.012167015249631818,-0.012167015249631818,25
2025-07-11,-1,-0.0006657941795645828,0.0006657941795645828,25
2025-07-14,-1,-0.012491672028040135,0.012491672028040135,25
2025-07-15,-1,0.0026985974859414785,-0.0026985974859414785,25
2025-07-16,-1,0.0030277595099375,-0.0030277595099375,25
2025-07-17,1,-0.006540321694828433,-0.006540321694828433,25
2025-07-18,1,0.003544886538195069,0.003544886538195069,25
2025-07-21,1,-0.000168244509707427,-0.000168244509707427,25
2025-07-22,-1,0.02372139771178494,-0.02372139771178494,25
2025-07-23,1,-0.01314707078260291,-0.01314707078260291,25
2025-07-24,1,0.004329760858181819,0.004329760858181819,25
2025-07-25,1,-0.019399800315055615,-0.019399800315055615,25
2025-07-28,-1,0.0023672538230181672,-0.0023672538230181672,25
2025-07-29,1,-0.007253716498488827,-0.007253716498488827,25
2025-07-30,-1,-0.016652499025420986,0.016652499025420986,25
2025-07-31,-1,-0.012441635031881115,0.012441635031881115,25
2025-08-01,-1,0.01294834372724285,-0.01294834372724285,25
2025-08-04,1,0.0024183691678094643,0.0024183691678094643,25
2025-08-05,1,0.008271575949224008,0.008271575949224008,25
2025-08-06,1,0.013672928981496746,0.013672928981496746,25
2025-08-07,1,0.004046499042530849,0.004046499042530849,25
2025-08-08,1,-0.007892483829174624,-0.007892483829174624,25
2025-08-11,-1,0.00981716314119252,-0.00981716314119252,25
2025-08-12,1,0.010727445378567069,0.010727445378567069,25
2025-08-13,1,0.004145937034213842,0.004145937034213842,25
2025-08-14,1,0.006771260983950089,0.006771260983950089,25
2025-08-15,1,-0.005905521912044409,-0.005905521912044409,25
2025-08-18,-1,0.002805313332065129,-0.002805313332065129,25
2025-08-19,1,0.0023037582457439143,0.0023037582457439143,25
2025-08-20,1,-0.007880471900160724,-0.007880471900160724,25
2025-08-21,-1,0.015555165016745365,-0.015555165016745365,25
2025-08-22,1,-0.018901741365509928,-0.018901741365509928,25
2025-08-25,1,-0.00415213426011285,-0.00415213426011285,25
2025-08-26,-1,-0.0015010032348582447,0.0015010032348582447,25
2025-08-27,-1,0.005344908978339724,-0.005344908978339724,25
2025-08-28,1,-0.006479471648889179,-0.006479471648889179,25
2025-08-29,-1,-0.011203982901225262,0.011203982901225262,25
2025-09-02,-1,0.0030441451365514904,-0.0030441451365514904,25
2025-09-03,1,0.00370928006932969,0.00370928006932969,25
2025-09-04,1,0.0011758726064103886,0.0011758726064103886,25
2025-09-05,1,0.009395996436714293,0.009395996436714293,25
2025-09-08,1,-0.0004986499230877905,-0.0004986499230877905,25
2025-09-09,1,-0.0051555191715337845,-0.0051555191715337845,25
2025-09-10,1,0.010531612693567727,0.010531612693567727,25
2025-09-11,1,-0.00033085951217937115,-0.00033085951217937115,25
2025-09-12,-1,0.011252694054968204,-0.011252694054968204,25
2025-09-15,1,-0.0022909407339249954,-0.0022909407339249954,25
2025-09-16,1,-0.006068603233952197,-0.006068603233952197,25
2025-09-17,1,0.012871330257990587,0.012871330257990587,25
2025-09-18,1,-0.0014662781202628983,-0.0014662781202628983,25
2025-09-19,1,0.0,0.0,25
2025-09-22,1,0.0029368624977483826,0.0029368624977483826,25
2025-09-23,1,-0.005368502106740558,-0.005368502106740558,25
2025-09-24,-1,-0.008014358335968419,0.008014358335968419,25
2025-09-25,-1,0.014179666513072453,-0.014179666513072453,25
2025-09-26,1,0.0037392840710430697,0.0037392840710430697,25
2025-09-29,1,0.006154798235946668,0.006154798235946668,25
2025-09-30,1,0.012234419660306584,0.012234419660306584,25
2025-10-01,1,0.0069974335120057685,0.0069974335120057685,25
2025-10-02,1,0.002210982159241537,0.002210982159241537,25
2025-10-03,1,-0.0053577081231172,-0.0053577081231172,25
2025-10-06,-1,-0.01093153736351593,0.01093153736351593,25
2025-10-07,-1,0.006567352961843964,-0.006567352961843964,25
2025-10-08,1,-0.010502861963868515,-0.010502861963868515,25
2025-10-09,1,-0.017529754699875055,-0.017529754699875055,25
2025-10-10,-1,0.008839432217687904,-0.008839432217687904,25
2025-10-13,1,0.006328076957477169,0.006328076957477169,25
2025-10-14,1,0.002579810484217404,0.002579810484217404,25
2025-10-15,1,0.009006133331337374,0.009006133331337374,25
2025-10-16,1,0.002868927090581952,0.002868927090581952,25
2025-10-17,1,0.007628788475879222,0.007628788475879222,25
2025-10-20,1,-0.00788643514142362,-0.00788643514142362,25
2025-10-21,1,-0.005723379993932909,-0.005723379993932909,25
2025-10-22,-1,0.006875604395282675,-0.006875604395282675,25
2025-10-23,1,0.00047639794688469905,0.00047639794688469905,25
2025-10-24,1,0.009047614203558929,0.009047614203558929,25
2025-10-27,1,-0.0012584240481589015,-0.0012584240481589015,25
2025-10-28,1,-0.002835096872218723,-0.002835096872218723,25
2025-10-29,-1,-0.0075817332463181675,0.0075817332463181675,25
2025-10-30,-1,-0.005570623565466226,0.005570623565466226,25
2025-10-31,-1,0.0009603292850610678,-0.0009603292850610678,25
2025-11-03,1,-0.01087304597411598,-0.01087304597411598,25
2025-11-04,-1,0.008567713774128016,-0.008567713774128016,25
2025-11-05,1,-0.007212706641156252,-0.007212706641156252,25
2025-11-06,1,0.0037132635992205287,0.0037132635992205287,25
2025-11-07,1,0.013189698144966178,0.013189698144966178,25
2025-11-10,1,0.009684025708842414,0.009684025708842414,25
2025-11-11,1,0.009591204795386554,0.009591204795386554,25
2025-11-12,1,-0.0076311769312581434,-0.0076311769312581434,25
2025-11-13,1,-0.008003799850285653,-0.008003799850285653,25
2025-11-14,-1,-0.01582028183015194,0.01582028183015194,25
2025-11-17,-1,-0.012377438821661424,0.012377438821661424,25
2025-11-18,-1,-0.0017903124692857375,0.0017903124692857375,25
2025-11-19,-1,-0.014185597922834248,0.014185597922834248,25
2025-11-20,1,0.009923954646113398,0.009923954646113398,25
2025-11-21,1,-0.0013102166599309184,-0.0013102166599309184,25
2025-11-24,-1,0.01623485873890651,-0.01623485873890651,25
2025-11-25,1,0.012263971382322714,0.012263971382322714,25
2025-11-26,1,0.005579504086919318,0.005579504086919318,25
2025-11-28,1,-0.0015853247608678123,-0.0015853247608678123,25
2025-12-01,1,0.007939028320644637,0.007939028320644637,25
2025-12-02,1,0.006301221310072158,0.006301221310072158,25
