Date,signal,actual_return,strategy_return,fold
2018-06-07,-1,0.00039921074596449557,-0.00039921074596449557,1
2018-06-08,-1,0.009377518569820387,-0.009377518569820387,1
2018-06-11,-1,-0.004941688065743355,0.004941688065743355,1
2018-06-12,-1,0.00198646153790194,-0.00198646153790194,1
2018-06-13,-1,-0.0007929639555719348,0.0007929639555719348,1
2018-06-14,-1,-0.007539703504177764,0.007539703504177764,1
2018-06-15,-1,-0.008796453872096932,0.008796453872096932,1
2018-06-18,-1,-0.03227112201952742,0.03227112201952742,1
2018-06-19,1,-0.0012505496845242048,-0.0012505496845242048,1
2018-06-20,1,-0.008138551847883368,-0.008138551847883368,1
2018-06-21,1,0.013465167390814381,0.013465167390814381,1
2018-06-22,1,-0.013493828853842205,-0.013493828853842205,1
2018-06-25,1,-0.0006312874370347776,-0.0006312874370347776,1
2018-06-26,1,-0.009475694820695213,-0.009475694820695213,1
2018-06-27,1,0.0010629089304299288,0.0010629089304299288,1
2018-06-28,1,0.010405641895923079,0.010405641895923079,1
2018-06-29,1,-0.0060950169055702386,-0.0060950169055702386,1
2018-07-02,1,0.004440665688456358,0.004440665688456358,1
2018-07-03,1,0.011789502595600299,0.011789502595600299,1
2018-07-05,1,0.006034063515263366,0.006034063515263366,1
2018-07-06,1,0.006618401342773472,0.006618401342773472,1
2018-07-09,1,0.002260131795561726,0.002260131795561726,1
2018-07-10,1,-0.016605116417869326,-0.016605116417869326,1
2018-07-11,1,0.008963941926901642,0.008963941926901642,1
2018-07-12,1,0.001239618940128917,0.001239618940128917,1
2018-07-13,1,0.0004127209686655142,0.0004127209686655142,1
2018-07-16,1,-0.0008251014006815938,-0.0008251014006815938,1
2018-07-17,1,0.001857971823687521,0.001857971823687521,1
2018-07-18,1,-0.0045332250471786795,-0.0045332250471786795,1
2018-07-19,1,0.005588914305288073,0.005588914305288073,1
2018-07-20,1,-0.0012351043851270838,-0.0012351043851270838,1
2018-07-23,-1,0.004946369775458814,-0.004946369775458814,1
2018-07-24,-1,0.009844203721426581,-0.009844203721426581,1
2018-07-25,-1,-0.007311141309505609,0.007311141309505609,1
2018-07-26,-1,0.0022504216028611523,-0.0022504216028611523,1
2018-07-27,-1,0.0022452907100560804,-0.0022452907100560804,1
2018-07-30,-1,0.0026476796772967326,-0.0026476796772967326,1
2018-07-31,-1,-0.005484470044165413,0.005484470044165413,1
2018-08-01,-1,-0.00939540631279423,0.00939540631279423,1
2018-08-02,-1,0.002886585353575999,-0.002886585353575999,1
2018-08-03,-1,-0.004523051469238815,0.004523051469238815,1
2018-08-06,-1,0.007228465552541863,-0.007228465552541863,1
2018-08-07,-1,-0.001230292653841114,0.001230292653841114,1
2018-08-08,-1,-0.003695346100574204,0.003695346100574204,1
2018-08-09,-1,-0.020605811356966375,0.020605811356966375,1
2018-08-10,1,-0.002524698821095628,-0.002524698821095628,1
2018-08-13,1,-0.0016873658851486173,-0.0016873658851486173,1
2018-08-14,1,-0.01732523722370649,-0.01732523722370649,1
2018-08-15,1,0.00709528795880221,0.00709528795880221,1
2018-08-16,1,0.005764313767807616,0.005764313767807616,1
2018-08-17,1,0.006792606467381557,0.006792606467381557,1
2018-08-20,1,0.011596020103768145,0.011596020103768145,1
2018-08-21,-1,0.002501019863060394,-0.002501019863060394,1
2018-08-22,-1,-0.005821180627428091,0.005821180627428091,1
2018-08-23,1,0.008364732924124318,0.008364732924124318,1
2018-08-24,-1,0.011198612342594227,-0.011198612342594227,1
2018-08-27,-1,-0.00020505172020868212,0.00020505172020868212,1
2018-08-28,-1,0.00512820512820511,-0.00512820512820511,1
2018-08-29,-1,-0.009183689039580667,0.009183689039580667,1
2018-08-30,-1,-0.01029866133588575,0.01029866133588575,1
2018-08-31,1,-0.008116532691797351,-0.008116532691797351,1
2018-09-04,1,-0.006504435045814438,-0.006504435045814438,1
2018-09-05,1,-0.00591338518099227,-0.00591338518099227,1
2018-09-06,1,-0.007223287758492902,-0.007223287758492902,1
2018-09-07,1,0.009201804181211859,0.009201804181211859,1
2018-09-10,1,-0.0002120085149608375,-0.0002120085149608375,1
2018-09-11,-1,0.004453851064191383,-0.004453851064191383,1
2018-09-12,-1,0.0065455564737892935,-0.0065455564737892935,1
2018-09-13,-1,-0.00272702451041118,0.00272702451041118,1
2018-09-14,-1,0.003155189488703858,-0.003155189488703858,1
2018-09-17,-1,0.005242189289139221,-0.005242189289139221,1
2018-09-18,-1,0.002294547632512467,-0.002294547632512467,1
2018-09-19,-1,0.016024983766696366,-0.016024983766696366,1
2018-09-20,-1,-0.0008193550958088824,0.0008193550958088824,1
2018-09-21,-1,-0.00533001902500152,0.00533001902500152,1
2018-09-24,-1,0.005770790945078597,-0.005770790945078597,1
2018-09-25,-1,-0.0010245745459473987,0.0010245745459473987,1
2018-09-26,-1,-0.0036923139523237225,0.0036923139523237225,1
2018-09-27,-1,-0.012559205562782116,0.012559205562782116,1
2018-09-28,-1,0.0004170237311398317,-0.0004170237311398317,1
2018-10-01,-1,-0.006252589410645215,0.006252589410645215,1
2018-10-02,-1,0.0039848705011094054,-0.0039848705011094054,1
2018-10-03,-1,-0.011698298957361186,0.011698298957361186,1
2018-10-04,-1,-0.00866624044622366,0.00866624044622366,1
2018-10-05,-1,-0.010021347663363822,0.010021347663363822,1
2018-10-08,1,-0.0006461076696037127,-0.0006461076696037127,1
2018-10-09,1,-0.021120761308316194,-0.021120761308316194,1
2018-10-10,1,-0.011668841934459717,-0.011668841934459717,1
2018-10-11,1,0.0033415354849279932,0.0033415354849279932,1
2018-10-12,1,-0.0008881197760711723,-0.0008881197760711723,1
2018-10-15,1,0.01822221544053826,0.01822221544053826,1
2018-10-16,1,-0.009166263023627996,-0.009166263023627996,1
2018-10-17,1,-0.01674013459663104,-0.01674013459663104,1
2018-10-18,1,0.006720413108475931,0.006720413108475931,1
2018-10-19,1,-0.006452984194301403,-0.006452984194301403,1
2018-10-22,1,-0.008734673930966386,-0.008734673930966386,1
2018-10-23,1,-0.027338434938077527,-0.027338434938077527,1
2018-10-24,1,0.011846739727498612,0.011846739727498612,1
2018-10-25,1,-0.003443561091595382,-0.003443561091595382,1
2018-10-26,1,-0.00023032300318703847,-0.00023032300318703847,1
2018-10-29,1,0.00944700076030247,0.00944700076030247,1
2018-10-30,1,0.008445535728979436,0.008445535728979436,1
2018-10-31,1,0.01674961201127112,0.01674961201127112,1
2018-11-01,1,0.0015584041045193509,0.0015584041045193509,1
2018-11-02,1,-0.0013336601700936201,-0.0013336601700936201,1
2018-11-05,1,0.0008902941298831735,0.0008902941298831735,1
2018-11-06,1,0.015121198281460746,0.015121198281460746,1
2018-11-07,1,-0.013143532722079354,-0.013143532722079354,1
2018-11-08,1,-0.0035516059960437607,-0.0035516059960437607,1
2018-11-09,1,-0.021162859787396737,-0.021162859787396737,1
2018-11-12,1,0.006599930008897692,0.006599930008897692,1
2018-11-13,1,0.0027130665414132338,0.0027130665414132338,1
2018-11-14,1,-0.0024801984089916074,-0.0024801984089916074,1
2018-11-15,1,0.0,0.0,1
2018-11-16,1,-0.00858953557183506,-0.00858953557183506,1
2018-11-19,1,-0.01778382964985148,-0.01778382964985148,1
2018-11-20,1,0.01346327743048814,0.01346327743048814,1
2018-11-21,1,-0.007329356297356648,-0.007329356297356648,1
2018-11-23,1,0.015459117826175373,0.015459117826175373,1
2018-11-26,1,-0.00590771032604176,-0.00590771032604176,1
2018-11-27,1,0.013485717773437544,0.013485717773437544,2
2018-11-28,1,-0.004059546787468227,-0.004059546787468227,2
2018-11-29,1,-0.005661231903619446,-0.005661231903619446,2
2018-11-30,1,0.011842415385349137,0.011842415385349137,2
2018-12-03,1,-0.02430794111268275,-0.02430794111268275,2
2018-12-04,1,-0.012226039168450553,-0.012226039168450553,2
2018-12-06,1,-0.009574961474408172,-0.009574961474408172,2
2018-12-07,1,-0.009667527679492083,-0.009667527679492083,2
2018-12-10,1,0.0033333188011532844,0.0033333188011532844,2
2018-12-11,1,0.016848578423260818,0.016848578423260818,2
2018-12-12,1,-0.0009334212894834826,-0.0009334212894834826,2
2018-12-13,1,-0.014482661216844717,-0.014482661216844717,2
2018-12-14,1,-0.010428979403437011,-0.010428979403437011,2
2018-12-17,1,-0.006467076832662788,-0.006467076832662788,2
2018-12-18,1,-0.008437764657270863,-0.008437764657270863,2
2018-12-19,1,-0.004376374921014059,-0.004376374921014059,2
2018-12-20,1,-0.011233188666725624,-0.011233188666725624,2
2018-12-21,1,-0.011360900965695864,-0.011360900965695864,2
2018-12-24,1,0.022732947168680795,0.022732947168680795,2
2018-12-26,1,-0.003175311621362864,-0.003175311621362864,2
2018-12-27,1,0.008576291652618195,0.008576291652618195,2
2018-12-28,1,0.004130271726744628,0.004130271726744628,2
2018-12-31,1,-0.005565045892661269,-0.005565045892661269,2
2019-01-02,1,-0.007055890793102537,-0.007055890793102537,2
2019-01-03,1,0.029649572255701084,0.029649572255701084,2
2019-01-04,-1,0.0021418408283540025,-0.0021418408283540025,2
2019-01-07,1,0.009024010035797003,0.009024010035797003,2
2019-01-08,-1,0.011767474235083286,-0.011767474235083286,2
2019-01-09,-1,0.0016282784854897425,-0.0016282784854897425,2
2019-01-10,-1,-0.004180220609268925,0.004180220609268925,2
2019-01-11,1,-0.0053637951610815415,-0.0053637951610815415,2
2019-01-14,1,0.0018756861311923778,0.0018756861311923778,2
2019-01-15,1,0.00023407761145843864,0.00023407761145843864,2
2019-01-16,1,0.005381364838649594,0.005381364838649594,2
2019-01-17,1,0.011170573158025832,0.011170573158025832,2
2019-01-18,-1,-0.011737678418304531,0.011737678418304531,2
2019-01-22,1,0.006520787213532442,0.006520787213532442,2
2019-01-23,-1,-0.000925518611697318,0.000925518611697318,2
2019-01-24,-1,0.01065305885182033,-0.01065305885182033,2
2019-01-25,-1,-0.0034371611658917667,0.0034371611658917667,2
2019-01-28,-1,0.0043687886727090675,-0.0043687886727090675,2
2019-01-29,-1,0.009844329262168827,-0.009844329262168827,2
2019-01-30,-1,-0.0009068445924699242,0.0009068445924699242,2
2019-01-31,-1,0.001361501559031364,-0.001361501559031364,2
2019-02-01,-1,0.0020394323682197957,-0.0020394323682197957,2
2019-02-04,-1,0.009271818998054515,-0.009271818998054515,2
2019-02-05,-1,-0.004033168291908917,0.004033168291908917,2
2019-02-06,-1,-0.014398186246647793,0.014398186246647793,2
2019-02-07,1,-0.0029673833380541303,-0.0029673833380541303,2
2019-02-08,-1,-0.0020604430393564854,0.0020604430393564854,2
2019-02-11,-1,0.012158723960578044,-0.012158723960578044,2
2019-02-12,-1,-0.000906552624623358,0.000906552624623358,2
2019-02-13,-1,0.0009073752079995501,-0.0009073752079995501,2
2019-02-14,-1,0.014279262995628539,-0.014279262995628539,2
2019-02-15,-1,0.004916228395600575,-0.004916228395600575,2
2019-02-19,-1,0.005114510473493983,-0.005114510473493983,2
2019-02-20,-1,-0.0030973315771097853,0.0030973315771097853,2
2019-02-21,-1,0.002441118337814796,-0.002441118337814796,2
2019-02-22,-1,0.00243525824243207,-0.00243525824243207,2
2019-02-25,-1,0.00728802650068916,-0.00728802650068916,2
2019-02-26,-1,-0.0035079992385660397,0.0035079992385660397,2
2019-02-27,-1,0.0013200782747329054,-0.0013200782747329054,2
2019-02-28,-1,0.007690668023003555,-0.007690668023003555,2
2019-03-01,-1,-0.0030527559482159683,0.0030527559482159683,2
2019-03-04,-1,0.0008748272038969773,-0.0008748272038969773,2
2019-03-05,-1,-0.0026223543768859603,0.0026223543768859603,2
2019-03-06,-1,-0.015118287378099393,0.015118287378099393,2
2019-03-07,-1,0.0,-0.0,2
2019-03-08,-1,0.0077863952876651155,-0.0077863952876651155,2
2019-03-11,-1,0.0008830224326938918,-0.0008830224326938918,2
2019-03-12,-1,0.008822265649156114,-0.008822265649156114,2
2019-03-13,-1,0.004809737602380348,-0.004809737602380348,2
2019-03-14,-1,0.010661481467094669,-0.010661481467094669,2
2019-03-15,-1,0.004951550881778122,-0.004951550881778122,2
2019-03-18,-1,0.0038560476435092195,-0.0038560476435092195,2
2019-03-19,-1,-0.0006401788072160075,0.0006401788072160075,2
2019-03-20,-1,-0.002989604929993006,0.002989604929993006,2
2019-03-21,-1,-0.023345474076847728,0.023345474076847728,2
2019-03-22,-1,-0.0006578679890504313,0.0006578679890504313,2
2019-03-25,-1,0.003949973806917306,-0.003949973806917306,2
2019-03-26,-1,0.0015300479742998974,-0.0015300479742998974,2
2019-03-27,-1,-0.003928422225548678,0.003928422225548678,2
2019-03-28,-1,0.005039429126033168,-0.005039429126033168,2
2019-03-29,-1,0.013080494937646181,-0.013080494937646181,2
2019-04-01,-1,0.0030126831497923057,-0.0030126831497923057,2
2019-04-02,-1,0.009440004740340235,-0.009440004740340235,2
2019-04-03,-1,-0.002125366115677374,0.002125366115677374,2
2019-04-04,-1,0.002981882585163742,-0.002981882585163742,2
2019-04-05,-1,0.0008494566871464215,-0.0008494566871464215,2
2019-04-08,-1,-0.005516701259028145,0.005516701259028145,2
2019-04-09,-1,0.004267138201349496,-0.004267138201349496,2
2019-04-10,-1,0.00042490881439016803,-0.00042490881439016803,2
2019-04-11,-1,0.007007815147337393,-0.007007815147337393,2
2019-04-12,-1,0.0029524084721999078,-0.0029524084721999078,2
2019-04-15,-1,0.0,-0.0,2
2019-04-16,-1,0.00357439369294843,-0.00357439369294843,2
2019-04-17,-1,-0.001885609751750561,0.001885609751750561,2
2019-04-18,-1,0.0,-0.0,2
2019-04-22,-1,-0.0008396497909283207,0.0008396497909283207,2
2019-04-23,-1,-0.005041972089558144,0.005041972089558144,2
2019-04-24,-1,-0.002956068155493985,0.002956068155493985,2
2019-04-25,-1,0.00021173912060001854,-0.00021173912060001854,2
2019-04-26,-1,0.005928409528068723,-0.005928409528068723,2
2019-04-29,-1,0.003999209600479725,-0.003999209600479725,2
2019-04-30,-1,-0.007547182486237314,0.007547182486237314,2
2019-05-01,-1,-0.0027461146534898395,0.0027461146534898395,2
2019-05-02,-1,0.010379192712756335,-0.010379192712756335,2
2019-05-03,-1,-0.010482180125843454,0.010482180125843454,2
2019-05-06,-1,-0.017161045766910576,0.017161045766910576,2
2019-05-07,-1,0.0034490159413067545,-0.0034490159413067545,2
2019-05-08,-1,-0.006015011469086229,0.006015011469086229,2
2019-05-09,-1,0.007348176987771016,-0.007348176987771016,2
2019-05-10,-1,-0.022741930045278802,0.022741930045278802,2
2019-05-13,-1,0.009659768359518539,-0.009659768359518539,2
2019-05-14,-1,0.0036964158021526305,-0.0036964158021526305,2
2019-05-15,-1,0.007582289325781089,-0.007582289325781089,2
2019-05-16,-1,-0.0055901597702880945,0.0055901597702880945,2
2019-05-17,-1,-0.007783796980574298,0.007783796980574298,2
2019-05-20,-1,0.00806273560265569,-0.00806273560265569,2
2019-05-21,-1,-0.004539539388070057,0.004539539388070057,2
2019-05-22,-1,-0.010640561821664174,0.010640561821664174,3
2019-05-23,-1,0.010535547141526713,-0.010535547141526713,3
2019-05-24,-1,-0.009991291818535086,0.009991291818535086,3
2019-05-28,-1,-0.010750365484473279,0.010750365484473279,3
2019-05-29,-1,0.005988034084053462,-0.005988034084053462,3
2019-05-30,-1,-0.008597870026470722,0.008597870026470722,3
2019-05-31,-1,0.006226345823801438,-0.006226345823801438,3
2019-06-03,-1,0.01237572095670747,-0.01237572095670747,3
2019-06-04,-1,0.0,-0.0,3
2019-06-05,-1,0.004365792234156007,-0.004365792234156007,3
2019-06-06,-1,0.013258001143331422,-0.013258001143331422,3
2019-06-07,-1,0.001501494989875285,-0.001501494989875285,3
2019-06-10,-1,0.007282076731383702,-0.007282076731383702,3
2019-06-11,-1,-0.006378891023756772,0.006378891023756772,3
2019-06-12,-1,0.0006419597601270421,-0.0006419597601270421,3
2019-06-13,-1,-0.008126545488838843,0.008126545488838843,3
2019-06-14,-1,-0.02759815792402176,0.02759815792402176,3
2019-06-17,1,0.013968982027277477,0.013968982027277477,3
2019-06-18,-1,0.005029511142327969,-0.005029511142327969,3
2019-06-19,-1,0.011531823423669207,-0.011531823423669207,3
2019-06-20,-1,-0.0025812592439120596,0.0025812592439120596,3
2019-06-21,-1,0.0028035598686599883,-0.0028035598686599883,3
2019-06-24,-1,-0.0068817138671875,0.0068817138671875,3
2019-06-25,-1,0.0,-0.0,3
2019-06-26,-1,0.0006496054373892335,-0.0006496054373892335,3
2019-06-27,1,0.008439718618810543,0.008439718618810543,3
2019-06-28,1,0.0015021394230965157,0.0015021394230965157,3
2019-07-01,1,0.0012856519315429527,0.0012856519315429527,3
2019-07-02,1,0.008559844421084817,0.008559844421084817,3
2019-07-03,-1,-0.009760298933689793,0.009760298933689793,3
2019-07-05,1,-0.004713893606969277,-0.004713893606969277,3
2019-07-08,-1,-0.004520970527953305,0.004520970527953305,3
2019-07-09,-1,0.004108966691440674,-0.004108966691440674,3
2019-07-10,1,-0.0010768735027333332,-0.0010768735027333332,3
2019-07-11,-1,0.0010780344094238892,-0.0010780344094238892,3
2019-07-12,1,0.0015076393358630646,0.0015076393358630646,3
2019-07-15,1,-0.004516109343497998,-0.004516109343497998,3
2019-07-16,1,-0.0015121990373678784,-0.0015121990373678784,3
2019-07-17,1,0.002812575724462363,0.002812575724462363,3
2019-07-18,-1,-0.005393743435387233,0.005393743435387233,3
2019-07-19,-1,0.002386130455368951,-0.002386130455368951,3
2019-07-22,1,0.006492084895135752,0.006492084895135752,3
2019-07-23,1,-0.00021497144472215624,-0.00021497144472215624,3
2019-07-24,1,-0.0083870836483535,-0.0083870836483535,3
2019-07-25,-1,0.003253040754633396,-0.003253040754633396,3
2019-07-26,-1,0.0021617443244006385,-0.0021617443244006385,3
2019-07-29,1,-0.01466782347332296,-0.01466782347332296,3
2019-07-30,1,-0.00809980143198119,-0.00809980143198119,3
2019-07-31,-1,-0.003751974806665781,0.003751974806665781,3
2019-08-01,-1,-0.009525926251438777,0.009525926251438777,3
2019-08-02,-1,-0.020353385507631216,0.020353385507631216,3
2019-08-05,1,0.005022859007654423,0.005022859007654423,3
2019-08-06,1,0.0063607173190634025,0.0063607173190634025,3
2019-08-07,1,0.0072234695335280374,0.0072234695335280374,3
2019-08-08,1,-0.004482312140902667,-0.004482312140902667,3
2019-08-09,1,-0.0076541276881079146,-0.0076541276881079146,3
2019-08-12,1,0.008393804821126283,0.008393804821126283,3
2019-08-13,1,-0.028346504265552408,-0.028346504265552408,3
2019-08-14,1,-0.00023149622253104685,-0.00023149622253104685,3
2019-08-15,1,0.01250581083165514,0.01250581083165514,3
2019-08-16,1,0.0080054543538155,0.0080054543538155,3
2019-08-19,1,-0.004765125616674748,-0.004765125616674748,3
2019-08-20,1,0.010259935172760803,0.010259935172760803,3
2019-08-21,1,-0.000902751394439294,-0.000902751394439294,3
2019-08-22,-1,-0.012423745908592854,0.012423745908592854,3
2019-08-23,-1,0.005718206610699106,-0.005718206610699106,3
2019-08-26,-1,0.0015919875569905262,-0.0015919875569905262,3
2019-08-27,1,-0.001589457160967922,-0.001589457160967922,3
2019-08-28,1,0.009324535729579697,0.009324535729579697,3
2019-08-29,-1,0.004506551557592164,-0.004506551557592164,3
2019-08-30,-1,-0.002691851539997847,0.002691851539997847,3
2019-09-03,-1,0.014619917662254567,-0.014619917662254567,3
2019-09-04,-1,0.005542008348867755,-0.005542008348867755,3
2019-09-05,-1,0.0022045518689493004,-0.0022045518689493004,3
2019-09-06,1,0.0010998512553341833,0.0010998512553341833,3
2019-09-09,1,0.000659252803794308,0.000659252803794308,3
2019-09-10,1,0.0054896792923593285,0.0054896792923593285,3
2019-09-11,1,0.005896493827588278,0.005896493827588278,3
2019-09-12,1,0.00521054834159651,0.00521054834159651,3
2019-09-13,1,-0.010799136247064522,-0.010799136247064522,3
2019-09-16,1,0.0048035201827056895,0.0048035201827056895,3
2019-09-17,1,-0.0006518639504231594,-0.0006518639504231594,3
2019-09-18,1,0.0023917545475062862,0.0023917545475062862,3
2019-09-19,1,-0.0021691643694354834,-0.0021691643694354834,3
2019-09-20,1,-0.003695612368376344,-0.003695612368376344,3
2019-09-23,1,-0.0045822145053379115,-0.0045822145053379115,3
2019-09-24,1,-0.0056992180539373605,-0.0056992180539373605,3
2019-09-25,1,0.004850115029604307,0.004850115029604307,3
2019-09-26,1,-0.00043879896797294204,-0.00043879896797294204,3
2019-09-27,1,0.003950840644208142,0.003950840644208142,3
2019-09-30,1,-0.011368614750367989,-0.011368614750367989,3
2019-10-01,1,-0.023662089030071498,-0.023662089030071498,3
2019-10-02,1,0.0056625139605819275,0.0056625139605819275,3
2019-10-03,1,0.008783769735258407,0.008783769735258407,3
2019-10-04,1,0.0015628420047644198,0.0015628420047644198,3
2019-10-07,1,-0.012483311762635063,-0.012483311762635063,3
2019-10-08,1,0.00835212050241374,0.00835212050241374,3
2019-10-09,1,0.008506852108613128,0.008506852108613128,3
2019-10-10,1,0.022197558644514892,0.022197558644514892,3
2019-10-11,-1,-0.00304016052047551,0.00304016052047551,3
2019-10-14,1,0.013069014944789181,0.013069014944789181,3
2019-10-15,-1,0.0015051281885141155,-0.0015051281885141155,3
2019-10-16,-1,0.004508352859974529,-0.004508352859974529,3
2019-10-17,-1,0.0014960396121939112,-0.0014960396121939112,3
2019-10-18,-1,0.0036277884492335044,-0.0036277884492335044,3
2019-10-21,-1,-0.004039945388912614,0.004039945388912614,3
2019-10-22,-1,0.005550775420286591,-0.005550775420286591,3
2019-10-23,-1,0.002547829097021337,-0.002547829097021337,3
2019-10-24,-1,-0.0012706770804721268,0.0012706770804721268,3
2019-10-25,-1,0.0061492984831563735,-0.0061492984831563735,3
2019-10-28,-1,-0.0014752306364321788,0.0014752306364321788,3
2019-10-29,-1,0.006120664717021995,-0.006120664717021995,3
2019-10-30,-1,-0.0039857066080770664,0.0039857066080770664,3
2019-10-31,-1,0.00779273242316747,-0.00779273242316747,3
2019-11-01,-1,0.005015709218812114,-0.005015709218812114,3
2019-11-04,-1,-0.0016635855853783799,0.0016635855853783799,3
2019-11-05,-1,-0.0008330994007166304,0.0008330994007166304,3
2019-11-06,-1,0.0008337940340268357,-0.0008337940340268357,3
2019-11-07,-1,-0.001874612700153433,0.001874612700153433,3
2019-11-08,-1,0.0010434694004270995,-0.0010434694004270995,3
2019-11-11,-1,-0.00125081033487906,0.00125081033487906,4
2019-11-12,-1,-0.0010436075395489075,0.0010436075395489075,4
2019-11-13,-1,-0.002298382970094881,0.002298382970094881,4
2019-11-14,-1,0.006701564289512518,-0.006701564289512518,4
2019-11-15,-1,0.0027044116692438447,-0.0027044116692438447,4
2019-11-18,-1,-0.002074736249698339,0.002074736249698339,4
2019-11-19,-1,-0.006860665838377744,0.006860665838377744,4
2019-11-20,-1,-0.000837364771698268,0.000837364771698268,4
2019-11-21,-1,0.001885609751750561,-0.001885609751750561,4
2019-11-22,-1,0.007946488300717425,-0.007946488300717425,4
2019-11-25,-1,0.0010373285533014087,-0.0010373285533014087,4
2019-11-26,-1,0.003108839914588657,-0.003108839914588657,4
2019-11-27,-1,-0.006611563734210235,0.006611563734210235,4
2019-11-29,-1,-0.005823681017692595,0.005823681017692595,4
2019-12-02,-1,-0.004184116446269481,0.004184116446269481,4
2019-12-03,-1,0.010084104460519328,-0.010084104460519328,4
2019-12-04,-1,-0.0020799144136839365,0.0020799144136839365,4
2019-12-05,-1,0.00958730906338845,-0.00958730906338845,4
2019-12-06,-1,-0.003922349960683524,0.003922349960683524,4
2019-12-09,-1,-0.0004145172593507107,0.0004145172593507107,4
2019-12-10,-1,0.005805489984541001,-0.005805489984541001,4
2019-12-11,-1,0.007627350224371998,-0.007627350224371998,4
2019-12-12,-1,0.010638307004924963,-0.010638307004924963,4
2019-12-13,-1,0.005060728588622387,-0.005060728588622387,4
2019-12-16,-1,-0.008056425248454735,0.008056425248454735,4
2019-12-17,-1,-0.0012183019957566765,0.0012183019957566765,4
2019-12-18,-1,0.001219788065991878,-0.001219788065991878,4
2019-12-19,-1,0.00203042587047908,-0.00203042587047908,4
2019-12-20,-1,0.0016211111150619129,-0.0016211111150619129,4
2019-12-23,-1,0.0010115160176382698,-0.0010115160176382698,4
2019-12-24,-1,0.004042052643285388,-0.004042052643285388,4
2019-12-26,-1,0.005434791789555193,-0.005434791789555193,4
2019-12-27,-1,-0.008208205028022997,0.008208205028022997,4
2019-12-30,-1,0.006661243646727266,-0.006661243646727266,4
2019-12-31,-1,0.00741934538814415,-0.00741934538814415,4
2020-01-02,-1,-0.011345610877353751,0.011345610877353751,4
2020-01-03,-1,0.0018119620677610193,-0.0018119620677610193,4
2020-01-06,-1,-0.004019231410537283,0.004019231410537283,4
2020-01-07,-1,0.0018159836580713407,-0.0018159836580713407,4
2020-01-08,-1,0.0012084100050324675,-0.0012084100050324675,4
2020-01-09,-1,-0.00462682652328128,0.00462682652328128,4
2020-01-10,-1,0.004042052643285388,-0.004042052643285388,4
2020-01-13,-1,0.0008051714026091616,-0.0008051714026091616,4
2020-01-14,-1,0.0010056161671960773,-0.0010056161671960773,4
2020-01-15,-1,0.004420358020487125,-0.004420358020487125,4
2020-01-16,-1,0.005001000032126113,-0.005001000032126113,4
2020-01-17,-1,-0.007165617004862956,0.007165617004862956,4
2020-01-21,-1,-0.000801942956511148,0.000801942956511148,4
2020-01-22,-1,-0.0018057815471980154,0.0018057815471980154,4
2020-01-23,-1,-0.0034170486220163054,0.0034170486220163054,4
2020-01-24,-1,-0.020572820090635657,0.020572820090635657,4
2020-01-27,-1,0.008443159716169601,-0.008443159716169601,4
2020-01-28,-1,0.0018378629843660566,-0.0018378629843660566,4
2020-01-29,-1,0.00040767340407299457,-0.00040767340407299457,4
2020-01-30,-1,-0.015077458248963893,0.015077458248963893,4
2020-01-31,-1,-0.0018618153145180116,0.0018618153145180116,4
2020-02-03,-1,0.01658029506861247,-0.01658029506861247,4
2020-02-04,-1,0.011824706219698777,-0.011824706219698777,4
2020-02-05,-1,0.0012088969837298347,-0.0012088969837298347,4
2020-02-06,-1,-0.010263601039004144,0.010263601039004144,4
2020-02-07,-1,0.0038633311413174276,-0.0038633311413174276,4
2020-02-10,-1,0.007697003774286504,-0.007697003774286504,4
2020-02-11,-1,0.005025125628140614,-0.005025125628140614,4
2020-02-12,-1,-0.0055999755859375,0.0055999755859375,4
2020-02-13,-1,0.0,-0.0,4
2020-02-14,-1,-0.004625895747978337,0.004625895747978337,4
2020-02-18,-1,0.00525355248970083,-0.00525355248970083,4
2020-02-19,-1,-0.004623106376609565,0.004623106376609565,4
2020-02-20,-1,-0.0036349011209987347,0.0036349011209987347,4
2020-02-21,-1,-0.04296714481816988,0.04296714481816988,4
2020-02-24,1,-0.021812845560506777,-0.021812845560506777,4
2020-02-25,1,0.0015154729791166943,0.0015154729791166943,4
2020-02-26,1,-0.032209207043484955,-0.032209207043484955,4
2020-02-27,1,-0.007147636621672726,-0.007147636621672726,4
2020-02-28,1,0.02024741722686363,0.02024741722686363,4
2020-03-02,1,-0.009481815207141864,-0.009481815207141864,4
2020-03-03,1,0.034505857411841534,0.034505857411841534,4
2020-03-04,1,-0.03249412732009438,-0.03249412732009438,4
2020-03-05,1,-0.014457244760178956,-0.014457244760178956,4
2020-03-06,1,-0.08688788466477115,-0.08688788466477115,4
2020-03-09,1,0.03633221092353578,0.03633221092353578,4
2020-03-10,1,-0.058192191961605966,-0.058192191961605966,4
2020-03-11,1,-0.1149658324274756,-0.1149658324274756,4
2020-03-12,1,0.0655221993000823,0.0655221993000823,4
2020-03-13,1,-0.1165413522281713,-0.1165413522281713,4
2020-03-16,1,0.03039513536841043,0.03039513536841043,4
2020-03-17,1,-0.06253689509763039,-0.06253689509763039,4
2020-03-18,1,0.018565079688219965,0.018565079688219965,4
2020-03-19,1,-0.012974920692123026,-0.012974920692123026,4
2020-03-20,1,-0.006572800839018456,-0.006572800839018456,4
2020-03-23,1,0.09105234145675167,0.09105234145675167,4
2020-03-24,1,0.03609586951907162,0.03609586951907162,4
2020-03-25,1,0.04933111496857179,0.04933111496857179,4
2020-03-26,1,-0.032403749568630236,-0.032403749568630236,4
2020-03-27,1,0.014548415450371888,0.014548415450371888,4
2020-03-30,1,0.003246827639463934,0.003246827639463934,4
2020-03-31,1,-0.04476816559159702,-0.04476816559159702,4
2020-04-01,1,0.01806897903531879,0.01806897903531879,4
2020-04-02,1,-0.02024402424945626,-0.02024402424945626,4
2020-04-03,1,0.050948178425464175,0.050948178425464175,4
2020-04-06,1,0.005925057895965979,0.005925057895965979,4
2020-04-07,1,0.014457856428066407,0.014457856428066407,4
2020-04-08,1,0.025336476641246053,0.025336476641246053,4
2020-04-09,1,-0.012870013375497646,-0.012870013375497646,4
2020-04-13,1,0.01590614431870696,0.01590614431870696,4
2020-04-14,1,-0.03978437560277803,-0.03978437560277803,4
2020-04-15,1,0.002940406597172762,0.002940406597172762,4
2020-04-16,1,0.03224944215645076,0.03224944215645076,4
2020-04-17,1,-0.012651636187993587,-0.012651636187993587,4
2020-04-20,1,-0.01987453197886313,-0.01987453197886313,4
2020-04-21,1,0.012806818252369956,0.012806818252369956,4
2020-04-22,1,-0.005268724124423474,-0.005268724124423474,4
2020-04-23,1,0.012447066779531557,0.012447066779531557,4
2020-04-24,1,0.01438658759210587,0.01438658759210587,4
2020-04-27,1,0.005930880595053534,0.005930880595053534,4
2020-04-28,1,0.029735962505073932,0.029735962505073932,4
2020-04-29,1,-0.017674859766897977,-0.017674859766897977,4
2020-04-30,1,-0.02179423797021751,-0.02179423797021751,4
2020-05-01,1,-0.0018134636681695904,-0.0018134636681695904,4
2020-05-04,1,-0.0007785824097402694,-0.0007785824097402694,4
2020-05-05,1,-0.008051983721844569,-0.008051983721844569,5
2020-05-06,1,0.01649649360486305,0.01649649360486305,5
2020-05-07,1,0.019319938328077768,0.019319938328077768,5
2020-05-08,1,-0.0053070277000817345,-0.0053070277000817345,5
2020-05-11,1,-0.011941087739198775,-0.011941087739198775,5
2020-05-12,1,-0.014399526031949716,-0.014399526031949716,5
2020-05-13,1,-0.008870340108161012,-0.008870340108161012,5
2020-05-14,1,0.0015792986560396738,0.0015792986560396738,5
2020-05-15,1,0.04546648033967138,0.04546648033967138,5
2020-05-18,1,-0.013826024483107546,-0.013826024483107546,5
2020-05-19,1,0.02192201428464613,0.02192201428464613,5
2020-05-20,1,-0.007982032766431946,-0.007982032766431946,5
2020-05-21,1,-0.0005029031313417143,-0.0005029031313417143,5
2020-05-22,1,0.025911918976021964,0.025911918976021964,5
2020-05-26,1,0.013732255763953427,0.013732255763953427,5
2020-05-27,1,0.009675895607220264,0.009675895607220264,5
2020-05-28,1,0.0004790762401123416,0.0004790762401123416,5
2020-05-29,1,0.02250963791158833,0.02250963791158833,5
2020-06-01,1,0.010772812090249495,0.010772812090249495,5
2020-06-02,1,0.028962001955960437,0.028962001955960437,5
2020-06-03,-1,-0.0018013514215781123,0.0018013514215781123,5
2020-06-04,-1,0.017595279654386564,-0.017595279654386564,5
2020-06-05,-1,0.01197075832899519,-0.01197075832899519,5
2020-06-08,-1,-0.017305605457197948,0.017305605457197948,5
2020-06-09,1,-0.0028979283626053842,-0.0028979283626053842,5
2020-06-10,1,-0.05991505326632496,-0.05991505326632496,5
2020-06-11,1,0.01854940804152716,0.01854940804152716,5
2020-06-12,1,-0.004669641708827554,-0.004669641708827554,5
2020-06-15,1,0.011259665264126362,0.011259665264126362,5
2020-06-16,1,0.0018556718910880399,0.0018556718910880399,5
2020-06-17,1,-0.006946034883062557,-0.006946034883062557,5
2020-06-18,1,-0.004196789641811582,-0.004196789641811582,5
2020-06-19,1,0.011238575334243661,0.011238575334243661,5
2020-06-22,1,0.007640700197906858,0.007640700197906858,5
2020-06-23,1,-0.026424667136549895,-0.026424667136549895,5
2020-06-24,1,0.01368897440821537,0.01368897440821537,5
2020-06-25,1,-0.015133911858734472,-0.015133911858734472,5
2020-06-26,1,0.008983476949623759,0.008983476949623759,5
2020-06-29,1,0.0018743677550470128,0.0018743677550470128,5
2020-06-30,1,0.006548236786368955,0.006548236786368955,5
2020-07-01,1,0.008131934634667326,0.008131934634667326,5
2020-07-02,1,0.018206981485134888,0.018206981485134888,5
2020-07-06,1,-0.016070599356457604,-0.016070599356457604,5
2020-07-07,1,0.0121922881162575,0.0121922881162575,5
2020-07-08,1,-0.014318206093528074,-0.014318206093528074,5
2020-07-09,1,0.010606477069376563,0.010606477069376563,5
2020-07-10,1,-0.006160174457769951,-0.006160174457769951,5
2020-07-13,1,0.01606971823172154,0.01606971823172154,5
2020-07-14,1,0.012426639688556618,0.012426639688556618,5
2020-07-15,1,-0.003124374024883525,-0.003124374024883525,5
2020-07-16,1,0.007387549688419481,0.007387549688419481,5
2020-07-17,1,0.007333374023437589,0.007333374023437589,5
2020-07-20,1,0.002206010811422132,0.002206010811422132,5
2020-07-21,1,0.006603549087503824,0.006603549087503824,5
2020-07-22,1,-0.009403024480213129,-0.009403024480213129,5
2020-07-23,1,-0.008388544691284472,-0.008388544691284472,5
2020-07-24,1,0.0117988115671952,0.0117988115671952,5
2020-07-27,1,-0.0048405108253049,-0.0048405108253049,5
2020-07-28,1,0.013044443036903886,0.013044443036903886,5
2020-07-29,1,-0.013967686466849316,-0.013967686466849316,5
2020-07-30,1,-0.021248319565918217,-0.021248319565918217,5
2020-07-31,1,0.020126625171411172,0.020126625171411172,5
2020-08-03,1,0.003546881960701853,0.003546881960701853,5
2020-08-04,1,0.005301476945940076,0.005301476945940076,5
2020-08-05,1,0.0013184217865072068,0.0013184217865072068,5
2020-08-06,1,-0.003072183247443294,-0.003072183247443294,5
2020-08-07,1,0.00022008191648770214,0.00022008191648770214,5
2020-08-10,1,0.003521123508970936,0.003521123508970936,5
2020-08-11,1,0.022368431839806746,0.022368431839806746,5
2020-08-12,1,-0.0049334952274960875,-0.0049334952274960875,5
2020-08-13,1,-0.010131520303662711,-0.010131520303662711,5
2020-08-14,1,0.008928651534368948,0.008928651534368948,5
2020-08-17,1,-0.00021588896687163572,-0.00021588896687163572,5
2020-08-18,1,-0.006260814279749449,-0.006260814279749449,5
2020-08-19,1,-0.0015207407490895886,-0.0015207407490895886,5
2020-08-20,1,-0.007180113640796626,-0.007180113640796626,5
2020-08-21,1,0.014025846475284265,0.014025846475284265,5
2020-08-24,1,0.0015128526935743736,0.0015128526935743736,5
2020-08-25,1,0.009279246952090592,0.009279246952090592,5
2020-08-26,1,-0.012401150852638265,-0.012401150852638265,5
2020-08-27,1,0.00757744748266731,0.00757744748266731,5
2020-08-28,1,-0.006660966205258245,-0.006660966205258245,5
2020-08-31,1,-0.0030283234054659935,-0.0030283234054659935,5
2020-09-01,1,0.015621636327174171,0.015621636327174171,5
2020-09-02,-1,-0.024781025707766524,0.024781025707766524,5
2020-09-03,1,0.002190547005007426,0.002190547005007426,5
2020-09-04,1,-0.014426226172942314,-0.014426226172942314,5
2020-09-08,1,0.024173877775543362,0.024173877775543362,5
2020-09-09,1,-0.01472499568389063,-0.01472499568389063,5
2020-09-10,1,0.009010985657408987,0.009010985657408987,5
2020-09-11,1,0.004574146921599187,0.004574146921599187,5
2020-09-14,1,0.006504753772948346,0.006504753772948346,5
2020-09-15,1,-0.00021538823626865433,-0.00021538823626865433,5
2020-09-16,1,0.002154675165909836,0.002154675165909836,5
2020-09-17,1,-0.0075252308482465224,-0.0075252308482465224,5
2020-09-18,1,-0.0309792094866298,-0.0309792094866298,5
2020-09-21,1,-0.0029063507589013327,-0.0029063507589013327,5
2020-09-22,1,-0.013901321818307166,-0.013901321818307166,5
2020-09-23,1,-0.0009095251465141008,-0.0009095251465141008,5
2020-09-24,1,0.004324133985993184,0.004324133985993184,5
2020-09-25,1,0.01699524092107696,0.01699524092107696,5
2020-09-28,1,-0.00022286399270110557,-0.00022286399270110557,5
2020-09-29,1,-0.003565853604208913,-0.003565853604208913,5
2020-09-30,1,0.0076045663061972135,0.0076045663061972135,5
2020-10-01,1,-0.00022193832857997364,-0.00022193832857997364,5
2020-10-02,1,0.01820603193064163,0.01820603193064163,5
2020-10-05,1,-0.014173604823986552,-0.014173604823986552,5
2020-10-06,1,0.008184090999221239,0.008184090999221239,5
2020-10-07,1,0.009653326218368008,0.009653326218368008,5
2020-10-08,1,0.00999563406990478,0.00999563406990478,5
2020-10-09,1,0.006669564895527058,0.006669564895527058,5
2020-10-12,1,-0.015601614190053903,-0.015601614190053903,5
2020-10-13,1,-0.0023882024983036265,-0.0023882024983036265,5
2020-10-14,1,-0.013928169293190185,-0.013928169293190185,5
2020-10-15,1,0.006400288943734678,0.006400288943734678,5
2020-10-16,1,-0.004385898134529276,-0.004385898134529276,5
2020-10-19,1,0.007709217232549914,0.007709217232549914,5
2020-10-20,1,-0.010710419201459986,-0.010710419201459986,5
2020-10-21,1,0.0004419014252183828,0.0004419014252183828,5
2020-10-22,1,0.00883395619837768,0.00883395619837768,5
2020-10-23,1,-0.02298597263672908,-0.02298597263672908,6
2020-10-26,1,-0.013219810407071653,-0.013219810407071653,6
2020-10-27,1,-0.03701183093165061,-0.03701183093165061,6
2020-10-28,1,0.0025937422953863365,0.0025937422953863365,6
2020-10-29,1,-0.002822176166342283,-0.002822176166342283,6
2020-10-30,1,0.014622615791802573,0.014622615791802573,6
2020-11-02,1,0.027661520549663976,0.027661520549663976,6
2020-11-03,1,0.016512091322180567,0.016512091322180567,6
2020-11-04,1,0.022919506574750725,0.022919506574750725,6
2020-11-05,-1,0.002827871437154128,-0.002827871437154128,6
2020-11-06,1,0.02863339996779435,0.02863339996779435,6
2020-11-09,-1,0.014972647123274063,-0.014972647123274063,6
2020-11-10,-1,0.008726327854240434,-0.008726327854240434,6
2020-11-11,-1,-0.013182273938325717,0.013182273938325717,6
2020-11-12,-1,0.014610744420139321,-0.014610744420139321,6
2020-11-13,-1,0.010491633720008497,-0.010491633720008497,6
2020-11-16,-1,0.0004071754519254789,-0.0004071754519254789,6
2020-11-17,-1,-0.005087505150695337,0.005087505150695337,6
2020-11-18,-1,0.006340793151178747,-0.006340793151178747,6
2020-11-19,-1,-0.00040651336287655937,0.00040651336287655937,6
2020-11-20,-1,-0.00040667868319566036,0.00040667868319566036,6
2020-11-23,-1,0.015052922716918049,-0.015052922716918049,6
2020-11-24,-1,0.0,-0.0,6
2020-11-25,-1,0.0034067768285968025,-0.0034067768285968025,6
2020-11-27,-1,-0.014379892652117476,0.014379892652117476,6
2020-11-30,-1,0.02391084785533626,-0.02391084785533626,6
2020-12-01,-1,0.0005937580589538971,-0.0005937580589538971,6
2020-12-02,-1,0.003164553858114205,-0.003164553858114205,6
2020-12-03,-1,0.00887217936537632,-0.00887217936537632,6
2020-12-04,-1,-0.006449052729450622,0.006449052729450622,6
2020-12-07,-1,0.0031471252346950696,-0.0031471252346950696,6
2020-12-08,-1,-0.0003921658385033222,0.0003921658385033222,6
2020-12-09,-1,-0.0009807618185465605,0.0009807618185465605,6
2020-12-10,-1,-0.006479517555022518,0.006479517555022518,6
2020-12-11,-1,-0.009288486564801635,0.009288486564801635,6
2020-12-14,-1,0.013564737496251311,-0.013564737496251311,6
2020-12-15,-1,0.0051170697600073645,-0.0051170697600073645,6
2020-12-16,-1,0.007636565341275325,-0.007636565341275325,6
2020-12-17,-1,-0.004663775127076275,0.004663775127076275,6
2020-12-18,-1,-0.01386182901696098,0.01386182901696098,6
2020-12-21,-1,-0.0023757461071545194,0.0023757461071545194,6
2020-12-22,-1,0.01389166047664725,-0.01389166047664725,6
2020-12-23,-1,0.002740250327467386,-0.002740250327467386,6
2020-12-24,-1,0.006831979151781908,-0.006831979151781908,6
2020-12-28,-1,0.006397789931033682,-0.006397789931033682,6
2020-12-29,-1,-0.0007705820775365524,0.0007705820775365524,6
2020-12-30,-1,-0.011374593497923025,0.011374593497923025,6
2020-12-31,-1,0.012090537467647877,-0.012090537467647877,6
2021-01-04,-1,0.00924854582127499,-0.00924854582127499,6
2021-01-05,-1,0.012600225925040398,-0.012600225925040398,6
2021-01-06,-1,0.0022624232619430362,-0.0022624232619430362,6
2021-01-07,-1,0.004702784061655141,-0.004702784061655141,6
2021-01-08,-1,-0.014042314213493445,0.014042314213493445,6
2021-01-11,-1,0.003987829188779823,-0.003987829188779823,6
2021-01-12,-1,-0.0037828781346700424,0.0037828781346700424,6
2021-01-13,-1,0.00702492423476464,-0.00702492423476464,6
2021-01-14,-1,-0.01621418920639195,0.01621418920639195,6
2021-01-15,-1,0.007857413664511537,-0.007857413664511537,6
2021-01-19,-1,0.006845419458205715,-0.006845419458205715,6
2021-01-20,-1,0.003210541388023902,-0.003210541388023902,6
2021-01-21,-1,-0.006024090761646117,0.006024090761646117,6
2021-01-22,-1,-0.006818193476390788,0.006818193476390788,6
2021-01-25,-1,0.004385956297855209,-0.004385956297855209,6
2021-01-26,-1,-0.02449206655926317,0.02449206655926317,6
2021-01-27,-1,0.009536742965807532,-0.009536742965807532,6
2021-01-28,-1,-0.020821246165353968,0.020821246165353968,6
2021-01-29,-1,0.013191536855052144,-0.013191536855052144,6
2021-02-01,-1,0.011270925794277575,-0.011270925794277575,6
2021-02-02,-1,0.0005764561638952337,-0.0005764561638952337,6
2021-02-03,-1,0.0013443382991065178,-0.0013443382991065178,6
2021-02-04,-1,0.00632914911618121,-0.00632914911618121,6
2021-02-05,-1,0.003239911663623918,-0.003239911663623918,6
2021-02-08,-1,0.00493925036559939,-0.00493925036559939,6
2021-02-09,-1,-0.003780732649726115,0.003780732649726115,6
2021-02-10,-1,0.0064516157052314504,-0.0064516157052314504,6
2021-02-11,-1,0.006787341706967709,-0.006787341706967709,6
2021-02-12,-1,0.009363295612598188,-0.009363295612598188,6
2021-02-16,-1,-0.009462005970177989,0.009462005970177989,6
2021-02-17,-1,-0.0043079143072798365,0.0043079143072798365,6
2021-02-18,-1,0.003009778929107698,-0.003009778929107698,6
2021-02-19,-1,-0.0020630272126996863,0.0020630272126996863,6
2021-02-22,-1,-0.0003758778069498092,0.0003758778069498092,6
2021-02-23,-1,0.008836270592929019,-0.008836270592929019,6
2021-02-24,-1,-0.017144952880384312,0.017144952880384312,6
2021-02-25,-1,-0.00967011983313415,0.00967011983313415,6
2021-02-26,-1,0.016082714147998667,-0.016082714147998667,6
2021-03-01,-1,0.003203353770871775,-0.003203353770871775,6
2021-03-02,-1,-0.00582271531776446,0.00582271531776446,6
2021-03-03,-1,-0.011335697537534717,0.011335697537534717,6
2021-03-04,-1,0.004586238398086806,-0.004586238398086806,6
2021-03-05,-1,0.0019021965893399884,-0.0019021965893399884,6
2021-03-08,-1,0.015378800103482915,-0.015378800103482915,6
2021-03-09,-1,0.006544545471469876,-0.006544545471469876,6
2021-03-10,-1,0.009102690824856152,-0.009102690824856152,6
2021-03-11,-1,0.0007363938835065476,-0.0007363938835065476,6
2021-03-12,-1,-0.0023914839340616334,0.0023914839340616334,6
2021-03-15,-1,-0.0009219848327972624,0.0009219848327972624,6
2021-03-16,-1,0.004429639394937457,-0.004429639394937457,6
2021-03-17,-1,-0.011576576159781582,0.011576576159781582,6
2021-03-18,-1,0.001301351433961706,-0.001301351433961706,6
2021-03-19,-1,0.0038989803582047955,-0.0038989803582047955,6
2021-03-22,-1,-0.013501008809996495,0.013501008809996495,6
2021-03-23,-1,-0.0026246604658407557,0.0026246604658407557,6
2021-03-24,-1,0.005451144950534781,-0.005451144950534781,6
2021-03-25,-1,0.01252567111462688,-0.01252567111462688,6
2021-03-26,-1,-0.003692776283288901,0.003692776283288901,6
2021-03-29,-1,0.0012972515939935203,-0.0012972515939935203,6
2021-03-30,-1,-0.0011104490088705843,0.0011104490088705843,6
2021-03-31,-1,0.016305303567056395,-0.016305303567056395,6
2021-04-01,-1,0.01622612997456363,-0.01622612997456363,6
2021-04-05,-1,-0.008790844343589121,0.008790844343589121,6
2021-04-06,-1,0.0019909612733315374,-0.0019909612733315374,6
2021-04-07,-1,0.0070447865850549185,-0.0070447865850549185,6
2021-04-08,-1,0.002869952419948252,-0.002869952419948252,6
2021-04-09,-1,-0.00500802682992374,0.00500802682992374,6
2021-04-12,-1,0.005932015279909164,-0.005932015279909164,6
2021-04-13,-1,0.00017873724792893952,-0.00017873724792893952,6
2021-04-14,-1,0.00839730919698467,-0.00839730919698467,6
2021-04-15,-1,0.011693831741161231,-0.011693831741161231,6
2021-04-16,-1,-0.0010507453624704066,0.0010507453624704066,6
2021-04-19,-1,-0.01683027820939831,0.01683027820939831,7
2021-04-20,-1,0.009272407740515742,-0.009272407740515742,7
2021-04-21,-1,-0.0031802174916679693,0.0031802174916679693,7
2021-04-22,-1,0.010280075325736826,-0.010280075325736826,7
2021-04-23,-1,0.0026316057171738017,-0.0026316057171738017,7
2021-04-26,-1,-0.0006999285119744236,0.0006999285119744236,7
2021-04-27,-1,0.003151817602032203,-0.003151817602032203,7
2021-04-28,-1,0.0012218483802686197,-0.0012218483802686197,7
2021-04-29,-1,-0.013772679691791634,0.013772679691791634,7
2021-04-30,-1,0.012904358249503645,-0.012904358249503645,7
2021-05-03,-1,-0.016928401726373554,0.016928401726373554,7
2021-05-04,-1,0.013314396868819633,-0.013314396868819633,7
2021-05-05,-1,0.007182898287663386,-0.007182898287663386,7
2021-05-06,-1,0.014785153058004985,-0.014785153058004985,7
2021-05-07,-1,-0.007884797450626202,0.007884797450626202,7
2021-05-10,-1,-0.011748450114496989,0.011748450114496989,7
2021-05-11,-1,-0.010664346192575391,0.010664346192575391,7
2021-05-12,-1,0.00830537585149016,-0.00830537585149016,7
2021-05-13,-1,0.019102701127835964,-0.019102701127835964,7
2021-05-14,-1,-0.0012037780393361341,0.0012037780393361341,7
2021-05-17,-1,0.0012052288673791711,-0.0012052288673791711,7
2021-05-18,-1,-0.010834067955008742,0.010834067955008742,7
2021-05-19,-1,0.014603618670077978,-0.014603618670077978,7
2021-05-20,-1,0.0015421547574816508,-0.0015421547574816508,7
2021-05-21,-1,0.005645817143712595,-0.005645817143712595,7
2021-05-24,-1,0.0017012979056676425,-0.0017012979056676425,7
2021-05-25,-1,-0.0033967520263473716,0.0033967520263473716,7
2021-05-26,-1,0.0025562632089093373,-0.0025562632089093373,7
2021-05-27,-1,0.0030596036864900533,-0.0030596036864900533,7
2021-05-28,-1,0.00711747154023068,-0.00711747154023068,7
2021-06-01,-1,0.0006730761454136758,-0.0006730761454136758,7
2021-06-02,-1,-0.0065579179694496,0.0065579179694496,7
2021-06-03,-1,0.007447505299123192,-0.007447505299123192,7
2021-06-04,-1,0.004872327172328106,-0.004872327172328106,7
2021-06-07,-1,0.00016716805389793699,-0.00016716805389793699,7
2021-06-08,-1,-0.0010030319892530004,0.0010030319892530004,7
2021-06-09,-1,-0.013721548156883867,0.013721548156883867,7
2021-06-10,-1,0.003223658734870627,-0.003223658734870627,7
2021-06-11,-1,0.0021984990879371225,-0.0021984990879371225,7
2021-06-14,-1,0.00033750351552752633,-0.00033750351552752633,7
2021-06-15,-1,-0.009784042312767083,0.009784042312767083,7
2021-06-16,-1,-0.008688281594579794,0.008688281594579794,7
2021-06-17,-1,-0.019762806982672743,0.019762806982672743,7
2021-06-18,-1,0.01437587099689197,-0.01437587099689197,7
2021-06-21,-1,0.0005184718109303432,-0.0005184718109303432,7
2021-06-22,-1,-0.006736904366217322,0.006736904366217322,7
2021-06-23,-1,0.009739154318104681,-0.009739154318104681,7
2021-06-24,-1,0.0013778507486261748,-0.0013778507486261748,7
2021-06-25,-1,-0.007567915915515533,0.007567915915515533,7
2021-06-28,-1,0.0012131662720735736,-0.0012131662720735736,7
2021-06-29,-1,-0.008481940013572276,0.008481940013572276,7
2021-06-30,-1,0.005412035263573811,-0.005412035263573811,7
2021-07-01,-1,0.0029518695692809516,-0.0029518695692809516,7
2021-07-02,-1,-0.00605953054521835,0.00605953054521835,7
2021-07-06,-1,0.005399780075160399,-0.005399780075160399,7
2021-07-07,-1,-0.012474033358905623,0.012474033358905623,7
2021-07-08,-1,0.014561435632538311,-0.014561435632538311,7
2021-07-09,-1,0.005360497125685315,-0.005360497125685315,7
2021-07-12,-1,-0.005503950777151045,0.005503950777151045,7
2021-07-13,-1,0.0006918179823325321,-0.0006918179823325321,7
2021-07-14,-1,-0.009332888175440757,0.009332888175440757,7
2021-07-15,-1,-0.006978393719618725,0.006978393719618725,7
2021-07-16,-1,-0.020555133636382394,0.020555133636382394,7
2021-07-19,-1,0.005381152234269937,-0.005381152234269937,7
2021-07-20,-1,0.019625375625179853,-0.019625375625179853,7
2021-07-21,-1,0.0008748772655395864,-0.0008748772655395864,7
2021-07-22,-1,0.008916054453335542,-0.008916054453335542,7
2021-07-23,-1,0.004678573246353013,-0.004678573246353013,7
2021-07-26,-1,-0.0032769684065032667,0.0032769684065032667,7
2021-07-27,-1,0.005018184996246067,-0.005018184996246067,7
2021-07-28,-1,0.007403520608165737,-0.007403520608165737,7
2021-07-29,-1,-0.004101826536563213,0.004101826536563213,7
2021-07-30,-1,0.004290372370620021,-0.004290372370620021,7
2021-08-02,-1,0.007177002147298994,-0.007177002147298994,7
2021-08-03,-1,-0.0008483074011794711,0.0008483074011794711,7
2021-08-04,-1,0.0049244509854473595,-0.0049244509854473595,7
2021-08-05,-1,-0.004393412215101478,0.004393412215101478,7
2021-08-06,-1,-0.0010182885345941806,0.0010182885345941806,7
2021-08-09,-1,0.001189257460046722,-0.001189257460046722,7
2021-08-10,-1,0.00797558490190342,-0.00797558490190342,7
2021-08-11,-1,0.00016832190700943883,-0.00016832190700943883,7
2021-08-12,-1,0.006564541165630544,-0.006564541165630544,7
2021-08-13,-1,-0.004180602060025906,0.004180602060025906,7
2021-08-16,-1,-0.008732165649467438,0.008732165649467438,7
2021-08-17,-1,-0.0030493022005433357,0.0030493022005433357,7
2021-08-18,-1,-0.01070513627447256,0.01070513627447256,7
2021-08-19,-1,0.004294056935043589,-0.004294056935043589,7
2021-08-20,-1,0.00838032928920196,-0.00838032928920196,7
2021-08-23,-1,0.0010176623850528532,-0.0010176623850528532,7
2021-08-24,-1,0.001863785318508837,-0.001863785318508837,7
2021-08-25,-1,-0.005580954254922776,0.005580954254922776,7
2021-08-26,-1,0.010714304018530685,-0.010714304018530685,7
2021-08-27,-1,0.0005047750150233288,-0.0005047750150233288,7
2021-08-30,-1,-0.0026908821035265262,0.0026908821035265262,7
2021-08-31,-1,0.006576718291164907,-0.006576718291164907,7
2021-09-01,-1,0.005863667228528824,-0.005863667228528824,7
2021-09-02,-1,-0.00433048188317442,0.00433048188317442,7
2021-09-03,-1,-0.0028437298831827107,0.0028437298831827107,7
2021-09-07,-1,-0.010568714337604534,0.010568714337604534,7
2021-09-08,-1,-0.003390992955098815,0.003390992955098815,7
2021-09-09,-1,-0.0022115899305489295,0.0022115899305489295,7
2021-09-10,-1,0.00562656449739074,-0.00562656449739074,7
2021-09-13,-1,-0.0027127814285168306,0.0027127814285168306,7
2021-09-14,-1,0.0001700465195912937,-0.0001700465195912937,7
2021-09-15,-1,-0.0005099879833473375,0.0005099879833473375,7
2021-09-16,-1,-0.014625860910037591,0.014625860910037591,7
2021-09-17,-1,-0.020365901504040274,0.020365901504040274,7
2021-09-20,-1,0.011099384896849696,-0.011099384896849696,7
2021-09-21,-1,0.009235037200444163,-0.009235037200444163,7
2021-09-22,-1,0.012430960695181126,-0.012430960695181126,7
2021-09-23,-1,-0.011596185406779203,0.011596185406779203,7
2021-09-24,-1,-0.0027605219106183743,0.0027605219106183743,7
2021-09-27,-1,-0.023875451320601315,0.023875451320601315,7
2021-09-28,-1,-0.0028358711911511403,0.0028358711911511403,7
2021-09-29,-1,-0.003554869431370733,0.003554869431370733,7
2021-09-30,-1,0.006421633728782128,-0.006421633728782128,7
2021-10-01,-1,-0.0056717423823021695,0.0056717423823021695,7
2021-10-04,-1,0.005169356923621304,-0.005169356923621304,7
2021-10-05,-1,-0.006916109130514214,0.006916109130514214,7
2021-10-06,-1,0.007499967302594834,-0.007499967302594834,7
2021-10-07,1,0.0010634770513699987,0.0010634770513699987,8
2021-10-08,1,-0.006728064291697922,-0.006728064291697922,8
2021-10-11,1,0.0037433672884463753,0.0037433672884463753,8
2021-10-12,1,0.014917423763131321,0.014917423763131321,8
2021-10-13,1,0.010323711930623869,0.010323711930623869,8
2021-10-14,-1,0.008139892489492873,-0.008139892489492873,8
2021-10-15,-1,-0.0041229662866212324,0.0041229662866212324,8
2021-10-18,-1,0.005520091221076884,-0.005520091221076884,8
2021-10-19,-1,0.003774187726033329,-0.003774187726033329,8
2021-10-20,-1,0.00034182974427321433,-0.00034182974427321433,8
2021-10-21,-1,0.0052964527551069285,-0.0052964527551069285,8
2021-10-22,-1,-0.004248810322088459,0.004248810322088459,8
2021-10-25,-1,0.004608302731873959,-0.004608302731873959,8
2021-10-26,-1,-0.003228040085559103,0.003228040085559103,8
2021-10-27,-1,0.010397147253951022,-0.010397147253951022,8
2021-10-28,-1,-0.006747599855237096,0.006747599855237096,8
2021-10-29,-1,0.009510827928585153,-0.009510827928585153,8
2021-11-01,-1,-0.002355306071382235,0.002355306071382235,8
2021-11-02,-1,0.00910625501643958,-0.00910625501643958,8
2021-11-03,-1,-0.0025067099848999908,0.0025067099848999908,8
2021-11-04,-1,0.0013402887065721014,-0.0013402887065721014,8
2021-11-05,-1,0.001003871052894123,-0.001003871052894123,8
2021-11-08,-1,0.0005014002737553369,-0.0005014002737553369,8
2021-11-09,-1,-0.01119281618461454,0.01119281618461454,8
2021-11-10,-1,0.003716864771202255,-0.003716864771202255,8
2021-11-11,-1,0.0023564953712844616,-0.0023564953712844616,8
2021-11-12,-1,-0.0026868152722415717,0.0026868152722415717,8
2021-11-15,-1,-0.002862403951715553,0.002862403951715553,8
2021-11-16,-1,0.0016885929088115148,-0.0016885929088115148,8
2021-11-17,-1,0.0008428731847229809,-0.0008428731847229809,8
2021-11-18,-1,-0.012969521165851705,0.012969521165851705,8
2021-11-19,-1,-0.008532423430365976,0.008532423430365976,8
2021-11-22,-1,-0.003442288356191092,0.003442288356191092,8
2021-11-23,-1,-0.006217626957931155,0.006217626957931155,8
2021-11-24,-1,-0.02346197892489188,0.02346197892489188,8
2021-11-26,-1,0.0058729638569137155,-0.0058729638569137155,8
2021-11-29,-1,-0.0070771677749333906,0.0070771677749333906,8
2021-11-30,1,-0.005345674318787297,-0.005345674318787297,8
2021-12-01,1,0.011465413707405947,0.011465413707405947,8
2021-12-02,1,-0.006907534466391696,-0.006907534466391696,8
2021-12-03,1,0.010344245304289235,0.010344245304289235,8
2021-12-06,-1,0.01994699422738333,-0.01994699422738333,8
2021-12-07,-1,0.0022499319982993704,-0.0022499319982993704,8
2021-12-08,-1,-0.009324830201177692,0.009324830201177692,8
2021-12-09,-1,0.0033118780711820506,-0.0033118780711820506,8
2021-12-10,-1,-0.022585181041379188,0.022585181041379188,8
2021-12-13,1,-0.0074653071716243025,-0.0074653071716243025,8
2021-12-14,1,0.012894004633518197,0.012894004633518197,8
2021-12-15,-1,0.0019447806397374645,-0.0019447806397374645,8
2021-12-16,1,-0.013940305741230619,-0.013940305741230619,8
2021-12-17,1,0.0,0.0,8
2021-12-20,1,0.012884706375152266,0.012884706375152266,8
2021-12-21,-1,0.01325088374945671,-0.01325088374945671,8
2021-12-22,-1,0.005754173318829325,-0.005754173318829325,8
2021-12-23,-1,0.011269097129678496,-0.011269097129678496,8
2021-12-27,-1,0.0013714728929570263,-0.0013714728929570263,8
2021-12-28,-1,0.0017120094912228545,-0.0017120094912228545,8
2021-12-29,-1,-0.005298198042840485,0.005298198042840485,8
2021-12-30,-1,-0.0006873009450683032,0.0006873009450683032,8
2021-12-31,-1,0.008940860714029109,-0.008940860714029109,8
2022-01-03,-1,0.002215423780489889,-0.002215423780489889,8
2022-01-04,-1,-0.008331944686696291,0.008331944686696291,8
2022-01-05,-1,-0.0041151897295163,0.0041151897295163,8
2022-01-06,-1,0.0053374233612368815,-0.0053374233612368815,8
2022-01-07,-1,-0.012844665316659731,0.012844665316659731,8
2022-01-10,-1,0.01110338994492377,-0.01110338994492377,8
2022-01-11,-1,0.008579272657391002,-0.008579272657391002,8
2022-01-12,-1,-0.005954380425138184,0.005954380425138184,8
2022-01-13,-1,-0.002909498250122655,0.002909498250122655,8
2022-01-14,-1,-0.014761359773957206,0.014761359773957206,8
2022-01-18,-1,0.002439013692104419,-0.002439013692104419,8
2022-01-19,-1,-0.0067778829239328875,0.0067778829239328875,8
2022-01-20,-1,-0.015398093519153222,0.015398093519153222,8
2022-01-21,-1,-0.014928028181169006,0.014928028181169006,8
2022-01-24,-1,-0.006314242687969318,0.006314242687969318,8
2022-01-25,-1,0.001997036891750348,-0.001997036891750348,8
2022-01-26,-1,-0.001449502053778029,0.001449502053778029,8
2022-01-27,-1,0.003266200384363094,-0.003266200384363094,8
2022-01-28,-1,0.0153734574072395,-0.0153734574072395,8
2022-01-31,-1,0.012112581271263245,-0.012112581271263245,8
2022-02-01,-1,0.005983811235726888,-0.005983811235726888,8
2022-02-02,-1,-0.013995787949547478,0.013995787949547478,8
2022-02-03,-1,-0.0031937598159414993,0.0031937598159414993,8
2022-02-04,-1,0.0014239589875910674,-0.0014239589875910674,8
2022-02-07,-1,0.0028439362279695235,-0.0028439362279695235,8
2022-02-08,-1,0.016838014777929455,-0.016838014777929455,8
2022-02-09,-1,-0.011852890323096332,0.011852890323096332,8
2022-02-10,-1,-0.018698140488123793,0.018698140488123793,8
2022-02-11,-1,-0.01024626431565756,0.01024626431565756,8
2022-02-14,-1,0.022157598539357615,-0.022157598539357615,8
2022-02-15,-1,0.004264422240092269,-0.004264422240092269,8
2022-02-16,-1,-0.017338986806425538,0.017338986806425538,8
2022-02-17,-1,-0.00648182579073231,0.00648182579073231,8
2022-02-18,-1,-0.015404104193913248,0.015404104193913248,8
2022-02-22,-1,-0.008098701022953958,0.008098701022953958,8
2022-02-23,-1,-0.018741850676792016,0.018741850676792016,8
2022-02-24,-1,0.029311633996829567,-0.029311633996829567,8
2022-02-25,-1,-0.022597823541062323,0.022597823541062323,8
2022-02-28,-1,-0.026879704599026222,0.026879704599026222,8
2022-03-01,-1,0.013521359025494784,-0.013521359025494784,8
2022-03-02,-1,-0.026300763026678275,0.026300763026678275,8
2022-03-03,-1,-0.04227832924174879,0.04227832924174879,8
2022-03-04,-1,-0.03351725688575069,0.03351725688575069,8
2022-03-07,-1,0.02368363100447768,-0.02368363100447768,8
2022-03-08,-1,0.05205537008276573,-0.05205537008276573,8
2022-03-09,-1,-0.018849383049681534,0.018849383049681534,8
2022-03-10,-1,-0.009205581107317173,0.009205581107317173,8
2022-03-11,-1,0.01878409082416188,-0.01878409082416188,8
2022-03-14,-1,0.0065424631252852805,-0.0065424631252852805,8
2022-03-15,-1,0.03919633338244788,-0.03919633338244788,8
2022-03-16,-1,0.00625477334255331,-0.00625477334255331,8
2022-03-17,-1,0.009041242057953314,-0.009041242057953314,8
2022-03-18,-1,-0.010080285954892743,0.010080285954892743,8
2022-03-21,-1,0.012634395607494353,-0.012634395607494353,8
2022-03-22,-1,-0.017504700708588894,0.017504700708588894,8
2022-03-23,-1,0.005686183876078221,-0.005686183876078221,8
2022-03-24,-1,0.0013192554280530011,-0.0013192554280530011,8
2022-03-25,-1,0.0011292595028715713,-0.0011292595028715713,8
2022-03-28,-1,0.024816689770722933,-0.024816689770722933,8
2022-03-29,-1,-0.0009172489194665401,0.0009172489194665401,8
2022-03-30,-1,-0.01946378215962863,0.01946378215962863,9
2022-03-31,-1,0.010861385763750286,-0.010861385763750286,9
2022-04-01,-1,0.0009262548626260969,-0.0009262548626260969,9
2022-04-04,-1,-0.009439169591997532,0.009439169591997532,9
2022-04-05,-1,-0.012145020932723405,0.012145020932723405,9
2022-04-06,-1,0.00510687465894466,-0.00510687465894466,9
2022-04-07,-1,0.0005645235160225415,-0.0005645235160225415,9
2022-04-08,-1,-0.007711112686318966,0.007711112686318966,9
2022-04-11,-1,-0.0081500474631937,0.0081500474631937,9
2022-04-12,-1,0.010510208633972562,-0.010510208633972562,9
2022-04-13,-1,-0.004349461754739048,0.004349461754739048,9
2022-04-14,-1,-0.0036087832079712,0.0036087832079712,9
2022-04-18,-1,0.0032406021084527836,-0.0032406021084527836,9
2022-04-19,-1,0.008170250740053397,-0.008170250740053397,9
2022-04-20,-1,-0.009046353746947844,0.009046353746947844,9
2022-04-21,-1,-0.016356039946800238,0.016356039946800238,9
2022-04-22,-1,-0.007540591269211361,0.007540591269211361,9
2022-04-25,-1,-0.03331390684142488,0.03331390684142488,9
2022-04-26,-1,0.00483679330175435,-0.00483679330175435,9
2022-04-27,-1,0.012835928235339189,-0.012835928235339189,9
2022-04-28,-1,-0.010495025332611374,0.010495025332611374,9
2022-04-29,-1,-0.006003663086434297,0.006003663086434297,9
2022-05-02,-1,0.00785188682752036,-0.00785188682752036,9
2022-05-03,-1,0.016979593503858803,-0.016979593503858803,9
2022-05-04,-1,-0.033588668033743496,0.033588668033743496,9
2022-05-05,-1,-0.015650415565515274,0.015650415565515274,9
2022-05-06,-1,-0.030559560869508395,0.030559560869508395,9
2022-05-09,1,0.010010594214449053,0.010010594214449053,9
2022-05-10,-1,-0.005061110776817812,0.005061110776817812,9
2022-05-11,-1,-0.00381518236565237,0.00381518236565237,9
2022-05-12,-1,0.028297911299035805,-0.028297911299035805,9
2022-05-13,-1,0.003931277043463632,-0.003931277043463632,9
2022-05-16,-1,0.02370151896809447,-0.02370151896809447,9
2022-05-17,-1,-0.02939398305404961,0.02939398305404961,9
2022-05-18,-1,0.012445598427974325,-0.012445598427974325,9
2022-05-19,-1,0.004302378171773036,-0.004302378171773036,9
2022-05-20,-1,0.021623854822366395,-0.021623854822366395,9
2022-05-23,-1,-0.00019972316023886272,0.00019972316023886272,9
2022-05-24,-1,-0.0027960733074042787,0.0027960733074042787,9
2022-05-25,-1,0.01361907272220253,-0.01361907272220253,9
2022-05-26,-1,0.011855334259734729,-0.011855334259734729,9
2022-05-27,-1,-0.002929070764758568,0.002929070764758568,9
2022-05-31,-1,-0.014884491104381725,0.014884491104381725,9
2022-06-01,-1,0.022862853743973677,-0.022862853743973677,9
2022-06-02,-1,-0.01321672099304616,0.01321672099304616,9
2022-06-03,-1,0.004727158983762303,-0.004727158983762303,9
2022-06-06,-1,0.002156451950031224,-0.002156451950031224,9
2022-06-07,-1,-0.013888871269709946,0.013888871269709946,9
2022-06-08,-1,-0.04721287592381174,0.04721287592381174,9
2022-06-09,-1,-0.02727456989148247,0.02727456989148247,9
2022-06-10,-1,-0.03424662343778684,0.03424662343778684,9
2022-06-13,-1,-0.013741111404296458,0.013741111404296458,9
2022-06-14,-1,0.023146039984199396,-0.023146039984199396,9
2022-06-15,-1,-0.02415986170905149,0.02415986170905149,9
2022-06-16,1,-0.0006751919669327755,-0.0006751919669327755,9
2022-06-17,1,0.015540509076487519,0.015540509076487519,9
2022-06-21,1,-0.00576620804287753,-0.00576620804287753,9
2022-06-22,1,-0.005576622569460121,-0.005576622569460121,9
2022-06-23,1,0.03297436845284851,0.03297436845284851,9
2022-06-24,-1,-0.0019544007400430496,0.0019544007400430496,9
2022-06-27,-1,-0.009791139510520241,0.009791139510520241,9
2022-06-28,1,-0.00615246736153785,-0.00615246736153785,9
2022-06-29,1,-0.0059694994582421,-0.0059694994582421,9
2022-06-30,-1,0.00022246744737874913,-0.00022246744737874913,9
2022-07-01,1,-0.02801872586230647,-0.02801872586230647,9
2022-07-05,1,0.002059028928688811,0.002059028928688811,9
2022-07-06,1,0.014840217744317208,0.014840217744317208,9
2022-07-07,1,0.0011248422092768884,0.0011248422092768884,9
2022-07-08,1,-0.0159550356061271,-0.0159550356061271,9
2022-07-11,1,0.0,0.0,9
2022-07-12,1,-0.0013702071714216668,-0.0013702071714216668,9
2022-07-13,1,-0.016007335245072696,-0.016007335245072696,9
2022-07-14,1,0.019986070991137028,0.019986070991137028,9
2022-07-15,1,0.006151753509191282,0.006151753509191282,9
2022-07-18,1,0.03215584213200118,0.03215584213200118,9
2022-07-19,-1,-0.010969723122286945,0.010969723122286945,9
2022-07-20,-1,0.012422305586686555,-0.012422305586686555,9
2022-07-21,-1,-0.0035056934608197476,0.0035056934608197476,9
2022-07-22,-1,0.009014948362771058,-0.009014948362771058,9
2022-07-25,-1,-0.015035925820139129,0.015035925820139129,9
2022-07-26,-1,0.023451273024377217,-0.023451273024377217,9
2022-07-27,-1,0.006052801646207584,-0.006052801646207584,9
2022-07-28,-1,0.015900254602759123,-0.015900254602759123,9
2022-07-29,-1,-0.0025380485402489716,0.0025380485402489716,9
2022-08-01,-1,-0.0154792100211677,0.0154792100211677,9
2022-08-02,-1,0.009476601848308341,-0.009476601848308341,9
2022-08-03,-1,0.008320874728741101,-0.008320874728741101,9
2022-08-04,-1,-0.009733370732327495,0.009733370732327495,9
2022-08-05,-1,0.0021368010779616586,-0.0021368010779616586,9
2022-08-08,-1,-0.004477673610608357,0.004477673610608357,9
2022-08-09,-1,0.022702964327881547,-0.022702964327881547,9
2022-08-10,-1,-0.0010471044410585995,0.0010471044410585995,9
2022-08-11,-1,0.005869995279212281,-0.005869995279212281,9
2022-08-12,-1,-0.00979577376380314,0.00979577376380314,9
2022-08-15,-1,0.0012629209726537916,-0.0012629209726537916,9
2022-08-16,-1,-0.009880202306460473,0.009880202306460473,9
2022-08-17,-1,-0.004883217615446411,0.004883217615446411,9
2022-08-18,-1,-0.014081499092229,0.014081499092229,9
2022-08-19,-1,-0.02228952174212384,0.02228952174212384,9
2022-08-22,-1,0.0,-0.0,9
2022-08-23,-1,0.002213334958956148,-0.002213334958956148,9
2022-08-24,-1,0.009496473426858554,-0.009496473426858554,9
2022-08-25,-1,-0.029971537066824094,0.029971537066824094,9
2022-08-26,1,0.0015787030803637858,0.0015787030803637858,9
2022-08-29,-1,-0.007655936810540331,0.007655936810540331,9
2022-08-30,-1,-0.007715002381264435,0.007715002381264435,9
2022-08-31,-1,-0.016464697650127258,0.016464697650127258,9
2022-09-01,-1,-0.005812601947367102,0.005812601947367102,9
2022-09-02,-1,0.003274162999094443,-0.003274162999094443,9
2022-09-06,1,0.013985977920283998,0.013985977920283998,9
2022-09-07,-1,-0.002528749663254337,0.002528749663254337,9
2022-09-08,-1,0.027886589110239113,-0.027886589110239113,9
2022-09-09,-1,0.018609907162581818,-0.018609907162581818,9
2022-09-12,-1,-0.03543915033097933,0.03543915033097933,9
2022-09-13,1,0.0013692691398650148,0.0013692691398650148,9
2022-09-14,1,-0.010027402705009791,-0.010027402705009791,9
2022-09-15,-1,-0.008747635023734324,0.008747635023734324,9
2022-09-16,-1,0.0025545005143108312,-0.0025545005143108312,9
2022-09-19,-1,-0.02200595294269847,0.02200595294269847,9
2022-09-20,-1,-0.012316448193485208,0.012316448193485208,9
2022-09-21,1,-0.006235063104879979,-0.006235063104879979,10
2022-09-22,1,-0.039333911858949744,-0.039333911858949744,10
2022-09-23,1,-0.017081142469691057,-0.017081142469691057,10
2022-09-26,1,-0.004855671766415326,-0.004855671766415326,10
2022-09-27,1,0.02722140243127691,0.02722140243127691,10
2022-09-28,1,-0.012749958038330123,-0.012749958038330123,10
2022-09-29,1,0.0012661239537958835,0.0012661239537958835,10
2022-09-30,1,0.0222558733698055,0.0222558733698055,10
2022-10-03,1,0.046016840539607085,0.046016840539607085,10
2022-10-04,1,-0.015137166701192584,-0.015137166701192584,10
2022-10-05,1,-0.02137366481013181,-0.02137366481013181,10
2022-10-06,1,-0.01889571675493673,-0.01889571675493673,10
2022-10-07,1,-0.004752341893057399,-0.004752341893057399,10
2022-10-10,1,-0.012314693822376377,-0.012314693822376377,10
2022-10-11,1,-0.0020355729748203766,-0.0020355729748203766,10
2022-10-12,1,0.028046875060790066,0.028046875060790066,10
2022-10-13,1,-0.013888923053808955,-0.013888923053808955,10
2022-10-14,1,0.031187166267943267,0.031187166267943267,10
2022-10-17,1,0.011951260450409729,0.011951260450409729,10
2022-10-18,1,-0.017112626426776245,-0.017112626426776245,10
2022-10-19,1,-0.0017165202775767385,-0.0017165202775767385,10
2022-10-20,1,0.018177393640596895,0.018177393640596895,10
2022-10-21,1,0.00627257700235484,0.00627257700235484,10
2022-10-24,1,0.024694380642592106,0.024694380642592106,10
2022-10-25,1,0.012166509654780722,0.012166509654780722,10
2022-10-26,1,-0.00785945829356749,-0.00785945829356749,10
2022-10-27,1,0.009785694351368113,0.009785694351368113,10
2022-10-28,1,-0.010383035564262344,-0.010383035564262344,10
2022-10-31,1,0.00489622493497488,0.00489622493497488,10
2022-11-01,1,-0.017633372353586863,-0.017633372353586863,10
2022-11-02,1,-0.010628265501126832,-0.010628265501126832,10
2022-11-03,1,0.04487947232054168,0.04487947232054168,10
2022-11-04,-1,0.006397047666633293,-0.006397047666633293,10
2022-11-07,-1,0.010669721426639578,-0.010669721426639578,10
2022-11-08,-1,-0.013027893645350175,0.013027893645350175,10
2022-11-09,-1,0.0566682238572771,-0.0566682238572771,10
2022-11-10,-1,0.020676267029135387,-0.020676267029135387,10
2022-11-11,-1,-0.010550749239072954,0.010550749239072954,10
2022-11-14,-1,0.0029856982612659344,-0.0029856982612659344,10
2022-11-15,-1,-0.0012757295375512845,0.0012757295375512845,10
2022-11-16,-1,-0.000638760766753288,0.000638760766753288,10
2022-11-17,-1,0.0031956014117469067,-0.0031956014117469067,10
2022-11-18,-1,-0.006583167812412527,0.006583167812412527,10
2022-11-21,-1,0.014322402760281738,-0.014322402760281738,10
2022-11-22,-1,0.01180184509145743,-0.01180184509145743,10
2022-11-23,-1,0.005623838100460299,-0.005623838100460299,10
2022-11-25,-1,-0.01553438315996003,0.01553438315996003,10
2022-11-28,-1,0.0027351372071118263,-0.0027351372071118263,10
2022-11-29,-1,0.018883792042810432,-0.018883792042810432,10
2022-11-30,-1,0.009884669041635208,-0.009884669041635208,10
2022-12-01,-1,0.0022430792882945916,-0.0022430792882945916,10
2022-12-02,-1,-0.01078336882075337,0.01078336882075337,10
2022-12-05,-1,-0.006993010285010981,0.006993010285010981,10
2022-12-06,-1,-0.00020709034353771916,0.00020709034353771916,10
2022-12-07,-1,0.0035218182584038082,-0.0035218182584038082,10
2022-12-08,-1,-0.0006192976909031866,0.0006192976909031866,10
2022-12-09,-1,0.004337927806952413,-0.004337927806952413,10
2022-12-12,-1,0.008638461391802688,-0.008638461391802688,10
2022-12-13,-1,0.0008156793389186845,-0.0008156793389186845,10
2022-12-14,-1,-0.027098650803495827,0.027098650803495827,10
2022-12-15,-1,-0.011937166383753306,0.011937166383753306,10
2022-12-16,-1,-0.002119509823532706,0.002119509823532706,10
2022-12-19,-1,0.0014868243861887454,-0.0014868243861887454,10
2022-12-20,-1,0.01463411674186843,-0.01463411674186843,10
2022-12-21,-1,-0.009406370432779143,0.009406370432779143,10
2022-12-22,-1,0.004431295361411847,-0.004431295361411847,10
2022-12-23,-1,0.0012605330927402125,-0.0012605330927402125,10
2022-12-27,-1,-0.00860259858843393,0.00860259858843393,10
2022-12-28,-1,0.015661411184482388,-0.015661411184482388,10
2022-12-29,-1,-0.01021049513083605,0.01021049513083605,10
2022-12-30,-1,0.010947378058182577,-0.010947378058182577,10
2023-01-03,-1,0.018950433959543656,-0.018950433959543656,10
2023-01-04,-1,-0.007766218388415513,0.007766218388415513,10
2023-01-05,-1,0.02595267056706052,-0.02595267056706052,10
2023-01-06,-1,0.005822065706377888,-0.005822065706377888,10
2023-01-09,-1,0.0045908855077589905,-0.0045908855077589905,10
2023-01-10,-1,0.007550114039207134,-0.007550114039207134,10
2023-01-11,-1,0.012423606379202923,-0.012423606379202923,10
2023-01-12,-1,0.005259066165975934,-0.005259066165975934,10
2023-01-13,-1,0.0023251100652128542,-0.0023251100652128542,10
2023-01-17,-1,-0.0028996271507633065,0.0028996271507633065,10
2023-01-18,-1,-0.004071401545462594,0.004071401545462594,10
2023-01-19,-1,0.007202701076023832,-0.007202701076023832,10
2023-01-20,-1,0.005025093024714877,-0.005025093024714877,10
2023-01-23,-1,-0.0026922959547776015,0.0026922959547776015,10
2023-01-24,-1,0.00385655149605868,-0.00385655149605868,10
2023-01-25,-1,0.0013445964843967761,-0.0013445964843967761,10
2023-01-26,-1,-0.0032611160590702015,0.0032611160590702015,10
2023-01-27,-1,-0.005773657473950866,0.005773657473950866,10
2023-01-30,-1,0.006194341768668288,-0.006194341768668288,10
2023-01-31,-1,0.011158173069690136,-0.011158173069690136,10
2023-02-01,-1,0.0019025584381340277,-0.0019025584381340277,10
2023-02-02,-1,-0.010064541983148545,0.010064541983148545,10
2023-02-03,-1,-0.009975070920950402,0.009975070920950402,10
2023-02-06,-1,0.0060065404946261225,-0.0060065404946261225,10
2023-02-07,-1,-0.002696444425766109,0.002696444425766109,10
2023-02-08,-1,0.0025106425488603534,-0.0025106425488603534,10
2023-02-09,-1,-0.008090891353879526,0.008090891353879526,10
2023-02-10,-1,0.014371680707848888,-0.014371680707848888,10
2023-02-13,-1,0.004786521198374416,-0.004786521198374416,10
2023-02-14,-1,-0.0005716230861002591,0.0005716230861002591,10
2023-02-15,-1,-0.006291741205995627,0.006291741205995627,10
2023-02-16,-1,0.004988529193376667,-0.004988529193376667,10
2023-02-17,-1,-0.00992746176326842,0.00992746176326842,10
2023-02-21,-1,-0.00636332100213699,0.00636332100213699,10
2023-02-22,-1,0.005627807537303076,-0.005627807537303076,10
2023-02-23,-1,-0.016402903881259423,0.016402903881259423,10
2023-02-24,-1,0.014714537611102863,-0.014714537611102863,10
2023-02-27,-1,-0.00966743983369922,0.00966743983369922,10
2023-02-28,-1,0.00605227550186882,-0.00605227550186882,10
2023-03-01,-1,0.0001941031722765274,-0.0001941031722765274,10
2023-03-02,-1,0.013387633186888737,-0.013387633186888737,10
2023-03-03,-1,-0.0017231505528755298,0.0017231505528755298,10
2023-03-06,-1,-0.02052166680762657,0.02052166680762657,10
2023-03-07,-1,0.0005874051199556973,-0.0005874051199556973,10
2023-03-08,-1,-0.009784736104311631,0.009784736104311631,10
2023-03-09,-1,-0.006916966100307231,0.006916966100307231,10
2023-03-10,-1,-0.008358172516324647,0.008358172516324647,10
2023-03-13,-1,0.01926548362826619,-0.01926548362826619,10
2023-03-14,-1,-0.03701518082746258,0.03701518082746258,10
2023-03-15,-1,0.015129864665210269,-0.015129864665210269,11
2023-03-16,-1,-0.015105739717028555,0.015105739717028555,11
2023-03-17,-1,0.019427339848638425,-0.019427339848638425,11
2023-03-20,-1,0.018054193649496897,-0.018054193649496897,11
2023-03-21,-1,-0.006108401444157918,0.006108401444157918,11
2023-03-22,-1,0.0,-0.0,11
2023-03-23,-1,-0.006938907288862706,0.006938907288862706,11
2023-03-24,-1,0.011379510742420607,-0.011379510742420607,11
2023-03-27,-1,0.0,-0.0,11
2023-03-28,-1,0.014804579594532186,-0.014804579594532186,11
2023-03-29,-1,0.01536667803680447,-0.01536667803680447,11
2023-03-30,-1,0.0034482816579493036,-0.0034482816579493036,11
2023-03-31,-1,0.0068728637459058994,-0.0068728637459058994,11
2023-04-03,-1,0.0009480325269113354,-0.0009480325269113354,11
2023-04-04,-1,-0.006630086810917479,0.006630086810917479,11
2023-04-05,-1,0.008581250471472401,-0.008581250471472401,11
2023-04-06,-1,-0.0003781519756944629,0.0003781519756944629,11
2023-04-10,-1,0.00472857963023765,-0.00472857963023765,11
2023-04-11,1,0.007906664007677033,0.007906664007677033,11
2023-04-12,1,0.013261095859763872,0.013261095859763872,11
2023-04-13,-1,-0.001106016097530249,0.001106016097530249,11
2023-04-14,1,-0.0036906616222649458,-0.0036906616222649458,11
2023-04-17,1,0.00685310095169589,0.00685310095169589,11
2023-04-18,1,-0.0029433378516490194,-0.0029433378516490194,11
2023-04-19,1,-0.00018454125626710116,-0.00018454125626710116,11
2023-04-20,-1,0.006643303551850055,-0.006643303551850055,11
2023-04-21,-1,0.004582951484812359,-0.004582951484812359,11
2023-04-24,-1,-0.017153259850289815,0.017153259850289815,11
2023-04-25,1,0.001856637077383816,0.001856637077383816,11
2023-04-26,-1,0.01093402821716638,-0.01093402821716638,11
2023-04-27,-1,0.0001833572203548961,-0.0001833572203548961,11
2023-04-28,-1,-0.00036657729582578735,0.00036657729582578735,11
2023-05-01,-1,-0.012101207120152613,0.012101207120152613,11
2023-05-02,-1,0.002783921830142644,-0.002783921830142644,11
2023-05-03,-1,-0.004256885941749444,0.004256885941749444,11
2023-05-04,-1,0.014869874505675895,-0.014869874505675895,11
2023-05-05,-1,0.0014652350419497306,-0.0014652350419497306,11
2023-05-08,-1,-0.008961259614704398,0.008961259614704398,11
2023-05-09,-1,-0.0014762505699343897,0.0014762505699343897,11
2023-05-10,-1,-0.004250592120531693,0.004250592120531693,11
2023-05-11,-1,-0.0029695590987430798,0.0029695590987430798,11
2023-05-12,-1,0.007073664273699265,-0.007073664273699265,11
2023-05-15,-1,-0.009981462404077268,0.009981462404077268,11
2023-05-16,-1,0.003920819251087115,-0.003920819251087115,11
2023-05-17,-1,-0.0016737986204516941,0.0016737986204516941,11
2023-05-18,-1,0.007079006444763225,-0.007079006444763225,11
2023-05-19,-1,-0.0018498388138733501,0.0018498388138733501,11
2023-05-22,-1,-0.013899184816995591,0.013899184816995591,11
2023-05-23,-1,-0.015786509435084972,0.015786509435084972,11
2023-05-24,-1,-0.0034370881964289612,0.0034370881964289612,11
2023-05-25,-1,0.010346827548123105,-0.010346827548123105,11
2023-05-26,-1,-0.00986156765177204,0.00986156765177204,11
2023-05-30,-1,-0.011492022306882843,0.011492022306882843,11
2023-05-31,-1,0.011819426528532295,-0.011819426528532295,11
2023-06-01,-1,0.011489821143152668,-0.011489821143152668,11
2023-06-02,-1,-0.007194264867677935,0.007194264867677935,11
2023-06-05,-1,0.004958088158645513,-0.004958088158645513,11
2023-06-06,1,-0.026185978143015487,-0.026185978143015487,11
2023-06-07,1,0.010327334030563629,0.010327334030563629,11
2023-06-08,1,-0.004628695676612504,-0.004628695676612504,11
2023-06-09,1,0.0036814304294132683,0.0036814304294132683,11
2023-06-12,1,0.0073359280639402336,0.0073359280639402336,11
2023-06-13,1,0.003641215515480578,0.003641215515480578,11
2023-06-14,1,0.012984539221782887,0.012984539221782887,11
2023-06-15,1,-0.000377011461853094,-0.000377011461853094,11
2023-06-16,1,-0.0145200919383065,-0.0145200919383065,11
2023-06-20,1,-0.0013394507667899846,-0.0013394507667899846,11
2023-06-21,1,-0.004215317336553337,-0.004215317336553337,11
2023-06-22,1,-0.012314784964705394,-0.012314784964705394,11
2023-06-23,1,0.001363718923186763,0.001363718923186763,11
2023-06-26,1,0.010116665907190736,0.010116665907190736,11
2023-06-27,1,-0.00038514337002359955,-0.00038514337002359955,11
2023-06-28,1,-0.0017341069352958538,-0.0017341069352958538,11
2023-06-29,1,0.01582705410324392,0.01582705410324392,11
2023-06-30,1,-0.002850114437291551,-0.002850114437291551,11
2023-07-03,1,-0.01238562722658787,-0.01238562722658787,11
2023-07-05,-1,-0.018329167072694275,0.018329167072694275,11
2023-07-06,1,0.006092719184080719,0.006092719184080719,11
2023-07-07,-1,0.005469869144478556,-0.005469869144478556,11
2023-07-10,-1,0.010102981259586752,-0.010102981259586752,11
2023-07-11,-1,0.024043084432477047,-0.024043084432477047,11
2023-07-12,-1,0.01577761318755999,-0.01577761318755999,11
2023-07-13,-1,-0.004437900708963771,0.004437900708963771,11
2023-07-14,-1,-0.0011144385795127665,0.0011144385795127665,11
2023-07-17,-1,0.004462656822506128,-0.004462656822506128,11
2023-07-18,-1,0.0005553272684684085,-0.0005553272684684085,11
2023-07-19,-1,-0.0037002916884838477,0.0037002916884838477,11
2023-07-20,-1,0.0029712135923085636,-0.0029712135923085636,11
2023-07-21,1,-0.0033326512881366455,-0.0033326512881366455,11
2023-07-24,1,0.0011145747083949331,0.0011145747083949331,11
2023-07-25,1,0.0009278017744820399,0.0009278017744820399,11
2023-07-26,1,-0.005561721258776631,-0.005561721258776631,11
2023-07-27,1,0.008016411447960614,0.008016411447960614,11
2023-07-28,1,-0.00036989935040787625,-0.00036989935040787625,11
2023-07-31,-1,-0.009990766385748251,0.009990766385748251,11
2023-08-01,1,-0.018501175384472823,-0.018501175384472823,11
2023-08-02,1,-0.0028560838646514153,-0.0028560838646514153,11
2023-08-03,1,0.0017185440982145916,0.0017185440982145916,11
2023-08-04,1,0.008768568290135725,0.008768568290135725,11
2023-08-07,-1,-0.0047241120304253315,0.0047241120304253315,11
2023-08-08,1,0.0032276815939364933,0.0032276815939364933,11
2023-08-09,1,0.0035957347872883627,0.0035957347872883627,11
2023-08-10,1,-0.008297164564159187,-0.008297164564159187,11
2023-08-11,1,-0.0015212365625131286,-0.0015212365625131286,11
2023-08-14,-1,-0.012378551360857526,0.012378551360857526,11
2023-08-15,-1,-0.0065561154760191975,0.0065561154760191975,11
2023-08-16,-1,-0.008152212342989018,0.008152212342989018,11
2023-08-17,-1,-0.0011741205554856027,0.0011741205554856027,11
2023-08-18,-1,0.005094010910452473,-0.005094010910452473,11
2023-08-21,-1,-0.0031189054540281536,0.0031189054540281536,11
2023-08-22,-1,0.008408297033785761,-0.008408297033785761,11
2023-08-23,1,-0.013767676724340094,-0.013767676724340094,11
2023-08-24,1,0.007274851109802416,0.007274851109802416,11
2023-08-25,1,0.009759906392108775,0.009759906392108775,11
2023-08-28,1,0.0139184462995261,0.0139184462995261,11
2023-08-29,1,-0.0003813242606814926,-0.0003813242606814926,11
2023-08-30,1,-0.009155055110479204,-0.009155055110479204,11
2023-08-31,1,-0.003849870259908239,-0.003849870259908239,11
2023-09-01,1,-0.011400969132133176,-0.011400969132133176,11
2023-09-05,1,-0.0035183797050947208,-0.0035183797050947208,11
2023-09-06,1,-0.0035308024086319056,-0.0035308024086319056,12
2023-09-07,1,0.000787419608820894,0.000787419608820894,12
2023-09-08,1,0.010818238304677763,0.010818238304677763,12
2023-09-11,1,-0.006421444255239495,-0.006421444255239495,12
2023-09-12,1,-0.004112865129685894,-0.004112865129685894,12
2023-09-13,1,0.012782724589651906,0.012782724589651906,12
2023-09-14,1,-0.001359217375227595,-0.001359217375227595,12
2023-09-15,1,-0.00758311077842222,-0.00758311077842222,12
2023-09-18,1,0.0005877503675308926,0.0005877503675308926,12
2023-09-19,1,0.0011748849353743207,0.0011748849353743207,12
2023-09-20,1,-0.013690607242642372,-0.013690607242642372,12
2023-09-21,1,-0.00297445022746734,-0.00297445022746734,12
2023-09-22,1,-0.006563206530810439,-0.006563206530810439,12
2023-09-25,1,-0.012612633803654849,-0.012612633803654849,12
2023-09-26,1,-0.004257889005921722,-0.004257889005921722,12
2023-09-27,1,0.009570377007978692,0.009570377007978692,12
2023-09-28,1,0.0016135137838440006,0.0016135137838440006,12
2023-09-29,1,-0.01691502527525013,-0.01691502527525013,12
2023-10-02,1,-0.011675536632267725,-0.011675536632267725,12
2023-10-03,1,0.005388566249392879,0.005388566249392879,12
2023-10-04,1,0.006184355022429422,0.006184355022429422,12
2023-10-05,1,0.013112054325789213,0.013112054325789213,12
2023-10-06,1,-0.003842314225981691,-0.003842314225981691,12
2023-10-09,1,0.01563135371498947,0.01563135371498947,12
2023-10-10,1,0.00659607913464999,0.00659607913464999,12
2023-10-11,1,-0.010722813919433194,-0.010722813919433194,12
2023-10-12,1,-0.00943398682421015,-0.00943398682421015,12
2023-10-13,1,0.008308001217611105,0.008308001217611105,12
2023-10-16,1,-0.0010048078526343485,-0.0010048078526343485,12
2023-10-17,1,-0.01850730609312523,-0.01850730609312523,12
2023-10-18,1,-0.008403358059409838,-0.008403358059409838,12
2023-10-19,1,-0.0090947174801993,-0.0090947174801993,12
2023-10-20,1,0.001460152207539256,0.001460152207539256,12
2023-10-23,1,0.003749225400306866,0.003749225400306866,12
2023-10-24,1,-0.00850798628545446,-0.00850798628545446,12
2023-10-25,1,-0.005232314909734304,-0.005232314909734304,12
2023-10-26,-1,-0.006522145309390992,0.006522145309390992,12
2023-10-27,-1,0.015247721037545903,-0.015247721037545903,12
2023-10-30,-1,0.002294547632512467,-0.002294547632512467,12
2023-10-31,1,0.006659723203021439,0.006659723203021439,12
2023-11-01,1,0.022121143652101605,0.022121143652101605,12
2023-11-02,1,0.008292877402925614,0.008292877402925614,12
2023-11-03,1,-0.00300898125923732,-0.00300898125923732,12
2023-11-06,1,-0.0046277573180206755,-0.0046277573180206755,12
2023-11-07,1,0.004851381804071853,0.004851381804071853,12
2023-11-08,1,-0.00040234275059403135,-0.00040234275059403135,12
2023-11-09,1,0.004226260917162605,0.004226260917162605,12
2023-11-10,1,0.002805598905158968,0.002805598905158968,12
2023-11-13,1,0.02977613582151606,0.02977613582151606,12
2023-11-14,-1,0.0001941031722765274,-0.0001941031722765274,12
2023-11-15,1,-0.0025223334459830715,-0.0025223334459830715,12
2023-11-16,1,0.013810524928612677,0.013810524928612677,12
2023-11-17,-1,0.004412884630656144,-0.004412884630656144,12
2023-11-20,1,-0.0036293912559121067,-0.0036293912559121067,12
2023-11-21,-1,0.000766888720175718,-0.000766888720175718,12
2023-11-22,1,0.010727922421628344,0.010727922421628344,12
2023-11-24,1,-0.003411609101682922,-0.003411609101682922,12
2023-11-27,1,-0.00038038145810526114,-0.00038038145810526114,12
2023-11-28,1,0.004946695485919861,0.004946695485919861,12
2023-11-29,1,-0.0020825560580671754,-0.0020825560580671754,12
2023-11-30,-1,0.00929618074326899,-0.00929618074326899,12
2023-12-01,-1,-0.005075196501721835,0.005075196501721835,12
2023-12-04,-1,-0.0017003618376909557,0.0017003618376909557,12
2023-12-05,-1,0.00018921880212596776,-0.00018921880212596776,12
2023-12-06,-1,0.003973564905072946,-0.003973564905072946,12
2023-12-07,-1,0.0050885874627886185,-0.0050885874627886185,12
2023-12-08,-1,0.0020625687582527252,-0.0020625687582527252,12
2023-12-11,-1,0.00168413463511774,-0.00168413463511774,12
2023-12-12,-1,0.013824055582698724,-0.013824055582698724,12
2023-12-13,-1,0.01252994839579924,-0.01252994839579924,12
2023-12-14,-1,-0.01146498743163138,0.01146498743163138,12
2023-12-15,-1,0.0031296388917096962,-0.0031296388917096962,12
2023-12-18,-1,0.010277069945751949,-0.010277069945751949,12
2023-12-19,-1,-0.021798379283747393,0.021798379283747393,12
2023-12-20,-1,0.014670398104226434,-0.014670398104226434,12
2023-12-21,-1,0.0009150665742874153,-0.0009150665742874153,12
2023-12-22,-1,0.006034043505964259,-0.006034043505964259,12
2023-12-26,-1,0.005452548792522105,-0.005452548792522105,12
2023-12-27,-1,-0.00650760325989741,0.00650760325989741,12
2023-12-28,-1,0.0010917280620545977,-0.0010917280620545977,12
2023-12-29,-1,-0.012177425991788393,0.012177425991788393,12
2024-01-02,-1,-0.00938359403590494,0.00938359403590494,12
2024-01-03,-1,0.006500714582636791,-0.006500714582636791,12
2024-01-04,-1,-0.00258349129352875,0.00258349129352875,12
2024-01-05,-1,0.011470840714825625,-0.011470840714825625,12
2024-01-08,-1,-0.009877393797624423,0.009877393797624423,12
2024-01-09,-1,0.004249021572102052,-0.004249021572102052,12
2024-01-10,-1,-0.003679189858238674,0.003679189858238674,12
2024-01-11,-1,0.0024003151492151265,-0.0024003151492151265,12
2024-01-12,-1,-0.019156398931463148,0.019156398931463148,12
2024-01-16,-1,-0.007323932199970629,0.007323932199970629,12
2024-01-17,-1,0.008513067683380449,-0.008513067683380449,12
2024-01-18,-1,0.0007502738660614128,-0.0007502738660614128,12
2024-01-19,-1,0.0016869757293722643,-0.0016869757293722643,12
2024-01-22,-1,-0.002994009197675007,0.002994009197675007,12
2024-01-23,-1,0.011073576691168263,-0.011073576691168263,12
2024-01-24,-1,0.006497165319437226,-0.006497165319437226,12
2024-01-25,-1,0.009037216022459882,-0.009037216022459882,12
2024-01-26,-1,0.0023761847978558404,-0.0023761847978558404,12
2024-01-29,-1,0.0009117293384650615,-0.0009117293384650615,12
2024-01-30,-1,-0.007469481726564364,0.007469481726564364,12
2024-01-31,-1,0.009911911161245568,-0.009911911161245568,12
2024-02-01,-1,-0.009269395346915288,0.009269395346915288,12
2024-02-02,-1,-0.00550356349840575,0.00550356349840575,12
2024-02-05,-1,0.007378740686853735,-0.007378740686853735,12
2024-02-06,-1,-0.0031130192591566352,0.0031130192591566352,12
2024-02-07,-1,0.0,-0.0,12
2024-02-08,-1,0.0029390127011064138,-0.0029390127011064138,12
2024-02-09,-1,0.0007326175209749763,-0.0007326175209749763,12
2024-02-12,-1,-0.018667651338900138,0.018667651338900138,12
2024-02-13,-1,0.013614314747817602,-0.013614314747817602,12
2024-02-14,-1,0.01067160712673898,-0.01067160712673898,12
2024-02-15,-1,0.0010923242846834214,-0.0010923242846834214,12
2024-02-16,-1,0.004728101720262723,-0.004728101720262723,12
2024-02-20,-1,0.0014479969421663519,-0.0014479969421663519,12
2024-02-21,-1,0.009217392095710375,-0.009217392095710375,12
2024-02-22,-1,0.0007163487718129247,-0.0007163487718129247,12
2024-02-23,-1,0.0007157677177085375,-0.0007157677177085375,12
2024-02-26,-1,0.0017883099444357953,-0.0017883099444357953,12
2024-02-27,-1,-0.004998193091911518,0.004998193091911518,12
2024-02-28,-1,-0.00035881695660944235,0.00035881695660944235,13
2024-02-29,-1,0.008793931317924386,-0.008793931317924386,13
2024-03-01,-1,-0.0003558167245940602,0.0003558167245940602,13
2024-03-04,-1,-0.003737303605713893,0.003737303605713893,13
2024-03-05,-1,0.009824923929225404,-0.009824923929225404,13
2024-03-06,-1,0.01645144746609084,-0.01645144746609084,13
2024-03-07,-1,-0.004176781545309538,0.004176781545309538,13
2024-03-08,-1,-0.00034953612962240754,0.00034953612962240754,13
2024-03-11,-1,0.009615371149031438,-0.009615371149031438,13
2024-03-12,-1,0.0017315753094562236,-0.0017315753094562236,13
2024-03-13,-1,-0.007087292277034751,0.007087292277034751,13
2024-03-14,-1,-0.0008704602760435387,0.0008704602760435387,13
2024-03-15,-1,-0.005575879042123422,0.005575879042123422,13
2024-03-18,-1,0.001226558528097721,-0.001226558528097721,13
2024-03-19,-1,0.012075646635923087,-0.012075646635923087,13
2024-03-20,-1,-0.003285534072112406,0.003285534072112406,13
2024-03-21,-1,-0.0019084075558009062,0.0019084075558009062,13
2024-03-22,-1,0.00034765267144187817,-0.00034765267144187817,13
2024-03-25,-1,0.0017376592553273174,-0.0017376592553273174,13
2024-03-26,-1,0.006244523610163144,-0.006244523610163144,13
2024-03-27,-1,-0.002758142596820501,0.002758142596820501,13
2024-03-28,-1,-0.0020743117554004042,0.0020743117554004042,13
2024-04-01,-1,-0.008314559952233402,0.008314559952233402,13
2024-04-02,-1,0.006812216413073058,-0.006812216413073058,13
2024-04-03,-1,-0.007980553250235944,0.007980553250235944,13
2024-04-04,-1,0.002798178498743864,-0.002798178498743864,13
2024-04-05,-1,0.005580741087768848,-0.005580741087768848,13
2024-04-08,-1,-0.0022546144373788435,0.0022546144373788435,13
2024-04-09,-1,-0.011993718778893658,0.011993718778893658,13
2024-04-10,-1,0.0008796487847699819,-0.0008796487847699819,13
2024-04-11,-1,-0.016874654504695497,0.016874654504695497,13
2024-04-12,1,-0.0017879219305464433,-0.0017879219305464433,13
2024-04-15,1,-0.0073437873663352304,-0.0073437873663352304,13
2024-04-16,1,0.0030675205568273523,0.0030675205568273523,13
2024-04-17,1,-0.0016189989627783952,-0.0016189989627783952,13
2024-04-18,1,0.00216214291684258,0.00216214291684258,13
2024-04-19,1,0.010967289141781578,0.010967289141781578,13
2024-04-22,1,0.014582957522670581,0.014582957522670581,13
2024-04-23,1,-0.004732698709455474,-0.004732698709455474,13
2024-04-24,1,-0.0021134014523529476,-0.0021134014523529476,13
2024-04-25,1,0.007942124323178978,0.007942124323178978,13
2024-04-26,1,0.002801608224516583,0.002801608224516583,13
2024-04-29,1,-0.014667367659746855,-0.014667367659746855,13
2024-04-30,1,-0.001949328544332385,-0.001949328544332385,13
2024-05-01,1,0.01047585503879378,0.01047585503879378,13
2024-05-02,1,0.00861011561730085,0.00861011561730085,13
2024-05-03,1,0.007839667879439016,0.007839667879439016,13
2024-05-06,1,0.006395898986022441,0.006395898986022441,13
2024-05-07,1,0.003435193130347569,0.003435193130347569,13
2024-05-08,1,0.008729923865378852,0.008729923865378852,13
2024-05-09,1,0.0042423213762998735,0.0042423213762998735,13
2024-05-10,-1,0.0006759194883587671,-0.0006759194883587671,13
2024-05-13,1,0.008443093375438915,0.008443093375438915,13
2024-05-14,-1,0.010214343568032191,-0.010214343568032191,13
2024-05-15,-1,-0.004475392832239078,0.004475392832239078,13
2024-05-16,-1,0.0019979841681809773,-0.0019979841681809773,13
2024-05-17,-1,-0.0004984841998130207,0.0004984841998130207,13
2024-05-20,-1,0.0003324462603346845,-0.0003324462603346845,13
2024-05-21,-1,-0.008309789184239302,0.008309789184239302,13
2024-05-22,-1,-0.004860015246003546,0.004860015246003546,13
2024-05-23,-1,0.00808352195355666,-0.00808352195355666,13
2024-05-24,-1,-0.0013364822960066913,0.0013364822960066913,13
2024-05-28,-1,-0.015724299864564806,0.015724299864564806,13
2024-05-29,-1,0.00985720623476083,-0.00985720623476083,13
2024-05-30,-1,0.009761054340755804,-0.009761054340755804,13
2024-05-31,-1,0.0006666819254557144,-0.0006666819254557144,13
2024-06-03,-1,-0.002498359819979812,0.002498359819979812,13
2024-06-04,-1,0.007847741283903975,-0.007847741283903975,13
2024-06-05,-1,0.003147757203243007,-0.003147757203243007,13
2024-06-06,-1,-0.011560706387441333,0.011560706387441333,13
2024-06-07,-1,-0.003675813059560662,0.003675813059560662,13
2024-06-10,-1,-0.03152777183363975,0.03152777183363975,13
2024-06-11,-1,0.014718588296469104,-0.014718588296469104,13
2024-06-12,-1,-0.014846398541613848,0.014846398541613848,13
2024-06-13,-1,-0.015936223388885118,0.015936223388885118,13
2024-06-14,1,0.007569095137849091,0.007569095137849091,13
2024-06-17,-1,0.005241076664283195,-0.005241076664283195,13
2024-06-18,1,0.0022592501103504414,0.0022592501103504414,13
2024-06-20,1,-0.008323210637707357,-0.008323210637707357,13
2024-06-21,1,0.009442226411859878,0.009442226411859878,13
2024-06-24,1,-0.002078623468496188,-0.002078623468496188,13
2024-06-25,1,-0.008852666738886072,-0.008852666738886072,13
2024-06-26,1,-0.0014010160857304,-0.0014010160857304,13
2024-06-27,-1,-0.0012276340628244453,0.0012276340628244453,13
2024-06-28,1,0.00526776528606776,0.00526776528606776,13
2024-07-01,-1,-0.0019214080410753231,0.0019214080410753231,13
2024-07-02,-1,0.012075646635923087,-0.012075646635923087,13
2024-07-03,-1,0.008300182034207904,-0.008300182034207904,13
2024-07-05,-1,-0.0044589629584465,0.0044589629584465,13
2024-07-08,-1,-0.009130039384367628,0.009130039384367628,13
2024-07-09,-1,0.013386655974195971,-0.013386655974195971,13
2024-07-10,-1,0.00394578038469473,-0.00394578038469473,13
2024-07-11,-1,0.011790817178940038,-0.011790817178940038,13
2024-07-12,-1,-0.010302324265894613,0.010302324265894613,13
2024-07-15,-1,0.0037542871404729894,-0.0037542871404729894,13
2024-07-16,-1,-0.005100293074074003,0.005100293074074003,13
2024-07-17,-1,-0.0078605447859601,0.0078605447859601,13
2024-07-18,-1,-0.006028285920423149,0.006028285920423149,13
2024-07-19,-1,0.014035719739059038,-0.014035719739059038,13
2024-07-22,-1,-0.008885858743951647,0.008885858743951647,13
2024-07-23,-1,-0.009310360612540425,0.009310360612540425,13
2024-07-24,-1,-0.0033066242557655556,0.0033066242557655556,13
2024-07-25,-1,0.013794323541344466,-0.013794323541344466,13
2024-07-26,-1,-0.006717244146072554,0.006717244146072554,13
2024-07-29,-1,0.003294649686820472,-0.003294649686820472,13
2024-07-30,-1,0.00898721832489291,-0.00898721832489291,13
2024-07-31,-1,-0.020041143580615373,0.020041143580615373,13
2024-08-01,1,-0.007690939237025907,-0.007690939237025907,13
2024-08-02,-1,-0.022194858658983074,0.022194858658983074,13
2024-08-05,1,0.0028823608764196873,0.0028823608764196873,13
2024-08-06,1,0.0014370726367172182,0.0014370726367172182,13
2024-08-07,1,0.013991009494114248,0.013991009494114248,13
2024-08-08,1,0.006191443417234543,0.006191443417234543,13
2024-08-09,1,-0.0026371575784479573,-0.0026371575784479573,13
2024-08-12,1,0.013925628801374712,0.013925628801374712,13
2024-08-13,-1,0.006084813479410478,-0.006084813479410478,13
2024-08-14,-1,0.009676885841144678,-0.009676885841144678,13
2024-08-15,-1,0.0046209217243449174,-0.0046209217243449174,13
2024-08-16,-1,0.012436107883276426,-0.012436107883276426,13
2024-08-19,-1,-0.00201916424816706,0.00201916424816706,13
2024-08-20,-1,0.009441873977867221,-0.009441873977867221,14
2024-08-21,-1,-0.006180039059391351,0.006180039059391351,14
2024-08-22,-1,0.01731090385372891,-0.01731090385372891,14
2024-08-23,-1,-0.0029737371354011666,0.0029737371354011666,14
2024-08-26,-1,0.004473909935216458,-0.004473909935216458,14
2024-08-27,-1,-0.004288985914126298,0.004288985914126298,14
2024-08-28,-1,0.0029821123816375916,-0.0029821123816375916,14
2024-08-29,-1,-0.000165215330016677,0.000165215330016677,14
2024-08-30,-1,-0.018998806118842637,0.018998806118842637,14
2024-09-03,-1,-0.002189307271417973,0.002189307271417973,14
2024-09-04,-1,-0.0016877379598496667,0.0016877379598496667,14
2024-09-05,-1,-0.01403215231856847,0.01403215231856847,14
2024-09-06,-1,0.006344288988698432,-0.006344288988698432,14
2024-09-09,-1,-0.0039188881856891955,0.0039188881856891955,14
2024-09-10,-1,0.005131701022216273,-0.005131701022216273,14
2024-09-11,-1,0.006977533341110842,-0.006977533341110842,14
2024-09-12,-1,0.0054082054998174645,-0.0054082054998174645,14
2024-09-13,-1,0.00790044365011311,-0.00790044365011311,14
2024-09-16,-1,-0.004836573047954595,0.004836573047954595,14
2024-09-17,-1,-0.0013406740206514112,0.0013406740206514112,14
2024-09-18,-1,0.017116973571938754,-0.017116973571938754,14
2024-09-19,-1,-0.013199129335166426,0.013199129335166426,14
2024-09-20,-1,0.0025079034900110653,-0.0025079034900110653,14
2024-09-23,-1,0.00967314609590919,-0.00967314609590919,14
2024-09-24,-1,-0.00528575635918338,0.00528575635918338,14
2024-09-25,-1,0.021421406089021877,-0.021421406089021877,14
2024-09-26,-1,-0.0003250958155107675,0.0003250958155107675,14
2024-09-27,-1,-0.009107193982840989,0.009107193982840989,14
2024-09-30,-1,-0.010832099854035993,0.010832099854035993,14
2024-10-01,-1,-0.002322870227063456,0.002322870227063456,14
2024-10-02,-1,-0.01080993704195321,0.01080993704195321,14
2024-10-03,-1,0.004707444207326272,-0.004707444207326272,14
2024-10-04,-1,-0.004518016242465617,0.004518016242465617,14
2024-10-07,-1,-0.002689525010889704,0.002689525010889704,14
2024-10-08,-1,0.003370924356478122,-0.003370924356478122,14
2024-10-09,-1,-0.002687717968973935,0.002687717968973935,14
2024-10-10,-1,0.006063678909015824,-0.006063678909015824,14
2024-10-11,-1,0.003683261717548847,-0.003683261717548847,14
2024-10-14,-1,-0.01634694795270386,0.01634694795270386,14
2024-10-15,-1,0.0010174250865147005,-0.0010174250865147005,14
2024-10-16,-1,0.0015246511002717789,-0.0015246511002717789,14
2024-10-17,-1,0.006935044905607812,-0.006935044905607812,14
2024-10-18,-1,-0.011758726064103886,0.011758726064103886,14
2024-10-21,-1,-0.003569656512556252,0.003569656512556252,14
2024-10-22,-1,-0.006823570768850207,0.006823570768850207,14
2024-10-23,-1,0.0039505245175868176,-0.0039505245175868176,14
2024-10-24,-1,-0.003934979285443618,0.003934979285443618,14
2024-10-25,-1,0.009103379735217354,-0.009103379735217354,14
2024-10-28,-1,-0.007829771650598394,0.007829771650598394,14
2024-10-29,-1,-0.007720033554152517,0.007720033554152517,14
2024-10-30,-1,-0.009336115389051991,0.009336115389051991,14
2024-10-31,-1,0.004537559156934545,-0.004537559156934545,14
2024-11-01,-1,0.0005211740545718602,-0.0005211740545718602,14
2024-11-04,-1,0.00833477237306024,-0.00833477237306024,14
2024-11-05,-1,-0.022903358418236097,0.022903358418236097,14
2024-11-06,-1,0.014980585988309425,-0.014980585988309425,14
2024-11-07,-1,-0.014759480324170404,0.014759480324170404,14
2024-11-08,-1,-0.0003524930767011547,0.0003524930767011547,14
2024-11-11,-1,-0.019922444354651736,0.019922444354651736,14
2024-11-12,-1,-0.006296068954135481,0.006296068954135481,14
2024-11-13,1,0.003077446846124543,0.003077446846124543,14
2024-11-14,1,-0.0030680052231267796,-0.0030680052231267796,14
2024-11-15,1,0.0039825742092911565,0.0039825742092911565,14
2024-11-18,1,-0.0027046107763755156,-0.0027046107763755156,14
2024-11-19,1,-0.002531245721742237,-0.002531245721742237,14
2024-11-20,1,-0.0018125517027365312,-0.0018125517027365312,14
2024-11-21,1,0.003450129430940363,0.003450129430940363,14
2024-11-22,1,0.005609869393901512,0.005609869393901512,14
2024-11-25,1,-0.005758497329162671,-0.005758497329162671,14
2024-11-26,1,0.008144810188949414,0.008144810188949414,14
2024-11-27,1,0.01095153684014738,0.01095153684014738,14
2024-11-29,1,-0.00035518482109575533,-0.00035518482109575533,14
2024-12-02,-1,0.003553042453127375,-0.003553042453127375,14
2024-12-03,1,0.0033634027449747084,0.0033634027449747084,14
2024-12-04,1,0.008997853189613103,0.008997853189613103,14
2024-12-05,-1,0.001223984901295827,-0.001223984901295827,14
2024-12-06,-1,-0.0010478092971090147,0.0010478092971090147,14
2024-12-09,-1,-0.008041941928971008,0.008041941928971008,14
2024-12-10,-1,0.004582275534755098,-0.004582275534755098,14
2024-12-11,-1,-0.008947338974266694,0.008947338974266694,14
2024-12-12,-1,0.0005310458205971536,-0.0005310458205971536,14
2024-12-13,1,-0.002830853611398565,-0.002830853611398565,14
2024-12-16,1,-0.016323668801976554,-0.016323668801976554,14
2024-12-17,-1,-0.022907656732008452,0.022907656732008452,14
2024-12-18,1,-0.004061240787192388,-0.004061240787192388,14
2024-12-19,1,-0.0020389362149393353,-0.0020389362149393353,14
2024-12-20,1,0.0052005716661094326,0.0052005716661094326,14
2024-12-23,1,0.005173736133043061,0.005173736133043061,14
2024-12-24,1,0.00349262171653808,0.00349262171653808,14
2024-12-26,1,-0.0031141597942369037,-0.0031141597942369037,14
2024-12-27,1,-0.00716647193624842,-0.00716647193624842,14
2024-12-30,1,-0.0009253977084986431,-0.0009253977084986431,14
2024-12-31,1,-0.0033345740404265856,-0.0033345740404265856,14
2025-01-02,1,0.0039033287630234614,0.0039033287630234614,14
2025-01-03,1,0.012590267104390485,0.012590267104390485,14
2025-01-06,1,0.00036570594744733675,0.00036570594744733675,14
2025-01-07,1,-0.0031072595830761163,-0.0031072595830761163,14
2025-01-08,1,-0.010817751057644709,-0.010817751057644709,14
2025-01-10,1,-0.004819316636767823,-0.004819316636767823,14
2025-01-13,1,0.004283843325000758,0.004283843325000758,14
2025-01-14,1,0.012425853234328432,0.012425853234328432,14
2025-01-15,1,0.00970871547564478,0.00970871547564478,14
2025-01-16,-1,0.0043541669651223636,-0.0043541669651223636,14
2025-01-17,-1,0.02312136497804751,-0.02312136497804751,14
2025-01-21,-1,-0.003001380133778375,0.003001380133778375,14
2025-01-22,-1,0.00885425870712897,-0.00885425870712897,14
2025-01-23,-1,0.004563775951591742,-0.004563775951591742,14
2025-01-24,-1,0.0036693881906757486,-0.0036693881906757486,14
2025-01-27,-1,-0.0033077756137103176,0.0033077756137103176,14
2025-01-28,-1,0.0006987059480758617,-0.0006987059480758617,14
2025-01-29,-1,0.009600265810285169,-0.009600265810285169,14
2025-01-30,-1,-0.0069156556850563655,0.0069156556850563655,14
2025-01-31,-1,-0.014623958437862794,0.014623958437862794,14
2025-02-03,-1,0.013427599942038126,-0.013427599942038126,14
2025-02-04,-1,0.009414241802324641,-0.009414241802324641,14
2025-02-05,-1,0.0062175610736969755,-0.0062175610736969755,14
2025-02-06,-1,-0.008753833440202863,0.008753833440202863,14
2025-02-07,-1,0.006060579638460517,-0.006060579638460517,14
2025-02-10,-1,0.007745280116313369,-0.007745280116313369,14
2025-02-11,-1,0.0066609631892460275,-0.0066609631892460275,14
2025-02-12,-1,0.011028190380451663,-0.011028190380451663,15
2025-02-13,-1,0.003020646160678986,-0.003020646160678986,15
2025-02-14,-1,0.005688474987182834,-0.005688474987182834,15
2025-02-18,-1,-0.01197806044572114,0.01197806044572114,15
2025-02-19,-1,0.0070719310988203166,-0.0070719310988203166,15
2025-02-20,-1,-0.005183102594434219,0.005183102594434219,15
2025-02-21,-1,0.0016806466238838969,-0.0016806466238838969,15
2025-02-24,-1,0.009899331672702516,-0.009899331672702516,15
2025-02-25,-1,0.00199373233626865,-0.00199373233626865,15
2025-02-26,-1,-0.014093886079644347,0.014093886079644347,15
2025-02-27,-1,0.007904494247223504,-0.007904494247223504,15
2025-02-28,-1,0.013015163946687114,-0.013015163946687114,15
2025-03-03,-1,0.001976655384478887,-0.001976655384478887,15
2025-03-04,-1,0.02350807903064167,-0.02350807903064167,15
2025-03-05,-1,-0.010279463650854082,0.010279463650854082,15
2025-03-06,-1,0.015092507648430953,-0.015092507648430953,15
2025-03-07,-1,-0.026378860612423893,0.026378860612423893,15
2025-03-10,-1,-0.0011494202474604531,0.0011494202474604531,15
2025-03-11,-1,0.0027946434954491117,-0.0027946434954491117,15
2025-03-12,-1,-0.007049185330750496,0.007049185330750496,15
2025-03-13,-1,0.01997687123277392,-0.01997687123277392,15
2025-03-14,-1,0.009873755623251546,-0.009873755623251546,15
2025-03-17,-1,0.0046481955179416,-0.0046481955179416,15
2025-03-18,-1,-0.0001595746040486956,0.0001595746040486956,15
2025-03-19,-1,-0.009893074038607397,0.009893074038607397,15
2025-03-20,-1,-0.008541479223424742,0.008541479223424742,15
2025-03-21,-1,-0.00048762644788125087,0.00048762644788125087,15
2025-03-24,-1,0.005366693890870078,-0.005366693890870078,15
2025-03-25,-1,-0.013587838187230195,0.013587838187230195,15
2025-03-26,-1,0.0014758962489915817,-0.0014758962489915817,15
2025-03-27,-1,-0.0045848826051427816,0.0045848826051427816,15
2025-03-28,-1,-0.01052803717732742,0.01052803717732742,15
2025-03-31,-1,0.0016624849806208264,-0.0016624849806208264,15
2025-04-01,-1,0.003319514737584184,-0.003319514737584184,15
2025-04-02,-1,-0.012406947734230789,0.012406947734230789,15
2025-04-03,-1,-0.06683419811518176,0.06683419811518176,15
2025-04-04,-1,-0.030335642693988363,0.030335642693988363,15
2025-04-07,-1,-0.004998157265377556,0.004998157265377556,15
2025-04-08,-1,0.07851165061773258,-0.07851165061773258,15
2025-04-09,-1,-0.017595315443936776,0.017595315443936776,15
2025-04-10,-1,0.028270422981263144,-0.028270422981263144,15
2025-04-11,-1,0.007855175438613582,-0.007855175438613582,15
2025-04-14,-1,0.009318861958568458,-0.009318861958568458,15
2025-04-15,-1,-0.003021660334025844,0.003021660334025844,15
2025-04-16,-1,0.008418925831596313,-0.008418925831596313,15
2025-04-17,-1,-0.005510068788119882,0.005510068788119882,15
2025-04-21,-1,0.020147698464968666,-0.020147698464968666,15
2025-04-22,-1,0.0026333089504941842,-0.0026333089504941842,15
2025-04-23,-1,0.013460333784768519,-0.013460333784768519,15
2025-04-24,-1,0.004697069856595348,-0.004697069856595348,15
2025-04-25,-1,0.005803653352186133,-0.005803653352186133,15
2025-04-28,-1,0.0017631128614790104,-0.0017631128614790104,15
2025-04-29,-1,0.0009600219726562109,-0.0009600219726562109,15
2025-04-30,-1,-0.004955264809558768,0.004955264809558768,15
2025-05-01,-1,0.02200801497003635,-0.02200801497003635,15
2025-05-02,-1,0.0012574950078252378,-0.0012574950078252378,15
2025-05-05,-1,-0.0026687909200384663,0.0026687909200384663,15
2025-05-06,-1,-0.002518492845686171,0.002518492845686171,15
2025-05-07,-1,-0.0036294705083323997,0.0036294705083323997,15
2025-05-08,-1,0.0058599768049003575,-0.0058599768049003575,15
2025-05-09,-1,0.0017320203630719622,-0.0017320203630719622,15
2025-05-12,-1,0.0037724250628132783,-0.0037724250628132783,15
2025-05-13,-1,-0.0018790938104894517,0.0018790938104894517,15
2025-05-14,-1,0.009883919854493328,-0.009883919854493328,15
2025-05-15,-1,0.0032623749497013854,-0.0032623749497013854,15
2025-05-16,-1,0.010994101336975204,-0.010994101336975204,15
2025-05-19,-1,0.007658140496075383,-0.007658140496075383,15
2025-05-20,-1,-0.00592794321661716,0.00592794321661716,15
2025-05-21,-1,-0.0006116347797257005,0.0006116347797257005,15
2025-05-22,-1,-0.001377049670206132,0.001377049670206132,15
2025-05-23,-1,0.011490731401464949,-0.011490731401464949,15
2025-05-27,-1,-0.009694023359446025,0.009694023359446025,15
2025-05-28,-1,0.003823799487647328,-0.003823799487647328,15
2025-05-29,-1,0.0010665807977094932,-0.0010665807977094932,15
2025-05-30,-1,0.010958923198586046,-0.010958923198586046,15
2025-06-02,-1,-0.008431158898399072,0.008431158898399072,15
2025-06-03,-1,0.006529005484220862,-0.006529005484220862,15
2025-06-04,-1,0.001659384655790408,-0.001659384655790408,15
2025-06-05,-1,0.0025602133288966655,-0.0025602133288966655,15
2025-06-06,-1,0.0,-0.0,15
2025-06-09,-1,0.0016524051503055137,-0.0016524051503055137,15
2025-06-10,-1,-0.00044989170905185283,0.00044989170905185283,15
2025-06-11,-1,0.008402063702523943,-0.008402063702523943,15
2025-06-12,-1,-0.015027557654941348,0.015027557654941348,15
2025-06-13,-1,-0.014652471843268677,0.014652471843268677,15
2025-06-16,-1,-0.013950691633877521,0.013950691633877521,15
2025-06-17,-1,-0.001243809568318821,0.001243809568318821,15
2025-06-18,-1,-0.005603935361544132,0.005603935361544132,15
2025-06-20,-1,0.008609881463121472,-0.008609881463121472,15
2025-06-23,-1,0.013968671761850127,-0.013968671761850127,15
2025-06-24,-1,-0.006735074683513864,0.006735074683513864,15
2025-06-25,-1,0.009246393585523816,-0.009246393585523816,15
2025-06-26,-1,0.009314408768503313,-0.009314408768503313,15
2025-06-27,-1,0.001512836254606631,-0.001512836254606631,15
2025-06-30,-1,-0.0004531537867037416,0.0004531537867037416,15
2025-07-01,-1,0.0021157532646591815,-0.0021157532646591815,15
2025-07-02,-1,0.0,-0.0,15
2025-07-03,-1,-0.006183019873474693,0.006183019873474693,15
2025-07-07,-1,0.008952903250828204,-0.008952903250828204,15
2025-07-08,-1,0.009023890711358229,-0.009023890711358229,15
2025-07-09,-1,-0.0002980570004161853,0.0002980570004161853,15
2025-07-10,-1,-0.01133147666152623,0.01133147666152623,15
2025-07-11,-1,-0.00015072398135895781,0.00015072398135895781,15
2025-07-14,-1,-0.011613940226515962,0.011613940226515962,15
2025-07-15,-1,0.005035889473554267,-0.005035889473554267,15
2025-07-16,-1,0.0012147256348811197,-0.0012147256348811197,15
2025-07-17,-1,-0.0027297588491254077,0.0027297588491254077,15
2025-07-18,-1,0.0048661752498320165,-0.0048661752498320165,15
2025-07-21,-1,0.004691246216764755,-0.004691246216764755,15
2025-07-22,-1,0.02138873598433433,-0.02138873598433433,15
2025-07-23,-1,-0.011355208240511505,0.011355208240511505,15
2025-07-24,-1,0.0014916239969491318,-0.0014916239969491318,15
2025-07-25,-1,-0.016532627650316933,0.016532627650316933,15
2025-07-28,-1,-0.002726038293252575,0.002726038293252575,15
2025-07-29,-1,-0.010326504494043709,0.010326504494043709,15
2025-07-30,-1,-0.012122156478804325,0.012122156478804325,15
2025-07-31,-1,-0.003261868490705866,0.003261868490705866,15
2025-08-01,-1,0.011376085051641338,-0.011376085051641338,15
2025-08-04,-1,0.0015408085018491224,-0.0015408085018491224,15
2025-08-05,-1,0.004461552546574543,-0.004461552546574543,15
2025-08-06,-1,0.009342940753527929,-0.009342940753527929,16
2025-08-07,-1,0.003034854986515345,-0.003034854986515345,16
2025-08-08,-1,-0.0054463028541900105,0.0054463028541900105,16
2025-08-11,-1,0.008670515870800699,-0.008670515870800699,16
2025-08-12,-1,0.00844526027155168,-0.00844526027155168,16
2025-08-13,-1,0.0020936052624223045,-0.0020936052624223045,16
2025-08-14,-1,0.00298458352285369,-0.00298458352285369,16
2025-08-15,-1,-0.002380539129508863,0.002380539129508863,16
2025-08-18,-1,0.0017896362673521793,-0.0017896362673521793,16
2025-08-19,-1,0.006401672128890867,-0.006401672128890867,16
2025-08-20,-1,-0.006065030206647171,0.006065030206647171,16
2025-08-21,-1,0.014883166597174258,-0.014883166597174258,16
2025-08-22,-1,-0.014224977063706956,0.014224977063706956,16
2025-08-25,-1,-0.002082704360399812,0.002082704360399812,16
2025-08-26,-1,-0.0025342600522502146,0.0025342600522502146,16
2025-08-27,-1,0.0017933808193086875,-0.0017933808193086875,16
2025-08-28,-1,-0.004326434742781382,0.004326434742781382,16
2025-08-29,-1,-0.01273596795517018,0.01273596795517018,16
2025-09-02,-1,0.0034907172418296994,-0.0034907172418296994,16
2025-09-03,-1,0.005444655102803564,-0.005444655102803564,16
2025-09-04,-1,0.005264718057277129,-0.005264718057277129,16
2025-09-05,-1,0.006134909793228838,-0.006134909793228838,16
2025-09-08,-1,-0.0013384345739118064,0.0013384345739118064,16
2025-09-09,-1,-0.0028295225180751116,0.0028295225180751116,16
2025-09-10,-1,0.010454070896172452,-0.010454070896172452,16
2025-09-11,-1,-0.0028081943707114476,0.0028081943707114476,16
2025-09-12,-1,0.0071142095576510744,-0.0071142095576510744,16
2025-09-15,-1,-0.00250181275320438,0.00250181275320438,16
2025-09-16,-1,-0.0036884037253237523,0.0036884037253237523,16
2025-09-17,-1,0.004146287344265698,-0.004146287344265698,16
2025-09-18,-1,-0.003539269612303886,0.003539269612303886,16
2025-09-19,-1,0.00325590086868055,-0.00325590086868055,16
2025-09-22,-1,-0.00014754589313148436,0.00014754589313148436,16
2025-09-23,-1,-0.006491626576137444,0.006491626576137444,16
2025-09-24,-1,-0.009949483299397266,0.009949483299397266,16
2025-09-25,-1,0.010349519429380338,-0.010349519429380338,16
2025-09-26,-1,0.004305239205754763,-0.004305239205754763,16
2025-09-29,-1,0.006947541908381538,-0.006947541908381538,16
2025-09-30,-1,0.012624788251270447,-0.012624788251270447,16
2025-10-01,-1,0.0014496733727840105,-0.0014496733727840105,16
2025-10-02,-1,0.005790409891087922,-0.005790409891087922,16
2025-10-03,-1,-0.0037421146181410014,0.0037421146181410014,16
2025-10-06,-1,-0.00809011194334186,0.00809011194334186,16
2025-10-07,-1,0.006990907397867785,-0.006990907397867785,16
2025-10-08,-1,-0.0109922207541161,0.0109922207541161,16
2025-10-09,-1,-0.011114281037762797,0.011114281037762797,16
2025-10-10,-1,0.006359069620083924,-0.006359069620083924,16
2025-10-13,-1,0.004261473521349313,-0.004261473521349313,16
2025-10-14,-1,0.0017559665351560838,-0.0017559665351560838,16
2025-10-15,-1,0.006427146469332179,-0.006427146469332179,16
2025-10-16,-1,0.0007256229500154365,-0.0007256229500154365,16
2025-10-17,-1,0.004641040014322639,-0.004641040014322639,16
2025-10-20,-1,-0.006351881526412084,0.006351881526412084,16
2025-10-21,-1,0.0008716774226014135,-0.0008716774226014135,16
2025-10-22,-1,0.004790271940462221,-0.004790271940462221,16
2025-10-23,-1,0.0015891448773719397,-0.0015891448773719397,16
2025-10-24,-1,0.00475987050828075,-0.00475987050828075,16
2025-10-27,-1,-0.002440508030468469,0.002440508030468469,16
2025-10-28,-1,-0.005468373364508228,0.005468373364508228,16
2025-10-29,-1,-0.0046302950658096975,0.0046302950658096975,16
2025-10-30,-1,-0.004070341264287958,0.004070341264287958,16
2025-10-31,-1,-0.0016056138800408792,0.0016056138800408792,16
2025-11-03,-1,-0.011403490671001881,0.011403490671001881,16
2025-11-04,-1,0.009464646016755562,-0.009464646016755562,16
2025-11-05,-1,-0.004541534988082518,0.004541534988082518,16
2025-11-06,-1,0.004415056147630603,-0.004415056147630603,16
2025-11-07,-1,0.011721656436011862,-0.011721656436011862,16
2025-11-10,-1,0.010861693944282935,-0.010861693944282935,16
2025-11-11,-1,0.005730571332321688,-0.005730571332321688,16
2025-11-12,-1,-0.0068375462735840165,0.0068375462735840165,16
2025-11-13,-1,-0.00803209335612376,0.00803209335612376,16
2025-11-14,-1,-0.011856669762844496,0.011856669762844496,16
2025-11-17,-1,-0.010096500570474176,0.010096500570474176,16
2025-11-18,-1,-0.0035476401826498583,0.0035476401826498583,16
2025-11-19,-1,-0.01349953438173268,0.01349953438173268,16
2025-11-20,-1,0.014436076458235414,-0.014436076458235414,16
2025-11-21,-1,-0.00237171708992312,0.00237171708992312,16
2025-11-24,-1,0.017236195841220603,-0.017236195841220603,16
2025-11-25,-1,0.00905642353014069,-0.00905642353014069,16
2025-11-26,-1,0.006369351481602337,-0.006369351481602337,16
2025-11-28,-1,-0.004890626500404727,0.004890626500404727,16
2025-12-01,-1,0.0041919762105819824,-0.0041919762105819824,16
2025-12-02,-1,0.006621549969622942,-0.006621549969622942,16
2025-12-03,-1,-0.0008579659421124042,0.0008579659421124042,16
2025-12-04,-1,-0.00028630702267884445,0.00028630702267884445,16
2025-12-05,-1,-0.002147480732365148,0.002147480732365148,16
2025-12-08,-1,-0.0031562926964251448,0.0031562926964251448,16
2025-12-09,-1,0.01266547511371341,-0.01266547511371341,16
2025-12-10,-1,0.007390515044849222,-0.007390515044849222,16
2025-12-11,-1,-0.006066595962728294,0.006066595962728294,16
2025-12-12,-1,0.0059617575093495745,-0.0059617575093495745,16
2025-12-15,-1,-0.014674768946266181,0.014674768946266181,16
2025-12-16,-1,-0.005728218751113068,0.005728218751113068,16
2025-12-17,-1,0.008353763913370615,-0.008353763913370615,16
2025-12-18,-1,0.004570771104984939,-0.004570771104984939,16
2025-12-19,-1,0.004407757010136626,-0.004407757010136626,16
2025-12-22,-1,0.003680664474475792,-0.003680664474475792,16
2025-12-23,-1,0.002115677329346033,-0.002115677329346033,16
2025-12-24,-1,0.0029556520120017638,-0.0029556520120017638,16
2025-12-26,-1,-0.003929255836417012,0.003929255836417012,16
2025-12-29,-1,0.0038038409452967326,-0.0038038409452967326,16
2025-12-30,-1,-0.003789426569353105,0.003789426569353105,16
2025-12-31,-1,0.00986188947783151,-0.00986188947783151,16
2026-01-02,-1,0.009068101605908874,-0.009068101605908874,16
2026-01-05,-1,0.0019355645804550736,-0.0019355645804550736,16
2026-01-06,-1,-0.0031737733277129587,0.0031737733277129587,16
2026-01-07,-1,0.001107445091645065,-0.001107445091645065,16
2026-01-08,-1,0.0058074968296131235,-0.0058074968296131235,16
2026-01-09,-1,0.005361553493290483,-0.005361553493290483,16
2026-01-12,-1,-0.003965553485834272,0.003965553485834272,16
2026-01-13,-1,0.003706813372263751,-0.003706813372263751,16
2026-01-14,-1,-0.0020517237672907918,0.0020517237672907918,16
2026-01-15,-1,0.003289444446012979,-0.003289444446012979,16
2026-01-16,-1,-0.014754019763467907,0.014754019763467907,16
2026-01-20,-1,0.010260646638766246,-0.010260646638766246,16
2026-01-21,-1,0.005078269880352648,-0.005078269880352648,16
2026-01-22,-1,0.0065546320570202266,-0.0065546320570202266,16
2026-01-23,-1,0.0070547317720761615,-0.0070547317720761615,16
2026-01-26,-1,0.01549230559716741,-0.01549230559716741,16
2026-01-27,-1,-0.011674148122605144,0.011674148122605144,16
