feature_1,feature_2,correlation
CMO_14,RSI_14,1.0
AOBV_LR_2,AOBV_SR_2,1.0
MACD_12_26_9,STCmacd_10_12_26_0.5,1.0
SQZ_ON,SQZPRO_ON_NORMAL,1.0
SQZ_OFF,SQZPRO_ON_NORMAL,1.0
MEDIAN_30,QTL_30_0.5,1.0
STOCHFk_14_3,WILLR_14,1.0
STOCHk_14_3_3,STOCHFd_14_3,1.0
HWMA_0.2_0.1_0.1,HWM_1,1.0
SQZ_ON,SQZ_OFF,1.0
SQZ_20_2.0_20_1.5,SQZPRO_20_2.0_20_2.0_1.5_1.0,1.0
PIVOTS_TRAD_D_S3,PIVOTS_TRAD_D_S4,1.0
PIVOTS_TRAD_D_R3,PIVOTS_TRAD_D_R4,1.0
HLC3,VWAP_D,0.9999999999999999
SQZPRO_ON_WIDE,SQZPRO_OFF,0.9999999999999998
AMATe_LR_8_21_2,AMATe_SR_8_21_2,0.9999999999999997
HLC3,WCP,0.9999747605970936
WCP,VWAP_D,0.9999747605970934
OHLC4,VWAP_D,0.9999323636709946
HLC3,OHLC4,0.9999323636709946
ABER_ZG_5_15,BBM_5_2.0_2.0,0.9999311739344839
HL2,OHLC4,0.9999281729369831
ALMA_9_6.0_0.85,BBM_5_2.0_2.0,0.9999055707573434
HL2,HLC3,0.9999052264602943
HL2,VWAP_D,0.9999052264602943
OHLC4,WCP,0.9998639370285811
ALMA_9_6.0_0.85,ABER_ZG_5_15,0.9998608406574518
AGl_13_8_5,EMA_10,0.9998458167804208
RMA_10,KCBe_20_2,0.9998282558014415
SWMA_10,TRIMA_10,0.9998076280095577
HL2,WCP,0.999784855657681
Close,WCP,0.9997648256789963
AGt_13_8_5,SMMA_7,0.9997514420721166
Close,HLC3,0.9995958518565248
Close,VWAP_D,0.9995958518565247
PWMA_10,SWMA_10,0.9995917995823751
SMA_10,TRIMA_10,0.9995711559672167
SMA_10,SWMA_10,0.9995452359345074
Low,HLC3,0.9995286245806253
Low,VWAP_D,0.999528624580625
Low,OHLC4,0.9995282207108788
ABER_ATR_5_15,ATRr_14,0.9995145620600727
Low,HL2,0.9995063752590543
SSF3_20,TRIMA_10,0.9995046994241681
Low,WCP,0.9994718859810147
PIVOTS_TRAD_D_P,PIVOTS_TRAD_D_R1,0.9994491518415625
High,HL2,0.9994406985318665
MIDPOINT_2,MIDPRICE_2,0.9994340715338519
Close,OHLC4,0.9993772039156193
HMA_10,ZL_EMA_10,0.999362749203342
PIVOTS_TRAD_D_P,PIVOTS_TRAD_D_S1,0.9993381994253201
High,OHLC4,0.9993174135330951
SINWMA_14,SSF_20,0.9993032737506191
SMA_10,SSF_20,0.9992900546618864
AGt_13_8_5,RMA_10,0.9992874899844898
SSF_20,TRIMA_10,0.9992743228684772
JMA_7_0.0,ZL_EMA_10,0.9992727281941094
High,HLC3,0.9992628203031616
High,VWAP_D,0.9992628203031613
TEMA_10,ZL_EMA_10,0.9992595767994411
Open,OHLC4,0.9992546855517053
PIVOTS_TRAD_D_R1,PIVOTS_TRAD_D_R2,0.9992531777864718
OBV,OBV_max_2,0.9992245929447188
PWMA_10,TRIMA_10,0.9992211323622306
SSF3_20,T3_10_0.7,0.9992034946949054
ABER_ZG_5_15,ABER_XG_5_15,0.999177206992085
Close,HL2,0.9991334409998419
FWMA_10,ZL_EMA_10,0.9991290212682613
High,WCP,0.9991126338814812
FWMA_10,BBM_5_2.0_2.0,0.9990998850606927
SMA_10,SSF3_20,0.9990942801989604
ABER_XG_5_15,BBM_5_2.0_2.0,0.9990883732643479
ABER_ZG_5_15,ABER_SG_5_15,0.9990467252192767
SSF3_20,SWMA_10,0.99903744428044
EMA_10,SMMA_7,0.9990371051823588
AGl_13_8_5,WMA_10,0.9990293893588383
Open,HL2,0.9990005971629006
WMA_10,ABER_ZG_5_15,0.9989990725777772
ALMA_9_6.0_0.85,ABER_XG_5_15,0.998996611033861
Low,Close,0.9989691688115123
PIVOTS_TRAD_D_S1,PIVOTS_TRAD_D_S2,0.9989647938538926
OBV_max_2,OBVe_4,0.9989391205675822
OBV_min_2,OBVe_4,0.9989390026138752
DEMA_10,FWMA_10,0.9989286533788913
ABER_SG_5_15,BBM_5_2.0_2.0,0.998928012754199
FWMA_10,JMA_7_0.0,0.9989209269001866
FWMA_10,ABER_ZG_5_15,0.9989111174984765
WMA_10,BBM_5_2.0_2.0,0.9988781047474897
AGj_13_8_5,KCBe_20_2,0.9988730336232219
AGt_13_8_5,KCBe_20_2,0.9988683216474805
ALMA_9_6.0_0.85,WMA_10,0.9988602031070346
SSF_20,SSF3_20,0.9988504218327582
ALMA_9_6.0_0.85,ABER_SG_5_15,0.998843045096858
HMA_10,TEMA_10,0.998838152465359
DEMA_10,ZL_EMA_10,0.9988303374923396
SINWMA_14,T3_10_0.7,0.9988158002399146
SSF_20,SWMA_10,0.9988043885738663
MIDPOINT_2,ZL_EMA_10,0.9988037625350326
Open,HLC3,0.9987860361388198
Open,VWAP_D,0.9987860361388198
ALMA_9_6.0_0.85,FWMA_10,0.9987753147861113
SMA_10,VWMA_10,0.9987540863928989
DEMA_10,TEMA_10,0.9987527547578686
SSF_20,T3_10_0.7,0.9987211869239947
LOGRET_1,PCTRET_1,0.9986977961902671
MIDPOINT_2,OHLC4,0.9986882246777535
AGj_13_8_5,RMA_10,0.9986430010946232
Open,High,0.9986416700378054
SINWMA_14,SSF3_20,0.9986284804983933
Open,WCP,0.9986273714023483
MIDPRICE_2,OHLC4,0.9986130194750555
ITS_9,SMA_10,0.998607486406274
Open,Low,0.998580917904012
MIDPRICE_2,ZL_EMA_10,0.9985720994431798
T3_10_0.7,TRIMA_10,0.9985449951892018
HLC3,MIDPOINT_2,0.9985408915570576
MIDPOINT_2,VWAP_D,0.9985408915570574
MIDPOINT_2,WCP,0.9985331658069667
HL2,MIDPRICE_2,0.9985080994562786
HMA_10,JMA_7_0.0,0.9984832146150473
FWMA_10,MIDPOINT_2,0.9984807337379445
WMA_10,ABER_SG_5_15,0.9984676088404808
MIDPRICE_2,PIVOTS_TRAD_D_P,0.9984534312083214
FWMA_10,ABER_XG_5_15,0.9984478900281569
HL2,MIDPOINT_2,0.9984367396673914
FWMA_10,MIDPRICE_2,0.9984343970178711
OBV,OBVe_4,0.9984242503626366
Open,MIDPRICE_2,0.9984062344138295
High,Close,0.9984037291859225
MIDPRICE_2,VWAP_D,0.9983870190389942
HLC3,MIDPRICE_2,0.9983870190389941
SINWMA_14,TRIMA_10,0.9983803008188129
EMA_10,WMA_10,0.9983700721802844
EMA_10,SMA_10,0.9983472289155433
AGl_13_8_5,SMA_10,0.9983424650259057
PWMA_10,SMA_10,0.9983293370149023
DEMA_10,JMA_7_0.0,0.9983204924869765
ITS_9,VWMA_10,0.998319671635483
DEMA_10,ABER_XG_5_15,0.9983173849123304
JMA_7_0.0,TEMA_10,0.9983087451290853
Close,MIDPOINT_2,0.998290928454505
OBV,OBV_min_2,0.9982847266045045
AGt_13_8_5,MCGD_10,0.9982843763886884
JMA_7_0.0,MIDPOINT_2,0.9982835861954017
SMA_10,WMA_10,0.9982799500789836
MIDPRICE_2,WCP,0.9982682157755424
Open,MIDPOINT_2,0.9982668856261566
DEMA_10,BBM_5_2.0_2.0,0.9982647270660538
AGl_13_8_5,SMMA_7,0.998258859759058
High,MIDPRICE_2,0.9982564392296525
RMA_10,SMMA_7,0.9982236568962849
SWMA_10,VWMA_10,0.9982030761688421
PWMA_10,SSF3_20,0.998203048350856
JMA_7_0.0,BBM_5_2.0_2.0,0.9981902774585901
MIDPRICE_2,PIVOTS_TRAD_D_R1,0.9981655683689918
AGl_13_8_5,VWMA_10,0.998156947064727
SMA_10,T3_10_0.7,0.998151105614008
JMA_7_0.0,MIDPRICE_2,0.9981153583213139
EMA_10,SSF_20,0.998112788904994
EMA_10,VWMA_10,0.9981063079982956
DEMA_10,LINREG_14,0.9980939710612039
PIVOTS_TRAD_D_S1,PIVOTS_TRAD_D_R1,0.9980898942167855
ALMA_9_6.0_0.85,DEMA_10,0.9980797489762271
Low,MIDPOINT_2,0.9980760469104989
DEMA_10,ABER_ZG_5_15,0.9980651616122396
OBV_min_2,OBV_max_2,0.9980450069188261
Close,LDECAY_1,0.998038816474652
WMA_10,VWMA_10,0.9980310049322764
ZL_EMA_10,BBM_5_2.0_2.0,0.9980305523056822
MCGD_10,SMMA_7,0.9980240228147479
MIDPOINT_2,TEMA_10,0.9980233328925963
High,Low,0.9980208452771423
ITS_9,AGl_13_8_5,0.9980205600711466
WCP,LDECAY_1,0.9980022148993187
PIVOTS_TRAD_D_P,ZL_EMA_10,0.9979887275829105
SINWMA_14,SMA_10,0.9979752672501628
ITS_9,EMA_10,0.9979597027461198
SWMA_10,WMA_10,0.9979557299359945
TRIMA_10,VWMA_10,0.9979557028972069
SMMA_7,SSF_20,0.9979553386256362
High,MIDPOINT_2,0.9979506234178025
ALMA_9_6.0_0.85,JMA_7_0.0,0.9979404132097083
DEMA_10,HMA_10,0.9979198597262899
Open,Close,0.9979153061828303
WMA_10,ABER_XG_5_15,0.9979085375269813
LDECAY_1,VWAP_D,0.9979074190838131
HLC3,LDECAY_1,0.9979074190838128
FWMA_10,WMA_10,0.997905762345246
Low,MIDPRICE_2,0.9978991905547286
MIDPOINT_2,PIVOTS_TRAD_D_P,0.9978946924261527
MCGD_10,RMA_10,0.9978855479611688
JMA_7_0.0,ABER_ZG_5_15,0.9978630980471211
AGt_13_8_5,EMA_10,0.9978460721804965
SSF_20,VWMA_10,0.9978454643758892
FWMA_10,TEMA_10,0.9978378698110214
PIVOTS_TRAD_D_P,PIVOTS_TRAD_D_R2,0.9978254109196326
ITS_9,WMA_10,0.9978237954906183
SWMA_10,T3_10_0.7,0.9978120656895876
PIVOTS_TRAD_D_S1,ZL_EMA_10,0.9977884936604045
ALMA_9_6.0_0.85,ZL_EMA_10,0.9977806718975513
MIDPRICE_2,PIVOTS_TRAD_D_S1,0.9977692407941857
FWMA_10,PIVOTS_TRAD_D_P,0.9977516388700636
FWMA_10,HMA_10,0.9977485112980966
OHLC4,LDECAY_1,0.9977457369444159
MIDPOINT_2,PIVOTS_TRAD_D_S1,0.9977369772183592
MIDPOINT_2,PIVOTS_TRAD_D_R1,0.9977359020650411
FWMA_10,ABER_SG_5_15,0.9976868545769894
PIVOTS_TRAD_D_P,PIVOTS_TRAD_D_S2,0.9976818170888748
ZL_EMA_10,ABER_ZG_5_15,0.9976765961706208
ITS_9,SWMA_10,0.9976752744999746
JMA_7_0.0,PIVOTS_TRAD_D_P,0.99766091933253
Close,MIDPRICE_2,0.9976554694219235
SMMA_7,KCBe_20_2,0.997653463717613
AGl_13_8_5,SSF_20,0.9976237624315405
OBVe_4,OBVe_12,0.9976166975998778
HL2,LDECAY_1,0.997615366982991
PWMA_10,SSF_20,0.9975859011152459
ITS_9,SSF_20,0.9975647518639297
FWMA_10,PIVOTS_TRAD_D_R1,0.9975496979730668
SMMA_7,KCLe_20_2,0.9975294074517458
ITS_9,TRIMA_10,0.9975081164338371
PIVOTS_TRAD_D_R1,ZL_EMA_10,0.9975052495269713
LINREG_14,TEMA_10,0.9975035803594475
High,LDECAY_1,0.9974857674198184
MIDPRICE_2,TEMA_10,0.9974551484510857
AGt_13_8_5,KCLe_20_2,0.9974505270180084
AGl_13_8_5,SWMA_10,0.9974214113333301
AGl_13_8_5,ABER_ZG_5_15,0.997400952610554
ZL_EMA_10,ABER_XG_5_15,0.997394691329194
HMA_10,BBM_5_2.0_2.0,0.9973770763284414
JMA_7_0.0,PIVOTS_TRAD_D_S1,0.997358137060212
HWM_1,HWL_1,0.9973388071082969
HWMA_0.2_0.1_0.1,HWL_1,0.9973388071082969
JMA_7_0.0,ABER_XG_5_15,0.9973154896105041
EMA_10,SWMA_10,0.99730582190532
JMA_7_0.0,PIVOTS_TRAD_D_R1,0.997280657515602
SSF3_20,VWMA_10,0.9972512794832347
SINWMA_14,SWMA_10,0.9972397272100533
ALMA_9_6.0_0.85,HMA_10,0.9972279689425037
AGl_13_8_5,BBM_5_2.0_2.0,0.9972232054864982
ACCBU_20,KCUe_20_2,0.9972204005895638
HMA_10,MIDPOINT_2,0.9972190185013249
HMA_10,PIVOTS_TRAD_D_P,0.9972137926510165
AGt_13_8_5,SSF_20,0.9971939289512013
MCGD_10,KCBe_20_2,0.9971523046569088
HMA_10,PIVOTS_TRAD_D_S1,0.9971312464710355
AGl_13_8_5,ALMA_9_6.0_0.85,0.9971275782743465
AGl_13_8_5,ABER_SG_5_15,0.9971238070366133
HMA_10,MIDPRICE_2,0.9971008561082667
FWMA_10,OHLC4,0.9970464474465363
KAMA_10_2_30,SMMA_7,0.9970363009204765
HMA_10,ABER_ZG_5_15,0.9970292530388828
FWMA_10,PIVOTS_TRAD_D_S1,0.9970285558055849
DEMA_10,MIDPOINT_2,0.9970247665855323
OHLC4,ZL_EMA_10,0.9969849913675882
EMA_10,TRIMA_10,0.9969623945181858
Open,ZL_EMA_10,0.9969470636099846
TRIMA_10,WMA_10,0.9969422127812169
ITS_9,SSF3_20,0.9969243159659908
AGl_13_8_5,TRIMA_10,0.9968632703810183
Open,FWMA_10,0.9968551015426702
HILO_13_21,ACCBM_20,0.9968525987520689
PWMA_10,VWMA_10,0.996848454615681
DEMA_10,MIDPRICE_2,0.9968443781512653
MIDPOINT_2,LDECAY_1,0.9968356707826831
ABER_SG_5_15,ABER_XG_5_15,0.9968350357188673
SMA_10,SMMA_7,0.9968346449613621
FWMA_10,HLC3,0.9968195920019568
FWMA_10,VWAP_D,0.9968195920019567
Low,LDECAY_1,0.9968141654744661
PIVOTS_TRAD_D_P,BBM_5_2.0_2.0,0.9968128483576633
PWMA_10,WMA_10,0.9968124404874518
FWMA_10,WCP,0.9967900449857795
MCGD_10,KCLe_20_2,0.9967837048374744
ACCBL_20,ACCBM_20,0.9967803205513968
HMA_10,ABER_XG_5_15,0.9967779222328119
RMA_10,ACCBM_20,0.9967705619745401
AGt_13_8_5,AGl_13_8_5,0.9967633984808003
FWMA_10,HL2,0.9967491700118296
HLC3,ZL_EMA_10,0.9967396844433813
ZL_EMA_10,VWAP_D,0.9967396844433811
PWMA_10,T3_10_0.7,0.9967381206043963
MIDPRICE_2,PIVOTS_TRAD_D_R2,0.9967204588059861
WCP,ZL_EMA_10,0.996712724471832
ALMA_9_6.0_0.85,PIVOTS_TRAD_D_P,0.9967111964071973
ACCBM_20,KCBe_20_2,0.9967099398367241
PIVOTS_TRAD_D_P,ABER_ZG_5_15,0.9966816109215128
PIVOTS_TRAD_D_R1,BBM_5_2.0_2.0,0.9966796159323662
HL2,ZL_EMA_10,0.9966623956150552
MIDPRICE_2,LDECAY_1,0.996629766308966
AGt_13_8_5,KAMA_10_2_30,0.9966004043486483
DEMA_10,WMA_10,0.9965970325278996
High,FWMA_10,0.9965895524343017
HMA_10,PIVOTS_TRAD_D_R1,0.9965861165469706
ALMA_9_6.0_0.85,PIVOTS_TRAD_D_R1,0.9965735222988289
PIVOTS_TRAD_D_R1,ABER_ZG_5_15,0.9965454095604676
MCGD_10,SSF_20,0.996529168819411
EMA_10,MCGD_10,0.9964877870640649
EMA_10,KAMA_10_2_30,0.9964753593984379
Open,LDECAY_1,0.9964502987493836
JMA_7_0.0,ABER_SG_5_15,0.9964391701705504
Close,FWMA_10,0.9964362465951512
MCGD_10,ACCBM_20,0.9964262173631392
Close,ZL_EMA_10,0.9963697551355825
Open,TEMA_10,0.996361930971696
T3_10_0.7,VWMA_10,0.9963554814781411
MIDPRICE_2,BBM_5_2.0_2.0,0.9963544122883395
PIVOTS_TRAD_D_S1,TEMA_10,0.9963388324412338
EMA_10,ABER_SG_5_15,0.9963078159041238
HWM_1,HWU_1,0.9963029182317341
HWMA_0.2_0.1_0.1,HWU_1,0.9963029182317341
MIDPRICE_2,PIVOTS_TRAD_D_S2,0.9962989522315121
DEMA_10,ABER_SG_5_15,0.9962957839131037
Low,ZL_EMA_10,0.9962951587933684
JMA_7_0.0,OHLC4,0.9962924330519731
MIDPOINT_2,PIVOTS_TRAD_D_S2,0.9962901837873954
SSF_20,WMA_10,0.9962897568893286
DEMA_10,PIVOTS_TRAD_D_P,0.9962850986055839
ACCBM_20,DCM_20_20,0.9962822174451957
SMMA_7,VWMA_10,0.9962577436510256
AGl_13_8_5,FWMA_10,0.9962429493604537
EMA_10,ABER_ZG_5_15,0.9962417318030546
SINWMA_14,SMMA_7,0.996231377709772
Open,JMA_7_0.0,0.9962140290086466
EMA_10,KCLe_20_2,0.9962108789048361
PIVOTS_TRAD_D_S2,ZL_EMA_10,0.9961970095451748
OHLC4,TEMA_10,0.9961893242212373
ITS_9,SMMA_7,0.9961858598489698
ZL_EMA_10,ABER_SG_5_15,0.9961835128601676
PIVOTS_TRAD_D_P,TEMA_10,0.996168664639056
TEMA_10,BBM_5_2.0_2.0,0.9961676403462953
RMA_10,KCLe_20_2,0.9961655831405658
High,ZL_EMA_10,0.9961576187157294
MIDPRICE_2,ABER_ZG_5_15,0.9961303699227059
PIVOTS_TRAD_D_P,ABER_XG_5_15,0.9961137226634689
ITS_9,T3_10_0.7,0.996081106870397
FWMA_10,PIVOTS_TRAD_D_R2,0.9960805397459608
JMA_7_0.0,VWAP_D,0.9960653025604671
HLC3,JMA_7_0.0,0.996065302560467
AGj_13_8_5,KCUe_20_2,0.996052154844565
MIDPOINT_2,BBM_5_2.0_2.0,0.9960452778028338
AGj_13_8_5,AGt_13_8_5,0.9960381280774746
JMA_7_0.0,WCP,0.9960360545233594
ITS_9,PWMA_10,0.9960134645802434
HL2,JMA_7_0.0,0.9960008602629438
EMA_10,BBM_5_2.0_2.0,0.995990061495713
LINREG_14,ZL_EMA_10,0.9959853207564565
FWMA_10,LDECAY_1,0.9959827097951869
Low,FWMA_10,0.9959575217915336
HMA_10,LINREG_14,0.9959459463047148
TEMA_10,WCP,0.9959413397125989
DEMA_10,PIVOTS_TRAD_D_R1,0.9959318161283912
EMA_10,ALPHAT_14_1_50,0.9959221898701669
HMA_10,PIVOTS_TRAD_D_S2,0.995921231758126
HLC3,TEMA_10,0.99592093341316
TEMA_10,VWAP_D,0.9959209334131597
DEMA_10,PIVOTS_TRAD_D_S1,0.9959208156269315
AGt_13_8_5,SINWMA_14,0.9959084582677391
ALMA_9_6.0_0.85,EMA_10,0.9958979451111856
SINWMA_14,VWMA_10,0.9958898797216136
PIVOTS_TRAD_D_S2,PIVOTS_TRAD_D_R1,0.9958755041822067
PIVOTS_TRAD_D_R1,ABER_SG_5_15,0.9958751051657295
SSF3_20,WMA_10,0.9958658315400993
AGl_13_8_5,KAMA_10_2_30,0.995848938439711
HMA_10,ABER_SG_5_15,0.99584787683589
JMA_7_0.0,PIVOTS_TRAD_D_S2,0.9958465731822549
PWMA_10,SINWMA_14,0.9958440412435456
ALMA_9_6.0_0.85,MIDPRICE_2,0.9958295168624574
AGl_13_8_5,ABER_XG_5_15,0.9958229101194408
Close,TEMA_10,0.9958201833277509
ALPHAT_14_1_50,ALPHATl_14_1_50_2,0.9958172824047152
MIDPOINT_2,PIVOTS_TRAD_D_R2,0.9958172157388392
TEMA_10,ABER_XG_5_15,0.9958170942510453
PIVOTS_TRAD_D_S1,BBM_5_2.0_2.0,0.9958037552780578
AGl_13_8_5,PWMA_10,0.995801192568429
ALMA_9_6.0_0.85,TEMA_10,0.9957991156824331
ACCBL_20,DCM_20_20,0.9957747758847822
AGl_13_8_5,MCGD_10,0.995767954040862
ITS_9,SINWMA_14,0.99576529531518
SMMA_7,TRIMA_10,0.9957608577827277
HL2,TEMA_10,0.9957404055521413
MCGD_10,SINWMA_14,0.9957321793038563
TEMA_10,ABER_ZG_5_15,0.9957211389844554
JMA_7_0.0,WMA_10,0.9957131125701373
KCLe_20_2,KCBe_20_2,0.9956945092684754
Close,JMA_7_0.0,0.9956776510381135
PIVOTS_TRAD_D_R2,ZL_EMA_10,0.9956694424134525
AGl_13_8_5,ALPHAT_14_1_50,0.9956649408771728
Low,TEMA_10,0.9956602213478869
ALMA_9_6.0_0.85,PIVOTS_TRAD_D_S1,0.9956529801765742
EMA_10,SSF3_20,0.99565022161301
MCGD_10,ACCBL_20,0.9956460525517875
ITS_9,ALPHAT_14_1_50,0.9956446120901818
PIVOTS_TRAD_D_R1,TEMA_10,0.9956426888537835
EMA_10,SINWMA_14,0.9956391665722919
KAMA_10_2_30,SSF_20,0.9956327341620841
High,JMA_7_0.0,0.9956057946194623
AGt_13_8_5,ACCBM_20,0.9955941952270154
MIDPOINT_2,ABER_ZG_5_15,0.9955907308587517
SSF_20,ALPHATl_14_1_50_2,0.9955715700697545
JMA_7_0.0,PIVOTS_TRAD_D_R2,0.995565172391003
Low,JMA_7_0.0,0.995563769512358
EMA_10,PWMA_10,0.9955581842800495
AGl_13_8_5,SSF3_20,0.9955569569187488
SMMA_7,SWMA_10,0.9955328176298289
PIVOTS_TRAD_D_S1,ABER_ZG_5_15,0.9955312912674209
Open,PIVOTS_TRAD_D_P,0.9955194200937939
PIVOTS_TRAD_D_R2,BBM_5_2.0_2.0,0.9955135330218136
PIVOTS_TRAD_D_R2,ABER_ZG_5_15,0.9955040169424412
JMA_7_0.0,LINREG_14,0.9954814914589806
ALMA_9_6.0_0.85,PIVOTS_TRAD_D_R2,0.9954590169486257
ALMA_9_6.0_0.85,MIDPOINT_2,0.9954545324248212
PIVOTS_TRAD_D_P,ABER_SG_5_15,0.9954309870033832
AGt_13_8_5,SMA_10,0.9954199205558526
MIDPRICE_2,ABER_XG_5_15,0.9954156837736818
ABER_ZG_5_15,VWMA_10,0.9954045364431571
PIVOTS_TRAD_D_R2,ABER_SG_5_15,0.9953946579443506
OHLC4,PIVOTS_TRAD_D_P,0.9953655174033806
PIVOTS_TRAD_D_S1,ABER_XG_5_15,0.9953654555807903
AGj_13_8_5,ACCBM_20,0.9953414722859047
ACCBL_20,KCLe_20_2,0.9953357314178982
PIVOTS_TRAD_D_R1,ABER_XG_5_15,0.9953355197447542
Open,DEMA_10,0.995319123702475
Open,PIVOTS_TRAD_D_R1,0.9953126018808539
Open,PIVOTS_TRAD_D_S1,0.9953105674792073
MCGD_10,DCM_20_20,0.9952823819610391
IKS_26,DCM_20_20,0.9952625731443429
AGl_13_8_5,KCLe_20_2,0.9952512458461553
HL2,PIVOTS_TRAD_D_P,0.99523547991537
PIVOTS_TRAD_D_S1,PIVOTS_TRAD_D_R2,0.9952260562282582
Open,HMA_10,0.9952173888303951
FWMA_10,LINREG_14,0.9952080731717363
LINREG_14,BBM_5_2.0_2.0,0.9951819896211158
ALMA_9_6.0_0.85,LINREG_14,0.9951778446244384
OHLC4,PIVOTS_TRAD_D_S1,0.9951626304351532
SMA_10,ABER_SG_5_15,0.9951581367504853
ITS_9,ABER_ZG_5_15,0.9951551264167141
LINREG_14,ABER_XG_5_15,0.9951500211284872
ZL_EMA_10,LDECAY_1,0.9951423710281625
ALMA_9_6.0_0.85,VWMA_10,0.995135276581025
ITS_9,ABER_SG_5_15,0.9951238398920844
SMMA_7,WMA_10,0.9951092127435506
OBV_min_2,OBVe_12,0.995100004511355
KAMA_10_2_30,SMA_10,0.9950891176592667
BBM_5_2.0_2.0,VWMA_10,0.9950807479146678
SMA_10,ABER_ZG_5_15,0.9950734799170656
WMA_10,ZL_EMA_10,0.9950698279371092
FWMA_10,PIVOTS_TRAD_D_S2,0.9950625492739761
EMA_10,T3_10_0.7,0.9950625196686953
HL2,PIVOTS_TRAD_D_S1,0.9950553335460993
OBV_max_2,OBVe_12,0.9950315599848064
PIVOTS_TRAD_D_P,VWAP_D,0.9950135286182004
HLC3,PIVOTS_TRAD_D_P,0.9950135286182002
High,TEMA_10,0.9950035319127473
MCGD_10,SMA_10,0.995003056567005
DEMA_10,OHLC4,0.9949971648699057
Low,PIVOTS_TRAD_D_S1,0.9949866829165004
SWMA_10,ABER_ZG_5_15,0.9949809001230631
ITS_9,KAMA_10_2_30,0.9949602136819217
ABER_SG_5_15,VWMA_10,0.9949541849847524
LINREG_14,ABER_ZG_5_15,0.9949382843142595
SINWMA_14,ACCBM_20,0.9949372185394397
SSF_20,KCLe_20_2,0.9949345143246596
MIDPRICE_2,ABER_SG_5_15,0.994926446796836
PIVOTS_TRAD_D_S2,TEMA_10,0.9949252746641462
OHLC4,PIVOTS_TRAD_D_R1,0.9949246401348476
High,PIVOTS_TRAD_D_R1,0.9948974639246269
ALMA_9_6.0_0.85,SMA_10,0.9948941512953791
WMA_10,ALPHAT_14_1_50,0.9948706303314988
High,PIVOTS_TRAD_D_P,0.9948675978372643
MIDPOINT_2,ABER_XG_5_15,0.9948669206773088
ALMA_9_6.0_0.85,SWMA_10,0.9948618981522777
EMA_10,RMA_10,0.9948510698401859
ITS_9,BBM_5_2.0_2.0,0.9948488205008621
EMA_10,FWMA_10,0.9948479284011978
AGl_13_8_5,SINWMA_14,0.9948410180531968
PIVOTS_TRAD_D_P,WCP,0.9948370050041838
HMA_10,OHLC4,0.9948288514339003
HLC3,PIVOTS_TRAD_D_S1,0.9948284046721199
PIVOTS_TRAD_D_S1,VWAP_D,0.9948284046721191
RMA_10,SSF_20,0.9948148390773482
SWMA_10,ABER_SG_5_15,0.9948065838389923
ITS_9,ALMA_9_6.0_0.85,0.9947944672588003
AGl_13_8_5,T3_10_0.7,0.9947914740547593
EMA_10,ALPHATl_14_1_50_2,0.9947800501461097
KAMA_10_2_30,RMA_10,0.9947681891168442
SMA_10,BBM_5_2.0_2.0,0.9947538582147815
PIVOTS_TRAD_D_R1,WMA_10,0.9947507784617767
AGj_13_8_5,MCGD_10,0.9947420026040912
HL2,PIVOTS_TRAD_D_R1,0.9947338482222461
ALPHAT_14_1_50,VWMA_10,0.9947187052473461
SMMA_7,ALPHATl_14_1_50_2,0.9947120112070298
HMA_10,PIVOTS_TRAD_D_R2,0.9947084617871573
DEMA_10,HLC3,0.9946558931396227
DEMA_10,VWAP_D,0.9946558931396224
PIVOTS_TRAD_D_S1,WCP,0.9946517466056608
Low,PIVOTS_TRAD_D_P,0.9946482271784635
HILO_13_21,DCM_20_20,0.994647220537078
DEMA_10,WCP,0.9946303236536594
SWMA_10,BBM_5_2.0_2.0,0.9946048234134024
ITS_9,AGt_13_8_5,0.9945981707267261
AGt_13_8_5,VWMA_10,0.994597778829827
SMA_10,ALPHATl_14_1_50_2,0.9945964755106624
DEMA_10,HL2,0.9945679706569637
KCBe_20_2,KCUe_20_2,0.9945679007178574
HILO_13_21,SINWMA_14,0.9945571932332877
CHDLREXTl_22_22_14_2.0,DCU_20_20,0.9945507562862003
HLC3,PIVOTS_TRAD_D_R1,0.9945431344512156
PIVOTS_TRAD_D_R1,VWAP_D,0.9945431344512156
EMA_10,ABER_XG_5_15,0.9945282259229145
KAMA_10_2_30,MCGD_10,0.9945165720006799
AGt_13_8_5,TRIMA_10,0.9944895578968321
PIVOTS_TRAD_D_P,WMA_10,0.994488440288694
HL2,HMA_10,0.9944725860232208
HLC3,HMA_10,0.99446968346451
HMA_10,VWAP_D,0.9944696834645099
KAMA_10_2_30,VWMA_10,0.9944662498009814
ALPHATl_14_1_50_2,VWMA_10,0.9944390199273055
HILO_13_21,KCBe_20_2,0.9944300334058127
T3_10_0.7,WMA_10,0.9944194864865711
KAMA_10_2_30,ALPHATl_14_1_50_2,0.9944154589059148
HMA_10,WCP,0.9944123647355101
PIVOTS_TRAD_D_R2,PIVOTS_TRAD_D_R3,0.994408617868403
PIVOTS_TRAD_D_R2,PIVOTS_TRAD_D_R4,0.994408617868403
PIVOTS_TRAD_D_R1,WCP,0.9943941296282545
DEMA_10,PIVOTS_TRAD_D_R2,0.9943479301616063
Close,DEMA_10,0.9943258291523523
ABER_XG_5_15,VWMA_10,0.9943244394471248
MIDPOINT_2,ABER_SG_5_15,0.9943053639203642
PIVOTS_TRAD_D_P,LDECAY_1,0.9943038242046875
SMMA_7,ACCBM_20,0.9942944168951858
ITS_9,ALPHATl_14_1_50_2,0.9942877587032177
RMA_10,SINWMA_14,0.994251327419768
SINWMA_14,ACCBL_20,0.9942469028613746
TRIMA_10,ALPHATl_14_1_50_2,0.9942317578553886
High,DEMA_10,0.9942184624410573
KAMA_10_2_30,KCBe_20_2,0.994217784306813
High,PIVOTS_TRAD_D_S1,0.9942094164814663
SINWMA_14,ALPHATl_14_1_50_2,0.9942079410826458
MCGD_10,TRIMA_10,0.9942071655014804
SMMA_7,SSF3_20,0.9941904350342322
Low,HMA_10,0.9941823775200581
PIVOTS_TRAD_D_R1,LDECAY_1,0.9941723116023164
JMA_7_0.0,LDECAY_1,0.9941668211971515
KAMA_10_2_30,TRIMA_10,0.9941373914729431
ACCBM_20,ACCBU_20,0.9940869621892605
SSF_20,KCBe_20_2,0.9940820428147844
PWMA_10,ABER_ZG_5_15,0.9940784584854336
DEMA_10,PIVOTS_TRAD_D_S2,0.9940632131448874
HILO_13_21,RMA_10,0.9940605774732668
EMA_10,KCBe_20_2,0.9940455127456405
PIVOTS_TRAD_D_R2,WMA_10,0.9940443288148516
TEMA_10,ABER_SG_5_15,0.9940423629841293
Low,DEMA_10,0.9940409706709155
SWMA_10,ALPHATl_14_1_50_2,0.9940393433113637
MIDPRICE_2,WMA_10,0.9940348146723168
Close,HMA_10,0.9940304287528562
KAMA_10_2_30,SWMA_10,0.9940283149165027
SMMA_7,ALPHAT_14_1_50,0.994021835899605
SMMA_7,T3_10_0.7,0.9940061871723708
KAMA_10_2_30,KCLe_20_2,0.9940051919009196
Close,PIVOTS_TRAD_D_P,0.9939900118992185
ALMA_9_6.0_0.85,PWMA_10,0.9939804108534155
High,HMA_10,0.9939799027639499
Open,BBM_5_2.0_2.0,0.993972934860394
AGt_13_8_5,SWMA_10,0.9939628426193332
PIVOTS_TRAD_D_S2,BBM_5_2.0_2.0,0.9939374308506257
AGt_13_8_5,ACCBL_20,0.9939325801402329
PIVOTS_TRAD_D_S1,ABER_SG_5_15,0.9939085823400317
AGj_13_8_5,SMMA_7,0.993903542892226
SSF_20,ACCBL_20,0.9939019116948535
AGt_13_8_5,ALPHATl_14_1_50_2,0.9938866856790224
HILO_13_21,ACCBL_20,0.9938752103692523
OHLC4,BBM_5_2.0_2.0,0.9938698712581706
KAMA_10_2_30,SINWMA_14,0.9938471240718296
OBV,OBVe_12,0.9938313155145599
ALMA_9_6.0_0.85,PIVOTS_TRAD_D_S2,0.9938136815845805
Low,PIVOTS_TRAD_D_R1,0.9938081853545927
ITS_9,FWMA_10,0.9937994139964034
High,BBM_5_2.0_2.0,0.9937988120852602
HILO_13_21,MCGD_10,0.9937961754072606
AGl_13_8_5,ALPHATl_14_1_50_2,0.993794999795262
KAMA_10_2_30,ALPHAT_14_1_50,0.9937901433969769
RMA_10,DCM_20_20,0.9937884533059783
RMA_10,KCUe_20_2,0.9937818931031129
Close,PIVOTS_TRAD_D_S1,0.9937766105649147
Open,ABER_ZG_5_15,0.9937362025981513
SMA_10,ALPHAT_14_1_50,0.9937328083961172
PWMA_10,ABER_SG_5_15,0.993725221876489
SSF_20,ACCBM_20,0.9937172530121204
SINWMA_14,KCBe_20_2,0.9937143578489636
PIVOTS_TRAD_D_R2,ABER_XG_5_15,0.9937134719917667
Open,PIVOTS_TRAD_D_S2,0.99369932501421
KCLe_20_2,VWMA_10,0.9936986414721134
AGt_13_8_5,DCM_20_20,0.9936808746822101
DCM_20_20,KCBe_20_2,0.9936686985410695
PIVOTS_TRAD_D_R2,TEMA_10,0.9936629826210863
ITS_9,ABER_XG_5_15,0.9936624812874064
PWMA_10,BBM_5_2.0_2.0,0.9936601474478208
Close,PIVOTS_TRAD_D_R1,0.993653592293044
MCGD_10,VWMA_10,0.9936518610348262
FWMA_10,VWMA_10,0.9936257083058166
HL2,BBM_5_2.0_2.0,0.9936029123029807
PIVOTS_TRAD_D_S2,ABER_ZG_5_15,0.9935975859002176
MCGD_10,SWMA_10,0.9935877093616069
T3_10_0.7,ALPHATl_14_1_50_2,0.9935860117903765
ITS_9,MCGD_10,0.9935816130897804
PWMA_10,SMMA_7,0.9935806161215162
High,ABER_ZG_5_15,0.9935777017132404
MIDPOINT_2,WMA_10,0.993553361650672
SSF3_20,ALPHATl_14_1_50_2,0.9935529236021412
AGl_13_8_5,PIVOTS_TRAD_D_R1,0.9935509834426698
Low,PIVOTS_TRAD_D_S2,0.9935476565614118
Open,PIVOTS_TRAD_D_R2,0.9935472886139509
BBM_5_2.0_2.0,VWAP_D,0.9935459449085262
HLC3,BBM_5_2.0_2.0,0.9935459449085259
SMMA_7,ACCBL_20,0.9935406875932254
OHLC4,ABER_ZG_5_15,0.9935333730697602
TEMA_10,LDECAY_1,0.9934886353864159
HMA_10,WMA_10,0.9934817893044716
RMA_10,ACCBL_20,0.9934745384220705
AGl_13_8_5,JMA_7_0.0,0.9934643546495587
KAMA_10_2_30,WMA_10,0.9934631561293261
WCP,BBM_5_2.0_2.0,0.9934611640148417
PIVOTS_TRAD_D_S1,LDECAY_1,0.9934384132264513
AGt_13_8_5,HILO_13_21,0.9934340729972453
High,PIVOTS_TRAD_D_R2,0.9934151213730418
AGj_13_8_5,ATRTSe_14_20_3.0,0.9933920878742223
OHLC4,PIVOTS_TRAD_D_S2,0.9933914964538191
LINREG_14,ABER_SG_5_15,0.993390938689066
LDECAY_1,BBM_5_2.0_2.0,0.9933594684178846
PIVOTS_TRAD_D_S2,ABER_XG_5_15,0.9933545982370472
SWMA_10,ABER_XG_5_15,0.9933420843559895
AGl_13_8_5,RMA_10,0.993322617672375
ADX_14,ADXR_14_2,0.9933063946245256
HL2,ABER_ZG_5_15,0.9932943147674481
SMA_10,KCLe_20_2,0.9932933272303166
SMA_10,ABER_XG_5_15,0.9932766157977873
HMA_10,LDECAY_1,0.9932716450363744
HL2,PIVOTS_TRAD_D_S2,0.9932558762461283
TRIMA_10,ABER_ZG_5_15,0.9932523446749225
TRIMA_10,ABER_SG_5_15,0.9932433918178899
SINWMA_14,KCLe_20_2,0.9932271501578023
DCM_20_20,KCLe_20_2,0.9932063952861391
CHDLREXTs_22_22_14_2.0,DCL_20_20,0.9931923953204781
Open,ABER_XG_5_15,0.9931876663913353
ABER_ZG_5_15,VWAP_D,0.9931808941054402
HLC3,ABER_ZG_5_15,0.9931808941054402
AGl_13_8_5,PIVOTS_TRAD_D_P,0.9931736528627246
Open,ALMA_9_6.0_0.85,0.9931728210144967
OHLC4,ABER_XG_5_15,0.9931414949668478
ALPHAT_14_1_50,ABER_ZG_5_15,0.993111932111062
ALMA_9_6.0_0.85,TRIMA_10,0.9931089258580967
SINWMA_14,WMA_10,0.9930945257882344
SMMA_7,DCM_20_20,0.9930721644047736
AGl_13_8_5,DEMA_10,0.9930717236295062
WCP,ABER_ZG_5_15,0.9930687773433529
ALPHATl_14_1_50_2,KCLe_20_2,0.9930656392590381
LDECAY_1,ABER_ZG_5_15,0.9930638593486797
CKSPl_10_3_20,CHDLREXTl_22_22_14_2.0,0.993039566073644
ALPHAT_14_1_50,ABER_SG_5_15,0.9930257000801833
PIVOTS_TRAD_D_S2,VWAP_D,0.9930122413829026
HLC3,PIVOTS_TRAD_D_S2,0.9930122413829023
PIVOTS_TRAD_D_S1,WMA_10,0.9929963190385104
LINREG_14,WMA_10,0.9929936905078176
HILO_13_21,SSF_20,0.9929921834577626
FWMA_10,SMA_10,0.9929806712034861
AGl_13_8_5,PIVOTS_TRAD_D_R2,0.9929700509246819
SSF_20,ALPHAT_14_1_50,0.9929301055752622
LINREG_14,MIDPOINT_2,0.9929270906517863
HL2,ABER_XG_5_15,0.9929227005381294
OHLC4,PIVOTS_TRAD_D_R2,0.9929057139772367
Close,BBM_5_2.0_2.0,0.9929008213633285
ALMA_9_6.0_0.85,OHLC4,0.9928992487425704
ITS_9,KCLe_20_2,0.9928906987963436
MCGD_10,SSF3_20,0.9928806586606291
ALPHAT_14_1_50,ABER_XG_5_15,0.9928794242341074
High,ALMA_9_6.0_0.85,0.9928765289468283
AGj_13_8_5,ACCBU_20,0.9928761527799068
IKS_26,ACCBM_20,0.9928523888603472
DEMA_10,LDECAY_1,0.992851388756682
PIVOTS_TRAD_D_S2,WCP,0.992842245624799
ACCBL_20,KCBe_20_2,0.992833652781886
TRIMA_10,BBM_5_2.0_2.0,0.9928285381314983
AGt_13_8_5,WMA_10,0.9928206434303655
AGt_13_8_5,SSF3_20,0.9928190262111197
LDECAY_1,ABER_SG_5_15,0.9928023832082614
ABER_XG_5_15,VWAP_D,0.9927984961161257
HLC3,ABER_XG_5_15,0.9927984961161255
AGt_13_8_5,T3_10_0.7,0.9927854948361156
PIVOTS_TRAD_D_R2,LDECAY_1,0.9927801781464806
MCGD_10,T3_10_0.7,0.9927517059122698
IKS_26,MCGD_10,0.9927505916216929
TEMA_10,WMA_10,0.992747951826202
Open,ABER_SG_5_15,0.9927372960057262
T3_10_0.7,ACCBL_20,0.9927347982668794
ALPHAT_14_1_50,BBM_5_2.0_2.0,0.9927243071394717
SSF_20,ABER_SG_5_15,0.992710234111769
PIVOTS_TRAD_D_S2,PIVOTS_TRAD_D_R2,0.9926842439133208
High,ABER_SG_5_15,0.9926581410723674
WCP,ABER_XG_5_15,0.9926561182067675
HL2,PIVOTS_TRAD_D_R2,0.9926329140550574
ALMA_9_6.0_0.85,HL2,0.9926193719633501
High,ABER_XG_5_15,0.992589549000539
PWMA_10,ALPHATl_14_1_50_2,0.992578327031794
AGl_13_8_5,MIDPRICE_2,0.9925628315602538
KAMA_10_2_30,SSF3_20,0.992555708287164
SMMA_7,ABER_SG_5_15,0.9925445462659244
Low,BBM_5_2.0_2.0,0.9925428879380014
ACCBM_20,KCLe_20_2,0.9925391113266665
LINREG_14,MIDPRICE_2,0.9925340879491329
ALMA_9_6.0_0.85,HLC3,0.9925200037558747
ALMA_9_6.0_0.85,VWAP_D,0.992520003755874
PIVOTS_TRAD_D_R2,VWAP_D,0.9924949558888233
HLC3,PIVOTS_TRAD_D_R2,0.9924949558888233
AGl_13_8_5,ZL_EMA_10,0.9924654841600966
PWMA_10,ABER_XG_5_15,0.9924518472721046
Close,ABER_ZG_5_15,0.9924158755730892
ALMA_9_6.0_0.85,WCP,0.9924131150061485
SSF_20,ABER_ZG_5_15,0.9924113128568955
ALMA_9_6.0_0.85,ALPHAT_14_1_50,0.9924067424187548
ABER_SG_5_15,BBU_5_2.0_2.0,0.9924052297130288
ALMA_9_6.0_0.85,LDECAY_1,0.9923971038841453
SWMA_10,ALPHAT_14_1_50,0.9923895789909869
PIVOTS_TRAD_D_R2,WCP,0.992381148045122
HILO_13_21,SMMA_7,0.9923614754040727
FWMA_10,ALPHAT_14_1_50,0.9923462847284438
HT_TL,ACCBU_20,0.9923176621980643
WMA_10,ALPHATl_14_1_50_2,0.9923086859736268
High,PIVOTS_TRAD_D_S2,0.9922958256120695
TRIMA_10,KCLe_20_2,0.9922951741443705
AGt_13_8_5,ALPHAT_14_1_50,0.9922843649367761
AGl_13_8_5,KCBe_20_2,0.9922775675378797
APO_12_26,PPO_12_26_9,0.992260869399581
ATRTSe_14_20_3.0,KCBe_20_2,0.9922414621563215
ALPHAT_14_1_50,KCLe_20_2,0.9922308449172043
KAMA_10_2_30,PWMA_10,0.9922298457126033
IKS_26,AGj_13_8_5,0.9922252660208126
MCGD_10,WMA_10,0.9921993468115796
AGj_13_8_5,KCLe_20_2,0.9921738050239629
ALMA_9_6.0_0.85,SSF_20,0.9921731437456257
Low,ABER_ZG_5_15,0.9921477977094092
Close,PIVOTS_TRAD_D_S2,0.9921336881592905
LINREG_14,PIVOTS_TRAD_D_S1,0.9921191711357296
ACCBU_20,KCBe_20_2,0.9921115994371806
IKS_26,KCBe_20_2,0.992108944637327
Low,ABER_XG_5_15,0.992108530982991
LINREG_14,PIVOTS_TRAD_D_P,0.9921059680964903
OHLC4,ABER_SG_5_15,0.9920889869079041
EMA_10,PIVOTS_TRAD_D_R1,0.9920857254558193
HILO_13_21,ACCBU_20,0.9920775111249921
RMA_10,SMA_10,0.9920763090179121
FWMA_10,SWMA_10,0.9920534949900136
IKS_26,RMA_10,0.9920381422540163
LDECAY_1,ABER_XG_5_15,0.9919757760367468
SWMA_10,KCLe_20_2,0.9919643844339333
SSF_20,BBM_5_2.0_2.0,0.991957153105303
Close,ABER_XG_5_15,0.9919463994867251
PIVOTS_TRAD_D_S2,ABER_SG_5_15,0.9919410279383206
RMA_10,ATRTSe_14_20_3.0,0.9919319514476631
AGj_13_8_5,HILO_13_21,0.9919141753292734
SMMA_7,ABER_ZG_5_15,0.9919141547122914
AGt_13_8_5,PWMA_10,0.991897142291755
MOM_10,ROC_10,0.9918909799473691
AGl_13_8_5,MIDPOINT_2,0.9918608942808512
ACCBM_20,KCUe_20_2,0.9918260294299485
Close,ALMA_9_6.0_0.85,0.9917952090902732
LINREG_14,PIVOTS_TRAD_D_R1,0.991793683955541
High,WMA_10,0.9917905711995338
Close,PIVOTS_TRAD_D_R2,0.9917876017539022
SSF3_20,ABER_SG_5_15,0.9917763732638146
SSF3_20,ABER_ZG_5_15,0.9917740954548043
HL2,ABER_SG_5_15,0.9917641553947736
TRIMA_10,ALPHAT_14_1_50,0.9917617186444575
KAMA_10_2_30,T3_10_0.7,0.9917264528648895
MCGD_10,PWMA_10,0.9917207042824683
Open,WMA_10,0.9917099402132442
ABER_SG_5_15,VWAP_D,0.9916784128266436
HLC3,ABER_SG_5_15,0.9916784128266436
MEDIAN_30,ACCBU_20,0.9916727925209738
QTL_30_0.5,ACCBU_20,0.9916727925209738
PIVOTS_TRAD_D_S2,LDECAY_1,0.9916708983028057
WMA_10,LDECAY_1,0.9916704266959726
EMA_10,JMA_7_0.0,0.9916625616432677
ALMA_9_6.0_0.85,SSF3_20,0.9916557349287564
CKSPl_10_3_20,DCU_20_20,0.9916474899731703
EMA_10,PIVOTS_TRAD_D_R2,0.9916375645937323
EMA_10,PIVOTS_TRAD_D_P,0.991636633270261
SSF_20,DCM_20_20,0.9916355628782196
WCP,ABER_SG_5_15,0.9916171822126512
EMA_10,ACCBL_20,0.9916157056488676
DEMA_10,VWMA_10,0.9916088295750413
ITS_9,DEMA_10,0.9915738264993555
SINWMA_14,DCM_20_20,0.9915574525656338
SMMA_7,BBM_5_2.0_2.0,0.9915526632620093
AGl_13_8_5,LDECAY_1,0.9915321322430819
Low,ALMA_9_6.0_0.85,0.9915030351548214
WMA_10,KCLe_20_2,0.9914932073912377
ALMA_9_6.0_0.85,SMMA_7,0.9914847126016286
OHLC4,WMA_10,0.9914661823724347
PIVOTS_TRAD_D_R1,PIVOTS_TRAD_D_R3,0.9914520190033809
PIVOTS_TRAD_D_R1,PIVOTS_TRAD_D_R4,0.9914520190033809
TRIMA_10,ABER_XG_5_15,0.9914229064835958
RMA_10,TRIMA_10,0.9913420111308591
SSF3_20,BBM_5_2.0_2.0,0.9913334742373549
ATRTSe_14_20_3.0,KCUe_20_2,0.9913131294827615
T3_10_0.7,ACCBM_20,0.9912845192026974
Low,PIVOTS_TRAD_D_R2,0.9912704962364609
AGl_13_8_5,PIVOTS_TRAD_D_S1,0.9912661205358126
RMA_10,ACCBU_20,0.9912427803139497
QTL_30_0.5,KCUe_20_2,0.9912423532326614
MEDIAN_30,KCUe_20_2,0.9912423532326614
HILO_13_21,T3_10_0.7,0.9912143423152006
MCGD_10,ALPHATl_14_1_50_2,0.9911970547818068
DEMA_10,EMA_10,0.9911884233927832
ALPHATl_14_1_50_2,KCBe_20_2,0.9911711506091493
HL2,WMA_10,0.9911590707573876
SMA_10,KCBe_20_2,0.9911574166539389
RMA_10,ALPHATl_14_1_50_2,0.9911548176041816
AGj_13_8_5,DCM_20_20,0.9911191606615051
HLC3,WMA_10,0.9911078107551945
WMA_10,VWAP_D,0.9911078107551942
Close,ABER_SG_5_15,0.9910948588407028
ITS_9,JMA_7_0.0,0.9910931246700699
EMA_10,DCM_20_20,0.9910662250624439
DEMA_10,SMA_10,0.9910561877266522
WCP,WMA_10,0.9910378926034121
KAMA_10_2_30,ABER_SG_5_15,0.9910110860468565
High,AGl_13_8_5,0.9909754639520598
Open,LINREG_14,0.9909741153572914
PIVOTS_TRAD_D_S2,PIVOTS_TRAD_D_S3,0.9909534619843814
PIVOTS_TRAD_D_S2,PIVOTS_TRAD_D_S4,0.9909534619843814
ITS_9,RMA_10,0.9909085384947551
TRIMA_10,ACCBL_20,0.9908702512293536
T3_10_0.7,KCLe_20_2,0.9908692521823218
SMA_10,ACCBL_20,0.9908579970744599
EMA_10,MIDPRICE_2,0.9908424719795371
IKS_26,CKSPs_10_3_20,0.9908415153896558
EMA_10,ACCBM_20,0.9908306501635751
WMA_10,BBU_5_2.0_2.0,0.990826477795411
PIVOTS_TRAD_D_S2,WMA_10,0.9908173035240394
DEMA_10,SWMA_10,0.990811498983594
KAMA_10_2_30,DCM_20_20,0.990790232274718
HILO_13_21,KCLe_20_2,0.990779047834405
RMA_10,VWMA_10,0.9907672449429524
JMA_7_0.0,VWMA_10,0.990748826999942
SSF3_20,ALPHAT_14_1_50,0.9907448790087541
LINREG_14,PIVOTS_TRAD_D_S2,0.9907317425382871
HILO_13_21,HILOs_13_21,0.9906592593022692
SSF3_20,KCLe_20_2,0.9906441558257129
AGj_13_8_5,QTL_30_0.5,0.9906245107143093
AGj_13_8_5,MEDIAN_30,0.9906245107143093
IKS_26,ACCBL_20,0.9905847228562188
IKS_26,HILO_13_21,0.990559069281435
AGl_13_8_5,ACCBL_20,0.990557498845395
AGt_13_8_5,KCUe_20_2,0.9905467355853441
EMA_10,ZL_EMA_10,0.9905251697944188
Close,WMA_10,0.9905222044287137
ALMA_9_6.0_0.85,BBU_5_2.0_2.0,0.9904955113038474
MEDIAN_30,HT_TL,0.9904724645845738
QTL_30_0.5,HT_TL,0.9904724645845738
ABER_ZG_5_15,BBU_5_2.0_2.0,0.9904679767604304
ITS_9,PIVOTS_TRAD_D_R1,0.9904563986626373
HILOl_13_21,MEDIAN_30,0.9904393260865954
HILOl_13_21,QTL_30_0.5,0.9904393260865954
FWMA_10,PWMA_10,0.9903829075109499
EMA_10,LDECAY_1,0.9903743030936784
TRIMA_10,KCBe_20_2,0.9903739366728239
RMA_10,SWMA_10,0.9903608508092956
SSF_20,ABER_XG_5_15,0.9903449215599328
ABER_XG_5_15,BBL_5_2.0_2.0,0.9903394340799878
Low,ABER_SG_5_15,0.9903384305333515
SSF3_20,ACCBL_20,0.9903312697671115
T3_10_0.7,ALPHAT_14_1_50,0.9903097344204402
AGl_13_8_5,OHLC4,0.9902956396721088
BBM_5_2.0_2.0,BBU_5_2.0_2.0,0.9902850298391118
KAMA_10_2_30,ACCBM_20,0.990278036700406
KAMA_10_2_30,ABER_ZG_5_15,0.9902772748722719
FWMA_10,TRIMA_10,0.9902699492955059
AGl_13_8_5,HMA_10,0.990262979951116
PWMA_10,ALPHAT_14_1_50,0.9902509802561195
LINREG_14,PIVOTS_TRAD_D_R2,0.9902324160683147
ACCBU_20,CHDLREXTl_22_22_14_2.0,0.9901980283838944
HT_TL,KCUe_20_2,0.9901862518392317
HILO_13_21,ALPHATl_14_1_50_2,0.9901498093989581
AGl_13_8_5,HL2,0.9901418989512081
ITS_9,PIVOTS_TRAD_D_R2,0.9901250299527603
AGj_13_8_5,KAMA_10_2_30,0.9900816082585349
T3_10_0.7,ABER_ZG_5_15,0.9900799277226582
SSF3_20,ABER_XG_5_15,0.9900776136410375
AGt_13_8_5,ABER_SG_5_15,0.9900637109864576
MAD_30,STDEV_30,0.990049863937867
AGl_13_8_5,HLC3,0.9900451925430318
AGl_13_8_5,VWAP_D,0.9900451925430316
ITS_9,KCBe_20_2,0.9900329282727037
SMA_10,ACCBM_20,0.9900298356818391
CHDLREXTl_22_22_14_2.0,KCUe_20_2,0.9900292666770225
DEMA_10,HWM_1,0.9900244501420291
DEMA_10,HWMA_0.2_0.1_0.1,0.9900244501420291
Open,AGl_13_8_5,0.990010690158596
HT_TL,ACCBM_20,0.9900105159830352
EMA_10,MIDPOINT_2,0.989995079877835
KAMA_10_2_30,BBM_5_2.0_2.0,0.9899897912987776
PIVOTS_TRAD_D_R1,VWMA_10,0.9899883222501001
SINWMA_14,ALPHAT_14_1_50,0.9899723543196253
ACCBU_20,DCU_20_20,0.9899622494247662
LINREG_14,OHLC4,0.9899595875074014
TRIMA_10,ACCBM_20,0.98995878738087
AGl_13_8_5,WCP,0.9899516525598145
SWMA_10,BBU_5_2.0_2.0,0.9899513653290362
ITS_9,PIVOTS_TRAD_D_P,0.9899425980832656
ALMA_9_6.0_0.85,KAMA_10_2_30,0.9899301015185369
IKS_26,AGt_13_8_5,0.989927636622042
AGl_13_8_5,DCM_20_20,0.9899071573955979
ALMA_9_6.0_0.85,T3_10_0.7,0.9898744212280739
PWMA_10,KCLe_20_2,0.9898671144275745
FWMA_10,SMMA_7,0.9898644664819893
AGl_13_8_5,BBU_5_2.0_2.0,0.9898630629425217
KCBe_20_2,VWMA_10,0.9898470444296883
T3_10_0.7,ABER_SG_5_15,0.9898261280006801
HILO_13_21,KAMA_10_2_30,0.9897924724736816
ACCBM_20,CHDLREXTl_22_22_14_2.0,0.9897688174625741
CHDLREXTs_22_22_14_2.0,DCM_20_20,0.9897623477062732
HILO_13_21,TRIMA_10,0.9897529279921267
IKS_26,CHDLREXTs_22_22_14_2.0,0.9897224159106305
Low,WMA_10,0.9897167238783993
AGj_13_8_5,ACCBL_20,0.9897128151344977
DEMA_10,PWMA_10,0.9897009062578729
PIVOTS_TRAD_D_P,VWMA_10,0.9896739954271612
SMA_10,BBU_5_2.0_2.0,0.9896714013738053
ALPHATl_14_1_50_2,DCM_20_20,0.9896557469300817
ACCBL_20,VWMA_10,0.9896138296810635
JMA_7_0.0,SMA_10,0.9895993713070584
SWMA_10,ACCBL_20,0.9895932430877057
T3_10_0.7,BBM_5_2.0_2.0,0.9895791035431115
FWMA_10,SSF_20,0.9895699069855923
HILO_13_21,SMA_10,0.9895640768110193
ITS_9,MIDPRICE_2,0.9895629041443034
RMA_10,T3_10_0.7,0.9895530672974441
HILO_13_21,SSF3_20,0.9895382142251109
EMA_10,PIVOTS_TRAD_D_S1,0.989535982276157
PIVOTS_TRAD_D_R2,VWMA_10,0.9895115412345848
IKS_26,KCLe_20_2,0.9895099247985703
LINREG_14,WCP,0.9895044739583123
RMA_10,SSF3_20,0.9894939614090221
LINREG_14,VWAP_D,0.9894875278739014
HLC3,LINREG_14,0.9894875278739013
SMMA_7,ABER_XG_5_15,0.9894805685917335
ITS_9,ZL_EMA_10,0.989479876784731
JMA_7_0.0,ALPHAT_14_1_50,0.9894645076295948
PWMA_10,BBU_5_2.0_2.0,0.9894317996744474
DEMA_10,ALPHAT_14_1_50,0.9894013995337246
AGj_13_8_5,CHDLREXTl_22_22_14_2.0,0.989391424089238
High,EMA_10,0.9893788379988246
Close,LINREG_14,0.9893703944348138
AGt_13_8_5,ATRTSe_14_20_3.0,0.9893579642061465
MCGD_10,ALPHAT_14_1_50,0.9893567937228087
PIVOTS_TRAD_D_R2,SMA_10,0.9893542350054697
HL2,LINREG_14,0.989340113700993
EMA_10,BBU_5_2.0_2.0,0.9893323542459944
ALPHATl_14_1_50_2,ABER_SG_5_15,0.989329009735857
PIVOTS_TRAD_D_R1,SMA_10,0.9893253023868491
PIVOTS_TRAD_D_P,ALPHAT_14_1_50,0.9893121948830566
SSF3_20,ACCBM_20,0.9893019665749647
SWMA_10,KCBe_20_2,0.989292748441292
Close,AGl_13_8_5,0.9892924509347011
EMA_10,HILO_13_21,0.9892844981528928
HWMA_0.2_0.1_0.1,LINREG_14,0.9892569091505345
LINREG_14,HWM_1,0.9892569091505344
MCGD_10,ATRTSe_14_20_3.0,0.98924284718502
ZL_EMA_10,VWMA_10,0.9892086879581972
AGl_13_8_5,ACCBM_20,0.9891964280334092
PIVOTS_TRAD_D_R1,ALPHAT_14_1_50,0.9891842314555788
HILO_13_21,HT_TL,0.9891548919017012
HILO_13_21,KCUe_20_2,0.9891479041636407
KAMA_10_2_30,ACCBL_20,0.9891300585815114
Low,LINREG_14,0.9891157379377181
DCU_20_20,KCUe_20_2,0.9891055757244331
AGj_13_8_5,SINWMA_14,0.9890918768721153
AGt_13_8_5,ABER_ZG_5_15,0.989085681331355
SMA_10,DCM_20_20,0.9890830983131162
CHDLREXTl_22_22_14_2.0,DCM_20_20,0.9889929738287251
FWMA_10,SSF3_20,0.9889883370632283
High,LINREG_14,0.9889692220068406
ALPHATl_14_1_50_2,ACCBL_20,0.9889646220097534
TRIMA_10,BBU_5_2.0_2.0,0.9889529304437079
DEMA_10,HWL_1,0.9889504722709059
AGj_13_8_5,SSF_20,0.9889259717502122
AGj_13_8_5,HT_TL,0.9889114134861228
T3_10_0.7,DCM_20_20,0.9889023894583142
CHDLREXTl_22_22_14_2.0,KCBe_20_2,0.9888664601221897
JMA_7_0.0,SWMA_10,0.9888501600439249
ITS_9,ACCBL_20,0.9888456426781445
MIDPRICE_2,VWMA_10,0.9888423644451482
ITS_9,MIDPOINT_2,0.9888151651913403
AGl_13_8_5,PIVOTS_TRAD_D_S2,0.9887894363328199
MCGD_10,ABER_SG_5_15,0.9887647008932129
ALPHAT_14_1_50,LDECAY_1,0.9887620656371745
RMA_10,CHDLREXTl_22_22_14_2.0,0.988751890963324
AGl_13_8_5,TEMA_10,0.9887237141906863
ALPHATl_14_1_50_2,ABER_ZG_5_15,0.988712447805807
DEMA_10,TRIMA_10,0.9886989861106914
AGt_13_8_5,BBM_5_2.0_2.0,0.9886805745913044
ITS_9,DCM_20_20,0.9886786279423726
IKS_26,CHDLREXTl_22_22_14_2.0,0.9886629074243288
T3_10_0.7,KCBe_20_2,0.9886610912214385
IKS_26,ATRTSe_14_20_3.0,0.9886595442897865
MIDPRICE_2,ALPHAT_14_1_50,0.9886441834603841
T3_10_0.7,ABER_XG_5_15,0.9886281551197417
AGt_13_8_5,ALMA_9_6.0_0.85,0.9886257329216392
SINWMA_14,ABER_SG_5_15,0.9886142314402269
ATRTSe_14_20_3.0,CHDLREXTl_22_22_14_2.0,0.9886016388694588
SSF3_20,KCBe_20_2,0.9885955063500362
AGj_13_8_5,EMA_10,0.9885923945049168
HT_TL,KCBe_20_2,0.9885806637883306
EMA_10,OHLC4,0.9885388769235348
ALPHATl_14_1_50_2,ACCBM_20,0.9885341124162655
MCGD_10,ABER_ZG_5_15,0.9884918699770574
KAMA_10_2_30,ATRTSe_14_20_3.0,0.9884828609502887
PIVOTS_TRAD_D_P,SMA_10,0.9884409610864053
CKSPs_10_3_20,CHDLREXTs_22_22_14_2.0,0.9884294361537171
SSF_20,BBU_5_2.0_2.0,0.9884046537084542
EMA_10,HL2,0.9883950362200687
PIVOTS_TRAD_D_S1,BBL_5_2.0_2.0,0.9883833254589468
Low,AGl_13_8_5,0.9883727786231397
PIVOTS_TRAD_D_R2,ALPHAT_14_1_50,0.988364116641276
ZL_EMA_10,ALPHAT_14_1_50,0.9883454772047316
FWMA_10,KAMA_10_2_30,0.9883272663924414
ACCBU_20,ATRTSe_14_20_3.0,0.9882926776705188
Open,EMA_10,0.9882812801341285
EMA_10,VWAP_D,0.9882798025376656
EMA_10,HLC3,0.9882798025376656
PIVOTS_TRAD_D_R2,BBU_5_2.0_2.0,0.9882610386936895
ALMA_9_6.0_0.85,MCGD_10,0.9882531331636513
EMA_10,HMA_10,0.9882528703974265
ITS_9,PIVOTS_TRAD_D_S1,0.9882518305044075
IKS_26,SMMA_7,0.9882439656994871
ALMA_9_6.0_0.85,ALPHATl_14_1_50_2,0.9882409025119397
MCGD_10,BBM_5_2.0_2.0,0.9882213208668552
SMA_10,ZL_EMA_10,0.9882191744201614
SWMA_10,ACCBM_20,0.9882159592762002
DCL_20_20,DCM_20_20,0.9882020922232857
PIVOTS_TRAD_D_R2,SWMA_10,0.9881879720394765
RMA_10,ALPHAT_14_1_50,0.9881846011726271
EMA_10,WCP,0.9881838333918727
TRIMA_10,DCM_20_20,0.9881789209143431
RMA_10,WMA_10,0.9881646176353286
DCM_20_20,VWMA_10,0.9881524181421314
ACCBM_20,ATRTSe_14_20_3.0,0.9881479463592084
PWMA_10,RMA_10,0.9881245627861402
ACCBU_20,DCM_20_20,0.9881126552364516
SMMA_7,KCUe_20_2,0.9880976272462834
PIVOTS_TRAD_D_R1,SWMA_10,0.9880771833218205
AGt_13_8_5,ACCBU_20,0.988061799958423
FWMA_10,BBU_5_2.0_2.0,0.9880506690341279
ALPHATl_14_1_50_2,BBM_5_2.0_2.0,0.9880338051815242
MCGD_10,KCUe_20_2,0.9880234265834286
ABER_ZG_5_15,KCLe_20_2,0.9879912773383067
TRIX_30_9,TRIXs_30_9,0.9879773706845976
HILO_13_21,SWMA_10,0.9879742036625596
MIDPOINT_2,VWMA_10,0.9879673799429308
FWMA_10,BBL_5_2.0_2.0,0.9879631765146735
SINWMA_14,ABER_ZG_5_15,0.9879594441296681
ITS_9,LDECAY_1,0.98795175581895
JMA_7_0.0,BBL_5_2.0_2.0,0.987951530371532
DEMA_10,SSF3_20,0.987934173177725
PIVOTS_TRAD_D_P,PIVOTS_TRAD_D_R4,0.9879155097670984
PIVOTS_TRAD_D_P,PIVOTS_TRAD_D_R3,0.9879155097670984
ALPHAT_14_1_50,KCBe_20_2,0.9879011570526914
KAMA_10_2_30,ABER_XG_5_15,0.9878804313868601
PIVOTS_TRAD_D_S1,VWMA_10,0.987852228412496
PWMA_10,ACCBL_20,0.9878307272313143
ITS_9,BBU_5_2.0_2.0,0.9878148862346519
BBL_5_2.0_2.0,BBM_5_2.0_2.0,0.987806706646494
ABER_ZG_5_15,BBL_5_2.0_2.0,0.9878047214675385
ITS_9,ACCBM_20,0.987772313890471
SSF3_20,BBU_5_2.0_2.0,0.9877388364157279
PIVOTS_TRAD_D_S1,ALPHAT_14_1_50,0.9877332856905382
High,ITS_9,0.9877329798195297
ALPHATl_14_1_50_2,ABER_XG_5_15,0.9877190593835384
ALMA_9_6.0_0.85,SINWMA_14,0.9876982582082363
HILO_13_21,PSARs_0.02_0.2,0.9876670683280112
MIDPRICE_2,SMA_10,0.9876629282806562
ITS_9,HILO_13_21,0.9876495447753102
ABER_XG_5_15,KCLe_20_2,0.9876370203129917
HWL_1,HWU_1,0.9876133457020556
QTL_30_0.5,ACCBM_20,0.9876006446934182
MEDIAN_30,ACCBM_20,0.9876006446934182
BBM_5_2.0_2.0,KCLe_20_2,0.9876006089094557
MIDPOINT_2,ALPHAT_14_1_50,0.9875945379027539
ACCBM_20,VWMA_10,0.9875804913159474
LINREG_14,SWMA_10,0.9875736591468379
High,ALPHAT_14_1_50,0.9875272495839863
PIVOTS_TRAD_D_P,BBL_5_2.0_2.0,0.9875153786829116
ZL_EMA_10,BBL_5_2.0_2.0,0.9875153389272111
Close,EMA_10,0.987507820018056
Open,ITS_9,0.9875048178560727
ALMA_9_6.0_0.85,KCLe_20_2,0.9875018076488065
AGl_13_8_5,HILO_13_21,0.9874776127656577
SINWMA_14,BBM_5_2.0_2.0,0.9874305004948383
BBU_5_2.0_2.0,VWMA_10,0.9874205023593616
ALPHAT_14_1_50,DCM_20_20,0.9874161412565597
PIVOTS_TRAD_D_R4,ABER_SG_5_15,0.9874154990726642
PIVOTS_TRAD_D_R3,ABER_SG_5_15,0.9874154990726642
Open,ALPHAT_14_1_50,0.9874068411913715
ATRTSe_14_20_3.0,DCM_20_20,0.987401155838251
SMMA_7,ATRTSe_14_20_3.0,0.9873931737638444
JMA_7_0.0,PWMA_10,0.9873865621456432
HILOs_13_21,ACCBM_20,0.9873837321036532
ACCBL_20,CHDLREXTs_22_22_14_2.0,0.9873837286550624
SWMA_10,ZL_EMA_10,0.9873566537435969
MIDPRICE_2,PIVOTS_TRAD_D_R3,0.9873505426077145
MIDPRICE_2,PIVOTS_TRAD_D_R4,0.9873505426077145
AGl_13_8_5,LINREG_14,0.9873459948048032
LINREG_14,PWMA_10,0.9873458497826525
FWMA_10,T3_10_0.7,0.9873394289123858
PIVOTS_TRAD_D_R1,SMMA_7,0.9873282293240446
HILO_13_21,VWMA_10,0.9872919601301009
PIVOTS_TRAD_D_R2,SMMA_7,0.9872905929474113
ALMA_9_6.0_0.85,BBL_5_2.0_2.0,0.9872411174352973
PIVOTS_TRAD_D_P,SWMA_10,0.9872371138857129
MCGD_10,ACCBU_20,0.987205553882084
SWMA_10,DCM_20_20,0.9871692180998223
OHLC4,ALPHAT_14_1_50,0.9871524096478596
ALMA_9_6.0_0.85,PIVOTS_TRAD_D_R3,0.9871278757396353
ALMA_9_6.0_0.85,PIVOTS_TRAD_D_R4,0.9871278757396353
ABER_XG_5_15,BBU_5_2.0_2.0,0.9871169400694888
DCL_20_20,KCLe_20_2,0.9871086064710901
PIVOTS_TRAD_D_R1,BBU_5_2.0_2.0,0.9870959558297479
ITS_9,OHLC4,0.9870762327024817
SSF3_20,DCM_20_20,0.9870735101087158
PIVOTS_TRAD_D_R3,BBM_5_2.0_2.0,0.9870676315091619
PIVOTS_TRAD_D_R4,BBM_5_2.0_2.0,0.9870676315091619
LINREG_14,HWL_1,0.9870618859008883
PIVOTS_TRAD_D_S2,BBL_5_2.0_2.0,0.9870025584688665
WMA_10,KCBe_20_2,0.9869847056740795
PIVOTS_TRAD_D_R4,ABER_ZG_5_15,0.9869768319241375
PIVOTS_TRAD_D_R3,ABER_ZG_5_15,0.9869768319241375
HL2,ALPHAT_14_1_50,0.9869680984616602
LINREG_14,LDECAY_1,0.986967208091439
ABER_XG_5_15,HWL_1,0.9869607034459147
EMA_10,PIVOTS_TRAD_D_S2,0.9869584143936154
DEMA_10,BBL_5_2.0_2.0,0.9869456555034716
Low,BBL_5_2.0_2.0,0.9869451697886784
MIDPOINT_2,SMA_10,0.986933567595232
LINREG_14,VWMA_10,0.9869235896997919
ITS_9,HMA_10,0.9869189247760498
PWMA_10,KCBe_20_2,0.9868913588856906
HMA_10,VWMA_10,0.9868615465195406
ALPHAT_14_1_50,VWAP_D,0.9868378591409335
HLC3,ALPHAT_14_1_50,0.9868378591409332
LINREG_14,SMA_10,0.9868194605211736
ACCBL_20,DCL_20_20,0.9867974215737921
HMA_10,BBL_5_2.0_2.0,0.9867972992825128
ITS_9,HL2,0.9867933623054699
ITS_9,LINREG_14,0.986786255920341
LDECAY_1,VWMA_10,0.9867737925525863
AGt_13_8_5,FWMA_10,0.9867614475667122
SMMA_7,BBU_5_2.0_2.0,0.9867514083849028
WCP,ALPHAT_14_1_50,0.9867455072948719
HILOl_13_21,ACCBU_20,0.9867430933862666
ITS_9,HLC3,0.9867330448317974
ITS_9,VWAP_D,0.986733044831797
RMA_10,HT_TL,0.9867235803047982
ITS_9,WCP,0.9866825453799006
High,VWMA_10,0.9866457365450838
DEMA_10,SSF_20,0.9866445904973273
JMA_7_0.0,TRIMA_10,0.9866414510676971
AGt_13_8_5,CHDLREXTl_22_22_14_2.0,0.9865890399531166
PIVOTS_TRAD_D_P,SMMA_7,0.9865834035762012
DEMA_10,BBU_5_2.0_2.0,0.986573841680692
HMA_10,ALPHAT_14_1_50,0.9865699686299951
HILO_13_21,ATRTSe_14_20_3.0,0.9865647761648302
IKS_26,ACCBU_20,0.9865465786572715
IKS_26,HT_TL,0.9865445454029685
PIVOTS_TRAD_D_R2,TRIMA_10,0.9864989202623462
Low,EMA_10,0.9864813636441888
ABER_SG_5_15,KCLe_20_2,0.9864779133631987
AGj_13_8_5,AGl_13_8_5,0.9864543185378237
JMA_7_0.0,PIVOTS_TRAD_D_R3,0.9864500244890397
JMA_7_0.0,PIVOTS_TRAD_D_R4,0.9864500244890397
KAMA_10_2_30,BBU_5_2.0_2.0,0.9864491121710216
MIDPRICE_2,BBL_5_2.0_2.0,0.98641870845013
ABER_XG_5_15,HWM_1,0.9864122786946065
HWMA_0.2_0.1_0.1,ABER_XG_5_15,0.9864122786946062
MIDPOINT_2,PIVOTS_TRAD_D_R3,0.9864057121120405
MIDPOINT_2,PIVOTS_TRAD_D_R4,0.9864057121120405
WMA_10,ACCBL_20,0.986391217271047
ITS_9,PIVOTS_TRAD_D_S2,0.9863798597149548
EMA_10,TEMA_10,0.986374914632182
FWMA_10,PIVOTS_TRAD_D_R4,0.9863716323909537
FWMA_10,PIVOTS_TRAD_D_R3,0.9863716323909537
MCGD_10,CHDLREXTs_22_22_14_2.0,0.9863384331713818
PIVOTS_TRAD_D_R2,SSF_20,0.9863253877476893
PIVOTS_TRAD_D_S1,SMA_10,0.9863215358685792
FWMA_10,MCGD_10,0.9863138245271662
T3_10_0.7,BBU_5_2.0_2.0,0.9862803785907256
PIVOTS_TRAD_D_R2,PWMA_10,0.9862740703664105
ITS_9,TEMA_10,0.9862545597899642
AGt_13_8_5,ABER_XG_5_15,0.9862345675587966
Open,VWMA_10,0.986224619906356
PIVOTS_TRAD_D_R1,TRIMA_10,0.9861950764496912
MEDIAN_30,KCBe_20_2,0.9861922902111562
QTL_30_0.5,KCBe_20_2,0.9861922902111562
PSARs_0.02_0.2,ACCBM_20,0.9861839549054802
Close,ITS_9,0.9861831241414754
SMMA_7,LDECAY_1,0.986118412186453
FWMA_10,KCLe_20_2,0.9860921208482049
PIVOTS_TRAD_D_R1,PWMA_10,0.9860761214340131
Close,ALPHAT_14_1_50,0.9860734195340531
IKS_26,KCUe_20_2,0.9860687727747046
SINWMA_14,ACCBU_20,0.9860662059533402
PWMA_10,ACCBM_20,0.9860411816663044
MIDPRICE_2,SWMA_10,0.9860359599760633
PIVOTS_TRAD_D_R3,WMA_10,0.9860329038829967
PIVOTS_TRAD_D_R4,WMA_10,0.9860329038829967
OHLC4,VWMA_10,0.986030160440707
HT_TL,DCM_20_20,0.9860090424392611
JMA_7_0.0,SMMA_7,0.9860059587018583
AGl_13_8_5,PIVOTS_TRAD_D_R4,0.9860007908393688
AGl_13_8_5,PIVOTS_TRAD_D_R3,0.9860007908393688
PIVOTS_TRAD_D_R1,SSF_20,0.9859957944061224
HL2,BBL_5_2.0_2.0,0.9859913992014914
CHDLREXTs_22_22_14_2.0,KCLe_20_2,0.9859656244692985
HLC3,BBL_5_2.0_2.0,0.9859469630533358
BBL_5_2.0_2.0,VWAP_D,0.9859469630533355
DEMA_10,T3_10_0.7,0.9859367712489806
OHLC4,BBL_5_2.0_2.0,0.9858967935113319
TEMA_10,VWMA_10,0.985885661675434
HILO_13_21,PWMA_10,0.9858829107384967
IKS_26,HILOs_13_21,0.9858746393412365
MCGD_10,CHDLREXTl_22_22_14_2.0,0.9858472235434971
WCP,BBL_5_2.0_2.0,0.9858384757758254
TEMA_10,HWM_1,0.9858052911272511
HWMA_0.2_0.1_0.1,TEMA_10,0.9858052911272511
ZL_EMA_10,BBU_5_2.0_2.0,0.985799289512266
HL2,VWMA_10,0.9857881813298578
ABER_ZG_5_15,HWM_1,0.9857574773616313
HWMA_0.2_0.1_0.1,ABER_ZG_5_15,0.9857574773616311
JMA_7_0.0,BBU_5_2.0_2.0,0.9857450542410591
PWMA_10,ZL_EMA_10,0.9857374783250274
BBM_5_2.0_2.0,HWM_1,0.9857020628308971
HWMA_0.2_0.1_0.1,BBM_5_2.0_2.0,0.9857020628308971
ALMA_9_6.0_0.85,HWMA_0.2_0.1_0.1,0.9857015494089464
ALMA_9_6.0_0.85,HWM_1,0.9857015494089464
PIVOTS_TRAD_D_S2,VWMA_10,0.9856878733102975
HLC3,VWMA_10,0.9856728624485162
VWAP_D,VWMA_10,0.9856728624485158
WMA_10,DCM_20_20,0.9856539654720623
HMA_10,SMA_10,0.9856535674997585
IKS_26,KAMA_10_2_30,0.9856504160844278
SMMA_7,ACCBU_20,0.9856109121958394
Low,ALPHAT_14_1_50,0.98559997111648
SMA_10,LDECAY_1,0.9855936920196076
High,SMA_10,0.9855877571285553
MIDPOINT_2,BBL_5_2.0_2.0,0.9855794933703131
WCP,VWMA_10,0.9855781820038814
JMA_7_0.0,SSF_20,0.9855685671103043
HILO_13_21,CHDLREXTl_22_22_14_2.0,0.9855684844337068
HILOl_13_21,HT_TL,0.9855665546475396
MCGD_10,ABER_XG_5_15,0.9855545818524569
SINWMA_14,ABER_XG_5_15,0.9855407520582242
TEMA_10,BBL_5_2.0_2.0,0.985524328957074
PIVOTS_TRAD_D_R3,ZL_EMA_10,0.9855076807270121
PIVOTS_TRAD_D_R4,ZL_EMA_10,0.9855076807270121
PIVOTS_TRAD_D_S2,ALPHAT_14_1_50,0.9854898258398879
SINWMA_14,BBU_5_2.0_2.0,0.9854794789367708
KAMA_10_2_30,PIVOTS_TRAD_D_R1,0.9854715452760328
DCM_20_20,KCUe_20_2,0.9854632146471197
WMA_10,BBL_5_2.0_2.0,0.9854543430894426
KAMA_10_2_30,PIVOTS_TRAD_D_R2,0.9854501322408883
HMA_10,BBU_5_2.0_2.0,0.9854306655215608
FWMA_10,ALPHATl_14_1_50_2,0.9854099499543358
MIDPRICE_2,SMMA_7,0.9853924309100216
HILOs_13_21,ACCBU_20,0.9853762905670593
IKS_26,MEDIAN_30,0.9853476824213738
IKS_26,QTL_30_0.5,0.9853476824213738
RWIh_14,RWIl_14,0.9853267431187421
FWMA_10,HWMA_0.2_0.1_0.1,0.985326074798669
FWMA_10,HWM_1,0.985326074798669
Low,ITS_9,0.9853086692714529
PIVOTS_TRAD_D_P,BBU_5_2.0_2.0,0.9853043532478005
HWMA_0.2_0.1_0.1,WMA_10,0.9852788329603694
WMA_10,HWM_1,0.9852788329603693
HMA_10,SWMA_10,0.9852720499632079
KAMA_10_2_30,KCUe_20_2,0.9852608640800383
MIDPOINT_2,SWMA_10,0.9852233723032023
RMA_10,ABER_SG_5_15,0.9852199344908086
PIVOTS_TRAD_D_P,PWMA_10,0.9852190671119034
QQE_14_5_4.236_RSIMA,SMI_5_20_5_1.0,0.9851797123835543
PIVOTS_TRAD_D_P,TRIMA_10,0.9851637548254957
AGj_13_8_5,ALPHATl_14_1_50_2,0.9851468570134381
LINREG_14,HWU_1,0.985111640754619
PIVOTS_TRAD_D_R2,SSF3_20,0.9850832560478168
ABER_ZG_5_15,HWL_1,0.9850787187426372
JMA_7_0.0,SSF3_20,0.9850779652260123
Open,SMA_10,0.98505018807778
ALPHAT_14_1_50,ACCBL_20,0.9850478288080137
PIVOTS_TRAD_D_S1,SWMA_10,0.9850427338977853
RMA_10,MEDIAN_30,0.9850351803736926
RMA_10,QTL_30_0.5,0.9850351803736926
AGj_13_8_5,HILOs_13_21,0.9850245513178114
SINWMA_14,KCUe_20_2,0.9850136489836201
EMA_10,LINREG_14,0.9850098370593432
JMA_7_0.0,KAMA_10_2_30,0.9850037961067459
AGj_13_8_5,SMA_10,0.9850033571429841
PIVOTS_TRAD_D_S1,PIVOTS_TRAD_D_S4,0.9849866998883486
PIVOTS_TRAD_D_S1,PIVOTS_TRAD_D_S3,0.9849866998883486
BBM_5_2.0_2.0,HWL_1,0.9849717133230036
TRIMA_10,ZL_EMA_10,0.9849661090850185
LINREG_14,TRIMA_10,0.9849649107014593
Close,BBL_5_2.0_2.0,0.9849631884454708
ALMA_9_6.0_0.85,HWL_1,0.9849617974292715
PWMA_10,DCM_20_20,0.9849582482871594
Close,VWMA_10,0.9849566933981544
FWMA_10,SINWMA_14,0.9849546844465032
HILOs_13_21,DCM_20_20,0.9849507673974693
PIVOTS_TRAD_D_P,SSF_20,0.9849457261424287
SMMA_7,CHDLREXTl_22_22_14_2.0,0.9849407247926131
HWMA_0.2_0.1_0.1,ZL_EMA_10,0.9849256986878852
ZL_EMA_10,HWM_1,0.9849256986878849
SMA_10,TEMA_10,0.9849245366352494
Volume,PVOL,0.9849011316740236
HILOs_13_21,KCBe_20_2,0.9848758970104616
AGt_13_8_5,BBU_5_2.0_2.0,0.984863572067673
KAMA_10_2_30,PIVOTS_TRAD_D_P,0.9848238293812098
CKSPl_10_3_20,KCUe_20_2,0.9847899044364525
SINWMA_14,PSARs_0.02_0.2,0.9847811181503802
TEMA_10,ALPHAT_14_1_50,0.984777185432163
PIVOTS_TRAD_D_R1,BBL_5_2.0_2.0,0.9847306199585554
HILOs_13_21,PSARs_0.02_0.2,0.9847170977693543
WMA_10,HWL_1,0.9846887079933279
PIVOTS_TRAD_D_R1,SSF3_20,0.9846672117937642
FWMA_10,HWL_1,0.9846063026893581
KAMA_10_2_30,CHDLREXTl_22_22_14_2.0,0.984606042060642
DEMA_10,SMMA_7,0.9845910847455236
OHLC4,SMA_10,0.9845799813298881
High,PIVOTS_TRAD_D_R4,0.984571606425424
High,PIVOTS_TRAD_D_R3,0.984571606425424
ATRTSe_14_20_3.0,KCLe_20_2,0.984557434494217
MEDIAN_30,CKSPl_10_3_20,0.9845402942761443
QTL_30_0.5,CKSPl_10_3_20,0.9845402942761443
PIVOTS_TRAD_D_R3,BBU_5_2.0_2.0,0.9845379416231729
PIVOTS_TRAD_D_R4,BBU_5_2.0_2.0,0.9845379416231729
IKS_26,SINWMA_14,0.984509120816362
JMA_7_0.0,HWM_1,0.984501053192715
HWMA_0.2_0.1_0.1,JMA_7_0.0,0.984501053192715
EMA_10,PIVOTS_TRAD_D_R3,0.9844790197555428
EMA_10,PIVOTS_TRAD_D_R4,0.9844790197555428
AGt_13_8_5,PIVOTS_TRAD_D_R2,0.9844726896317995
QTL_30_0.5,CHDLREXTl_22_22_14_2.0,0.9844063262510521
MEDIAN_30,CHDLREXTl_22_22_14_2.0,0.9844063262510521
KAMA_10_2_30,LDECAY_1,0.9844053319428783
CKSPl_10_3_20,ACCBU_20,0.9843982280649707
AGj_13_8_5,TRIMA_10,0.9843780740166227
SWMA_10,TEMA_10,0.9843740659621449
Open,BBL_5_2.0_2.0,0.9843613220833469
High,SMMA_7,0.9843585249302517
IKS_26,EMA_10,0.9843576418258205
TMO_14_5_3,TMOs_14_5_3,0.9843285744852187
AGt_13_8_5,PIVOTS_TRAD_D_R1,0.9843098618955798
SMMA_7,ZL_EMA_10,0.9842828509478206
MIDPOINT_2,SMMA_7,0.9842702247926718
IKS_26,SSF_20,0.9842661217964602
TEMA_10,HWL_1,0.9842472782415721
HL2,SMA_10,0.9842440695900675
ALPHAT_14_1_50,BBL_5_2.0_2.0,0.9842397657358997
AGl_13_8_5,BBL_5_2.0_2.0,0.9842147413693029
HILO_13_21,ALPHAT_14_1_50,0.9841905528479804
HLC3,SMA_10,0.9841762121281903
SMA_10,VWAP_D,0.9841762121281902
ABER_SG_5_15,KCBe_20_2,0.9841748702957535
HILOs_13_21,RMA_10,0.984167501091689
DEMA_10,HWU_1,0.9841663570777731
HILOl_13_21,ACCBM_20,0.9841298105411657
WMA_10,ACCBM_20,0.9841218558312913
Low,VWMA_10,0.9841188294790794
SMA_10,WCP,0.9841159232361303
ALPHATl_14_1_50_2,BBU_5_2.0_2.0,0.9841120634543457
HILOs_13_21,MCGD_10,0.9840923967997416
HMA_10,PWMA_10,0.984047062675207
ABER_SG_5_15,BBL_5_2.0_2.0,0.9840313647593948
ACCBM_20,CHDLREXTs_22_22_14_2.0,0.9840258782174879
MIDPRICE_2,BBU_5_2.0_2.0,0.9839703045310394
MIDPRICE_2,TRIMA_10,0.9839696054588948
LDECAY_1,BBU_5_2.0_2.0,0.9839622301387193
PIVOTS_TRAD_D_S1,SMMA_7,0.9839456243845044
SSF_20,KCUe_20_2,0.9839261276052091
PIVOTS_TRAD_D_S2,SMA_10,0.9839256405015664
ZL_EMA_10,HWL_1,0.9839251600094397
HWMA_0.2_0.1_0.1,ABER_SG_5_15,0.9839154796956048
ABER_SG_5_15,HWM_1,0.9839154796956043
MCGD_10,PSARs_0.02_0.2,0.9839088446636103
HMA_10,HWM_1,0.9838895744872438
HMA_10,HWMA_0.2_0.1_0.1,0.9838895744872438
DEMA_10,PIVOTS_TRAD_D_R3,0.9838638032683076
DEMA_10,PIVOTS_TRAD_D_R4,0.9838638032683076
SSF_20,ZL_EMA_10,0.9838592545539372
LINREG_14,SSF3_20,0.9838495026278851
ALPHAT_14_1_50,BBU_5_2.0_2.0,0.9838466743622526
MIDPRICE_2,PWMA_10,0.9838035688347561
LINREG_14,BBU_5_2.0_2.0,0.9837989479489859
SSF_20,ACCBU_20,0.9837370068900096
DEMA_10,KAMA_10_2_30,0.9837003405422631
JMA_7_0.0,HWL_1,0.9836843961371564
HMA_10,PIVOTS_TRAD_D_R3,0.9836489011985567
HMA_10,PIVOTS_TRAD_D_R4,0.9836489011985567
RMA_10,ABER_ZG_5_15,0.9836302617660861
High,SWMA_10,0.9836178628093765
MIDPRICE_2,SSF_20,0.9836000768565003
Close,SMA_10,0.9835890843602522
ITS_9,AGj_13_8_5,0.9835676386481663
PIVOTS_TRAD_D_R2,T3_10_0.7,0.9835493373092978
SSF3_20,ZL_EMA_10,0.9835483139492494
PIVOTS_TRAD_D_S1,PIVOTS_TRAD_D_R4,0.9835415705107087
PIVOTS_TRAD_D_S1,PIVOTS_TRAD_D_R3,0.9835415705107087
PIVOTS_TRAD_D_R3,SMA_10,0.9835393986123079
PIVOTS_TRAD_D_R4,SMA_10,0.9835393986123079
High,BBL_5_2.0_2.0,0.9835310291950053
HILOs_13_21,HT_TL,0.9835289838267679
PSARs_0.02_0.2,DCM_20_20,0.9835101836772441
SWMA_10,LDECAY_1,0.9835087837403989
PIVOTS_TRAD_D_P,SSF3_20,0.9834984020988644
ACCBL_20,CHDLREXTl_22_22_14_2.0,0.9834911290743396
AGj_13_8_5,CKSPs_10_3_20,0.9834286017110097
MCGD_10,PIVOTS_TRAD_D_R2,0.9834240504868348
MIDPOINT_2,BBU_5_2.0_2.0,0.9833942472185297
MCGD_10,PIVOTS_TRAD_D_R1,0.9833909667706102
AGt_13_8_5,PIVOTS_TRAD_D_P,0.9833888677867021
KAMA_10_2_30,MIDPRICE_2,0.9833875866131462
LINREG_14,ALPHAT_14_1_50,0.9833572585516863
ALPHAT_14_1_50,ACCBM_20,0.9833176543930737
HILO_13_21,WMA_10,0.983277907150151
AGt_13_8_5,HT_TL,0.9832704184975899
AGt_13_8_5,LDECAY_1,0.983261270842559
LDECAY_1,BBL_5_2.0_2.0,0.9831961232805722
AGj_13_8_5,VWMA_10,0.9831941095157326
TEMA_10,BBU_5_2.0_2.0,0.9831910904284124
RMA_10,BBM_5_2.0_2.0,0.9831824864666754
MIDPOINT_2,PIVOTS_TRAD_D_S4,0.9831499365784516
MIDPOINT_2,PIVOTS_TRAD_D_S3,0.9831499365784516
ALMA_9_6.0_0.85,RMA_10,0.9831480997555874
Open,SWMA_10,0.9831456867938251
MIDPOINT_2,TRIMA_10,0.9831174619878105
Open,PIVOTS_TRAD_D_R4,0.9830879971183456
Open,PIVOTS_TRAD_D_R3,0.9830879971183456
JMA_7_0.0,T3_10_0.7,0.9830703692485986
PIVOTS_TRAD_D_R1,T3_10_0.7,0.9830648391060537
QQE_14_5_4.236_RSIMA,SMIs_5_20_5_1.0,0.9830626715663592
PWMA_10,TEMA_10,0.9830193185495827
KAMA_10_2_30,ZL_EMA_10,0.983009202792947
OHLC4,SMMA_7,0.9829762129417767
PIVOTS_TRAD_D_S1,PWMA_10,0.9829658834321208
ITS_9,PIVOTS_TRAD_D_R3,0.9829648616893033
ITS_9,PIVOTS_TRAD_D_R4,0.9829648616893033
HT_TL,CHDLREXTl_22_22_14_2.0,0.9829645584940413
MIDPOINT_2,PWMA_10,0.9829440111641825
EMA_10,BBL_5_2.0_2.0,0.9829312760898891
HL2,SMMA_7,0.9829287592746339
QTL_30_0.5,DCU_20_20,0.9828917606736048
MEDIAN_30,DCU_20_20,0.9828917606736048
AGj_13_8_5,SWMA_10,0.9828903703705432
ACCBL_20,ACCBU_20,0.9828606406154788
EMA_10,ATRTSe_14_20_3.0,0.9828082711840886
PIVOTS_TRAD_D_R3,ABER_XG_5_15,0.9827986034694625
PIVOTS_TRAD_D_R4,ABER_XG_5_15,0.9827986034694625
MCGD_10,BBU_5_2.0_2.0,0.9827980402811308
PIVOTS_TRAD_D_S1,TRIMA_10,0.9827971441484878
BBL_5_2.0_2.0,VWMA_10,0.9827643206645921
HMA_10,PIVOTS_TRAD_D_S3,0.9827631182026116
HMA_10,PIVOTS_TRAD_D_S4,0.9827631182026116
SMMA_7,VWAP_D,0.9827602023604274
HLC3,SMMA_7,0.9827602023604273
IKS_26,AGl_13_8_5,0.982755476903639
PIVOTS_TRAD_D_R4,SWMA_10,0.9827127262737769
PIVOTS_TRAD_D_R3,SWMA_10,0.9827127262737769
PIVOTS_TRAD_D_S1,BBU_5_2.0_2.0,0.9827083078158865
KAMA_10_2_30,ACCBU_20,0.9826959848807377
OHLC4,PIVOTS_TRAD_D_R4,0.982694466780808
OHLC4,PIVOTS_TRAD_D_R3,0.982694466780808
PIVOTS_TRAD_D_R3,LDECAY_1,0.9826598578490028
PIVOTS_TRAD_D_R4,LDECAY_1,0.9826598578490028
PIVOTS_TRAD_D_R4,TEMA_10,0.9826594932707119
PIVOTS_TRAD_D_R3,TEMA_10,0.9826594932707119
SMMA_7,WCP,0.9826455107253104
PIVOTS_TRAD_D_S2,SWMA_10,0.9826443621447044
High,BBU_5_2.0_2.0,0.982619735378749
KAMA_10_2_30,PIVOTS_TRAD_D_S1,0.9826132373746153
LINREG_14,BBL_5_2.0_2.0,0.9826000107598202
HILO_13_21,CHDLREXTs_22_22_14_2.0,0.982588765635295
OHLC4,SWMA_10,0.9825734744324451
MIDPOINT_2,SSF_20,0.9825715979886243
AGt_13_8_5,JMA_7_0.0,0.9825714233494633
HMA_10,HWL_1,0.9825351219592594
KAMA_10_2_30,MIDPOINT_2,0.9825234950922712
Open,SMMA_7,0.9825013601331701
SSF_20,ATRTSe_14_20_3.0,0.9824845867439937
MIDPRICE_2,SSF3_20,0.9824803810029054
SSF_20,PSARs_0.02_0.2,0.9824790978717115
PIVOTS_TRAD_D_P,KCLe_20_2,0.9824747595251866
SINWMA_14,ATRTSe_14_20_3.0,0.9824691159674266
HL2,PIVOTS_TRAD_D_R4,0.9824624117104099
HL2,PIVOTS_TRAD_D_R3,0.9824624117104099
HMA_10,TRIMA_10,0.9824421701191204
JMA_7_0.0,MCGD_10,0.9824408329013462
EMA_10,KCUe_20_2,0.9824351366348916
PIVOTS_TRAD_D_P,PIVOTS_TRAD_D_S4,0.9824201867072032
PIVOTS_TRAD_D_P,PIVOTS_TRAD_D_S3,0.9824201867072032
RMA_10,CHDLREXTs_22_22_14_2.0,0.9823955114086096
HILOl_13_21,CHDLREXTl_22_22_14_2.0,0.9823883468545125
CKSPs_10_3_20,DCM_20_20,0.9823856041766892
PIVOTS_TRAD_D_R3,VWAP_D,0.9823834173579029
HLC3,PIVOTS_TRAD_D_R3,0.9823834173579029
PIVOTS_TRAD_D_R4,VWAP_D,0.9823834173579029
HLC3,PIVOTS_TRAD_D_R4,0.9823834173579029
PIVOTS_TRAD_D_S1,SSF_20,0.9823746527860883
SINWMA_14,CHDLREXTl_22_22_14_2.0,0.982366009371721
High,KAMA_10_2_30,0.9823388034876804
MCGD_10,PIVOTS_TRAD_D_P,0.9823282195029516
MCGD_10,HT_TL,0.982320296792845
HILOs_13_21,ACCBL_20,0.9823168370294468
PIVOTS_TRAD_D_R4,WCP,0.9823092643097135
PIVOTS_TRAD_D_R3,WCP,0.9823092643097135
HILOs_13_21,KCUe_20_2,0.9822866628573619
Low,SMA_10,0.9822800074401637
DEMA_10,ALPHATl_14_1_50_2,0.9822620573061155
HILO_13_21,MEDIAN_30,0.9822465449141052
HILO_13_21,QTL_30_0.5,0.9822465449141052
ATRTSe_14_20_3.0,DCU_20_20,0.9822463728024016
HL2,SWMA_10,0.9822340271491831
SWMA_10,HWM_1,0.9822091839151957
HWMA_0.2_0.1_0.1,SWMA_10,0.9822091839151957
SSF_20,LDECAY_1,0.9821960645813738
PSARs_0.02_0.2,ACCBL_20,0.9821883731478884
PIVOTS_TRAD_D_R1,KCLe_20_2,0.9821857685267141
AGj_13_8_5,SSF3_20,0.9821734545413108
T3_10_0.7,PSARs_0.02_0.2,0.9821601836449648
AGj_13_8_5,T3_10_0.7,0.9821399888912021
ABER_ZG_5_15,KCBe_20_2,0.9821369931707252
KAMA_10_2_30,SUPERT_7_3.0,0.9821356973827446
HLC3,SWMA_10,0.9821258499741166
SWMA_10,VWAP_D,0.9821258499741163
PIVOTS_TRAD_D_S3,TEMA_10,0.9821181776498167
PIVOTS_TRAD_D_S4,TEMA_10,0.9821181776498167
MIDPRICE_2,PIVOTS_TRAD_D_S4,0.9821151890120995
MIDPRICE_2,PIVOTS_TRAD_D_S3,0.9821151890120995
PSARs_0.02_0.2,ACCBU_20,0.9820989376823447
MCGD_10,CKSPs_10_3_20,0.9820935338359812
AGt_13_8_5,MIDPRICE_2,0.9820572346813781
PIVOTS_TRAD_D_S4,ZL_EMA_10,0.9820516819204407
PIVOTS_TRAD_D_S3,ZL_EMA_10,0.9820516819204407
SWMA_10,WCP,0.9820346665632603
PIVOTS_TRAD_D_R3,VWMA_10,0.9819923853257445
PIVOTS_TRAD_D_R4,VWMA_10,0.9819923853257445
HILOl_13_21,KCUe_20_2,0.9819741979561796
ACCBM_20,DCU_20_20,0.9819123870855261
AGt_13_8_5,CHDLREXTs_22_22_14_2.0,0.9818929050437645
ABER_SG_5_15,DCM_20_20,0.9818890523289211
Close,SMMA_7,0.9818769592528203
SWMA_10,HWL_1,0.9818744305097775
MCGD_10,DCL_20_20,0.9818689218938926
SSF_20,CHDLREXTl_22_22_14_2.0,0.9818671081676372
PIVOTS_TRAD_D_P,T3_10_0.7,0.9818586547320377
SSF3_20,HWM_1,0.9818469752140205
HWMA_0.2_0.1_0.1,SSF3_20,0.9818469752140204
CHDLREXTs_22_22_14_2.0,KCBe_20_2,0.9818465927916818
IKS_26,ALPHATl_14_1_50_2,0.981839069014214
DEMA_10,SINWMA_14,0.9818243894990685
HILOs_13_21,CKSPs_10_3_20,0.981816723092605
JMA_7_0.0,PIVOTS_TRAD_D_S4,0.9818133348939376
JMA_7_0.0,PIVOTS_TRAD_D_S3,0.9818133348939376
CKSPs_10_3_20,KCBe_20_2,0.9818049070490801
Close,PIVOTS_TRAD_D_R3,0.981796576041027
Close,PIVOTS_TRAD_D_R4,0.981796576041027
HWMA_0.2_0.1_0.1,MIDPRICE_2,0.9817924897721574
MIDPRICE_2,HWM_1,0.9817924897721574
Open,BBU_5_2.0_2.0,0.981790858440646
HILO_13_21,SUPERT_7_3.0,0.9817861327903755
HWMA_0.2_0.1_0.1,MIDPOINT_2,0.9817790097989184
MIDPOINT_2,HWM_1,0.9817790097989183
HWMA_0.2_0.1_0.1,PWMA_10,0.9817774420054001
PWMA_10,HWM_1,0.9817774420054001
HT_TL,ACCBL_20,0.9817616033565607
SMA_10,HWM_1,0.9817413094286956
HWMA_0.2_0.1_0.1,SMA_10,0.9817413094286956
PIVOTS_TRAD_D_R2,SINWMA_14,0.9817385339562429
ITS_9,BBL_5_2.0_2.0,0.9817305492405765
High,TRIMA_10,0.9817063262311853
PIVOTS_TRAD_D_R3,SMMA_7,0.9817051002141849
PIVOTS_TRAD_D_R4,SMMA_7,0.9817051002141849
JMA_7_0.0,KCLe_20_2,0.9816973323255186
High,SSF_20,0.9816955381790367
ABER_ZG_5_15,ACCBL_20,0.9816933018632286
ABER_SG_5_15,HWL_1,0.9816808031666479
MIDPOINT_2,SSF3_20,0.9816765830106187
HWL_1,VWMA_10,0.9816674528868728
ITS_9,HWL_1,0.9816455099408673
TEMA_10,TRIMA_10,0.9816330432627428
BBM_5_2.0_2.0,KCBe_20_2,0.9816323384847193
TRIMA_10,LDECAY_1,0.9816039242984803
PIVOTS_TRAD_D_R3,TRIMA_10,0.9815945533661574
PIVOTS_TRAD_D_R4,TRIMA_10,0.9815945533661574
ALMA_9_6.0_0.85,KCBe_20_2,0.9815789612809094
MCGD_10,MIDPRICE_2,0.9815561159652264
HMA_10,SMMA_7,0.9815550664779694
SSF3_20,HWL_1,0.9815401732473209
T3_10_0.7,ZL_EMA_10,0.9815396101730912
CHDLREXTl_22_22_14_2.0,KCLe_20_2,0.9815297029425021
AGj_13_8_5,CKSPl_10_3_20,0.9815284576960944
ITS_9,HWMA_0.2_0.1_0.1,0.9815271006348165
ITS_9,HWM_1,0.9815271006348165
MEDIAN_30,ATRTSe_14_20_3.0,0.9815206146169516
QTL_30_0.5,ATRTSe_14_20_3.0,0.9815206146169516
PIVOTS_TRAD_D_R2,ALPHATl_14_1_50_2,0.9814848643141156
HWMA_0.2_0.1_0.1,PIVOTS_TRAD_D_P,0.9814702652259149
PIVOTS_TRAD_D_P,HWM_1,0.9814702652259149
ABER_ZG_5_15,DCM_20_20,0.9814670195972749
PIVOTS_TRAD_D_R3,PWMA_10,0.9814641430298943
PIVOTS_TRAD_D_R4,PWMA_10,0.9814641430298943
Close,SWMA_10,0.9814295400403039
SMA_10,HWL_1,0.9814235643682019
HWM_1,VWMA_10,0.981418300991352
HWMA_0.2_0.1_0.1,VWMA_10,0.981418300991352
PIVOTS_TRAD_D_R1,ALPHATl_14_1_50_2,0.9813922409292322
PWMA_10,HWL_1,0.9813783069977307
T3_10_0.7,HWL_1,0.9813781659862796
ACCBL_20,ATRTSe_14_20_3.0,0.9813746322083235
PIVOTS_TRAD_D_R3,SSF_20,0.9813385116727376
PIVOTS_TRAD_D_R4,SSF_20,0.9813385116727376
RMA_10,CKSPs_10_3_20,0.9813314854099449
RMA_10,SUPERT_7_3.0,0.9813157752115463
HWMA_0.2_0.1_0.1,PIVOTS_TRAD_D_R1,0.9813105788780407
PIVOTS_TRAD_D_R1,HWM_1,0.9813105788780405
ALMA_9_6.0_0.85,ACCBL_20,0.981302441279294
AGj_13_8_5,DCU_20_20,0.9812859258649858
AGt_13_8_5,HILOs_13_21,0.9812836804980637
SUPERT_7_3.0,KCBe_20_2,0.9812778571531902
IKS_26,DCL_20_20,0.9812591758566647
PIVOTS_TRAD_D_S2,SMMA_7,0.9812161119149935
JMA_7_0.0,ALPHATl_14_1_50_2,0.9812064824090833
KCLe_20_2,KCUe_20_2,0.9812047545928823
KAMA_10_2_30,OHLC4,0.9812038925581497
High,AGt_13_8_5,0.9812008092442654
High,PWMA_10,0.981192942736595
ACCBL_20,BBM_5_2.0_2.0,0.9811796584887079
PIVOTS_TRAD_D_R2,KCLe_20_2,0.9811789963305643
HILOl_13_21,DCU_20_20,0.9811699822934652
HWMA_0.2_0.1_0.1,PIVOTS_TRAD_D_S1,0.9811496994213957
PIVOTS_TRAD_D_S1,HWM_1,0.9811496994213956
BBM_5_2.0_2.0,DCM_20_20,0.98114449916306
PIVOTS_TRAD_D_S1,SSF3_20,0.9811412127424967
HMA_10,SSF_20,0.9811148603557691
EMA_10,CHDLREXTl_22_22_14_2.0,0.9811088497978102
Open,KAMA_10_2_30,0.9810820837653176
Open,TRIMA_10,0.9810680709955154
IKS_26,SMA_10,0.9810677994248106
ALMA_9_6.0_0.85,DCM_20_20,0.9810600280792264
HT_TL,ATRTSe_14_20_3.0,0.9810469863824939
LDECAY_1,KCLe_20_2,0.9810467941228761
AGl_13_8_5,ATRTSe_14_20_3.0,0.9810405037007436
HL2,KAMA_10_2_30,0.9810319499373156
PIVOTS_TRAD_D_P,ALPHATl_14_1_50_2,0.9810235605051111
KAMA_10_2_30,VWAP_D,0.9810165572784684
HLC3,KAMA_10_2_30,0.9810165572784684
PIVOTS_TRAD_D_R1,SINWMA_14,0.9810056552145426
SMMA_7,CHDLREXTs_22_22_14_2.0,0.9810050250833406
KAMA_10_2_30,WCP,0.9809741010726706
MAMA_0.5_0.05,FAMA_0.5_0.05,0.9809697377771869
T3_10_0.7,HWM_1,0.9809414312045532
HWMA_0.2_0.1_0.1,T3_10_0.7,0.980941431204553
LINREG_14,SSF_20,0.980928089802108
HILOl_13_21,CKSPl_10_3_20,0.9809262820380293
FWMA_10,RMA_10,0.9809254743461154
MIDPRICE_2,HWL_1,0.9809203894646104
PIVOTS_TRAD_D_P,HWL_1,0.9809007110948814
MIDPRICE_2,KCLe_20_2,0.9808924777509617
RMA_10,BBU_5_2.0_2.0,0.9808871900865589
PWMA_10,LDECAY_1,0.9808833272581753
SUPERT_7_3.0,ACCBM_20,0.980869193084115
PIVOTS_TRAD_D_R2,BBL_5_2.0_2.0,0.9808607917159827
RMA_10,PSARs_0.02_0.2,0.9808487348065399
HILOs_13_21,SINWMA_14,0.980842189241061
AGt_13_8_5,MIDPOINT_2,0.9808282879179883
MIDPRICE_2,T3_10_0.7,0.9807962708912532
MIDPOINT_2,HWL_1,0.980785778798724
PIVOTS_TRAD_D_S1,HWL_1,0.980766875598176
CKSPl_10_3_20,ATRTSe_14_20_3.0,0.9807563973822319
HMA_10,SSF3_20,0.9807174838643465
AGj_13_8_5,ALPHAT_14_1_50,0.9807112668384474
ACCBL_20,KCUe_20_2,0.9807103783695498
Open,PWMA_10,0.9806930518070415
AGt_13_8_5,DEMA_10,0.9806779119266572
TEMA_10,HWU_1,0.9806625749559454
MCGD_10,MIDPOINT_2,0.9806517965923378
Open,SSF_20,0.9806269312808814
OHLC4,BBU_5_2.0_2.0,0.9806258986813988
ABER_XG_5_15,ACCBL_20,0.9806122487344493
SMMA_7,HT_TL,0.9805995996889246
AGj_13_8_5,HILOl_13_21,0.9805963712866775
SSF3_20,PSARs_0.02_0.2,0.9805959664124172
AGt_13_8_5,ZL_EMA_10,0.9805794433646977
Low,SMMA_7,0.9805685835018954
PIVOTS_TRAD_D_S2,PWMA_10,0.9805583273854207
TRIMA_10,HWM_1,0.9805220714271253
HWMA_0.2_0.1_0.1,TRIMA_10,0.980522071427125
AGt_13_8_5,PIVOTS_TRAD_D_S1,0.9805150716697129
DEMA_10,MCGD_10,0.9805130090518684
OHLC4,TRIMA_10,0.9804777542176702
SUPERT_7_3.0,DCM_20_20,0.980472376822873
SUPERT_7_3.0,ATRTSe_14_20_3.0,0.9804535983450553
TRIMA_10,PSARs_0.02_0.2,0.9804432586243462
LINREG_14,T3_10_0.7,0.9804183901949483
DEMA_10,KCLe_20_2,0.9804106074364918
Close,KAMA_10_2_30,0.9804025303677838
PIVOTS_TRAD_D_S1,KCLe_20_2,0.9803775770667936
PSARs_0.02_0.2,KCBe_20_2,0.9803756569495622
MCGD_10,ZL_EMA_10,0.9803717367526552
AGj_13_8_5,PWMA_10,0.9803638467985946
PIVOTS_TRAD_D_R1,HWL_1,0.9803612412940249
MCGD_10,PIVOTS_TRAD_D_R4,0.9803407515267829
MCGD_10,PIVOTS_TRAD_D_R3,0.9803407515267829
HMA_10,KAMA_10_2_30,0.980335422372007
SSF3_20,TEMA_10,0.9803290430085765
TRIMA_10,HWL_1,0.9803208895683606
Open,HWM_1,0.9803205396553959
Open,HWMA_0.2_0.1_0.1,0.9803205396553959
OHLC4,SSF_20,0.9802817936720848
PIVOTS_TRAD_D_S2,TRIMA_10,0.9802810028829964
ABER_SG_5_15,ACCBL_20,0.9802729606250495
AGt_13_8_5,SUPERT_7_3.0,0.9802511332366025
JMA_7_0.0,SINWMA_14,0.9802493360835768
MCGD_10,LDECAY_1,0.9802341138526678
PIVOTS_TRAD_D_S2,PIVOTS_TRAD_D_R4,0.9802283102862219
PIVOTS_TRAD_D_S2,PIVOTS_TRAD_D_R3,0.9802283102862219
HL2,BBU_5_2.0_2.0,0.980224852104347
PIVOTS_TRAD_D_S4,PIVOTS_TRAD_D_R1,0.9802125764521326
PIVOTS_TRAD_D_S3,PIVOTS_TRAD_D_R1,0.9802125764521326
HWMA_0.2_0.1_0.1,PIVOTS_TRAD_D_R2,0.9802107510061412
PIVOTS_TRAD_D_R2,HWM_1,0.9802107510061412
HLC3,BBU_5_2.0_2.0,0.9801888185633971
BBU_5_2.0_2.0,VWAP_D,0.980188818563397
ALPHAT_14_1_50,DCL_20_20,0.9801885992552531
Low,SWMA_10,0.9801825678651428
EMA_10,ACCBU_20,0.9801583067480367
IKS_26,TRIMA_10,0.9801559644254243
AGt_13_8_5,PSARs_0.02_0.2,0.9801546327492184
WCP,BBU_5_2.0_2.0,0.9801527937925419
Low,PIVOTS_TRAD_D_R4,0.9801482791973313
Low,PIVOTS_TRAD_D_R3,0.9801482791973313
High,SSF3_20,0.980146716097759
SINWMA_14,HT_TL,0.9801418482687083
HL2,TRIMA_10,0.980133368047104
MEDIAN_30,DCM_20_20,0.9801232578063155
QTL_30_0.5,DCM_20_20,0.9801232578063155
High,MCGD_10,0.9801180455693753
FWMA_10,PIVOTS_TRAD_D_S3,0.980102091818138
FWMA_10,PIVOTS_TRAD_D_S4,0.980102091818138
OHLC4,PWMA_10,0.9800939011697073
AGj_13_8_5,CHDLREXTs_22_22_14_2.0,0.9800896561001597
ALPHATl_14_1_50_2,DCL_20_20,0.9800685222848302
CKSPs_10_3_20,ACCBM_20,0.9800652055652586
HLC3,TRIMA_10,0.9800307641485944
TRIMA_10,VWAP_D,0.9800307641485941
ITS_9,IKS_26,0.9800304398595383
HL2,SSF_20,0.9800271736522034
PIVOTS_TRAD_D_R3,SSF3_20,0.9800169404902521
PIVOTS_TRAD_D_R4,SSF3_20,0.9800169404902521
Open,PIVOTS_TRAD_D_S4,0.9800092697218082
Open,PIVOTS_TRAD_D_S3,0.9800092697218082
AGl_13_8_5,KCUe_20_2,0.9800066960429795
KAMA_10_2_30,PIVOTS_TRAD_D_S2,0.980001031919168
RMA_10,ABER_XG_5_15,0.9799997614996363
IKS_26,CKSPl_10_3_20,0.9799657229583354
TRIMA_10,WCP,0.9799466364971504
IKS_26,VWMA_10,0.9799272839174978
ABER_SG_5_15,ACCBM_20,0.9799175032744704
PIVOTS_TRAD_D_S2,BBU_5_2.0_2.0,0.9799076501933516
ZL_EMA_10,KCLe_20_2,0.9799002923786633
ALPHATl_14_1_50_2,ATRTSe_14_20_3.0,0.9798983799822515
SMA_10,KCUe_20_2,0.9798974917558714
MIDPOINT_2,T3_10_0.7,0.9798961709201353
HILO_13_21,DCL_20_20,0.97989524416605
HLC3,SSF_20,0.9798904056614584
SSF_20,VWAP_D,0.9798904056614581
KAMA_10_2_30,PIVOTS_TRAD_D_R3,0.9798881576417898
KAMA_10_2_30,PIVOTS_TRAD_D_R4,0.9798881576417898
ALPHATl_14_1_50_2,KCUe_20_2,0.9798595089236238
DEMA_10,PIVOTS_TRAD_D_S4,0.9798393557255939
DEMA_10,PIVOTS_TRAD_D_S3,0.9798393557255939
SMMA_7,DCL_20_20,0.9798377283885499
BBU_5_2.0_2.0,KCBe_20_2,0.9798276699148517
IKS_26,HILOl_13_21,0.9798039757705597
SSF_20,WCP,0.979794824769116
AGj_13_8_5,SUPERT_7_3.0,0.979794011923012
LINREG_14,PIVOTS_TRAD_D_R4,0.9797655479091067
LINREG_14,PIVOTS_TRAD_D_R3,0.9797655479091067
HL2,PWMA_10,0.9797533330329592
Close,BBU_5_2.0_2.0,0.979737914905713
Open,SSF3_20,0.9797319917183662
MCGD_10,PIVOTS_TRAD_D_S1,0.9797224938125972
AGt_13_8_5,PIVOTS_TRAD_D_R4,0.9796883439079764
AGt_13_8_5,PIVOTS_TRAD_D_R3,0.9796883439079764
T3_10_0.7,ACCBU_20,0.9796804712100429
FWMA_10,DCM_20_20,0.9796774399173258
ZL_EMA_10,ALPHATl_14_1_50_2,0.9796755923875222
AGj_13_8_5,WMA_10,0.9796470501721062
MIDPOINT_2,KCLe_20_2,0.9796457426423244
ALPHATl_14_1_50_2,ACCBU_20,0.9796453350515312
SMA_10,ATRTSe_14_20_3.0,0.9796406773827349
HLC3,PWMA_10,0.9796342691783283
PWMA_10,VWAP_D,0.9796342691783282
SSF3_20,LDECAY_1,0.9796114971863968
PIVOTS_TRAD_D_S2,SSF_20,0.9796035847349546
AGl_13_8_5,CHDLREXTl_22_22_14_2.0,0.9796033455456026
AGl_13_8_5,HWL_1,0.9795950041390055
EMA_10,DCL_20_20,0.9795842294080065
AGt_13_8_5,OHLC4,0.979568846887173
BBL_5_2.0_2.0,KCLe_20_2,0.9795598989143254
AGt_13_8_5,HL2,0.9795519861106224
HILOs_13_21,QTL_30_0.5,0.9795434042699793
HILOs_13_21,MEDIAN_30,0.9795434042699793
PIVOTS_TRAD_D_P,SINWMA_14,0.9795426335539724
PWMA_10,WCP,0.9795315101384185
AGl_13_8_5,HWMA_0.2_0.1_0.1,0.9795221862932082
AGl_13_8_5,HWM_1,0.9795221862932082
HWMA_0.2_0.1_0.1,PIVOTS_TRAD_D_S2,0.979496569116937
PIVOTS_TRAD_D_S2,HWM_1,0.9794965691169367
ACCBU_20,KCLe_20_2,0.9794847570695681
Open,HWL_1,0.9794637811487997
ABER_SG_5_15,HWU_1,0.9794387689362853
MCGD_10,QTL_30_0.5,0.9794341340653556
MCGD_10,MEDIAN_30,0.9794341340653556
FWMA_10,KCBe_20_2,0.9794181122157781
CKSPs_10_3_20,KCLe_20_2,0.9794167790216569
SSF_20,TEMA_10,0.9794111178688256
High,KCLe_20_2,0.979409402209774
ITS_9,ATRTSe_14_20_3.0,0.9794018840927021
PIVOTS_TRAD_D_S1,T3_10_0.7,0.9793979217293666
SMA_10,PSARs_0.02_0.2,0.979395840248909
COPC_11_14_10,SQZ_20_2.0_20_1.5,0.9793749102593711
COPC_11_14_10,SQZPRO_20_2.0_20_2.0_1.5_1.0,0.9793749102593711
AGt_13_8_5,HLC3,0.9793699794098708
AGt_13_8_5,VWAP_D,0.9793699794098706
Close,TRIMA_10,0.9793490937767257
TRIMA_10,KCUe_20_2,0.9793237894343293
AGt_13_8_5,DCL_20_20,0.9793208059192358
ALPHATl_14_1_50_2,LDECAY_1,0.9792809551932513
ALMA_9_6.0_0.85,HWU_1,0.9792777412224601
HT_TL,DCU_20_20,0.9792650881401046
BBM_5_2.0_2.0,HWU_1,0.979259448081267
AGt_13_8_5,WCP,0.9792539190652534
ABER_ZG_5_15,HWU_1,0.9792491326761329
IKS_26,PSARs_0.02_0.2,0.979236039663581
SMA_10,ACCBU_20,0.9792201580329919
MCGD_10,SUPERT_7_3.0,0.9791728850535014
ABER_XG_5_15,DCM_20_20,0.9791677872704434
SMMA_7,PSARs_0.02_0.2,0.9791465160906562
DCU_20_20,KCBe_20_2,0.9791462990481785
HILO_13_21,ABER_SG_5_15,0.9791366177165138
HILO_13_21,HILOl_13_21,0.9791345678545313
HILOs_13_21,ATRTSe_14_20_3.0,0.9791237335344264
FWMA_10,ACCBL_20,0.9791234644729987
Close,SSF_20,0.9791132824135224
AGt_13_8_5,MEDIAN_30,0.9791017083887719
AGt_13_8_5,QTL_30_0.5,0.9791017083887719
ACCBM_20,DCL_20_20,0.979088226897096
IKS_26,SUPERT_7_3.0,0.9790853245972683
PIVOTS_TRAD_D_S2,HWL_1,0.979079326203422
PIVOTS_TRAD_D_R2,RMA_10,0.9790768936988385
PIVOTS_TRAD_D_R2,HWL_1,0.9790480756558749
Open,AGt_13_8_5,0.9790179315478547
OHLC4,HWM_1,0.9790133550324174
HWMA_0.2_0.1_0.1,OHLC4,0.9790133550324174
SINWMA_14,PSARl_0.02_0.2,0.9790045768497551
HILOs_13_21,SMMA_7,0.9789940561970085
Low,KAMA_10_2_30,0.9789720021040039
TRIMA_10,ACCBU_20,0.9789559064459454
SUPERT_7_3.0,ALPHATl_14_1_50_2,0.9789515172791045
HL2,KCLe_20_2,0.9789505229186554
SMA_10,BBL_5_2.0_2.0,0.9789334322815275
MIDPRICE_2,ALPHATl_14_1_50_2,0.9789286413991458
ZL_EMA_10,HWU_1,0.978902812087984
OHLC4,SSF3_20,0.9788870206362166
FWMA_10,HWU_1,0.978883115742041
IKS_26,SWMA_10,0.9788802902279914
OHLC4,KCLe_20_2,0.9788760900899395
Close,PWMA_10,0.9788739854585863
SMMA_7,TEMA_10,0.9788526575833703
Low,PIVOTS_TRAD_D_S3,0.978852026184968
Low,PIVOTS_TRAD_D_S4,0.978852026184968
AGl_13_8_5,DCL_20_20,0.9787994218622807
SMMA_7,SUPERT_7_3.0,0.9787791080348941
IKS_26,T3_10_0.7,0.9787714923918325
IKS_26,ALPHAT_14_1_50,0.9787658308013281
HLC3,KCLe_20_2,0.9787314276265164
KCLe_20_2,VWAP_D,0.978731427626516
HT_TL,KCLe_20_2,0.9787259819723213
RMA_10,DCU_20_20,0.9787136888806091
WMA_10,HWU_1,0.9787136265586615
DCL_20_20,VWMA_10,0.9786963665400625
SMA_10,CHDLREXTl_22_22_14_2.0,0.9786947215145856
DCM_20_20,DCU_20_20,0.9786883530746769
MCGD_10,OHLC4,0.9786711551349757
SSF_20,DCL_20_20,0.978670384121986
High,T3_10_0.7,0.9786587239572218
PIVOTS_TRAD_D_S1,ALPHATl_14_1_50_2,0.9786430060951268
OHLC4,PIVOTS_TRAD_D_S3,0.9786180014991548
OHLC4,PIVOTS_TRAD_D_S4,0.9786180014991548
HL2,MCGD_10,0.9786171320788016
PIVOTS_TRAD_D_R1,RMA_10,0.9786158151715789
IKS_26,DCU_20_20,0.9785851174517526
WCP,KCLe_20_2,0.9785550620207767
PIVOTS_TRAD_D_R4,T3_10_0.7,0.9785493670393239
PIVOTS_TRAD_D_R3,T3_10_0.7,0.9785493670393239
HILOs_13_21,KCLe_20_2,0.9785392182594462
PIVOTS_TRAD_D_S4,BBM_5_2.0_2.0,0.9785242242309963
PIVOTS_TRAD_D_S3,BBM_5_2.0_2.0,0.9785242242309963
HILO_13_21,CKSPs_10_3_20,0.9785198300205407
CKSPs_10_3_20,HT_TL,0.978512763550912
SWMA_10,PSARs_0.02_0.2,0.9785050366644635
PIVOTS_TRAD_D_S2,SSF3_20,0.9784992736372107
HMA_10,HWU_1,0.9784913483400896
CKSPl_10_3_20,ACCBM_20,0.9784874927176478
HLC3,HWMA_0.2_0.1_0.1,0.9784817125794817
HWM_1,VWAP_D,0.9784817125794817
HWMA_0.2_0.1_0.1,VWAP_D,0.9784817125794817
HLC3,HWM_1,0.9784817125794817
HL2,SSF3_20,0.9784800643917896
ABER_XG_5_15,KCBe_20_2,0.9784763662764004
ALMA_9_6.0_0.85,PIVOTS_TRAD_D_S3,0.9784750718152176
ALMA_9_6.0_0.85,PIVOTS_TRAD_D_S4,0.9784750718152176
WCP,HWM_1,0.9784650443323659
HWMA_0.2_0.1_0.1,WCP,0.9784650443323659
Close,AGt_13_8_5,0.9784564310216586
HLC3,MCGD_10,0.9784514988897448
MCGD_10,VWAP_D,0.9784514988897447
ABER_ZG_5_15,ACCBM_20,0.9784465926197456
HMA_10,T3_10_0.7,0.9784352528510012
HL2,HWMA_0.2_0.1_0.1,0.9784279956476496
HL2,HWM_1,0.9784279956476496
OHLC4,HWL_1,0.978421994494477
ABER_XG_5_15,HWU_1,0.9784214251134324
SWMA_10,BBL_5_2.0_2.0,0.9784083187202094
HLC3,SSF3_20,0.9783979349997024
SSF3_20,VWAP_D,0.9783979349997024
High,HWM_1,0.9783906945606838
High,HWMA_0.2_0.1_0.1,0.9783906945606838
TRIMA_10,ATRTSe_14_20_3.0,0.9783863043908498
HILO_13_21,BBU_5_2.0_2.0,0.9783848175460603
SINWMA_14,SUPERT_7_3.0,0.9783782039823801
MCGD_10,WCP,0.9783399222596091
SUPERT_7_3.0,ACCBU_20,0.9783394205840735
SSF3_20,WCP,0.9783293938620612
MIDPRICE_2,SINWMA_14,0.9783245905764505
KAMA_10_2_30,TEMA_10,0.978298733094284
ALPHATl_14_1_50_2,CHDLREXTl_22_22_14_2.0,0.9782949668392247
HILOs_13_21,SSF_20,0.9782790953904726
SINWMA_14,ZL_EMA_10,0.9782644063782234
JMA_7_0.0,HWU_1,0.9782560460563957
PSARl_0.02_0.2,ACCBM_20,0.9782455196904823
EMA_10,CHDLREXTs_22_22_14_2.0,0.978236532294994
HL2,PIVOTS_TRAD_D_S4,0.9782326031408208
HL2,PIVOTS_TRAD_D_S3,0.9782326031408208
T3_10_0.7,LDECAY_1,0.9782189330558628
AGj_13_8_5,PSARs_0.02_0.2,0.9782165288748794
DEC_1,INC_1,0.9782098978678797
BBU_5_2.0_2.0,KCLe_20_2,0.9782094789090516
CKSPl_10_3_20,KCBe_20_2,0.9781918711372563
Close,HWM_1,0.9781630216427843
Close,HWMA_0.2_0.1_0.1,0.9781630216427843
IKS_26,SSF3_20,0.9781369477146108
SSF3_20,ACCBU_20,0.9781351008896121
Open,MCGD_10,0.9781168528627906
Open,T3_10_0.7,0.978055345884473
ALMA_9_6.0_0.85,ACCBM_20,0.9780440430038619
TRIMA_10,CHDLREXTl_22_22_14_2.0,0.9780278769276215
Low,HWM_1,0.9780192001443345
Low,HWMA_0.2_0.1_0.1,0.9780192001443345
HWL_1,VWAP_D,0.9779867420774674
HLC3,HWL_1,0.9779867420774672
ITS_9,KCUe_20_2,0.9779706492125374
WCP,HWL_1,0.9779550626651886
HMA_10,ALPHATl_14_1_50_2,0.9779444002618239
Low,TRIMA_10,0.9779359326480658
HL2,HWL_1,0.9779356657766556
HLC3,PIVOTS_TRAD_D_S3,0.977928972896581
HLC3,PIVOTS_TRAD_D_S4,0.977928972896581
PIVOTS_TRAD_D_S3,VWAP_D,0.9779289728965805
PIVOTS_TRAD_D_S4,VWAP_D,0.9779289728965805
ACCBM_20,BBM_5_2.0_2.0,0.9779180758024371
AGt_13_8_5,CKSPs_10_3_20,0.9779069531034188
CKSPs_10_3_20,ACCBL_20,0.9778877261270614
LINREG_14,PIVOTS_TRAD_D_S3,0.9778805387442583
LINREG_14,PIVOTS_TRAD_D_S4,0.9778805387442583
ALPHATl_14_1_50_2,HT_TL,0.977852508641617
HILOs_13_21,CHDLREXTs_22_22_14_2.0,0.9778427259692429
PIVOTS_TRAD_D_S4,ABER_ZG_5_15,0.977822271348871
PIVOTS_TRAD_D_S3,ABER_ZG_5_15,0.977822271348871
PIVOTS_TRAD_D_R4,SINWMA_14,0.9777898251334892
PIVOTS_TRAD_D_R3,SINWMA_14,0.9777898251334892
Close,PIVOTS_TRAD_D_S3,0.977787538086193
Close,PIVOTS_TRAD_D_S4,0.977787538086193
Open,KCLe_20_2,0.9777808487689894
ITS_9,DCL_20_20,0.9777767347678857
Close,SSF3_20,0.9777750636779958
SSF_20,CHDLREXTs_22_22_14_2.0,0.9777561392982312
PIVOTS_TRAD_D_S3,WCP,0.977751795247317
PIVOTS_TRAD_D_S4,WCP,0.977751795247317
ATRTSe_14_20_3.0,VWMA_10,0.9777482225250808
SSF_20,HT_TL,0.9777268536623488
SMMA_7,BBL_5_2.0_2.0,0.977700377951658
AGl_13_8_5,ACCBU_20,0.9776986496564214
AGt_13_8_5,PIVOTS_TRAD_D_S2,0.9776886617348265
High,HWL_1,0.9776830802327523
RMA_10,LDECAY_1,0.977682717091718
Low,SSF_20,0.9776764137000692
T3_10_0.7,PSARl_0.02_0.2,0.9776709655002247
Low,PWMA_10,0.977649452657624
PIVOTS_TRAD_D_S2,KCLe_20_2,0.9776364413897554
AGt_13_8_5,HMA_10,0.977624558123389
CKSPl_10_3_20,HT_TL,0.9776106592498416
Low,HWL_1,0.9776102160738827
Close,HWL_1,0.9775891502831238
Low,BBU_5_2.0_2.0,0.9775821451946868
Close,KCLe_20_2,0.9775778658473585
T3_10_0.7,TEMA_10,0.977576200759206
SSF3_20,KCUe_20_2,0.9775347174976805
Close,MCGD_10,0.9775247422635769
SWMA_10,KCUe_20_2,0.9775193460494351
PIVOTS_TRAD_D_S4,ABER_XG_5_15,0.9775130129848432
PIVOTS_TRAD_D_S3,ABER_XG_5_15,0.9775130129848432
ACCBM_20,BBU_5_2.0_2.0,0.977509876703704
EMA_10,HWL_1,0.9775038046701613
ITS_9,CHDLREXTl_22_22_14_2.0,0.9774887256670803
PIVOTS_TRAD_D_R2,KCBe_20_2,0.9774581281859238
High,PIVOTS_TRAD_D_S4,0.9774514783086853
High,PIVOTS_TRAD_D_S3,0.9774514783086853
RMA_10,CKSPl_10_3_20,0.9774461007174309
KAMA_10_2_30,LINREG_14,0.9774444447814568
MIDPOINT_2,ALPHATl_14_1_50_2,0.9774275868635937
PIVOTS_TRAD_D_P,RMA_10,0.9773877573157213
T3_10_0.7,KCUe_20_2,0.9773700753669786
EMA_10,HWMA_0.2_0.1_0.1,0.977343822299837
EMA_10,HWM_1,0.977343822299837
PWMA_10,PSARs_0.02_0.2,0.9773399877140551
PSARs_0.02_0.2,KCUe_20_2,0.9773350607064357
OHLC4,T3_10_0.7,0.9773314985046981
PIVOTS_TRAD_D_S4,LDECAY_1,0.9773262840987439
PIVOTS_TRAD_D_S3,LDECAY_1,0.9773262840987439
HILO_13_21,ABER_ZG_5_15,0.977322648088035
QTL_30_0.5,CKSPs_10_3_20,0.9772861357574816
MEDIAN_30,CKSPs_10_3_20,0.9772861357574816
MIDPOINT_2,SINWMA_14,0.9772858068873268
T3_10_0.7,DCL_20_20,0.9772767745933848
HILOl_13_21,KCBe_20_2,0.9772765244224351
SINWMA_14,DCL_20_20,0.9772585018362796
KAMA_10_2_30,PSARs_0.02_0.2,0.9772513042480527
SSF_20,SUPERT_7_3.0,0.9772454842672843
RMA_10,DCL_20_20,0.9772439391534804
MEDIAN_30,ACCBL_20,0.9772295334792147
QTL_30_0.5,ACCBL_20,0.9772295334792147
SSF_20,HWL_1,0.9772227446620184
SINWMA_14,CHDLREXTs_22_22_14_2.0,0.9772066280064299
High,ALPHATl_14_1_50_2,0.9772018143649124
ITS_9,ACCBU_20,0.9771788395003596
SWMA_10,ATRTSe_14_20_3.0,0.9771625377500363
HILOl_13_21,DCM_20_20,0.9770913450354739
LINREG_14,SMMA_7,0.9770735346081091
PWMA_10,BBL_5_2.0_2.0,0.9770729703870337
Low,KCLe_20_2,0.977065026622422
HMA_10,MCGD_10,0.9770323259075516
AGl_13_8_5,CHDLREXTs_22_22_14_2.0,0.9770228327602829
ALPHAT_14_1_50,ATRTSe_14_20_3.0,0.9769957287743495
Low,AGt_13_8_5,0.9769955626245611
MCGD_10,PIVOTS_TRAD_D_S2,0.9769867731937827
SUPERT_7_3.0,ACCBL_20,0.9769630745093822
HL2,T3_10_0.7,0.9769599410534299
PIVOTS_TRAD_D_R1,KCBe_20_2,0.9769516849343036
SSF_20,HWM_1,0.9769451750239286
HWMA_0.2_0.1_0.1,SSF_20,0.9769451750239285
SUPERT_7_3.0,KCLe_20_2,0.9769254702540666
SUPERT_7_3.0,CHDLREXTl_22_22_14_2.0,0.9769051584799715
HILO_13_21,DCU_20_20,0.9769014206928114
HLC3,T3_10_0.7,0.9768745375543985
T3_10_0.7,VWAP_D,0.9768745375543982
SINWMA_14,LDECAY_1,0.9768507311511251
ALMA_9_6.0_0.85,HILO_13_21,0.9768494609256023
SUPERT_7_3.0,KCUe_20_2,0.9768442334918176
IKS_26,WMA_10,0.9768332180223868
DCL_20_20,KCBe_20_2,0.9768312229685304
BBU_5_2.0_2.0,DCM_20_20,0.9768070960806168
SMA_10,DCL_20_20,0.9768068126679632
ALPHAT_14_1_50,HWL_1,0.9768033405520741
T3_10_0.7,WCP,0.9768022766296981
T3_10_0.7,CHDLREXTl_22_22_14_2.0,0.9767942009964317
PIVOTS_TRAD_D_R3,ALPHAT_14_1_50,0.976771552449416
PIVOTS_TRAD_D_R4,ALPHAT_14_1_50,0.976771552449416
HMA_10,KCLe_20_2,0.9767451296755747
AGj_13_8_5,ABER_SG_5_15,0.9767303222453477
PIVOTS_TRAD_D_S1,SINWMA_14,0.9767247045497842
SWMA_10,CHDLREXTl_22_22_14_2.0,0.976709397674846
CKSPs_10_3_20,ATRTSe_14_20_3.0,0.9766823165358243
PIVOTS_TRAD_D_S3,PIVOTS_TRAD_D_R2,0.9766752124263409
PIVOTS_TRAD_D_S4,PIVOTS_TRAD_D_R2,0.9766752124263409
KCUe_20_2,VWMA_10,0.9766493039822958
SWMA_10,ACCBU_20,0.9766434891866435
HILO_13_21,BBM_5_2.0_2.0,0.9766252952937063
HILOs_13_21,KAMA_10_2_30,0.9766196738883178
High,SINWMA_14,0.9765926413785518
Open,ALPHATl_14_1_50_2,0.9765291308995115
IKS_26,PWMA_10,0.9765123738718413
PIVOTS_TRAD_D_S2,T3_10_0.7,0.9764972295610845
HILOl_13_21,RMA_10,0.9764192660510651
SSF3_20,ATRTSe_14_20_3.0,0.976405537919059
ITS_9,PSARs_0.02_0.2,0.9764047134592444
EMA_10,PSARs_0.02_0.2,0.9764022164724799
CHDLREXTl_22_22_14_2.0,VWMA_10,0.9763776997552716
PSARl_0.02_0.2,ACCBL_20,0.9763607606894605
LDECAY_1,KCBe_20_2,0.9763605786082045
LINREG_14,ALPHATl_14_1_50_2,0.9763320760475168
Low,MCGD_10,0.9762879887969554
Low,SSF3_20,0.9762797678865347
JMA_7_0.0,RMA_10,0.9762743152025651
PIVOTS_TRAD_D_R1,DCM_20_20,0.9762073733007665
Close,T3_10_0.7,0.9762066001207681
PIVOTS_TRAD_D_S2,ALPHATl_14_1_50_2,0.9761626707379017
KAMA_10_2_30,DCL_20_20,0.9761093096498117
SSF3_20,CHDLREXTl_22_22_14_2.0,0.9760999286581301
AO_5_34,STCmacd_10_12_26_0.5,0.976091955111174
AO_5_34,MACD_12_26_9,0.976091955111174
PIVOTS_TRAD_D_S4,ABER_SG_5_15,0.9760493277222627
PIVOTS_TRAD_D_S3,ABER_SG_5_15,0.9760493277222627
ACCBL_20,BBU_5_2.0_2.0,0.9760412609047925
CKSPs_10_3_20,DCL_20_20,0.9760309168724597
KAMA_10_2_30,BBL_5_2.0_2.0,0.9760217954687967
TRIMA_10,BBL_5_2.0_2.0,0.9760167068345357
ALPHAT_14_1_50,HWM_1,0.9759619889218034
HWMA_0.2_0.1_0.1,ALPHAT_14_1_50,0.9759619889218033
KAMA_10_2_30,HT_TL,0.9759181994391831
PIVOTS_TRAD_D_R2,DCM_20_20,0.9759134221064054
OHLC4,ALPHATl_14_1_50_2,0.975908847955856
MIDPRICE_2,RMA_10,0.9759048968041614
LDECAY_1,HWM_1,0.9758077904019511
HWMA_0.2_0.1_0.1,LDECAY_1,0.9758077904019511
MIDPOINT_2,HWU_1,0.9757612504398937
PIVOTS_TRAD_D_R4,RMA_10,0.9757343622194721
PIVOTS_TRAD_D_R3,RMA_10,0.9757343622194721
SSF_20,PSARl_0.02_0.2,0.9757232171173891
TRIMA_10,DCL_20_20,0.9757090158187132
PIVOTS_TRAD_D_P,KCBe_20_2,0.9757050608374821
ALPHATl_14_1_50_2,CHDLREXTs_22_22_14_2.0,0.975676542350386
LINREG_14,SINWMA_14,0.9756673028702173
HL2,ALPHATl_14_1_50_2,0.9756575821908199
KAMA_10_2_30,CHDLREXTs_22_22_14_2.0,0.9756542538934834
PSARs_0.02_0.2,VWMA_10,0.9756211377861689
SSF_20,BBL_5_2.0_2.0,0.9756058534035504
FWMA_10,ACCBM_20,0.9756014130326243
MIDPRICE_2,HWU_1,0.9755721551817553
JMA_7_0.0,DCM_20_20,0.9755532774820186
ACCBU_20,VWMA_10,0.9755193337689251
HLC3,ALPHATl_14_1_50_2,0.9755032877978582
ALPHATl_14_1_50_2,VWAP_D,0.975503287797858
WMA_10,DCL_20_20,0.9754795567172159
SMMA_7,CKSPs_10_3_20,0.9754246421882953
SWMA_10,HWU_1,0.9754237925681594
WCP,ALPHATl_14_1_50_2,0.9754132336134113
Open,SINWMA_14,0.9754016547358808
LDECAY_1,HWL_1,0.9753934799347208
PIVOTS_TRAD_D_P,DCM_20_20,0.975386206374542
ALPHATl_14_1_50_2,PSARs_0.02_0.2,0.9753836204139326
CHDLREXTs_22_22_14_2.0,VWMA_10,0.9753679677365104
ALPHATl_14_1_50_2,BBL_5_2.0_2.0,0.9753624767261599
CKSPl_10_3_20,DCM_20_20,0.9753438461004532
SWMA_10,DCL_20_20,0.9753145377477045
High,RMA_10,0.9752889388294542
BBL_5_2.0_2.0,HWL_1,0.9752752300925962
T3_10_0.7,ATRTSe_14_20_3.0,0.9752660746952082
PIVOTS_TRAD_D_R1,HWU_1,0.9752050715987799
AGl_13_8_5,PSARs_0.02_0.2,0.9752017459165433
SSF3_20,HWU_1,0.975161375150597
PSARs_0.02_0.2,KCLe_20_2,0.9751512512959433
WMA_10,ATRTSe_14_20_3.0,0.9751032377439061
SMMA_7,QTL_30_0.5,0.9750934627217144
SMMA_7,MEDIAN_30,0.9750934627217144
HILOs_13_21,CHDLREXTl_22_22_14_2.0,0.9750831081724449
AGt_13_8_5,DCU_20_20,0.9750710219897969
PWMA_10,HWU_1,0.9750604787588197
SSF3_20,PSARl_0.02_0.2,0.9750577598672032
PSARs_0.02_0.2,ATRTSe_14_20_3.0,0.9750515507428608
PIVOTS_TRAD_D_R1,ACCBL_20,0.9750121942250036
SMA_10,HWU_1,0.9749410416518447
PWMA_10,KCUe_20_2,0.9749138182160307
OHLC4,SINWMA_14,0.974871252711336
HMA_10,SINWMA_14,0.9748542609877827
ABER_XG_5_15,ACCBM_20,0.9748323695230329
TEMA_10,ALPHATl_14_1_50_2,0.9748259430557632
PIVOTS_TRAD_D_S3,WMA_10,0.9748242334278994
PIVOTS_TRAD_D_S4,WMA_10,0.9748242334278994
PIVOTS_TRAD_D_P,HWU_1,0.9748002633340217
SMA_10,CHDLREXTs_22_22_14_2.0,0.974788740657065
HILOl_13_21,ACCBL_20,0.9747867919289219
EMA_10,HT_TL,0.9747674052093427
HILOs_13_21,T3_10_0.7,0.9747405356824664
Close,ALPHATl_14_1_50_2,0.9747200580938343
HILOs_13_21,ALPHATl_14_1_50_2,0.9747069967728517
Low,T3_10_0.7,0.9747035761149165
MCGD_10,TEMA_10,0.974644819164208
PIVOTS_TRAD_D_R2,ACCBL_20,0.9746414075378734
ALPHAT_14_1_50,CHDLREXTl_22_22_14_2.0,0.9746358037073821
SSF3_20,DCL_20_20,0.9745936953388145
SUPERTl_7_3.0,CKSPl_10_3_20,0.9745785638115714
AGt_13_8_5,TEMA_10,0.9745724975116683
HL2,SINWMA_14,0.9745623774547996
PWMA_10,CHDLREXTl_22_22_14_2.0,0.9745600132299543
MIDPOINT_2,RMA_10,0.9745497649961875
ABER_XG_5_15,DCL_20_20,0.9745390622014716
ITS_9,CHDLREXTs_22_22_14_2.0,0.974532171468533
MCGD_10,DCU_20_20,0.9745309592968768
PIVOTS_TRAD_D_R2,HWU_1,0.9744856054638769
PWMA_10,ATRTSe_14_20_3.0,0.9744723864143571
EMA_10,SUPERT_7_3.0,0.9744660604933016
PIVOTS_TRAD_D_P,ACCBL_20,0.9744623349092917
HLC3,SINWMA_14,0.9744569728269992
SINWMA_14,VWAP_D,0.9744569728269986
MIDPRICE_2,DCM_20_20,0.9744558379693924
JMA_7_0.0,KCBe_20_2,0.9744464263248901
HWMA_0.2_0.1_0.1,BBU_5_2.0_2.0,0.9744365656257936
BBU_5_2.0_2.0,HWM_1,0.9744365656257933
HILO_13_21,PSARl_0.02_0.2,0.9744314064722647
SINWMA_14,WCP,0.9743879962432654
PIVOTS_TRAD_D_S1,HWU_1,0.9743411706237926
ITS_9,HWU_1,0.9743294910308279
HILO_13_21,ABER_XG_5_15,0.9742970259776186
Open,HWU_1,0.9742572623256609
HILOs_13_21,TRIMA_10,0.9742331224126318
AGt_13_8_5,BBL_5_2.0_2.0,0.974226871648578
AGj_13_8_5,ABER_ZG_5_15,0.9742093899766809
WMA_10,CHDLREXTl_22_22_14_2.0,0.974209322688611
PIVOTS_TRAD_D_S1,RMA_10,0.9741775916071317
MIDPRICE_2,KCBe_20_2,0.9741582719180039
ALPHAT_14_1_50,KCUe_20_2,0.9741423509454895
FWMA_10,HILO_13_21,0.9740935264984686
SUPERT_7_3.0,TRIMA_10,0.9740771971253197
TEMA_10,KCLe_20_2,0.9740553779743638
TRIMA_10,PSARl_0.02_0.2,0.9740327036989077
T3_10_0.7,CHDLREXTs_22_22_14_2.0,0.9740273968924638
CKSPs_10_3_20,KCUe_20_2,0.9740234785933779
HWU_1,VWMA_10,0.9739483150946577
EMA_10,HILOs_13_21,0.9739244226251174
PWMA_10,ACCBU_20,0.9739071376393494
JMA_7_0.0,ACCBL_20,0.9738900155687304
RMA_10,ZL_EMA_10,0.9738726132673315
ALPHAT_14_1_50,CHDLREXTs_22_22_14_2.0,0.9738633334055355
SMIs_5_20_5_1.0,TSI_13_25_13,0.9738500217918598
BBU_5_2.0_2.0,KCUe_20_2,0.9738491112992611
TRIMA_10,CHDLREXTs_22_22_14_2.0,0.9738487824366523
SSF3_20,BBL_5_2.0_2.0,0.9738313334562951
PIVOTS_TRAD_D_S2,SINWMA_14,0.973816723490581
HILO_13_21,CKSPl_10_3_20,0.97378867424131
HWMA_0.2_0.1_0.1,BBL_5_2.0_2.0,0.9737763293821398
BBL_5_2.0_2.0,HWM_1,0.9737763293821398
HILOs_13_21,SMA_10,0.973772169703129
Close,SINWMA_14,0.9737714440861748
DEMA_10,ACCBL_20,0.9737435826601869
SINWMA_14,HWL_1,0.9737425317789196
AGj_13_8_5,BBM_5_2.0_2.0,0.9737040531096488
LDECAY_1,DCM_20_20,0.9736943330417428
AGj_13_8_5,ALMA_9_6.0_0.85,0.973654919934925
PSARs_0.02_0.2,CHDLREXTs_22_22_14_2.0,0.9736491751692313
SMA_10,SUPERT_7_3.0,0.9736192341810629
TRIMA_10,HWU_1,0.9735961697703469
High,KCBe_20_2,0.9735899269607734
HILOs_13_21,SSF3_20,0.9735690085009955
ABER_SG_5_15,ATRTSe_14_20_3.0,0.9735423634990149
MIDPOINT_2,DCM_20_20,0.9735347517010955
DEMA_10,RMA_10,0.973524525131578
Low,ALPHATl_14_1_50_2,0.9734885775436656
SINWMA_14,TEMA_10,0.9734864342512213
WMA_10,KCUe_20_2,0.9734704964803227
SUPERT_7_3.0,T3_10_0.7,0.9734580522314316
MEDIAN_30,KCLe_20_2,0.9734478737656261
QTL_30_0.5,KCLe_20_2,0.9734478737656261
HWMA_0.2_0.1_0.1,SINWMA_14,0.973445361983852
SINWMA_14,HWM_1,0.9734453619838519
DEMA_10,DCM_20_20,0.9734110844342119
PIVOTS_TRAD_D_S1,DCM_20_20,0.9733427523226251
T3_10_0.7,HWU_1,0.9733165067607203
HL2,RMA_10,0.9733124935500674
ABER_SG_5_15,KCUe_20_2,0.9733066600555269
ZL_EMA_10,DCM_20_20,0.9732966594360537
OHLC4,RMA_10,0.9732902470275894
AGj_13_8_5,BBU_5_2.0_2.0,0.9732431917510249
PIVOTS_TRAD_D_R2,ACCBM_20,0.973232238029068
T3_10_0.7,HT_TL,0.9732227147063108
PIVOTS_TRAD_D_R3,KCBe_20_2,0.9731770988417731
PIVOTS_TRAD_D_R4,KCBe_20_2,0.9731770988417731
PIVOTS_TRAD_D_S2,HWU_1,0.973167166959865
PWMA_10,DCL_20_20,0.9731619626140521
SUPERT_7_3.0,ALPHAT_14_1_50,0.9731338784168087
ITS_9,SUPERT_7_3.0,0.973133342455393
RMA_10,VWAP_D,0.9731211672056425
HLC3,RMA_10,0.9731211672056423
BBU_5_2.0_2.0,HWL_1,0.9731149766203341
HILOs_13_21,SUPERT_7_3.0,0.973111592345712
HT_TL,CHDLREXTs_22_22_14_2.0,0.9731026999421826
LINREG_14,MCGD_10,0.973089798094422
High,DCM_20_20,0.9730850930442884
RMA_10,WCP,0.9730093006841954
MIDPRICE_2,ACCBL_20,0.9729617650649991
AGt_13_8_5,CKSPl_10_3_20,0.9729615660427177
IKS_26,ABER_SG_5_15,0.9729460033195966
PIVOTS_TRAD_D_R3,KCLe_20_2,0.9729458073875652
PIVOTS_TRAD_D_R4,KCLe_20_2,0.9729458073875652
HILOl_13_21,HILOs_13_21,0.972890825511157
SWMA_10,CHDLREXTs_22_22_14_2.0,0.9728876122266411
HT_TL,PSARs_0.02_0.2,0.9728558229256488
FISHERT_9_1,FISHERTs_9_1,0.972830856957975
PSARl_0.02_0.2,DCM_20_20,0.9728281993257061
SUPERT_7_3.0,HT_TL,0.9728060269324862
CKSPs_10_3_20,ACCBU_20,0.9727924225448324
MIDPOINT_2,KCBe_20_2,0.9727116632673544
SMMA_7,DCU_20_20,0.9726855619279474
SMA_10,HT_TL,0.972640853074649
ALPHAT_14_1_50,ACCBU_20,0.9726209106036144
Open,RMA_10,0.9726120023299876
AGt_13_8_5,LINREG_14,0.9725938025001176
HILOl_13_21,ATRTSe_14_20_3.0,0.972582565431421
MCGD_10,BBL_5_2.0_2.0,0.9725512378442542
AGl_13_8_5,SUPERT_7_3.0,0.9725430816699367
KST_10_15_20_30_10_10_10_15,MACDs_12_26_9,0.9724924055378154
PIVOTS_TRAD_D_S1,KCBe_20_2,0.9724457259336983
SSF3_20,SUPERT_7_3.0,0.972436337507176
ABER_SG_5_15,CHDLREXTl_22_22_14_2.0,0.9724359046851314
PIVOTS_TRAD_D_R1,ACCBM_20,0.9724312492701713
HILOl_13_21,MCGD_10,0.9724292766608293
HILOl_13_21,PSARl_0.02_0.2,0.9724266012617115
SUPERT_7_3.0,SWMA_10,0.9724219521455866
OHLC4,HWU_1,0.9723780809962103
BBU_5_2.0_2.0,CHDLREXTl_22_22_14_2.0,0.9723658568676263
SUPERT_7_3.0,VWMA_10,0.972317355861818
KAMA_10_2_30,DCU_20_20,0.9723092546501809
T3_10_0.7,BBL_5_2.0_2.0,0.9722979952216183
ALPHATl_14_1_50_2,PSARl_0.02_0.2,0.9722267145042555
TRIMA_10,HT_TL,0.9721955494445401
OHLC4,DCM_20_20,0.9721859687761568
Close,RMA_10,0.9721720432630395
ALPHATl_14_1_50_2,HWL_1,0.972170829200054
PIVOTS_TRAD_D_R3,ALPHATl_14_1_50_2,0.9721691685642464
PIVOTS_TRAD_D_R4,ALPHATl_14_1_50_2,0.9721691685642464
ABER_ZG_5_15,DCL_20_20,0.9721293703446574
SINWMA_14,MEDIAN_30,0.9721066141092226
SINWMA_14,QTL_30_0.5,0.9721066141092226
ZL_EMA_10,KCBe_20_2,0.9720754645337404
SMA_10,PSARl_0.02_0.2,0.97207049076996
PSARs_0.02_0.2,CHDLREXTl_22_22_14_2.0,0.9720683422882503
IKS_26,ABER_ZG_5_15,0.9720570141901461
DCM_20_20,VWAP_D,0.9720463742731974
HLC3,DCM_20_20,0.9720463742731974
WCP,DCM_20_20,0.9720392304583777
ZL_EMA_10,ACCBL_20,0.9720255970602556
HL2,DCM_20_20,0.9720181261269819
PIVOTS_TRAD_D_S1,ACCBL_20,0.9720131107555673
Low,SINWMA_14,0.9720063782054217
High,HWU_1,0.9719522894156223
WMA_10,PSARs_0.02_0.2,0.9719499705133424
AGl_13_8_5,HWU_1,0.9719198622228775
HILOs_13_21,SWMA_10,0.9719190925515803
LINREG_14,KCLe_20_2,0.9719064045380403
HILO_13_21,PIVOTS_TRAD_D_R2,0.9718712105251782
BBM_5_2.0_2.0,DCL_20_20,0.9718654817407129
IKS_26,BBM_5_2.0_2.0,0.9718305655573221
SSF3_20,CHDLREXTs_22_22_14_2.0,0.9718141578104691
MCGD_10,CKSPl_10_3_20,0.971799435672758
DEMA_10,KCBe_20_2,0.9717899470273005
SINWMA_14,DCU_20_20,0.9717824772979796
WCP,HWU_1,0.9717317840782583
IKS_26,ALMA_9_6.0_0.85,0.9717193833845478
Open,DCM_20_20,0.9717094041921082
HLC3,HWU_1,0.9717068604415752
HWU_1,VWAP_D,0.9717068604415744
ALMA_9_6.0_0.85,DCL_20_20,0.9717038260815877
MIDPOINT_2,ACCBL_20,0.9716915973326483
ATRTSe_14_20_3.0,CHDLREXTs_22_22_14_2.0,0.9716501478319055
Close,HWU_1,0.9716358926617162
HL2,HWU_1,0.9716294367800223
AGj_13_8_5,DCL_20_20,0.9716254418530699
SWMA_10,PSARl_0.02_0.2,0.9716114830515182
AGl_13_8_5,HILOs_13_21,0.9716068804199519
OHLC4,KCBe_20_2,0.9715674118142912
AGl_13_8_5,HT_TL,0.9715625630363257
HL2,KCBe_20_2,0.9715552968557439
WMA_10,CHDLREXTs_22_22_14_2.0,0.9715550218002033
WMA_10,ACCBU_20,0.9715280035121714
LDECAY_1,ACCBL_20,0.9714697849410401
AGl_13_8_5,PIVOTS_TRAD_D_S3,0.9714632358235383
AGl_13_8_5,PIVOTS_TRAD_D_S4,0.9714632358235383
ITS_9,HILOs_13_21,0.9714292962842525
HLC3,KCBe_20_2,0.9713737417597438
KCBe_20_2,VWAP_D,0.9713737417597434
SSF3_20,HT_TL,0.9713625302429061
Close,DCM_20_20,0.9712843707581205
WCP,KCBe_20_2,0.9712767951251309
FWMA_10,DCL_20_20,0.9712466763523709
High,ACCBL_20,0.9712401990844423
Low,HWU_1,0.9711906216245784
PIVOTS_TRAD_D_S2,RMA_10,0.9711697877618354
Low,Adj Close,0.9711530173954106
AGt_13_8_5,HILOl_13_21,0.9711281719879993
AGj_13_8_5,FWMA_10,0.9710750629987653
PIVOTS_TRAD_D_R3,ACCBM_20,0.9710502469778469
PIVOTS_TRAD_D_R4,ACCBM_20,0.9710502469778469
Open,KCBe_20_2,0.9710432507013684
RMA_10,PSARl_0.02_0.2,0.9710291640055801
PSARl_0.02_0.2,CHDLREXTl_22_22_14_2.0,0.9709898948052847
HILOs_13_21,VWMA_10,0.9709431010188967
ALPHATl_14_1_50_2,HWM_1,0.9709015577221383
HWMA_0.2_0.1_0.1,ALPHATl_14_1_50_2,0.9709015577221382
AGt_13_8_5,PSARl_0.02_0.2,0.9708970649326002
ATRTSe_14_20_3.0,BBU_5_2.0_2.0,0.9708565450225947
KAMA_10_2_30,CKSPs_10_3_20,0.9708357932410395
ACCBU_20,BBU_5_2.0_2.0,0.9708213212107223
PIVOTS_TRAD_D_R3,DCM_20_20,0.9708053277949216
PIVOTS_TRAD_D_R4,DCM_20_20,0.9708053277949216
PSARl_0.02_0.2,ACCBU_20,0.9707935767492107
ITS_9,HT_TL,0.9707166325847321
HILO_13_21,PIVOTS_TRAD_D_R1,0.9707094694644093
PSARl_0.02_0.2,KCBe_20_2,0.970702728107775
ITS_9,PIVOTS_TRAD_D_S3,0.9706895173241821
ITS_9,PIVOTS_TRAD_D_S4,0.9706895173241821
PIVOTS_TRAD_D_P,ACCBM_20,0.9706696374079188
PWMA_10,CHDLREXTs_22_22_14_2.0,0.9706601122065505
PWMA_10,SUPERT_7_3.0,0.9706110114278437
HMA_10,RMA_10,0.9705606741490955
Low,RMA_10,0.9704785978766842
PWMA_10,PSARl_0.02_0.2,0.9704738558026155
Close,KCBe_20_2,0.970473817068002
BBL_5_2.0_2.0,DCL_20_20,0.9704397294619262
PIVOTS_TRAD_D_R4,HWM_1,0.9704158209029412
HWMA_0.2_0.1_0.1,PIVOTS_TRAD_D_R4,0.9704158209029412
HWMA_0.2_0.1_0.1,PIVOTS_TRAD_D_R3,0.9704158209029412
PIVOTS_TRAD_D_R3,HWM_1,0.9704158209029412
ALPHAT_14_1_50,HT_TL,0.9703999728975359
Adj Close,WCP,0.9703671225277515
SUPERT_7_3.0,PSARs_0.02_0.2,0.9703204321236775
ISA_9,ISB_26,0.970314486461707
OHLC4,ACCBL_20,0.9702732829629903
HL2,ACCBL_20,0.9702693600465546
Low,DCM_20_20,0.9702647825496794
MCGD_10,PSARl_0.02_0.2,0.9702177292526646
ABER_ZG_5_15,ATRTSe_14_20_3.0,0.9702170104283669
Adj Close,VWAP_D,0.97020926051714
Adj Close,HLC3,0.9702092605171398
Close,Adj Close,0.9702086156228433
ABER_SG_5_15,ACCBU_20,0.9701921666083094
HILOl_13_21,SINWMA_14,0.9701713723729029
SMMA_7,PSARl_0.02_0.2,0.970168009849392
D_9_3,STOCHd_14_3_3,0.9701392457902503
JMA_7_0.0,ACCBM_20,0.9701332372981878
HLC3,ACCBL_20,0.9700959317545788
ACCBL_20,VWAP_D,0.9700959317545788
SMMA_7,CKSPl_10_3_20,0.9700431531451275
SSF_20,DCU_20_20,0.9700241833535744
IKS_26,FWMA_10,0.9700194780940156
PIVOTS_TRAD_D_S2,DCM_20_20,0.9699960773526467
HILOs_13_21,DCL_20_20,0.9699825636176946
HT_TL,VWMA_10,0.9699803792136724
ATRTSe_14_20_3.0,BBM_5_2.0_2.0,0.9699800356582651
ACCBL_20,DCU_20_20,0.9699727185920568
EMA_10,CKSPs_10_3_20,0.9699555672570037
WCP,ACCBL_20,0.9699450618462274
PIVOTS_TRAD_D_R3,ACCBL_20,0.9699192570369134
PIVOTS_TRAD_D_R4,ACCBL_20,0.9699192570369134
ACCBU_20,CHDLREXTs_22_22_14_2.0,0.9698558882852188
AGj_13_8_5,PIVOTS_TRAD_D_R2,0.9698429390948607
ITS_9,PSARl_0.02_0.2,0.9698296862560789
Adj Close,HL2,0.9698192109232598
Adj Close,OHLC4,0.9698148469943779
SMMA_7,HWL_1,0.9698137813204587
ALMA_9_6.0_0.85,ATRTSe_14_20_3.0,0.9698073267874804
HMA_10,DCM_20_20,0.9697990911769238
SWMA_10,HT_TL,0.9697893724377147
KAMA_10_2_30,CKSPl_10_3_20,0.9696992284394828
ABER_ZG_5_15,CHDLREXTl_22_22_14_2.0,0.9696877071168754
HILOs_13_21,PWMA_10,0.9696631145229245
EMA_10,HWU_1,0.9696521349921545
SUPERTl_7_3.0,CHDLREXTl_22_22_14_2.0,0.9696011068177511
AGj_13_8_5,ABER_XG_5_15,0.9695355573647811
MIDPRICE_2,ACCBM_20,0.9694997934761038
PSARs_0.02_0.2,BBU_5_2.0_2.0,0.9694843519901882
SINWMA_14,BBL_5_2.0_2.0,0.9694796703719
LDECAY_1,ACCBM_20,0.9694765946684224
SINWMA_14,CKSPs_10_3_20,0.9694493676570191
SSF_20,MEDIAN_30,0.9694338507449853
SSF_20,QTL_30_0.5,0.9694338507449853
BBM_5_2.0_2.0,CHDLREXTl_22_22_14_2.0,0.9693631663995583
Open,ACCBL_20,0.9693466267313467
PIVOTS_TRAD_D_S2,KCBe_20_2,0.9693262089587706
SSF_20,HWU_1,0.9693187347497895
PIVOTS_TRAD_D_S4,VWMA_10,0.9692882710056672
PIVOTS_TRAD_D_S3,VWMA_10,0.9692882710056672
ALMA_9_6.0_0.85,CHDLREXTl_22_22_14_2.0,0.969259954798234
PIVOTS_TRAD_D_R3,HWL_1,0.9692572952684769
PIVOTS_TRAD_D_R4,HWL_1,0.9692572952684769
EMA_10,PIVOTS_TRAD_D_S3,0.9692533995260852
EMA_10,PIVOTS_TRAD_D_S4,0.9692533995260852
BBU_5_2.0_2.0,HWU_1,0.9692249031962653
QTL_30_0.5,PSARs_0.02_0.2,0.9691921544876284
MEDIAN_30,PSARs_0.02_0.2,0.9691921544876284
SSF_20,CKSPs_10_3_20,0.9691830043147165
HWMA_0.2_0.1_0.1,SMMA_7,0.9691586850621898
SMMA_7,HWM_1,0.9691586850621898
QTL_30_0.5,CHDLREXTs_22_22_14_2.0,0.9691437434636967
MEDIAN_30,CHDLREXTs_22_22_14_2.0,0.9691437434636967
PSARl_0.02_0.2,KCLe_20_2,0.9691179868394874
KAMA_10_2_30,MEDIAN_30,0.9691054005683593
KAMA_10_2_30,QTL_30_0.5,0.9691054005683593
PSARl_0.02_0.2,VWMA_10,0.9690858962147917
AGj_13_8_5,PIVOTS_TRAD_D_R1,0.9690499727591692
LDECAY_1,HWU_1,0.969019624798768
HILO_13_21,PIVOTS_TRAD_D_P,0.9689712839081303
KAMA_10_2_30,PSARl_0.02_0.2,0.9689153128596317
Close,ACCBL_20,0.9688710201759575
HMA_10,KCBe_20_2,0.9688630628559061
DEMA_10,ACCBM_20,0.9688096861377518
HILO_13_21,JMA_7_0.0,0.9687599179126517
IKS_26,ABER_XG_5_15,0.9687505087630381
CKSPl_10_3_20,ACCBL_20,0.9687401243634535
Low,KCBe_20_2,0.9687061784238695
AGj_13_8_5,LDECAY_1,0.9686113273923018
PIVOTS_TRAD_D_S2,ACCBL_20,0.9684837820470487
High,ACCBM_20,0.9684615670645409
KAMA_10_2_30,HWL_1,0.9684279440875679
PIVOTS_TRAD_D_S3,ALPHAT_14_1_50,0.9683818445295387
PIVOTS_TRAD_D_S4,ALPHAT_14_1_50,0.9683818445295387
PIVOTS_TRAD_D_S3,BBL_5_2.0_2.0,0.9682725586822013
PIVOTS_TRAD_D_S4,BBL_5_2.0_2.0,0.9682725586822013
ACCBL_20,BBL_5_2.0_2.0,0.9682565130943583
MIDPOINT_2,ACCBM_20,0.9682481535337361
SUPERT_7_3.0,CHDLREXTs_22_22_14_2.0,0.968225367939005
ABER_SG_5_15,DCL_20_20,0.968203242563202
DEMA_10,HILO_13_21,0.968156212598954
Low,ACCBL_20,0.968121929602626
SUPERTl_7_3.0,DCU_20_20,0.9680432105331235
HILO_13_21,PIVOTS_TRAD_D_R3,0.9680396955655555
HILO_13_21,PIVOTS_TRAD_D_R4,0.9680396955655555
AGj_13_8_5,PIVOTS_TRAD_D_R4,0.968022522780115
AGj_13_8_5,PIVOTS_TRAD_D_R3,0.968022522780115
PSARs_0.02_0.2,ABER_SG_5_15,0.9680118221984843
HILOs_13_21,DCU_20_20,0.9679752648513799
HMA_10,ACCBL_20,0.9679540487263003
AGj_13_8_5,PSARl_0.02_0.2,0.9679132537114925
FWMA_10,ATRTSe_14_20_3.0,0.9679045516886869
IKS_26,BBU_5_2.0_2.0,0.9678276693636214
EMA_10,DCU_20_20,0.9678244903460119
ZL_EMA_10,ACCBM_20,0.9677977701886558
ALPHAT_14_1_50,HWU_1,0.9677840175334709
AGl_13_8_5,CKSPs_10_3_20,0.9677336532846451
SUPERT_7_3.0,MEDIAN_30,0.9677331010384617
SUPERT_7_3.0,QTL_30_0.5,0.9677331010384617
Adj Close,MIDPOINT_2,0.9676658479008041
EMA_10,PSARl_0.02_0.2,0.9676592483127278
Adj Close,MIDPRICE_2,0.9676517726036492
CHDLREXTs_22_22_14_2.0,KCUe_20_2,0.9676235446129391
ALPHAT_14_1_50,PSARs_0.02_0.2,0.9675845492914975
RMA_10,BBL_5_2.0_2.0,0.967570115527453
CKSPs_10_3_20,PSARs_0.02_0.2,0.9675562360680974
CKSPs_10_3_20,CHDLREXTl_22_22_14_2.0,0.967540213890806
AGj_13_8_5,PIVOTS_TRAD_D_P,0.9675043020031925
ABER_ZG_5_15,KCUe_20_2,0.9674990200304047
SUPERT_7_3.0,CKSPl_10_3_20,0.967495044977315
HILOl_13_21,SMMA_7,0.967491709684557
BBL_5_2.0_2.0,DCM_20_20,0.9674539923634475
ALPHATl_14_1_50_2,CKSPs_10_3_20,0.9674500519696938
FWMA_10,CHDLREXTl_22_22_14_2.0,0.9674296055924171
SUPERT_7_3.0,DCU_20_20,0.9674289654956273
PIVOTS_TRAD_D_S1,ACCBM_20,0.967424543635365
ABER_ZG_5_15,CHDLREXTs_22_22_14_2.0,0.9674193837884822
SUPERT_7_3.0,CKSPs_10_3_20,0.9673873619017842
JMA_7_0.0,DCL_20_20,0.9673779626717984
HILO_13_21,LDECAY_1,0.9673715316861942
SUPERT_7_3.0,WMA_10,0.9673627008328048
HILO_13_21,MIDPRICE_2,0.9673032516909593
PSARs_0.02_0.2,DCL_20_20,0.9672662493879386
BBM_5_2.0_2.0,CHDLREXTs_22_22_14_2.0,0.9672494167249439
High,Adj Close,0.9671923384791263
PIVOTS_TRAD_D_S3,SMA_10,0.967176674710051
PIVOTS_TRAD_D_S4,SMA_10,0.967176674710051
ALMA_9_6.0_0.85,CHDLREXTs_22_22_14_2.0,0.9671545437773451
KAMA_10_2_30,HWM_1,0.9671309647087464
HWMA_0.2_0.1_0.1,KAMA_10_2_30,0.9671309647087464
PIVOTS_TRAD_D_P,DCL_20_20,0.9671074126539657
HILOs_13_21,ALPHAT_14_1_50,0.967104194113039
RMA_10,TEMA_10,0.9670340855853473
PIVOTS_TRAD_D_R2,ATRTSe_14_20_3.0,0.9670203694758555
Open,Adj Close,0.9669628873586461
TEMA_10,DCM_20_20,0.9669547005026361
BBM_5_2.0_2.0,KCUe_20_2,0.966933719887449
ALMA_9_6.0_0.85,KCUe_20_2,0.9669169553512609
CKSPl_10_3_20,KCLe_20_2,0.9669015262300598
STDEV_30,VAR_30,0.9668334682267351
QQE_14_5_4.236_RSIMA,TSI_13_25_13,0.966789159880187
SINWMA_14,CKSPl_10_3_20,0.966743066353354
EMA_10,MEDIAN_30,0.9667348223691429
EMA_10,QTL_30_0.5,0.9667348223691429
IKS_26,PIVOTS_TRAD_D_R1,0.9667325381724248
PWMA_10,HT_TL,0.9666695101851068
ABER_XG_5_15,CHDLREXTs_22_22_14_2.0,0.9665439216534738
CHDLREXTl_22_22_14_2.0,CHDLREXTs_22_22_14_2.0,0.9665324811707077
DEMA_10,DCL_20_20,0.9664906616240985
Adj Close,LDECAY_1,0.966434488084791
IKS_26,PIVOTS_TRAD_D_R2,0.9664339627570839
OHLC4,ACCBM_20,0.9664287883541146
HWL_1,KCLe_20_2,0.9663975556354881
PIVOTS_TRAD_D_S1,DCL_20_20,0.9662834546185656
HL2,ACCBM_20,0.966275983223286
PSARs_0.02_0.2,DCU_20_20,0.9662702670998174
AGl_13_8_5,PSARl_0.02_0.2,0.9662409105751357
HILO_13_21,ZL_EMA_10,0.9662346348936812
SMA_10,DCU_20_20,0.9662245092212035
SUPERTl_7_3.0,ACCBU_20,0.9662096831016526
Adj Close,BBL_5_2.0_2.0,0.9662047342816802
High,HILO_13_21,0.9661997260075061
Open,ACCBM_20,0.9661856598740214
HLC3,ACCBM_20,0.9661724568493726
ACCBM_20,VWAP_D,0.9661724568493725
Adj Close,ZL_EMA_10,0.9661619342143365
BBL_5_2.0_2.0,KCBe_20_2,0.9661331722174847
PIVOTS_TRAD_D_R1,ATRTSe_14_20_3.0,0.9661267249440112
WCP,ACCBM_20,0.9661096911179248
AGl_13_8_5,DCU_20_20,0.966043865861277
HILOs_13_21,CKSPl_10_3_20,0.9660171342053224
PIVOTS_TRAD_D_R2,CHDLREXTl_22_22_14_2.0,0.966002402363665
HILOl_13_21,SUPERT_7_3.0,0.9660023904235525
HT_TL,DCL_20_20,0.9660018638231689
MIDPRICE_2,DCL_20_20,0.9659803080116731
SINWMA_14,HWU_1,0.9659538290907057
HILOl_13_21,SSF_20,0.9659439939413627
PSARs_0.02_0.2,ABER_ZG_5_15,0.965937799905961
HILOs_13_21,WMA_10,0.9659357822661914
HILO_13_21,MIDPOINT_2,0.9659302739593107
PIVOTS_TRAD_D_S3,SWMA_10,0.9659289553764587
PIVOTS_TRAD_D_S4,SWMA_10,0.9659289553764587
ALMA_9_6.0_0.85,PSARs_0.02_0.2,0.9658923584310152
AGj_13_8_5,JMA_7_0.0,0.9658897003440607
PIVOTS_TRAD_D_R4,ATRTSe_14_20_3.0,0.9658669411069021
PIVOTS_TRAD_D_R3,ATRTSe_14_20_3.0,0.9658669411069021
HILOl_13_21,KCLe_20_2,0.9658603192119762
PIVOTS_TRAD_D_S3,HWM_1,0.9658515966080964
PIVOTS_TRAD_D_S4,HWM_1,0.9658515966080964
HWMA_0.2_0.1_0.1,PIVOTS_TRAD_D_S3,0.9658515966080962
HWMA_0.2_0.1_0.1,PIVOTS_TRAD_D_S4,0.9658515966080962
SUPERTl_7_3.0,KCUe_20_2,0.9658474402775841
Adj Close,FWMA_10,0.9658462059947005
PIVOTS_TRAD_D_R1,DCL_20_20,0.9658188365491465
HILOl_13_21,PSARs_0.02_0.2,0.9658020440287965
AGj_13_8_5,MIDPRICE_2,0.9657969522998093
HILO_13_21,PIVOTS_TRAD_D_S1,0.9657517629517176
IKS_26,PIVOTS_TRAD_D_P,0.965724842504289
PIVOTS_TRAD_D_R3,BBL_5_2.0_2.0,0.9656533742872566
PIVOTS_TRAD_D_R4,BBL_5_2.0_2.0,0.9656533742872566
PIVOTS_TRAD_D_R4,KCUe_20_2,0.9656463669285295
PIVOTS_TRAD_D_R3,KCUe_20_2,0.9656463669285295
IKS_26,JMA_7_0.0,0.9656270448743093
TRIMA_10,DCU_20_20,0.96560808176991
FWMA_10,CHDLREXTs_22_22_14_2.0,0.9655873942766123
High,AGj_13_8_5,0.965580514186281
LDECAY_1,ATRTSe_14_20_3.0,0.9655794304463593
ABER_SG_5_15,CHDLREXTs_22_22_14_2.0,0.9654562267181436
SUPERTl_7_3.0,ATRTSe_14_20_3.0,0.9654051058253121
TEMA_10,ACCBL_20,0.9653706413817631
PSARs_0.02_0.2,BBM_5_2.0_2.0,0.965355406952987
ZL_EMA_10,DCL_20_20,0.9653527939832603
Close,ACCBM_20,0.9653225812000182
PIVOTS_TRAD_D_R2,KCUe_20_2,0.9653113883664081
PIVOTS_TRAD_D_S3,HWL_1,0.9653110553498486
PIVOTS_TRAD_D_S4,HWL_1,0.9653110553498486
HILOl_13_21,CKSPs_10_3_20,0.9652458200824403
PIVOTS_TRAD_D_R1,CHDLREXTl_22_22_14_2.0,0.9652112518457486
SMA_10,CKSPs_10_3_20,0.9652020668337604
Adj Close,TEMA_10,0.9651859890132026
TEMA_10,KCBe_20_2,0.9651637351119474
SSF_20,CKSPl_10_3_20,0.9651303676793523
AGt_13_8_5,HWL_1,0.9651053095583695
MIDPOINT_2,DCL_20_20,0.9649956274400221
Adj Close,PIVOTS_TRAD_D_S1,0.9649708438625162
LINREG_14,DCM_20_20,0.9649640569175918
HT_TL,PSARl_0.02_0.2,0.9649064434312095
T3_10_0.7,DCU_20_20,0.9648839208833905
MCGD_10,HWL_1,0.9648494807312814
WMA_10,HT_TL,0.9648202348177596
IKS_26,MIDPRICE_2,0.9648152572880055
ABER_ZG_5_15,ACCBU_20,0.964805772446173
ABER_XG_5_15,ATRTSe_14_20_3.0,0.9647762406379105
ABER_XG_5_15,CHDLREXTl_22_22_14_2.0,0.9647681265550277
CKSPs_10_3_20,VWMA_10,0.964757914325145
FAMA_0.5_0.05,VIDYA_14,0.9647472023060243
LINREG_14,RMA_10,0.9646991071474336
PSARl_0.02_0.2,KCUe_20_2,0.9646971663622801
PIVOTS_TRAD_D_R4,HWU_1,0.9646662975262643
PIVOTS_TRAD_D_R3,HWU_1,0.9646662975262643
MEDIAN_30,ALPHATl_14_1_50_2,0.9646531105929362
QTL_30_0.5,ALPHATl_14_1_50_2,0.9646531105929362
PIVOTS_TRAD_D_R4,CHDLREXTl_22_22_14_2.0,0.9646165567713332
PIVOTS_TRAD_D_R3,CHDLREXTl_22_22_14_2.0,0.9646165567713332
ALPHATl_14_1_50_2,DCU_20_20,0.9645722617675153
Open,HILO_13_21,0.9645543020657222
IKS_26,PSARl_0.02_0.2,0.9645497358237988
Adj Close,JMA_7_0.0,0.9645254825498287
DCU_20_20,KCLe_20_2,0.9644809012018863
BBL_5_2.0_2.0,HWU_1,0.9644650347281012
LINREG_14,ACCBL_20,0.9644388550619205
HL2,DCL_20_20,0.9644094808529146
IKS_26,LDECAY_1,0.9644016386912944
OHLC4,DCL_20_20,0.9643714908981025
Adj Close,DEMA_10,0.9643543421132712
PIVOTS_TRAD_D_P,ATRTSe_14_20_3.0,0.9643162004897716
Adj Close,ABER_XG_5_15,0.9643128562826795
AGt_13_8_5,HWMA_0.2_0.1_0.1,0.9643057359794998
AGt_13_8_5,HWM_1,0.9643057359794998
TRIMA_10,CKSPs_10_3_20,0.964277213826001
ALMA_9_6.0_0.85,ACCBU_20,0.9642597821575396
HLC3,DCL_20_20,0.9642549103166486
DCL_20_20,VWAP_D,0.9642549103166483
AGj_13_8_5,MIDPOINT_2,0.9642303331897134
SUPERTl_7_3.0,MEDIAN_30,0.9642257033550383
SUPERTl_7_3.0,QTL_30_0.5,0.9642257033550383
BBU_5_2.0_2.0,DCU_20_20,0.9641884481380929
ACCBU_20,BBM_5_2.0_2.0,0.9641775479094815
ALPHAT_14_1_50,PSARl_0.02_0.2,0.9641638293267457
ITS_9,CKSPs_10_3_20,0.9641423881636034
SSF3_20,DCU_20_20,0.964103152371012
MCGD_10,HWM_1,0.9640986857165462
HWMA_0.2_0.1_0.1,MCGD_10,0.9640986857165461
WCP,DCL_20_20,0.9640917519457972
FWMA_10,KCUe_20_2,0.9640698815104229
ITS_9,DCU_20_20,0.9640634325275196
Adj Close,HMA_10,0.964056269801801
EMA_10,CKSPl_10_3_20,0.96400694191448
Adj Close,PIVOTS_TRAD_D_P,0.9639954634599995
JMA_7_0.0,ATRTSe_14_20_3.0,0.9639852046100511
HILO_13_21,OHLC4,0.9639794095278172
AGj_13_8_5,PIVOTS_TRAD_D_S1,0.9638790993157917
IKS_26,MIDPOINT_2,0.9638379298918393
HMA_10,ACCBM_20,0.9638194828072486
PIVOTS_TRAD_D_S2,ACCBM_20,0.9637935932026135
SUPERT_7_3.0,PSARl_0.02_0.2,0.9637874138156677
SWMA_10,DCU_20_20,0.9637478039497196
HILO_13_21,HL2,0.963735106271426
Low,DCL_20_20,0.9637350240594376
MAD_30,VAR_30,0.9636927594873065
High,IKS_26,0.9636778900192704
LDECAY_1,CHDLREXTl_22_22_14_2.0,0.9636486183709302
HILO_13_21,HLC3,0.9636318986233966
HILO_13_21,VWAP_D,0.9636318986233965
PIVOTS_TRAD_D_S2,DCL_20_20,0.9636298783170058
PIVOTS_TRAD_D_S3,PWMA_10,0.9636006203620473
PIVOTS_TRAD_D_S4,PWMA_10,0.9636006203620473
HILOl_13_21,KAMA_10_2_30,0.9636002665522831
HILO_13_21,WCP,0.9635939018224797
SUPERT_7_3.0,DCL_20_20,0.9635444104410265
HWMA_0.2_0.1_0.1,KCLe_20_2,0.9635343794024471
HWM_1,KCLe_20_2,0.9635343794024471
ALPHAT_14_1_50,CKSPs_10_3_20,0.9634972249417127
PIVOTS_TRAD_D_R2,DCL_20_20,0.9634868632588379
SUPERT_7_3.0,ABER_SG_5_15,0.9634719286898595
AGl_13_8_5,MEDIAN_30,0.9634612274617228
AGl_13_8_5,QTL_30_0.5,0.9634612274617228
Low,ACCBM_20,0.9634607303329156
High,DCL_20_20,0.9634548235189777
ACCBL_20,HWL_1,0.9634268424147626
WMA_10,PSARl_0.02_0.2,0.9634249827361266
ATRTSe_14_20_3.0,DCL_20_20,0.9634159024669573
PIVOTS_TRAD_D_P,CHDLREXTl_22_22_14_2.0,0.9633945184528198
LDECAY_1,DCL_20_20,0.9633809566823314
JMA_7_0.0,CHDLREXTl_22_22_14_2.0,0.9633809422576529
PIVOTS_TRAD_D_S4,BBU_5_2.0_2.0,0.9633699753658356
PIVOTS_TRAD_D_S3,BBU_5_2.0_2.0,0.9633699753658356
IKS_26,PIVOTS_TRAD_D_S1,0.9632761825338213
IKS_26,PIVOTS_TRAD_D_R3,0.9632742260620966
IKS_26,PIVOTS_TRAD_D_R4,0.9632742260620966
PIVOTS_TRAD_D_S3,TRIMA_10,0.9632593469719375
PIVOTS_TRAD_D_S4,TRIMA_10,0.9632593469719375
SUPERT_7_3.0,BBU_5_2.0_2.0,0.9632499792411311
AGj_13_8_5,HL2,0.9632277007505576
MIDPRICE_2,ATRTSe_14_20_3.0,0.9632233201842808
PIVOTS_TRAD_D_R1,KCUe_20_2,0.9631942613220416
AGj_13_8_5,OHLC4,0.9631362743299293
High,ATRTSe_14_20_3.0,0.9630967932474411
SUPERT_7_3.0,SUPERTl_7_3.0,0.9630921293538367
Close,DCL_20_20,0.9630745161540634
Open,DCL_20_20,0.9630620285610615
AGj_13_8_5,HLC3,0.9630228804797178
AGj_13_8_5,VWAP_D,0.9630228804797178
AGj_13_8_5,ZL_EMA_10,0.9629681898804913
Close,HILO_13_21,0.9629407784539622
Adj Close,PIVOTS_TRAD_D_S2,0.9629235562227849
PIVOTS_TRAD_D_S4,PIVOTS_TRAD_D_R3,0.9629188953911205
PIVOTS_TRAD_D_S3,PIVOTS_TRAD_D_R4,0.9629188953911205
PIVOTS_TRAD_D_S4,PIVOTS_TRAD_D_R4,0.9629188953911205
PIVOTS_TRAD_D_S3,PIVOTS_TRAD_D_R3,0.9629188953911205
AGj_13_8_5,WCP,0.962916670211711
SMA_10,MEDIAN_30,0.9628794210135241
SMA_10,QTL_30_0.5,0.9628794210135241
LINREG_14,KCBe_20_2,0.9628734176893519
SWMA_10,CKSPs_10_3_20,0.9628315182957372
IKS_26,ZL_EMA_10,0.9628044870521624
PIVOTS_TRAD_D_R4,PSARs_0.02_0.2,0.9627943286436176
PIVOTS_TRAD_D_R3,PSARs_0.02_0.2,0.9627943286436176
HILO_13_21,HMA_10,0.9627877970606553
PIVOTS_TRAD_D_S4,SMMA_7,0.9627751065193493
PIVOTS_TRAD_D_S3,SMMA_7,0.9627751065193493
LDECAY_1,KCUe_20_2,0.962738478273951
PIVOTS_TRAD_D_R3,ACCBU_20,0.9627080656854302
PIVOTS_TRAD_D_R4,ACCBU_20,0.9627080656854302
TRIMA_10,QTL_30_0.5,0.9626899452402823
TRIMA_10,MEDIAN_30,0.9626899452402823
AGj_13_8_5,SUPERTl_7_3.0,0.9626718318322748
HILOl_13_21,SUPERTl_7_3.0,0.9626329864113514
HILOl_13_21,CHDLREXTs_22_22_14_2.0,0.9625239626009552
IKS_26,OHLC4,0.962501146939841
IKS_26,HL2,0.9624614841689759
HILOl_13_21,T3_10_0.7,0.9624445642164706
T3_10_0.7,MEDIAN_30,0.9624421503874382
T3_10_0.7,QTL_30_0.5,0.9624421503874382
IKS_26,HLC3,0.9624152573985453
IKS_26,VWAP_D,0.9624152573985452
IKS_26,WCP,0.9623694367623115
ALPHATl_14_1_50_2,HWU_1,0.9623587774266859
HT_TL,ABER_SG_5_15,0.9623448846754022
MIDPOINT_2,ATRTSe_14_20_3.0,0.9622508251362333
MIDPRICE_2,CHDLREXTl_22_22_14_2.0,0.962246491310954
Open,AGj_13_8_5,0.9622454537246803
HILOs_13_21,BBU_5_2.0_2.0,0.9622439809297575
PIVOTS_TRAD_D_R2,ACCBU_20,0.962243061453585
HILO_13_21,PIVOTS_TRAD_D_S2,0.9622203980105931
SMI_5_20_5_1.0,SMIs_5_20_5_1.0,0.9622005316910147
KAMA_10_2_30,PIVOTS_TRAD_D_S4,0.9621650253448241
KAMA_10_2_30,PIVOTS_TRAD_D_S3,0.9621650253448241
Adj Close,PIVOTS_TRAD_D_R1,0.9621537678847026
PSARl_0.02_0.2,DCU_20_20,0.9621231659504279
DCU_20_20,VWMA_10,0.9620688661916469
HMA_10,DCL_20_20,0.9620411018004928
Close,AGj_13_8_5,0.9620139990994417
High,CHDLREXTl_22_22_14_2.0,0.9619602768643918
Adj Close,BBM_5_2.0_2.0,0.9619214822444268
CMO_14,SMI_5_20_5_1.0,0.9618403857481738
RSI_14,SMI_5_20_5_1.0,0.9618403857481738
AGj_13_8_5,DEMA_10,0.9618067619177845
FWMA_10,PSARs_0.02_0.2,0.9618015400553741
PIVOTS_TRAD_D_P,CHDLREXTs_22_22_14_2.0,0.9617726140707307
AGl_13_8_5,CKSPl_10_3_20,0.961766023865015
BBL_5_2.0_2.0,BBU_5_2.0_2.0,0.9617544386355987
PIVOTS_TRAD_D_R1,CHDLREXTs_22_22_14_2.0,0.96172310212719
ALPHATl_14_1_50_2,CKSPl_10_3_20,0.9616857336044787
SSF3_20,CKSPs_10_3_20,0.9616741799731681
Adj Close,ABER_ZG_5_15,0.9616630786179052
HILOs_13_21,ABER_SG_5_15,0.9616587145339189
JMA_7_0.0,CHDLREXTs_22_22_14_2.0,0.9616393308756226
SUPERT_7_3.0,ABER_ZG_5_15,0.9616127013395109
T3_10_0.7,CKSPs_10_3_20,0.9615542130178002
PIVOTS_TRAD_D_S3,SSF_20,0.9615273195520381
PIVOTS_TRAD_D_S4,SSF_20,0.9615273195520381
PIVOTS_TRAD_D_S1,ATRTSe_14_20_3.0,0.9615153746203181
FWMA_10,ACCBU_20,0.9615066917103223
IKS_26,DEMA_10,0.9614758272470539
Close,IKS_26,0.9614620198132737
PWMA_10,DCU_20_20,0.9614429135273259
Open,IKS_26,0.9614048432869738
PIVOTS_TRAD_D_S3,SSF3_20,0.9613502325503797
PIVOTS_TRAD_D_S4,SSF3_20,0.9613502325503797
ALMA_9_6.0_0.85,SUPERT_7_3.0,0.9612639143977271
MIDPOINT_2,CHDLREXTl_22_22_14_2.0,0.9612561961767426
PSARs_0.02_0.2,ABER_XG_5_15,0.9612097260513228
SUPERT_7_3.0,BBM_5_2.0_2.0,0.9611526400086429
HILOl_13_21,ALPHATl_14_1_50_2,0.9611228614119329
PIVOTS_TRAD_D_S4,HWU_1,0.9610703974091682
PIVOTS_TRAD_D_S3,HWU_1,0.9610703974091682
SQZ_20_2.0_20_1.5,ENTP_10,0.9609758896309817
SQZPRO_20_2.0_20_2.0_1.5_1.0,ENTP_10,0.9609758896309817
ABER_SG_5_15,DCU_20_20,0.9609202927277066
MIDPRICE_2,CHDLREXTs_22_22_14_2.0,0.9609104410033474
ZL_EMA_10,ATRTSe_14_20_3.0,0.9609026853457652
Low,HILO_13_21,0.9609003253143502
WCP,ATRTSe_14_20_3.0,0.9608828923167582
ATRTSe_14_20_3.0,VWAP_D,0.960809497069527
HLC3,ATRTSe_14_20_3.0,0.9608094970695268
OHLC4,ATRTSe_14_20_3.0,0.9608066039782729
SMMA_7,HWU_1,0.9607937513615074
Adj Close,ALMA_9_6.0_0.85,0.9607305236691323
HL2,ATRTSe_14_20_3.0,0.9607284017310466
PIVOTS_TRAD_D_R2,PSARs_0.02_0.2,0.9607179734330024
PIVOTS_TRAD_D_S1,CHDLREXTl_22_22_14_2.0,0.9607164107286206
SSF3_20,QTL_30_0.5,0.960706319625393
SSF3_20,MEDIAN_30,0.960706319625393
TEMA_10,ACCBM_20,0.9606850482633651
ZL_EMA_10,CHDLREXTl_22_22_14_2.0,0.960642033944478
SMA_10,CKSPl_10_3_20,0.9606105721116298
AGj_13_8_5,PIVOTS_TRAD_D_S2,0.9606099999011474
HWMA_0.2_0.1_0.1,ACCBL_20,0.960562424722537
ACCBL_20,HWM_1,0.960562424722537
ACCBU_20,DCL_20_20,0.960514589906669
Open,ATRTSe_14_20_3.0,0.9604248842809704
Close,ATRTSe_14_20_3.0,0.9604082236016115
CHDLREXTl_22_22_14_2.0,DCL_20_20,0.960389551484645
WMA_10,CKSPs_10_3_20,0.9603895290664048
Low,IKS_26,0.9603600795424433
PIVOTS_TRAD_D_R2,CHDLREXTs_22_22_14_2.0,0.9603337577820799
QTL_30_0.5,PSARl_0.02_0.2,0.9603166613336402
MEDIAN_30,PSARl_0.02_0.2,0.9603166613336402
ABER_XG_5_15,KCUe_20_2,0.9602949477088168
PIVOTS_TRAD_D_P,KCUe_20_2,0.9602679683707541
ITS_9,MEDIAN_30,0.9602502885980486
ITS_9,QTL_30_0.5,0.9602502885980486
PSARl_0.02_0.2,PSARs_0.02_0.2,0.9601884984396394
WCP,CHDLREXTl_22_22_14_2.0,0.9601723255958325
WMA_10,DCU_20_20,0.9601648496836409
PWMA_10,CKSPs_10_3_20,0.9601496654265025
TRIMA_10,CKSPl_10_3_20,0.9601304974243546
OHLC4,CHDLREXTl_22_22_14_2.0,0.9601196739760107
HILOl_13_21,TRIMA_10,0.960093701273173
CHDLREXTl_22_22_14_2.0,VWAP_D,0.9600894590236566
HLC3,CHDLREXTl_22_22_14_2.0,0.9600894590236565
Low,AGj_13_8_5,0.9600661146118182
HT_TL,BBU_5_2.0_2.0,0.9600282601585858
HILO_13_21,LINREG_14,0.9599764392327224
EMA_10,HILOl_13_21,0.9599688163317924
IKS_26,PIVOTS_TRAD_D_S2,0.9599171742939119
HL2,CHDLREXTl_22_22_14_2.0,0.9599021863715241
PIVOTS_TRAD_D_S1,CHDLREXTs_22_22_14_2.0,0.9598755958620093
MIDPOINT_2,CHDLREXTs_22_22_14_2.0,0.9598688104442292
SWMA_10,QTL_30_0.5,0.9598481158444703
SWMA_10,MEDIAN_30,0.9598481158444703
PIVOTS_TRAD_D_R1,ACCBU_20,0.9598352127171602
CKSPl_10_3_20,PSARl_0.02_0.2,0.9598213855997345
Open,CHDLREXTl_22_22_14_2.0,0.9596454231952084
TEMA_10,DCL_20_20,0.959640201058904
HILO_13_21,TEMA_10,0.9596036564675574
LINREG_14,ACCBM_20,0.9595673143782336
Close,CHDLREXTl_22_22_14_2.0,0.9595493252838444
BBL_5_2.0_2.0,CHDLREXTs_22_22_14_2.0,0.9595228045049393
DEMA_10,CHDLREXTl_22_22_14_2.0,0.959468803801857
HILOl_13_21,SSF3_20,0.9594641905126181
ACCBM_20,BBL_5_2.0_2.0,0.9594296531129218
HILOl_13_21,SMA_10,0.9593898956662911
QTL_30_0.5,VWMA_10,0.9593604628868314
MEDIAN_30,VWMA_10,0.9593604628868314
AGj_13_8_5,HMA_10,0.9592827968016752
High,KCUe_20_2,0.9592460863618203
Adj Close,WMA_10,0.9592448457775244
Adj Close,LINREG_14,0.9592339938863812
ALPHAT_14_1_50,DCU_20_20,0.9592064759641304
HILOs_13_21,ABER_ZG_5_15,0.9591920750826927
KST_10_15_20_30_10_10_10_15,PPOs_12_26_9,0.959111144205689
IKS_26,HMA_10,0.9589436533575869
JMA_7_0.0,KCUe_20_2,0.9589263263383242
DEMA_10,ATRTSe_14_20_3.0,0.9589057502759963
PIVOTS_TRAD_D_S2,ATRTSe_14_20_3.0,0.9588883973790053
MIDPRICE_2,KCUe_20_2,0.9588788148505829
High,CHDLREXTs_22_22_14_2.0,0.9588173104452968
ZL_EMA_10,CHDLREXTs_22_22_14_2.0,0.9588148974775338
HILOs_13_21,PSARl_0.02_0.2,0.9588121584079532
AGt_13_8_5,PIVOTS_TRAD_D_S4,0.9588002351015741
AGt_13_8_5,PIVOTS_TRAD_D_S3,0.9588002351015741
ALMA_9_6.0_0.85,HILOs_13_21,0.958723298403063
PIVOTS_TRAD_D_R1,PSARs_0.02_0.2,0.9587144927955613
CKSPl_10_3_20,CKSPs_10_3_20,0.9586467543696268
HL2,CHDLREXTs_22_22_14_2.0,0.9586368947555182
IKS_26,SUPERTl_7_3.0,0.9585857575471753
ITS_9,CKSPl_10_3_20,0.9585747518318615
PIVOTS_TRAD_D_S3,T3_10_0.7,0.958568059423597
PIVOTS_TRAD_D_S4,T3_10_0.7,0.958568059423597
HILOs_13_21,BBM_5_2.0_2.0,0.9584541249549327
OHLC4,CHDLREXTs_22_22_14_2.0,0.9584479055933838
SUPERTl_7_3.0,KCBe_20_2,0.9584450504327054
PIVOTS_TRAD_D_S4,KCLe_20_2,0.9584034037760436
PIVOTS_TRAD_D_S3,KCLe_20_2,0.9584034037760436
PSARl_0.02_0.2,ATRTSe_14_20_3.0,0.9583971524563325
CKSPl_10_3_20,PSARs_0.02_0.2,0.9583769646330051
LDECAY_1,CHDLREXTs_22_22_14_2.0,0.9583541634532479
CHDLREXTs_22_22_14_2.0,VWAP_D,0.9583377879868122
HLC3,CHDLREXTs_22_22_14_2.0,0.9583377879868121
Low,ATRTSe_14_20_3.0,0.9582364651896489
KAMA_10_2_30,HWU_1,0.9582093464892121
Adj Close,ABER_SG_5_15,0.9581992365381071
T3_10_0.7,CKSPl_10_3_20,0.9581859295440982
SWMA_10,CKSPl_10_3_20,0.958171440976641
WCP,CHDLREXTs_22_22_14_2.0,0.9581367302662214
ABER_XG_5_15,ACCBU_20,0.9580989152662499
FWMA_10,SUPERT_7_3.0,0.9580970563432228
DEMA_10,CHDLREXTs_22_22_14_2.0,0.9580884231397144
MCGD_10,PIVOTS_TRAD_D_S4,0.9580559300090191
MCGD_10,PIVOTS_TRAD_D_S3,0.9580559300090191
PIVOTS_TRAD_D_S4,ALPHATl_14_1_50_2,0.9579263757558335
PIVOTS_TRAD_D_S3,ALPHATl_14_1_50_2,0.9579263757558335
LDECAY_1,ACCBU_20,0.9578977454711515
Adj Close,AGl_13_8_5,0.9578920512177636
SUPERT_7_3.0,ABER_XG_5_15,0.9578664032062327
SSF3_20,CKSPl_10_3_20,0.9577706938652126
JMA_7_0.0,PSARs_0.02_0.2,0.9577527223225454
Adj Close,PIVOTS_TRAD_D_R2,0.9577507063056855
DCM_20_20,HWL_1,0.9577329669842082
HILO_13_21,BBL_5_2.0_2.0,0.9576864675698445
CKSPl_10_3_20,VWMA_10,0.9576484519076037
Adj Close,ALPHAT_14_1_50,0.9575674863875008
LINREG_14,DCL_20_20,0.9575599299763647
Low,CHDLREXTl_22_22_14_2.0,0.9575272334365454
RMA_10,SUPERTl_7_3.0,0.9574884570916655
SUPERTl_7_3.0,ACCBM_20,0.9574314992979783
HT_TL,ABER_ZG_5_15,0.9574146592984307
PIVOTS_TRAD_D_S2,CHDLREXTs_22_22_14_2.0,0.9574048700535416
HMA_10,ATRTSe_14_20_3.0,0.9573706378965653
MIDPOINT_2,KCUe_20_2,0.95735609735953
PIVOTS_TRAD_D_R2,SUPERT_7_3.0,0.9572425441615235
IKS_26,BBL_5_2.0_2.0,0.9572207239790554
AGj_13_8_5,BBL_5_2.0_2.0,0.9571614816172125
Low,CHDLREXTs_22_22_14_2.0,0.9570636528621406
HMA_10,CHDLREXTl_22_22_14_2.0,0.9570194847485627
AGl_13_8_5,HILOl_13_21,0.956978530018413
Close,CHDLREXTs_22_22_14_2.0,0.9569708711483894
PIVOTS_TRAD_D_S2,CHDLREXTl_22_22_14_2.0,0.9569614515271053
DEMA_10,PSARs_0.02_0.2,0.956955443423857
Open,CHDLREXTs_22_22_14_2.0,0.9567698964142033
PWMA_10,MEDIAN_30,0.9567516122809752
PWMA_10,QTL_30_0.5,0.9567516122809752
HILOl_13_21,SWMA_10,0.9567197371172439
K_9_3,STOCHk_14_3_3,0.9566954613038166
K_9_3,STOCHFd_14_3,0.9566954613038166
BBU_5_2.0_2.0,DCL_20_20,0.9566810594554451
PIVOTS_TRAD_D_R4,DCU_20_20,0.9566744227025803
PIVOTS_TRAD_D_R3,DCU_20_20,0.9566744227025803
DCL_20_20,KCUe_20_2,0.9566669511790982
HT_TL,BBM_5_2.0_2.0,0.956605834048686
PIVOTS_TRAD_D_P,ACCBU_20,0.9565962454447118
ALMA_9_6.0_0.85,HT_TL,0.9565413536785216
SUPERTl_7_3.0,HT_TL,0.9564803163611049
QTL_30_0.5,ALPHAT_14_1_50,0.9564490407892855
MEDIAN_30,ALPHAT_14_1_50,0.9564490407892855
STOCHk_14_3_3,STOCHd_14_3_3,0.9562731916838979
STOCHd_14_3_3,STOCHFd_14_3,0.9562731916838979
RMA_10,HWL_1,0.9562435314381161
ITS_9,HILOl_13_21,0.9562395589567888
ALPHAT_14_1_50,CKSPl_10_3_20,0.9561642519345485
CKSPs_10_3_20,DCU_20_20,0.9561122892209327
DCL_20_20,HWL_1,0.9561120756335661
PIVOTS_TRAD_D_P,PSARs_0.02_0.2,0.956111482575869
Adj Close,EMA_10,0.9561097222915855
PSARl_0.02_0.2,ABER_ZG_5_15,0.9560842308278998
JMA_7_0.0,ACCBU_20,0.9560574612286128
PIVOTS_TRAD_D_S1,KCUe_20_2,0.9560193263696487
ZL_EMA_10,KCUe_20_2,0.9559223933596107
HWMA_0.2_0.1_0.1,DCM_20_20,0.9559147892331488
DCM_20_20,HWM_1,0.9559147892331488
CKSPs_10_3_20,ABER_SG_5_15,0.955908333818251
HILO_13_21,HWL_1,0.9559051148147337
Open,KCUe_20_2,0.9558719014994862
PIVOTS_TRAD_D_R1,SUPERT_7_3.0,0.9558616190362134
ALMA_9_6.0_0.85,PSARl_0.02_0.2,0.9557917004258061
PSARl_0.02_0.2,ABER_SG_5_15,0.9557471821847753
AGt_13_8_5,HWU_1,0.9557465631098282
PSARl_0.02_0.2,DCL_20_20,0.9557413514839646
OHLC4,KCUe_20_2,0.9557396023395183
MCGD_10,HWU_1,0.9556607408262962
MIDPRICE_2,ACCBU_20,0.955658808557881
High,ACCBU_20,0.9556172353231372
HL2,KCUe_20_2,0.9555979889389211
PWMA_10,CKSPl_10_3_20,0.9555731353142208
WCP,KCUe_20_2,0.955554574363129
IKS_26,TEMA_10,0.9555397276727373
KCUe_20_2,VWAP_D,0.955529387332352
HLC3,KCUe_20_2,0.9555293873323519
FWMA_10,HILOs_13_21,0.9555037645776109
CKSPl_10_3_20,BBU_5_2.0_2.0,0.9554793330095996
PIVOTS_TRAD_D_R3,CHDLREXTs_22_22_14_2.0,0.9554500755022323
PIVOTS_TRAD_D_R4,CHDLREXTs_22_22_14_2.0,0.9554500755022323
PIVOTS_TRAD_D_S3,SINWMA_14,0.9554430675587829
PIVOTS_TRAD_D_S4,SINWMA_14,0.9554430675587829
HWMA_0.2_0.1_0.1,RMA_10,0.9554219557430685
RMA_10,HWM_1,0.9554219557430685
BBU_5_2.0_2.0,CHDLREXTs_22_22_14_2.0,0.9553840785821092
PSARl_0.02_0.2,BBM_5_2.0_2.0,0.9552945693255386
AGj_13_8_5,TEMA_10,0.9550717937524879
HILOs_13_21,ABER_XG_5_15,0.9550698654474541
HILOl_13_21,VWMA_10,0.9550513187701737
HMA_10,CHDLREXTs_22_22_14_2.0,0.9550233821322913
ABER_ZG_5_15,DCU_20_20,0.9550170938954907
CKSPs_10_3_20,ABER_ZG_5_15,0.9550091648739667
Close,KCUe_20_2,0.954986313485656
QTL_30_0.5,DCL_20_20,0.9548590218902465
MEDIAN_30,DCL_20_20,0.9548590218902465
PIVOTS_TRAD_D_R4,SUPERT_7_3.0,0.9548579212507529
PIVOTS_TRAD_D_R3,SUPERT_7_3.0,0.9548579212507529
MIDPRICE_2,PSARs_0.02_0.2,0.9548421054874805
PSARl_0.02_0.2,BBU_5_2.0_2.0,0.9548328957676361
ACCBM_20,HWL_1,0.9548279226859707
CKSPs_10_3_20,BBM_5_2.0_2.0,0.9547718562308616
DEMA_10,KCUe_20_2,0.9547704975572456
BBM_5_2.0_2.0,DCU_20_20,0.9547223240612788
ALMA_9_6.0_0.85,DCU_20_20,0.9546740900950677
ALMA_9_6.0_0.85,CKSPs_10_3_20,0.9546483010146032
WMA_10,CKSPl_10_3_20,0.9546074755796407
HILO_13_21,HWM_1,0.9544546282078699
HILO_13_21,HWMA_0.2_0.1_0.1,0.9544546282078699
Adj Close,VWMA_10,0.9544372436062558
ZL_EMA_10,PSARs_0.02_0.2,0.9543919586412434
MIDPOINT_2,ACCBU_20,0.9543113306008175
PSARl_0.02_0.2,ABER_XG_5_15,0.9542942725123822
D_9_3,TMO_14_5_3,0.9542296131433659
PIVOTS_TRAD_D_P,SUPERT_7_3.0,0.9541591544336663
HWL_1,KCBe_20_2,0.9540996499255758
WMA_10,MEDIAN_30,0.954040428851888
WMA_10,QTL_30_0.5,0.954040428851888
HILOl_13_21,PWMA_10,0.9540129637491706
TEMA_10,ATRTSe_14_20_3.0,0.9539834712839769
FWMA_10,HT_TL,0.9539239345665768
MIDPOINT_2,PSARs_0.02_0.2,0.9539067817688831
SUPERT_7_3.0,LDECAY_1,0.9538786518251758
TEMA_10,CHDLREXTl_22_22_14_2.0,0.9538723516601401
HILOs_13_21,PIVOTS_TRAD_D_R2,0.9538646713322589
HWMA_0.2_0.1_0.1,ACCBM_20,0.9538438640056933
ACCBM_20,HWM_1,0.9538438640056929
PSARl_0.02_0.2,CHDLREXTs_22_22_14_2.0,0.9537765449972648
PIVOTS_TRAD_D_R2,DCU_20_20,0.9536466227890279
MACD_12_26_9,MACDs_12_26_9,0.9536414698726919
MACDs_12_26_9,STCmacd_10_12_26_0.5,0.9536414698726916
HWM_1,KCBe_20_2,0.9534504589252795
HWMA_0.2_0.1_0.1,KCBe_20_2,0.9534504589252795
Adj Close,ITS_9,0.9534303454998787
SLOPE_1,LOGRET_1,0.9531372045510683
HILO_13_21,SUPERTl_7_3.0,0.9531168862219395
Open,ACCBU_20,0.9530076111429124
ZL_EMA_10,ACCBU_20,0.9529999642255488
High,PSARs_0.02_0.2,0.9529551970073625
DEMA_10,ACCBU_20,0.9529227377040553
SUPERTl_7_3.0,DCM_20_20,0.9528808021458067
JMA_7_0.0,SUPERT_7_3.0,0.9528779398204074
HILOs_13_21,SUPERTs_7_3.0,0.9528744062974248
CKSPl_10_3_20,ABER_SG_5_15,0.9528672080822861
PIVOTS_TRAD_D_S1,PSARs_0.02_0.2,0.9527624908643114
HT_TL,ABER_XG_5_15,0.9527476530291428
HMA_10,KCUe_20_2,0.952703158074814
IKS_26,LINREG_14,0.9526422396927866
FWMA_10,CKSPs_10_3_20,0.9525756789630017
PIVOTS_TRAD_D_S1,ACCBU_20,0.9525676429607361
HILOs_13_21,PIVOTS_TRAD_D_R3,0.9525302001877564
HILOs_13_21,PIVOTS_TRAD_D_R4,0.9525302001877564
CKSPl_10_3_20,CHDLREXTs_22_22_14_2.0,0.952517330344584
PIVOTS_TRAD_D_S2,KCUe_20_2,0.9524539377242636
HWU_1,KCLe_20_2,0.952385680913425
PIVOTS_TRAD_D_R3,DCL_20_20,0.9523744209918596
PIVOTS_TRAD_D_R4,DCL_20_20,0.9523744209918596
FWMA_10,DCU_20_20,0.9522798949556786
ATRTSe_14_20_3.0,BBL_5_2.0_2.0,0.9522769871924501
HILOs_13_21,PIVOTS_TRAD_D_R1,0.9522175797015204
OHLC4,ACCBU_20,0.9521984404156834
MIDPRICE_2,SUPERT_7_3.0,0.9520365347467894
AGj_13_8_5,LINREG_14,0.9520017987604042
PIVOTS_TRAD_D_R2,HT_TL,0.951998577206645
LDECAY_1,PSARs_0.02_0.2,0.9519896677854944
AGt_13_8_5,SUPERTl_7_3.0,0.9519892380262717
WCP,ACCBU_20,0.9519614405401915
Low,KCUe_20_2,0.9519098853072404
FWMA_10,PSARl_0.02_0.2,0.9518799012223591
ACCBU_20,VWAP_D,0.9518791906190656
HLC3,ACCBU_20,0.9518791906190653
HL2,ACCBU_20,0.9518590227742302
CKSPs_10_3_20,ABER_XG_5_15,0.9517892327192289
High,SUPERT_7_3.0,0.9517330425127997
HILOl_13_21,ALPHAT_14_1_50,0.9516111625829029
PIVOTS_TRAD_D_R1,DCU_20_20,0.9516066663759826
Close,ACCBU_20,0.9515958392870302
TEMA_10,CHDLREXTs_22_22_14_2.0,0.9514641180247015
Open,PSARs_0.02_0.2,0.9514605155323742
PIVOTS_TRAD_D_S4,RMA_10,0.9514341236978741
PIVOTS_TRAD_D_S3,RMA_10,0.9514341236978741
LINREG_14,CHDLREXTl_22_22_14_2.0,0.9513814123974745
PIVOTS_TRAD_D_S1,SUPERT_7_3.0,0.9511878624064668
RVGI_14_4,RVGIs_14_4,0.951020894985292
MEDIAN_30,ABER_SG_5_15,0.9509573797107912
QTL_30_0.5,ABER_SG_5_15,0.9509573797107912
Adj Close,SMA_10,0.9508981870764295
HILOl_13_21,DCL_20_20,0.9508917398310167
MIDPOINT_2,SUPERT_7_3.0,0.9508492734889125
PIVOTS_TRAD_D_R1,HT_TL,0.9508391849829566
DCL_20_20,HWM_1,0.9507878283695382
HWMA_0.2_0.1_0.1,DCL_20_20,0.9507878283695382
CHDLREXTs_22_22_14_2.0,DCU_20_20,0.9507832196068613
KST_10_15_20_30_10_10_10_15,KSTs_9,0.9507092301292382
HMA_10,PSARs_0.02_0.2,0.9507005114272302
DEMA_10,SUPERT_7_3.0,0.9507003666502334
LINREG_14,ATRTSe_14_20_3.0,0.9506850298512671
MCGD_10,SUPERTl_7_3.0,0.9506388773921413
PIVOTS_TRAD_D_S2,SUPERT_7_3.0,0.9505792386084198
LINREG_14,PSARs_0.02_0.2,0.9505715177339875
BBL_5_2.0_2.0,CHDLREXTl_22_22_14_2.0,0.9505399080266361
KAMA_10_2_30,SUPERTl_7_3.0,0.9503746948310567
OHLC4,PSARs_0.02_0.2,0.9501940589295392
QTL_30_0.5,BBU_5_2.0_2.0,0.950182975997192
MEDIAN_30,BBU_5_2.0_2.0,0.950182975997192
HILOs_13_21,PIVOTS_TRAD_D_P,0.9501498992610811
HILOs_13_21,JMA_7_0.0,0.9501188730085538
SUPERT_7_3.0,ZL_EMA_10,0.9500607132272462
LDECAY_1,HT_TL,0.9500044929052458
