Date,MLP,LSTM,BuyAndHold
2018-06-07,1.0,1.0,1.0
2018-06-08,1.0003992107459645,0.9996007892540355,1.0003992107459645
2018-06-11,1.0097804729219684,0.9902270142903987,1.0097804729219684
2018-06-12,1.0047904528099092,0.9951204073092943,1.0047904528099092
2018-06-13,1.0067864303980671,0.9970971757239955,1.0067864303980671
2018-06-14,1.0059880850478025,0.9978878378445472,1.0059880850478025
2018-06-15,0.9984032331578064,0.9903640594167743,0.9984032331578065
2018-06-18,1.0071856411440316,0.981652367651532,0.9896208251715815
2018-06-19,1.0396886518657067,0.9499733443142914,0.9576846507694039
2018-06-20,1.040988834181301,0.9487853554482527,0.9564870185315105
2018-06-21,1.0494609757813531,0.9410636166404247,0.9487025993393645
2018-06-22,1.0353298080723299,0.9537351957638932,0.9614770386435697
2018-06-25,1.0213592448349205,0.9408656562603696,0.9485030320372144
2018-06-26,1.0220040160948842,0.9402716995916349,0.9479042539890998
2018-06-27,1.0316882142569244,0.9313619719177681,0.9389222025590604
2018-06-28,1.0305916236405714,0.9323519248751824,0.9399201913531394
2018-06-29,1.0198676562640296,0.9420536451264081,0.9497006642751078
2018-07-02,1.013651545657656,0.9363118122334085,0.9439122226711196
2018-07-03,1.0091502580188034,0.9404696599716899,0.9481038212912499
2018-07-05,1.0210476376050668,0.9293819904743703,0.9592814937532618
2018-07-06,1.0272087039024853,0.9349899404348345,0.9650698592155855
2018-07-09,1.034007183367702,0.9411780791120882,0.9714570788676882
2018-07-10,1.0363441758796705,0.9390508926102012,0.9736526998996605
2018-07-11,1.0191355601902077,0.9546439420042977,0.9574850834672538
2018-07-12,1.0100000882130222,0.9460865691473027,0.9660679241513288
2018-07-13,1.0087480729741416,0.9449137823171861,0.9672654802475579
2018-07-16,1.0083317414923243,0.9445237965856428,0.9676646909935224
2018-07-17,1.0074997655600673,0.9453031244931825,0.9668662695015934
2018-07-18,1.0056278593832848,0.9470594710633347,0.9686626797876013
2018-07-19,1.001069121982988,0.9513527047787267,0.964271513865321
2018-07-20,0.995474232446555,0.956669733519839,0.9696607447233446
2018-07-23,0.9967037470363307,0.9578513205028277,0.9684631124854512
2018-07-24,0.9917736817469036,0.9625892073239463,0.973253489153696
2018-07-25,1.0015369039155695,0.9720651315808897,0.9828343947735143
2018-07-26,0.994214526084358,0.9791720371199206,0.9756487536294828
2018-07-27,0.9919771242369794,0.9769684872146684,0.9778443746614551
2018-07-30,0.9942044012586168,0.9747749089463078,0.9800399195517632
2018-07-31,0.9968367360469081,0.9721940172299519,0.9826347513296999
2018-08-01,0.9913696148291352,0.9668620482653374,0.9772455204716763
2018-08-02,1.0006839351666132,0.9759461100572105,0.9680639017394868
2018-08-03,0.9977953755758026,0.97312895831004,0.9708583008195737
2018-08-06,1.0023084554153006,0.9775304706746831,0.966467058755629
2018-08-07,0.9950633032723096,0.984596516008515,0.9734531325975104
2018-08-08,0.9938390842001869,0.9833851741478722,0.972255500359617
2018-08-09,0.9975116635845842,0.9797512255792223,0.9686626797876013
2018-08-10,0.9769571264183866,0.9595626566481803,0.9487025993393645
2018-08-13,0.9794236489237161,0.9571400499401732,0.9463074110052421
2018-08-14,0.9810762949760178,0.9555250044725947,0.9447106441630485
2018-08-15,0.9980736745210324,0.9389703070969238,0.9283433081451632
2018-08-16,0.9909920543962057,0.9456325718105414,0.9349301712410802
2018-08-17,0.9967044435391498,0.9510834946635163,0.9403194020991038
2018-08-20,1.0034746645884018,0.9575438305603875,0.9467066217512065
2018-08-21,1.015110976972591,0.9686475280698049,0.9576846507694039
2018-08-22,1.01764978968921,0.9710701347778119,0.9600798391035263
2018-08-23,1.011725866447965,0.9767229094342545,0.9544910409433526
2018-08-24,1.0201886831132305,0.9685528831559633,0.9624751035793131
2018-08-27,1.0316133806917174,0.9577064348841977,0.973253489153696
2018-08-28,1.0314018465934163,0.9579028142361258,0.9730539218515459
2018-08-29,1.036691086832357,0.9628151363604136,0.9780439419636052
2018-08-30,1.0462117354039302,0.9716573311753491,0.9690618905335657
2018-08-31,1.0569863157524846,0.9816641009636546,0.9590818503094474
2018-09-04,1.065565379739072,0.98963180973149,0.9512974311173013
2018-09-05,1.0724962805386535,0.9831948139058198,0.9451097787673487
2018-09-06,1.07883836415066,0.9773808042632406,0.9395209806071749
2018-09-07,1.0866311240998219,0.97032090146442,0.9327345502091079
2018-09-10,1.0766321572786453,0.9792496043926325,0.9413173908931829
2018-09-11,1.0764039020938214,0.9790419951382293,0.9411178235910328
2018-09-12,1.071609759428981,0.9834025023701638,0.9453094222111631
2018-09-13,1.0786240416271873,0.9898394189858934,0.9514969984194513
2018-09-14,1.0756826074281511,0.9871401026289478,0.9489022427831788
2018-09-17,1.07907658988429,0.9902547167046407,0.9518962091654158
2018-09-18,1.0847333136259423,0.985063614035212,0.956886229277475
2018-09-19,1.0872222858826301,0.9828033386517534,0.9590818503094474
2018-09-20,1.0697995664005704,0.9670539311040041,0.9744511213915894
2018-09-21,1.0689230206743459,0.9678462916703762,0.9736526998996605
2018-09-24,1.0632256406378895,0.9626876525224959,0.9684631124854512
2018-09-25,1.0693612935374581,0.9571321833343801,0.974051910645625
2018-09-26,1.0682656531756782,0.9581128366065316,0.9730539218515459
2018-09-27,1.072210025351687,0.9545751832120288,0.9694611012795302
2018-09-28,1.0856761314665548,0.9425864772609386,0.9572854400234394
2018-10-01,1.085223378755401,0.9429795581906079,0.9576846507694039
2018-10-02,1.0784379225492104,0.9370834941906103,0.9516966418632657
2018-10-03,1.0741404870843665,0.940817650563687,0.9554890297374315
2018-10-04,1.061574870544248,0.9298116844230309,0.9443114334170841
2018-10-05,1.0707747336240532,0.9217537127961126,0.9361278034789735
2018-10-08,1.0815053394988456,0.9125164983801863,0.9267465413029696
2018-10-09,1.082204108393413,0.911926914471943,0.9261477632548551
2018-10-10,1.1050610830536696,0.8926663237807517,0.9065868174109184
2018-10-11,1.1179558661597457,0.8822499415483389,0.8960079991386855
2018-10-12,1.1142201769623896,0.8851980110345984,0.8990020416625868
2018-10-15,1.1132306159883318,0.8844118491752597,0.8982036201706578
2018-10-16,1.0929450878687894,0.9005277924290961,0.9145708800468789
2018-10-17,1.0829268657230018,0.8922733178236039,0.9061876828066183
2018-10-18,1.0647985242324909,0.8773365423862541,0.8910179790266263
2018-10-19,1.057642638272353,0.8832326063862517,0.8970059879327644
2018-10-22,1.0644675895003437,0.8889320924351539,0.8912176224704407
2018-10-23,1.0551698121959765,0.8811675604609612,0.8834331271366302
2018-10-24,1.0840165034553195,0.8570778184397547,0.8592814480682631
2018-10-25,1.0711744420785712,0.8672313962810229,0.8694611317361959
2018-10-26,1.067485787447518,0.8642450319873796,0.8664670892122946
2018-10-29,1.0677316539799424,0.8640459764761228,0.8662675219101447
2018-10-30,1.07781851572689,0.872208619472829,0.8744511518482552
2018-10-31,1.068715760942963,0.8795748885317106,0.8818363602944368
2018-11-01,1.0866163352890879,0.8943074266494738,0.8966067771868
2018-11-02,1.08830972264604,0.8957011190138665,0.8980040528685077
2018-11-05,1.0868582873162214,0.8968956799206035,0.8968064206306144
2018-11-06,1.087825910869434,0.8960971789616526,0.8976048421225433
2018-11-07,1.0713766795754667,0.8825471158391158,0.9111777029186775
2018-11-08,1.0572950051297938,0.8941469027349239,0.8992016089647368
2018-11-09,1.0535399098499878,0.8973225602360213,0.8960079991386855
2018-11-12,1.0758358272425697,0.9163124717623641,0.8770459074845276
2018-11-13,1.0687353860817042,0.9223600699422757,0.8828343490885158
2018-11-14,1.0716349362993067,0.9248624941871717,0.8852295374226382
2018-11-15,1.0689770690352773,0.9225686517005527,0.8830339925323302
2018-11-16,1.0689770690352773,0.9225686517005527,0.8830339925323302
2018-11-19,1.0781590855952319,0.9146442154493108,0.8754491406423341
2018-11-20,1.0589852880815667,0.8983783385315383,0.859880302258042
2018-11-21,1.0447278753533191,0.9104734553407293,0.8714571093243539
2018-11-23,1.0370706925210742,0.9038002709872517,0.8650698896722513
2018-11-26,1.0210384944913176,0.9177722258677729,0.8784431070245711
2018-11-27,1.02707049414851,0.9123502934120595,0.8732535196103618
2018-11-28,1.0132197113309982,0.9246539919795275,0.8850299701204881
2018-11-29,1.009106498506865,0.9209003158368673,0.8814371495484723
2018-11-30,1.0148192844103616,0.9156868855887984,0.8764471294364131
2018-12-03,1.0028013729033114,0.9048429411267391,0.886826380406496
2018-12-04,0.9784253361830603,0.9268378100558746,0.8652694569744013
2018-12-06,0.9903876026666387,0.9155062546873306,0.8546906387021683
2018-12-07,0.9998705258069034,0.9242721918055417,0.8465070087640578
2018-12-10,1.0095368017910498,0.9332076188032065,0.8383233788259473
2018-12-11,1.0061716937891836,0.9363182973043427,0.8411177779060341
2018-12-12,1.0231242564792558,0.9520939295656089,0.8552894167502829
2018-12-13,1.022169250516471,0.9512052248221644,0.8544910714000183
2018-12-14,1.007365519554965,0.9374292418033724,0.8421157667001131
2018-12-17,1.0178713138101363,0.9276528115484255,0.8333333587138881
2018-12-18,1.0244539658023097,0.9336520135547447,0.8279441278558645
2018-12-19,1.0330980672679575,0.9415299495169067,0.8209581301556472
2018-12-20,1.037619291740497,0.9374094614584573,0.8173653095836315
2018-12-21,1.0492750650088523,0.9268793641199208,0.8081836908514419
2018-12-24,1.061195775108192,0.9163491794570072,0.7990019959775881
2018-12-26,1.0370716676170302,0.9371804969416674,0.8171656661398171
2018-12-27,1.0403646933354007,0.9342046568184139,0.8145709105035446
2018-12-28,1.0314422223002697,0.9422166684185227,0.8215569082037618
2018-12-31,1.0357023589488072,0.9461082792845592,0.8249501614736275
2019-01-02,1.0299386277901197,0.9408431432909139,0.8203592759658684
2019-01-03,1.0372057622714048,0.9342046568184139,0.8145709105035446
2019-01-04,1.0064530550789093,0.9065058883444639,0.8387225895719118
2019-01-07,1.008608717324099,0.9084474796672634,0.8405189998579197
2019-01-08,1.017710412511424,0.9166453188407753,0.8481038517479157
2019-01-09,1.0296862935694282,0.9274319190129438,0.858083891972034
2019-01-10,1.031362909608051,0.9259218015724585,0.8594810915120775
2019-01-11,1.0270515851176718,0.9297923589699632,0.8558882709400617
2019-01-14,1.032560479440107,0.9347795747258167,0.851297461573967
2019-01-15,1.0306237200692039,0.9330262216417816,0.8528942284161605
2019-01-16,1.0303824741304977,0.9328078210923916,0.8530938718599749
2019-01-17,1.0359273381471443,0.9277880418827477,0.8576846812260697
2019-01-18,1.0243554360299727,0.9381519660797404,0.8672655107042236
2019-01-22,1.0123318813358109,0.9271402399943962,0.8570858270362908
2019-01-23,1.0189330821234768,0.933185924216503,0.8626747013381288
2019-01-24,1.0179900405918973,0.9340496051575393,0.8618762798462
2019-01-25,1.0071453327789048,0.9240991197432765,0.8710578985783894
2019-01-28,1.003683611952668,0.9209228421354602,0.8680639321961525
2019-01-29,0.9992987303577855,0.9249461594166206,0.8718563200703183
2019-01-30,1.0091361560906948,0.9158406848735449,0.8804391607543933
2019-01-31,1.0082210264244782,0.9150101597009034,0.8796407392624644
2019-02-01,1.006848331925153,0.913764371941941,0.8808383715003578
2019-02-04,1.0089017310031694,0.9119008113048767,0.8826347817863657
2019-02-05,0.9995473767664841,0.9034458320382788,0.8908184117244762
2019-02-06,0.9955160339802488,0.8998020829550447,0.8872255911524605
2019-02-07,0.981182408711477,0.8868465649795364,0.8744511518482552
2019-02-08,0.9840939530426792,0.8894781786998672,0.8718563200703183
2019-02-11,0.9861216225782988,0.8913108978218288,0.8700599097843105
2019-02-12,0.974131641977812,0.8804736946521582,0.8806387280565434
2019-02-13,0.9732485403810484,0.8796754989133595,0.8798403827062788
2019-02-14,0.9741316419778119,0.8804736946521581,0.8806387280565434
2019-02-15,0.9880415238859765,0.893046210098829,0.8932136000585986
2019-02-19,0.9928989616817373,0.8974366292355004,0.8976048421225433
2019-02-20,0.9979771538203799,0.9020265782750225,0.9021956514886381
2019-02-21,0.9948860876686179,0.904820453679306,0.8994012524085512
2019-02-22,0.9973147223412625,0.9026116798773995,0.9015967972988592
2019-02-25,0.9997434412391429,0.9004135873442627,0.9037924183308316
2019-02-26,1.007029597932784,0.9069758254304082,0.9103792814267486
2019-02-27,1.0034969388700223,0.9037941549254005,0.9071856716006973
2019-02-28,1.0048216333777855,0.9026010758966528,0.9083832276969264
2019-03-01,1.0125493829824264,0.8956594706647258,0.9153693015388078
2019-03-04,1.0094583168306643,0.8929252408880781,0.912574902458721
2019-03-05,1.0103414184274278,0.892144085596303,0.9133732478089855
2019-03-06,1.0076919451866655,0.8944836035439794,0.9109780594748631
2019-03-07,0.9924573687707375,0.9080066637173551,0.8972056313765788
2019-03-08,0.9924573687707375,0.9080066637173551,0.8972056313765788
2019-03-11,0.9847297033913326,0.9009365649098178,0.9041916290767961
2019-03-12,0.983860164973098,0.9017321121070673,0.904990050568725
2019-03-13,0.9925400407101133,0.9096874323444505,0.9129741132046854
2019-03-14,0.9973138978657848,0.9140627901942104,0.9173652791269657
2019-03-15,1.007946741504757,0.9238080536916269,0.9271457520489341
2019-03-18,1.0129376410814401,0.9192337711087764,0.9317365614150289
2019-03-19,1.016843576885354,0.9156891618918582,0.9353293819870446
2019-03-20,1.0161926151771783,0.9162753666872987,0.9347306039389301
2019-03-21,1.0192306296293345,0.9190146680407782,0.9319361287171789
2019-03-22,1.0430250518716753,0.940469501149767,0.9101796379829342
2019-03-25,1.0437112246650793,0.9410882059292516,0.9095808599348197
2019-03-26,1.0395885926656667,0.9373709321658322,0.9131736805068355
2019-03-27,1.04117921308598,0.9388051546617602,0.9145708800468789
2019-03-28,1.0370890215245139,0.9351171316267273,0.9109780594748631
2019-03-29,1.031862684903154,0.9398295881360996,0.9155688688409579
2019-04-01,1.0453599595293757,0.952123024305964,0.9275449627948986
2019-04-02,1.0485092978649173,0.9549914692978199,0.9303393618749854
2019-04-03,1.0584072306070529,0.9640065932949757,0.9391217698612105
2019-04-04,1.0561577277425327,0.9619577263462971,0.9371257922730525
2019-04-05,1.053008389406991,0.9590892813544414,0.9399201913531394
2019-04-08,1.052113904388988,0.9582745765508244,0.9407186128450683
2019-04-09,1.0463097062880042,0.9635610911137771,0.9355289492891947
2019-04-10,1.0507744544061486,0.9594494427725515,0.9395209806071749
2019-04-11,1.0503279710785354,0.9590417642473558,0.9399201913531394
2019-04-12,1.0576884753439317,0.952320976844934,0.9465069783073922
2019-04-15,1.0608112037594855,0.9551326173652247,0.9493014535291433
2019-04-16,1.0608112037594855,0.9551326173652247,0.9493014535291433
2019-04-17,1.0646029606356124,0.9585466373686643,0.9526946306573447
2019-04-18,1.0625955349112954,0.9603540822555944,0.9508982203713368
2019-04-22,1.0625955349112954,0.9603540822555944,0.9508982203713368
2019-04-23,1.063487743030025,0.9611604433599773,0.9500997988794079
2019-04-24,1.0688498185479693,0.9660065874889855,0.9453094222111631
2019-04-25,1.0720094114595844,0.968862168800259,0.9425150231310762
2019-04-26,1.071782425129527,0.9686570227766546,0.9427145904332263
2019-04-29,1.0781363902706813,0.9743996182999144,0.9483033885934
2019-04-30,1.0824480836732784,0.9782964466081232,0.9520958526092301
2019-05-01,1.0742786504539183,0.9709130647999342,0.9449102114651986
2019-05-02,1.0713285581099756,0.9682468262054224,0.9423153796872619
2019-05-03,1.0602090325466729,0.9581972058027216,0.9520958526092301
2019-05-06,1.0713223345968734,0.9682412015100256,0.9421158123851118
2019-05-07,1.0897073462120037,0.9516251699375036,0.9259481198110407
2019-05-08,1.0859489282035595,0.9483429995562404,0.9291417296370921
2019-05-09,1.0924809234615458,0.9426387055372819,0.9235529314769183
2019-05-10,1.084453180280187,0.9495653815810933,0.9303393618749854
2019-05-13,1.109115738643499,0.9279704320997576,0.9091816491888552
2019-05-14,1.0984019375243066,0.9369344115183236,0.9179641333167446
2019-05-15,1.0943417872453267,0.9403977106826404,0.921357310444946
2019-05-16,1.0860441711931403,0.9475280782063384,0.9283433081451632
2019-05-17,1.0799730107585805,0.942231244862331,0.9231537207309539
2019-05-20,1.088379301418825,0.9348971081435689,0.9159680795869223
2019-05-21,1.0796039868760818,0.9273592799449198,0.923353288033104
2019-05-22,1.0747030820541403,0.9315690639231221,0.9191616894129736
2019-05-23,1.0861385266386705,0.9216566457072983,0.9093812926326696
2019-05-24,1.0746954629890404,0.931366802746449,0.9189621221108236
2019-05-28,1.0639578670022611,0.9220612452301132,0.909780503378634
2019-05-29,1.0525199310719062,0.912148749844821,0.9000000304566658
2019-05-30,1.046217405850502,0.9176107276486185,0.9053892613146894
2019-05-31,1.0552126471254362,0.9097212298774005,0.8976048421225433
2019-06-03,1.0486425282667842,0.9153854688578711,0.9031936402827171
2019-06-04,1.0356648209536181,0.926714023988281,0.9143713127447288
2019-06-05,1.0356648209536181,0.926714023988281,0.9143713127447288
2019-06-06,1.040186318386126,0.9307598648774924,0.9183632679210447
2019-06-07,1.053977109784567,0.9430998802302052,0.9305389291771355
2019-06-10,1.0555596511343517,0.9445159399753228,0.9319361287171789
2019-06-11,1.0632463175084645,0.951393977524238,0.938722559115246
2019-06-12,1.0564639851176674,0.9453251390209524,0.9327345502091079
2019-06-13,1.0571421924841364,0.9447182783214645,0.9333333282572224
2019-06-14,1.0485512783687432,0.9523955743843814,0.9257485525088907
2019-06-17,1.0774893621405985,0.9261112109163818,0.9001995977588158
2019-06-18,1.0624379326062738,0.9131743800558307,0.9127744697608711
2019-06-19,1.0570943891861988,0.91776720077521,0.9173652791269657
2019-06-20,1.0692846150244455,0.9283507300785849,0.927944173540863
2019-06-21,1.0665245142275408,0.9259544161749771,0.9255489090650763
2019-06-24,1.0635344489005103,0.9285503848163738,0.9281437408430131
2019-06-25,1.05621550913528,0.9349404028759469,0.9217565211909104
2019-06-26,1.05621550913528,0.9349404028759469,0.9217565211909104
2019-06-27,1.0569016324730691,0.93554774524529,0.9223552992390249
2019-06-28,1.0658215848589034,0.9434435049696229,0.930139718431171
2019-07-01,1.0674225974795073,0.9448606886519022,0.9315369179712145
2019-07-02,1.0687949314037295,0.9460754506213065,0.9327345502091079
2019-07-03,1.0779436497345893,0.9541737092892326,0.9407186128450683
2019-07-05,1.067422597479507,0.9448606886519021,0.9315369179712145
2019-07-08,1.0724543140377003,0.9493146614116149,0.9271457520489341
2019-07-09,1.0773028483840412,0.9536064850176109,0.9229541534288038
2019-07-10,1.072876246863437,0.9496881477339317,0.9267465413029696
2019-07-11,1.0717208948614778,0.9486654537317771,0.9257485525088907
2019-07-12,1.072876246863437,0.9496881477339317,0.9267465413029696
2019-07-15,1.0712587364311525,0.9511199349422583,0.9281437408430131
2019-07-16,1.066420814842252,0.9468245733172784,0.9239521422228828
2019-07-17,1.0680334553718855,0.9453927861089518,0.9225549426828393
2019-07-18,1.065029530402393,0.9480517749092437,0.9251496983191119
2019-07-19,1.0707740264404944,0.9429382268719197,0.9201596782070527
2019-07-22,1.073329032955802,0.9451882004925904,0.9223552992390249
2019-07-23,1.0663608897534391,0.9513244425320689,0.9283433081451632
2019-07-24,1.0661316526123736,0.9511199349422583,0.9281437408430131
2019-07-25,1.075073387962991,0.943142812488281,0.920359321650867
2019-07-26,1.0715761304177256,0.9462108944947449,0.923353288033104
2019-07-29,1.0738926040358192,0.9441654284638848,0.9253493417629263
2019-07-30,1.0581409368905148,0.9303165766295622,0.911776480966792
2019-07-31,1.0667116683663787,0.9227811970899823,0.9043912725206104
2019-08-01,1.0707139436720658,0.9193189452864358,0.9009980192507447
2019-08-02,1.080913485735873,0.9105615808120867,0.8924151785666697
2019-08-05,1.1029137346114528,0.8920285699293802,0.8742515084044408
2019-08-06,1.097373954424894,0.896509103666935,0.8786427504683855
2019-08-07,1.0903938689074943,0.9022115446493273,0.8842315486285592
2019-08-08,1.0825174420158954,0.908728642254899,0.8906187682806618
2019-08-09,1.0776652609428086,0.9046554368289339,0.8866267369626816
2019-08-12,1.0694166734305142,0.8977310886017043,0.8798403827062788
2019-08-13,1.0604401986012804,0.9052664681412842,0.8872255911524605
2019-08-14,1.0904999712142949,0.8796053283406557,0.86207584714835
2019-08-15,1.090752417838301,0.8794017030298267,0.8618762798462
2019-08-16,1.0771116744366447,0.890399334372953,0.8726547415622472
2019-08-19,1.0684889060929803,0.8975273856009435,0.8796407392624644
2019-08-20,1.0633974222354239,0.8932505548641493,0.8754491406423341
2019-08-21,1.0743078108504402,0.9024152476500881,0.8844311920723735
2019-08-22,1.073337977976138,0.9016005910269087,0.8836327705804446
2019-08-23,1.0600030996637198,0.8903993343729533,0.8726547415622472
2019-08-26,1.0539417829318611,0.8853078470129797,0.8776447616743065
2019-08-27,1.055619645136081,0.883898447936429,0.8790419612143499
2019-08-28,1.0539417829318611,0.882493529218788,0.8776447616743065
2019-08-29,1.0441142651200161,0.8907223716631114,0.885828391612417
2019-08-30,1.048819619887797,0.894736457954512,0.8898204229303972
2019-09-03,1.0459963531788221,0.8923279602422749,0.8874251584546105
2019-09-04,1.030703972620329,0.9053737215487445,0.9003992412026302
2019-09-05,1.0364161426418022,0.9103913102724132,0.9053892613146894
2019-09-06,1.0387009757860723,0.9123983151369494,0.9073852389028474
2019-09-09,1.0398433923582076,0.9134018175692176,0.9083832276969264
2019-09-10,1.0405289120301267,0.9127996548599943,0.9089820818867052
2019-09-11,1.0348167420086536,0.9077886774966366,0.9139721019987643
2019-09-12,1.0287149514767147,0.9131414478302501,0.919361332856788
2019-09-13,1.0340751204611072,0.917899415486885,0.9241517095250329
2019-09-16,1.022908002345548,0.9079868946379412,0.9141716693009144
2019-09-17,1.0278215615798658,0.9036253612639157,0.9185629113648591
2019-09-18,1.0284915614033274,0.9042144020616117,0.9179641333167446
2019-09-19,1.026031662034269,0.9063770609696633,0.9201596782070527
2019-09-20,1.0238060307110717,0.9044109801437342,0.9181637006188946
2019-09-23,1.0200224404811575,0.9010686277394196,0.9147705234906933
2019-09-24,1.0246964021037006,0.8969397380030871,0.9105788487288987
2019-09-25,1.0305363703383748,0.8918278828549661,0.9053892613146894
2019-09-26,1.0255381504000427,0.8961533506734212,0.909780503378634
2019-09-27,1.0250881453180303,0.8957601195080002,0.9093812926326696
2019-09-30,1.0291381052264488,0.8992991249956132,0.9129741132046854
2019-10-01,1.0174382305832057,0.889075339698195,0.9025948622346025
2019-10-02,1.0415129445778641,0.8680379598558152,0.8812375822463222
2019-10-03,1.0356153629890652,0.8729532369218138,0.8862276023583815
2019-10-04,1.0265187561062732,0.8806210571445835,0.8940120215505275
2019-10-07,1.0249144694755519,0.8819973287229691,0.895409221090571
2019-10-08,1.0121201426230528,0.8709870810947089,0.8842315486285592
2019-10-09,1.003666793228945,0.8782616701520575,0.8916167570747409
2019-10-10,1.0122048382052695,0.8857329122927046,0.8992016089647368
2019-10-11,1.0346733144615927,0.9053940205566988,0.9191616894129736
2019-10-14,1.031527741499377,0.9026414773999277,0.9163672903328868
2019-10-15,1.0180466900297571,0.914438112357854,0.9283433081451632
2019-10-16,1.0195789808001443,0.9130617657782926,0.9297405838268709
2019-10-17,1.0241756026142046,0.9171781704013725,0.9339321824470013
2019-10-18,1.025707809885558,0.9185503052757324,0.9353293819870446
2019-10-21,1.0294288608305495,0.9218826114632517,0.938722559115246
2019-10-22,1.0252700244510236,0.918158256057952,0.9349301712410802
2019-10-23,1.030961068101903,0.9232547463376116,0.9401197586552895
2019-10-24,1.0283343554946969,0.9209024510309296,0.9425150231310762
2019-10-25,1.0270276745981077,0.919732281393054,0.9413173908931829
2019-10-28,1.020712174876542,0.9253879897159342,0.947105832497171
2019-10-29,1.0222179607478994,0.9240228290029189,0.9457086329571275
2019-10-30,1.0159613073424436,0.9296784629301199,0.9514969984194513
2019-10-31,1.0119119836462183,0.9259730373370324,0.9477046105452854
2019-11-01,1.0040264243218666,0.9331888974480675,0.955089818991467
2019-11-04,1.0090623289142688,0.9378695016038909,0.9598802718013763
2019-11-05,1.0073836673691388,0.9363092754200567,0.9582834288175184
2019-11-06,1.0065444166395618,0.9355292367238188,0.9574850834672538
2019-11-07,1.007383667369139,0.9347491980275808,0.9582834288175184
2019-11-08,1.0054952131523616,0.9365014907456616,0.9564870185315105
2019-11-11,1.004446009665161,0.937478701394709,0.9574850834672538
2019-11-12,1.0057023811148782,0.9386513094431425,0.9562874512293604
2019-11-13,1.0046528225274045,0.9376717258596001,0.9552894624352815
2019-11-14,1.0069618994655591,0.9355165971333449,0.9530938414033091
2019-11-15,1.0002136795592012,0.94178602175294,0.9594810610554118
2019-11-18,1.0029186691059384,0.9443329988600994,0.9620758928333486
2019-11-19,1.0008378773876452,0.942373756955578,0.9600798391035263
2019-11-20,0.9939714631524973,0.9359084455142492,0.9534930521492736
2019-11-21,0.9948037798398147,0.9351247487524407,0.9526946306573447
2019-11-22,0.9929279681314704,0.9333614684070898,0.9544910409433526
2019-11-25,1.0008182586136822,0.9407784143961272,0.9620758928333486
2019-11-26,1.0018564359700075,0.9417543107077099,0.9630738816274276
2019-11-27,1.0049710472468385,0.944682074098574,0.9660679241513288
2019-11-29,0.99832661711693,0.9384362483571054,0.9596807044992262
2019-12-02,1.004140552886491,0.9329710949912334,0.9540918301973881
2019-12-03,1.0083419938881895,0.9368747546936803,0.9500997988794079
2019-12-04,0.9981737678898926,0.9274272118009258,0.9596807044992262
2019-12-05,0.9960976518826973,0.9254982425754583,0.9576846507694039
2019-12-06,1.0056475479286122,0.9343712802646521,0.9668662695015934
2019-12-09,1.001703046308533,0.9307063491102422,0.9630738816274276
2019-12-10,1.0012878231070939,0.9303205552651487,0.9626746708814631
2019-12-11,0.9954748566784027,0.9357215219311531,0.9682634690416368
2019-12-12,0.98788202130696,0.9285844461709019,0.9756487536294828
2019-12-13,0.9983914135342693,0.9384630125892661,0.9860280045995656
2019-12-16,1.0034440015033772,0.9432123191864413,0.9910180247116249
2019-12-17,0.995359829914255,0.9356133996434941,0.9830339620756644
2019-12-18,0.9941471810469744,0.9344735399714518,0.981836329837771
2019-12-19,0.9929345321796939,0.9333336802994094,0.9830339620756644
2019-12-20,0.9909184522178641,0.9314386154491401,0.9850299396638224
2019-12-23,0.9925248411348745,0.9329485809416426,0.9866267826476802
2019-12-24,0.9935287959095863,0.9338922733748979,0.9876247714417592
2019-12-26,0.9975446916052728,0.9376671151070367,0.9916168027597394
2019-12-27,1.0029661393049236,0.9427631406455563,0.9970060336177631
2019-12-30,0.9947335875973441,0.9350247474942748,0.9888224036796526
2019-12-31,1.001359750387913,0.9412531751530537,0.9954091906339052
2020-01-02,0.9939303165419993,0.9342696927489059,1.0027944752217512
2020-01-03,0.9826535699313087,0.923669832360472,0.991417159315925
2020-01-06,0.9808730389368432,0.9253434870598443,0.9932135696019329
2020-01-07,0.9848153946646874,0.9290626566685714,0.989221614425617
2020-01-08,0.9866038033276155,0.9273754940667369,0.9910180247116249
2020-01-09,0.9854115814206714,0.928496143892189,0.9922155808078539
2020-01-10,0.9808522529794057,0.9242001533068642,0.9876247714417592
2020-01-13,0.9848169094212336,0.927935818979463,0.9916168027597394
2020-01-14,0.9840239630089617,0.928682966364362,0.9924152242516683
2020-01-15,0.9830344126028515,0.9296168649695375,0.9934132130457473
2020-01-16,0.9873797766530154,0.9337261043345857,0.997804455109692
2020-01-17,0.9923176629477778,0.9383956686123599,1.0027944752217512
2020-01-21,0.9852070946279333,0.9316714846520614,0.9956088340777196
2020-01-22,0.9844170147376916,0.9309243372671624,0.9948104125857907
2020-01-23,0.9826393726577305,0.9326053832572371,0.9930140022997829
2020-01-24,0.9859970991720096,0.9357921411969813,0.9896208251715815
2020-01-27,1.006281840103164,0.9550440245600575,0.9692615339773801
2020-01-28,0.9977856418076918,0.9469804353247235,0.9774451639154906
2020-01-29,0.9959518485102815,0.9487208556137257,0.9792415742014986
2020-01-30,0.9963578715906565,0.9491076238744487,0.979640784947463
2020-01-31,1.011380415800591,0.9347974933017084,0.9648702919134354
2020-02-03,1.013263419347532,0.9330570730127062,0.9630738816274276
2020-02-04,0.9964632128725187,0.9485274345991128,0.9790419307576842
2020-02-05,1.0082460976234735,0.9597434928545718,0.9906188139656604
2020-02-06,1.0094649632897479,0.9609037238682381,0.9918163700618895
2020-02-07,0.999104217643689,0.9510413914095611,0.9816367625356209
2020-02-10,0.9952443472062446,0.9547155792336756,0.9854291504097868
2020-02-11,0.9875839477094608,0.9473671298169438,0.9930140022997829
2020-02-12,0.9925466811150359,0.952127768660245,0.998004022411842
2020-02-13,0.9869884439328883,0.9467958764010544,0.9924152242516683
2020-02-14,0.9869884439328883,0.9467958764010544,0.9924152242516683
2020-02-18,0.9824227382867954,0.9511756554199015,0.9878244148855736
2020-02-19,0.9772615288641301,0.9461786041872274,0.9930140022997829
2020-02-20,0.9727435448584231,0.9505528885256569,0.9884231929336881
2020-02-21,0.9762793714600732,0.9470977227655863,0.9848303723616723
2020-02-24,1.01822730859659,0.9064036377545585,0.9425150231310762
2020-02-25,1.0404377436244978,0.9261748803203801,0.9219560884930605
2020-02-26,1.0388609883375817,0.9247712873153179,0.923353288033104
2020-02-27,1.0054000996748171,0.8949851374543087,0.8936128108045631
2020-02-28,1.0125863342466863,0.8885881089099875,0.8872255911524605
2020-03-02,0.9920840762589732,0.9065797230939178,0.905189617870875
2020-03-03,0.9826773183779376,0.8979837016889994,0.8966067771868
2020-03-04,1.0165854418077376,0.9289693992576377,0.9275449627948986
2020-03-05,0.9835523850298825,0.8987833493216884,0.8974051986787289
2020-03-06,0.9977718425947173,0.8857894184541713,0.8844311920723735
2020-03-09,1.0844661273758434,0.962753787282092,0.8075848366616631
2020-03-10,1.0450650752965942,0.9277748136151261,0.8369261792859038
2020-03-11,1.1058797027706238,0.9817640636661608,0.7882236104032051
2020-03-12,1.2330180833642979,0.8688947408393994,0.6976048268942104
2020-03-13,1.1522280267654967,0.925826635219472,0.7433134293946723
2020-03-16,1.2865102390799452,0.8179295472221368,0.6566866772036578
2020-03-17,1.2474065862102641,0.8427906265317764,0.6766467576518946
2020-03-18,1.3254155210361886,0.7900851175310925,0.6343313703504664
2020-03-19,1.3008090762681481,0.8047531106985338,0.6461077827897606
2020-03-20,1.3176869708683212,0.794311502910481,0.6377245855495
2020-03-23,1.3090260768406343,0.789090651597709,0.6335329488585375
2020-03-24,1.1898361875163488,0.8609392030473142,0.6912176072421078
2020-03-25,1.2327843592900085,0.8920155521843636,0.7161677078024039
2020-03-26,1.2935989862496011,0.9360196739429244,0.7514970593327828
2020-03-27,1.2516815286569352,0.905689126837167,0.7271457368206012
2020-03-30,1.2334715457664776,0.9188654685232787,0.7377245550928342
2020-03-31,1.2294666762591906,0.9158820707231283,0.7401198195686209
2020-04-01,1.1744257085070688,0.9568844309276361,0.70698601292855
2020-04-02,1.1532050350015153,0.9395945062059817,0.7197605283744196
2020-04-03,1.176550545694681,0.9586156801742713,0.7051896787842065
2020-04-06,1.1166074385660512,1.0074554028892377,0.7411178083626999
2020-04-07,1.1232234022866212,1.0134246344789601,0.7455089742849803
2020-04-08,1.1394628049735254,1.0280765823449227,0.7562874360010277
2020-04-09,1.1683327777153059,1.0541244206589169,0.7754490949573355
2020-04-13,1.1532963192390775,1.0405578252655978,0.7654690547332171
2020-04-14,1.1716408169351278,1.0571090882062322,0.7776447159893078
2020-04-15,1.125027818602635,1.099165513224539,0.7467066065228737
2020-04-16,1.1217197793828129,1.0959335196980688,0.748902227554846
2020-04-17,1.0855449422418602,1.0605902750472505,0.7730539066232132
2020-04-20,1.0718110225668995,1.0471720727428286,0.7632735098429091
2020-04-21,1.0931127650102033,1.0263600178957288,0.748103806062917
2020-04-22,1.079113468499372,1.0395044241064186,0.757684635541071
2020-04-23,1.073427917334899,1.044981286143153,0.7536926042230908
2020-04-24,1.060066888364818,1.0579882379951377,0.7630738663990947
2020-04-27,1.0753176335077697,1.0732090784524726,0.7740518954172921
2020-04-28,1.0816952139938598,1.0795741533503016,0.7786427047833868
2020-04-29,1.113860462319099,1.111676329895773,0.801796395057675
2020-04-30,1.0941731348477168,1.0920276066586854,0.7876247562134263
2020-05-01,1.118019804529207,1.068227697129119,0.7704590748452763
2020-05-04,1.1200472928250145,1.0701648892471949,0.7690618753052328
2020-05-05,1.1209193419452854,1.0709981008054845,0.7684630972571184
2020-05-06,1.1299449662401295,1.0796217600792966,0.7622754449071658
2020-05-07,1.148585096149557,1.0974317335401156,0.774850316909221
2020-05-08,1.1707756893717156,1.0762294201288451,0.7898203772453987
2020-05-11,1.1645623503576377,1.0705178407845786,0.7856287786252684
2020-05-12,1.1784684915610257,1.0577346933213922,0.7762475164492645
2020-05-13,1.1614991038389602,1.07296557157277,0.765069920128917
2020-05-14,1.171801995925336,1.082483141116968,0.7582834897308499
2020-05-15,1.1699513706080267,1.0807735769470164,0.759481045827079
2020-05-18,1.1167577996179052,1.0316346063591186,0.794011975865529
2020-05-19,1.1013174789386868,1.0173712010339764,0.7830339468473315
2020-05-20,1.1254605764439112,1.039674027035831,0.8001996282154815
2020-05-21,1.1164771132454085,1.0479727391860392,0.7938124085633789
2020-05-22,1.115915633409086,1.0484997679581365,0.7934131978174144
2020-05-26,1.0870001179321136,1.0213311269244274,0.8139720563137658
2020-05-27,1.101927081567005,1.0073059466698144,0.8251497287757775
2020-05-28,1.1125892129750163,0.9975593594853052,0.833133791411738
2020-05-29,1.113122228031958,0.9970814524980741,0.8335329260160381
2020-06-01,1.1381782063362977,0.9746375100339819,0.852295450368046
2020-06-02,1.1504395862783758,0.9641379232822772,0.8614770691002355
2020-06-03,1.1837586198263845,0.9920612877021942,0.8864271696605315
2020-06-04,1.181626254553755,0.9902742366912992,0.884830402818338
2020-06-05,1.1608352101579162,1.0076983888204167,0.9003992412026302
2020-06-08,1.174731287918505,0.9956354749393297,0.9111777029186775
2020-06-09,1.1544018517315613,1.0128655496478198,0.895409221090571
2020-06-10,1.1577472255995385,1.0158007614516502,0.8928143893126341
2020-06-11,1.2271137122902747,1.076662518181999,0.8393213676200263
2020-06-12,1.2043514793276493,1.056691065809223,0.8548902821459827
2020-06-15,1.1987275894276928,1.0616254344834712,0.8508982508280025
2020-06-16,1.1852303180278638,1.0735789815116379,0.8604790803061565
2020-06-17,1.1874297166134935,1.0715867711727838,0.86207584714835
2020-06-18,1.1791817883807112,1.0641434920799893,0.8560878382422118
2020-06-19,1.1841305662960002,1.0596775056950267,0.8524950176701961
2020-06-22,1.1974385068708984,1.0477682402172697,0.86207584714835
2020-06-23,1.2065877755073282,1.0397625572168812,0.868662710244267
2020-06-24,1.1747040951685168,1.0672379366923852,0.8457085872721289
2020-06-25,1.1586236008725292,1.0818473294952438,0.8572854704801052
2020-06-26,1.1761581083255834,1.098219911624432,0.8443113877320855
2020-06-29,1.1867240975808393,1.1080857448861279,0.8518962396220815
2020-06-30,1.1844997401981965,1.106008784696086,0.8534930064642751
2020-07-01,1.1767433554259863,1.0987663772860918,0.859081880766113
2020-07-02,1.1671741553778832,1.1077014736449526,0.8660678784663303
2020-07-06,1.1884248736147762,1.127869373866663,0.8818363602944368
2020-07-07,1.1693261736056644,1.1097438370328332,0.867664721450188
2020-07-08,1.1835829352161455,1.0962135204364878,0.878243539722421
2020-07-09,1.2005297196113531,1.1119093315446094,0.8656686677203658
2020-07-10,1.213263110553516,1.1001158907163557,0.8748503625942196
2020-07-13,1.2207370229777024,1.1068927965269335,0.8694611317361959
2020-07-14,1.2403539229719847,1.1246802518798436,0.8834331271366302
2020-07-15,1.224940491684924,1.1107042556248976,0.894411232296492
2020-07-16,1.2211133194306756,1.1072340000992955,0.8916167570747409
2020-07-17,1.2120922841081907,1.1154137462917366,0.8982036201706578
2020-07-20,1.2032035580379026,1.1072340000992955,0.9047904832665749
2020-07-21,1.2058578380952758,1.1047914299243022,0.9067864608547328
2020-07-22,1.213820779521689,1.0974958854853436,0.9127744697608711
2020-07-23,1.2024071930172553,1.1078156661634957,0.9041916290767961
2020-07-24,1.2124936394930026,1.1171086273888133,0.8966067771868
2020-07-27,1.198187655514202,1.1039280731941647,0.9071856716006973
2020-07-28,1.1923878151969387,1.1092716489828192,0.9027944295367526
2020-07-29,1.1768337802637039,1.123741479820428,0.9145708800468789
2020-07-30,1.1603961349973835,1.1394375484803527,0.9017964407426736
2020-07-31,1.1850526028968642,1.1152264153248357,0.8826347817863657
2020-08-03,1.161201493349954,1.0927806712823362,0.9003992412026302
2020-08-04,1.1653201379794569,1.0889047072323612,0.9035928510286815
2020-08-05,1.159142220133319,1.0831319040306433,0.9083832276969264
2020-08-06,1.1606704584900032,1.0845599287305783,0.9095808599348197
2020-08-07,1.1571046661516278,1.0878918955744727,0.9067864608547328
2020-08-10,1.1568500083391242,1.0881313209077823,0.9069860281568829
2020-08-11,1.152776596578408,1.0842998761328864,0.9101796379829342
2020-08-12,1.1785624013054965,1.1085539640060758,0.9305389291771355
2020-08-13,1.1727479693233496,1.1030849183152298,0.9259481198110407
2020-08-14,1.1608662494610709,1.091908991068655,0.9165668576350369
2020-08-17,1.1505012792416232,1.0821597161801586,0.9247505637148117
2020-08-18,1.150749659774183,1.0823933425232748,0.9245509202709973
2020-08-19,1.1435450298718521,1.0756166788280994,0.9187624786670092
2020-08-20,1.141805994346507,1.073980944714205,0.9173652791269657
2020-08-21,1.150004291141658,1.0816922499453032,0.910778492172713
2020-08-24,1.1338745075081869,1.0665206005140655,0.9235529314769183
2020-08-25,1.135589892611046,1.0649071119508253,0.9249501310169618
2020-08-26,1.1461273116608819,1.0747886480236546,0.9335329717010368
2020-08-27,1.1319140139726465,1.088117264182499,0.9219560884930605
2020-08-28,1.1404910329684192,1.0963624156068255,0.928942162334942
2020-08-31,1.1328942607404164,1.1036652486058978,0.9227545099849894
2020-09-01,1.129463490534698,1.100322993301745,0.9199601109049026
2020-09-02,1.1118194226407443,1.1175118389455327,0.9343313931929657
2020-09-03,1.0842673969458898,1.1452049285551755,0.9111777029186775
2020-09-04,1.0818922582468828,1.1477135537815417,0.9131736805068355
2020-09-08,1.0974998806591079,1.1642707290901457,0.9000000304566658
2020-09-09,1.0709690526853812,1.1361257907874778,0.9217565211909104
2020-09-10,1.0551990380070086,1.1528552381531803,0.9081836603947763
2020-09-11,1.0647074214042016,1.1632436001692474,0.9163672903328868
2020-09-14,1.0695775495782214,1.1579227530364633,0.9205588889530171
2020-09-15,1.076534888179301,1.1503907506398667,0.9265468978591552
2020-09-16,1.0763030152284545,1.1501429700050667,0.9263473305570052
2020-09-17,1.078622098606361,1.1526211544997824,0.9283433081451632
2020-09-18,1.086738978896394,1.1612948947679658,0.921357310444946
2020-09-21,1.1204052933809114,1.197270892588736,0.8928143893126341
2020-09-22,1.1236615841556061,1.2007505817560218,0.8902195575346974
2020-09-23,1.1392819654518223,1.2174426020165319,0.8778443289764566
2020-09-24,1.1382457598552738,1.2185498966775035,0.8770459074845276
2020-09-25,1.133323832680671,1.2238190696993552,0.8808383715003578
2020-09-28,1.1140627211026646,1.2030199697660064,0.8958084318365355
2020-09-29,1.1138144366365201,1.2027518599322453,0.8956087883927211
2020-09-30,1.1098427374132198,1.198463022877537,0.8924151785666697
2020-10-01,1.1014028647271095,1.1893492313545393,0.8992016089647368
2020-10-02,1.1011584212162187,1.189613193535044,0.8990020416625868
2020-10-05,1.0811106958388612,1.1679550577484326,0.9153693015388078
2020-10-06,1.065787460065056,1.15140092430773,0.9023952187907881
2020-10-07,1.0745099616240574,1.1608240942488517,0.909780503378634
2020-10-08,1.0848825568085005,1.149618280584926,0.9185629113648591
2020-10-09,1.07403846776182,1.1381271169321259,0.9277445300970486
2020-10-12,1.08120183702285,1.145717929597864,0.9339321824470013
2020-10-13,1.064333343100042,1.163592978706077,0.919361332856788
2020-10-14,1.0668751866490613,1.1663718743648315,0.9171657118248157
2020-10-15,1.0520155684347092,1.1826172992898003,0.9043912725206104
2020-10-16,1.0452823648234197,1.1750482068644865,0.9101796379829342
2020-10-19,1.0406978628494843,1.1802018486029555,0.9061876828066183
2020-10-20,1.0487208287476415,1.1893002810320927,0.9131736805068355
2020-10-21,1.0374885890464518,1.1765623764658248,0.9033932075848671
2020-10-22,1.0370301213603044,1.1770823010568434,0.9037924183308316
2020-10-23,1.0278690426918091,1.1666840075674216,0.911776480966792
2020-10-26,1.0042424730023543,1.1935013742410758,0.8908184117244762
2020-10-27,1.017518368098174,1.1777235123530294,0.8790419612143499
2020-10-28,1.055178585908073,1.1341338088295894,0.8465070087640578
2020-10-29,1.0524417245806172,1.1370754596581782,0.8487026297960302
2020-10-30,1.055411900532193,1.1402844869197581,0.8463074414619077
2020-11-02,1.0399790178086146,1.1569584288653385,0.8586826700201486
2020-11-03,1.068746418780947,1.188961658220504,0.8824351383425513
2020-11-04,1.0863936572481114,1.2085939016996123,0.8970059879327644
2020-11-05,1.111293263818177,1.2362942775758203,0.9175649225707802
2020-11-06,1.1144358582972302,1.2327981963003465,0.9201596782070527
2020-11-09,1.146345945966307,1.1974989924661033,0.9465069783073922
2020-11-10,1.1635097792964564,1.179569262621432,0.9606786932933051
2020-11-11,1.1736629470922122,1.1692759545090128,0.9690618905335657
2020-11-12,1.15819140061238,1.184689670450848,0.9562874512293604
2020-11-13,1.1412693620684293,1.1673804724587116,0.9702595227714591
2020-11-16,1.1532431421911191,1.1551327441297843,0.9804391302977277
2020-11-17,1.1537127144887207,1.1556030858269093,0.980838341043692
2020-11-18,1.1478431951113366,1.1497239491756055,0.9758483209316329
2020-11-19,1.1551214313815257,1.1570141109182843,0.9820359732815854
2020-11-20,1.1555910036791273,1.1574844526154093,0.9816367625356209
2020-11-23,1.1560609579068164,1.1570137283624002,0.9812375517896565
2020-11-24,1.173463054162234,1.1744301665978527,0.9960080448236841
2020-11-25,1.173463054162234,1.1744301665978527,0.9960080448236841
2020-11-27,1.1774607809043682,1.1784311880762233,0.9994012219518855
2020-11-30,1.160529021272885,1.1953769020586666,0.9850299396638224
2020-12-01,1.1882782541322432,1.2239593772935746,1.0085828406840749
2020-12-02,1.1889838039219138,1.2232326415494743,1.009181694873854
2020-12-03,1.1927464072058502,1.227103627124661,1.012375304699905
2020-12-04,1.2033286672679888,1.2379907106044148,1.0213572799882802
2020-12-07,1.195568337241918,1.2300068432331568,1.0147704930340276
2020-12-08,1.1918057339579815,1.2338778288083434,1.017964102860079
2020-12-09,1.192273119452972,1.2343617135416887,1.0175648921141145
2020-12-10,1.1911037835001332,1.2331510987027712,1.0165669033200355
2020-12-11,1.198821561375176,1.2251608745107312,1.0099800402241184
2020-12-14,1.2099567993416038,1.2137809841881178,1.0005988541897788
2020-12-15,1.1935440529767305,1.230245604616571,1.014171714985913
2020-12-16,1.1996515011574544,1.2239503520358057,1.0193613024001222
2020-12-17,1.2088127182328023,1.233297128873604,1.0271457215922684
2020-12-18,1.2031750875442146,1.2275453083996688,1.0223553449240235
2020-12-21,1.1864968802032096,1.21052928522406,1.0081836299381106
2020-12-22,1.1893156955475035,1.2134051954610274,1.0057884416039882
2020-12-23,1.17279412570541,1.196548982465083,1.0197605131460867
2020-12-24,1.176007875192426,1.1998278262061137,1.0225549122261737
2020-12-28,1.184042336478072,1.2080250249004818,1.029540986068055
2020-12-29,1.1916175906163091,1.2157537152412268,1.0361277730223077
2020-12-30,1.190699351457703,1.2166905532648902,1.035329351530379
2020-12-31,1.1771556303566308,1.202851192808739,1.0235529010202526
2021-01-04,1.1629231861025513,1.18830807539408,1.0359282057201578
2021-01-05,1.1736785344758438,1.1773179537090068,1.0455090351983116
2021-01-06,1.1884671491736098,1.1921524259113465,1.0586826852484814
2021-01-07,1.1911559648979553,1.1894552725311829,1.0610778735826039
2021-01-08,1.1967577141846228,1.1950490238288942,1.066067893694663
2021-01-11,1.1799524663246201,1.211830277722028,1.0510978333584855
2021-01-12,1.175247017438038,1.216662849875375,1.0552894319786157
2021-01-13,1.1796928336831405,1.221265337167434,1.0512974006606355
2021-01-14,1.1714055809062216,1.2298446336315796,1.0586826852484814
2021-01-15,1.1524121891799846,1.2497855672157479,1.0415170038803314
2021-01-19,1.1433572098975722,1.2596056494092982,1.049700633818442
2021-01-20,1.151183969589885,1.250983120387166,1.0568862749624737
2021-01-21,1.1548798933694828,1.2549994534708881,1.0602794520906749
2021-01-22,1.1479227920730248,1.2474392228573632,1.0538922324385724
2021-01-25,1.1557495517653376,1.238933940885883,1.0467065912945408
2021-01-26,1.150680484740029,1.233500030765228,1.0512974006606355
2021-01-27,1.122497941719331,1.263710995619583,1.025548954750075
2021-01-28,1.1117929673695057,1.2757626825678718,1.035329351530379
2021-01-29,1.1349418824280157,1.30232565143019,1.0137725042399486
2021-02-01,1.1199702547576242,1.3195053282583111,1.0271457215922684
2021-02-02,1.1325933563907955,1.304633281618358,1.0387226048002447
2021-02-03,1.1332462468122737,1.3053853455151696,1.0393213828483592
2021-02-04,1.134769713144182,1.307140225030238,1.0407185823884026
2021-02-05,1.1275875864171663,1.298867139630263,1.0473054454843196
2021-02-08,1.1312408705901569,1.3030753544254488,1.050698622612521
2021-02-09,1.1368283524738003,1.309511569846198,1.0558882861683947
2021-02-10,1.1325303084044682,1.3144624829935097,1.0518962548504143
2021-02-11,1.139836958728821,1.3059820761942913,1.0586826852484814
2021-02-12,1.1475734216579445,1.2971179295799855,1.065868326392513
2021-02-16,1.1583184908420887,1.2849726309609268,1.0758483666166314
2021-02-17,1.1473584743663734,1.2728142122552593,1.0656686829486985
2021-02-18,1.1523011963536751,1.2673310376997757,1.0610778735826039
2021-02-19,1.1488330244929041,1.2635166514463028,1.0642714834086553
2021-02-22,1.1464629507005273,1.2661233206819358,1.0620758623766828
2021-02-23,1.1468938806801858,1.2656474130248299,1.0616766516307183
2021-02-24,1.1367596160091213,1.276831016041558,1.0710579138067222
2021-02-25,1.1172699259563212,1.2987222236478038,1.0526946763423433
2021-02-26,1.1064657918863667,1.2861634241151751,1.0425149926744104
2021-03-01,1.0886708188409193,1.3068484228128308,1.059281463296596
2021-03-02,1.0921582166136914,1.3026621249896555,1.0626747165664616
2021-03-03,1.0857988902363926,1.2950770942806067,1.0564870642165092
2021-03-04,1.0981071780427032,1.2803964920520523,1.0445110464042326
2021-03-05,1.093070996737549,1.286268695608677,1.0493014230724775
2021-03-08,1.0951502326594496,1.2838219596829155,1.0512974006606355
2021-03-09,1.111992329170802,1.26407831839649,1.0674650932347065
2021-03-10,1.1192698135329862,1.2723511364307352,1.074451167076588
2021-03-11,1.1294581805951713,1.2839329554463186,1.084231563856892
2021-03-12,1.1302899066910381,1.2829874750710955,1.085029985348821
2021-03-15,1.1275868365383546,1.2860557190053301,1.0824351535708843
2021-03-16,1.1286264544993048,1.284869995138275,1.081437164776805
2021-03-17,1.1336258627043234,1.2905615058861126,1.08622754144505
2021-03-18,1.1205023565680288,1.3055017894478855,1.0736527455846592
2021-03-19,1.1190441892195515,1.307200706073623,1.0750499451247026
2021-03-22,1.1146810579058213,1.3021039561964105,1.0792415437448328
2021-03-23,1.0996317391226986,1.3196836731805495,1.0646706941546196
2021-03-24,1.1025178990753575,1.316219951616137,1.0618762950745328
2021-03-25,1.0965079141969387,1.3233948573591825,1.0676647366785208
2021-03-26,1.0827734166891223,1.3068184486211127,1.0810379540308408
2021-03-29,1.078774976695797,1.3019926604474803,1.0770459227128606
2021-03-30,1.080174419253876,1.3036816725016136,1.0784431222529038
2021-03-31,1.0813738978671439,1.3051293445227259,1.0772455661566749
2021-04-01,1.0990060275413587,1.3264098746794422,1.094810382129125
2021-04-05,1.1168386421870735,1.3479323737055355,1.1125749176870539
2021-04-06,1.1070206875267015,1.3360829100226055,1.1027944447650855
2021-04-07,1.104816652209059,1.3387429993544206,1.1049900657970577
2021-04-08,1.1125998497394867,1.3293118406317324,1.1127744849892038
2021-04-09,1.1157929583706805,1.3254967788978453,1.1159680948152553
2021-04-12,1.1102050372985202,1.3321349023295432,1.1103792966550814
2021-04-13,1.1036192840534331,1.3400371469250625,1.1169660836093342
2021-04-14,1.103816541927026,1.3397976323732985,1.1171657270531485
2021-04-15,1.1130856307263337,1.351048327353725,1.126546913087488
2021-04-16,1.1261018668055518,1.3668472591679768,1.139720563137658
2021-04-19,1.1249186204913366,1.368283467586753,1.1385230070414287
2021-04-20,1.1059859271455348,1.3452548761579477,1.119361348085121
2021-04-21,1.095730774673769,1.3327811244312942,1.1297405229135395
2021-04-22,1.0992154368495455,1.3370196582757754,1.1261477023415236
2021-04-23,1.1105154543395714,1.3507643210748412,1.1377245855495
2021-04-26,1.1134378931582214,1.3472096419649462,1.1407186280734012
2021-04-27,1.1126585662304873,1.3462666915249282,1.1399202065814722
2021-04-28,1.10915166937639,1.350509878580306,1.1435130271534881
2021-04-29,1.1105068845470898,1.348859760272626,1.1449102266935314
2021-04-30,1.0952122289306934,1.3674371737000077,1.1291417448654248
2021-05-03,1.0810792179693343,1.3850830728731214,1.143712594455638
2021-05-04,1.0627782746695156,1.4085303155551174,1.1243513681971802
2021-05-05,1.0486280229370062,1.427284047178182,1.1393214285333577
2021-05-06,1.0561602113673563,1.4170320110396966,1.1475050584714683
2021-05-07,1.0717757017461975,1.437983046211011,1.1644710963958038
2021-05-10,1.063324967425426,1.4266448411542028,1.1552894776636145
2021-05-11,1.0508325470901292,1.4098839754067982,1.1417166168674802
2021-05-12,1.062038989162724,1.4249194662119007,1.1295409556113893
2021-05-13,1.053218356188791,1.413084974486906,1.1389222177873932
2021-05-14,1.0330990407081657,1.386091234551047,1.1606787085216381
2021-05-17,1.031855418770502,1.384422688362378,1.1592815089815947
2021-05-18,1.030611796832838,1.386091234551047,1.1606787085216381
2021-05-19,1.0194460785907176,1.401108241178015,1.1481038365195828
2021-05-20,1.0045584768042723,1.4215694916476822,1.1648703071417683
2021-05-21,1.0061076614384445,1.419377211493047,1.1666667174277763
2021-05-24,1.0117879613218144,1.4273907556870893,1.173253504382029
2021-05-25,1.0135093140613909,1.429819172590309,1.1752495581118512
2021-05-26,1.010066674245131,1.4346759137621155,1.171257526793871
2021-05-27,1.0074846779672126,1.431008504507057,1.1742515693177722
2021-05-28,1.0105671818020034,1.4266301856112686,1.1778443137481236
2021-06-01,1.0177598649579702,1.4367841853557908,1.1862275871300485
2021-06-02,1.0184448948448328,1.4377512505170613,1.1870260086219775
2021-06-03,1.0117660167680356,1.447179905278426,1.1792415894298314
2021-06-04,1.004230883996683,1.4364020252650802,1.1880239974160565
2021-06-07,1.009123825420071,1.4294034046469941,1.1938124390200446
2021-06-08,1.0092925186861084,1.429642355232384,1.1940120063221946
2021-06-09,1.0082801660033525,1.428208378216895,1.1928143740843014
2021-06-10,0.9944450011499066,1.4086111481771268,1.1764471142080803
2021-06-11,0.9912392498356013,1.4040702665452696,1.1802395782239103
2021-06-14,0.9890600112489103,1.4009834193448703,1.182834333860183
2021-06-15,0.9893938224797745,1.4014562561740949,1.1832335446061473
2021-06-16,0.979713551456642,1.4151681634839943,1.1716567375398355
2021-06-17,0.9882255786737232,1.4028727839759612,1.1614770538719026
2021-06-18,1.0077556900403921,1.3751480799249995,1.1385230070414287
2021-06-21,0.9932683242439876,1.355379128526374,1.15489026691765
2021-06-22,0.9927533426171771,1.35467640265511,1.1554890449657644
2021-06-23,0.9860652582887226,1.3455500772832512,1.1477046257736183
2021-06-24,0.9956687000069182,1.3586545971286503,1.1588822982356302
2021-06-25,0.9970405828706064,1.3567825738748722,1.1604790650778236
2021-06-28,0.989495063575085,1.3465145574401505,1.1516966570915985
2021-06-29,0.9906954856125976,1.348148103486093,1.153093856631642
2021-06-30,0.9822924659319147,1.3595830148292731,1.1433133837096736
2021-07-01,0.9769762644671482,1.3669411260492852,1.1495010360596263
2021-07-02,0.9740923579621579,1.3629060941363016,1.1528942131878277
2021-07-06,0.9681898155652224,1.3711646652439848,1.1459082154876103
2021-07-07,0.9734178276402847,1.3785686528831333,1.152095867837563
2021-07-08,0.9612753811861464,1.395764964246739,1.1377245855495
2021-07-09,0.9472778315978606,1.4160893059317698,1.1542914888695355
2021-07-12,0.9523557116913663,1.408498363277609,1.1604790650778236
2021-07-13,0.9471139927318785,1.4007460576164312,1.154091845425721
2021-07-14,0.9464587622403878,1.4017151189277717,1.15489026691765
2021-07-15,0.9376255684497322,1.4147971693865493,1.1441118052016026
2021-07-16,0.9441686888279559,1.4049241577051679,1.1361277425656422
2021-07-19,0.9635762024021024,1.376045753894556,1.1127744849892038
2021-07-20,0.958391052167657,1.3834504655775834,1.118762493895342
2021-07-21,0.9395822677730553,1.3562997305317934,1.1407186280734012
2021-07-22,0.9404042869382341,1.357486326331293,1.1417166168674802
2021-07-23,0.9487889827687256,1.3695897483365214,1.1518962243937487
2021-07-26,0.9532279615199418,1.375997474291568,1.1572854552517724
2021-07-27,0.9501042636058454,1.3805065745422498,1.1534930673776065
2021-07-28,0.9453364646453492,1.3735789371626628,1.1592815089815947
2021-07-29,0.9383376466476968,1.3634096171944365,1.1678642735240052
2021-07-30,0.934488748388421,1.357817147446423,1.1630738968557603
2021-08-02,0.93047944368168,1.3636426886201811,1.1680639169678197
2021-08-03,0.937157496647001,1.3538558221158055,1.1764471142080803
2021-08-04,0.9363624990065245,1.3550043080298364,1.1754491254140014
2021-08-05,0.9409735702374931,1.3616769603297993,1.1812375670179893
2021-08-06,0.936839485459924,1.3676593685203344,1.1760479034621159
2021-08-09,0.937793458366723,1.369052040374529,1.1748503473658867
2021-08-10,0.9366781805003773,1.3674238850223215,1.1762475469059301
2021-08-11,0.9441487368547185,1.3565178797304354,1.185628809081934
2021-08-12,0.9443076577706064,1.356746211406844,1.1858283763840842
2021-08-13,0.9505066042630618,1.3656526277629375,1.1936127955762301
2021-08-16,0.9465329143952114,1.371361877951843,1.188622775464171
2021-08-17,0.9547981965963835,1.3833368370354833,1.178243524494088
2021-08-18,0.9577096648383397,1.3875550490967483,1.1746507039220724
2021-08-19,0.9679620773118136,1.3727010832078352,1.1620759080616814
2021-08-20,0.9638055930408737,1.3785955398139258,1.1670659281737406
2021-08-23,0.9557285848004166,1.36704245523366,1.1768463249540446
2021-08-24,0.9567011938314878,1.3684336429191215,1.178043957191938
2021-08-25,0.9584842794707508,1.3709841094521478,1.1802395782239103
2021-08-26,0.9531350225529619,1.3786355090512263,1.1736527151279934
2021-08-27,0.9429228441506203,1.393406629025943,1.1862275871300485
2021-08-30,0.9433988080434423,1.3927032721738428,1.1868263651781632
2021-08-31,0.9408602330743899,1.3889556718632274,1.1836327553521118
2021-09-01,0.94704800577868,1.3980904420359876,1.1914171745442579
2021-09-02,0.952601180134008,1.4062883791434735,1.1984032483861393
2021-09-03,0.948475957981547,1.400198472795074,1.1932135848302658
2021-09-07,0.9511731674067395,1.4041802590345482,1.1898204077020644
2021-09-08,0.9411204899148232,1.419020639070788,1.1772455357000091
2021-09-09,0.9443118228660236,1.4142087500805591,1.173253504382029
2021-09-10,0.9464002533847723,1.4110811002491868,1.1706587487457565
2021-09-13,0.9517252354507887,1.4190206390707878,1.1772455357000091
2021-09-14,0.949143412907007,1.422870131907141,1.174051925873958
2021-09-15,0.9493048114409648,1.4231120860209023,1.1742515693177722
2021-09-16,0.9497889454873334,1.4238378560837293,1.1736527151279934
2021-09-17,0.9636804264979224,1.4030130016422024,1.1564870337598434
2021-09-20,0.9833066471453507,1.3744393770418695,1.1329341327395908
2021-09-21,0.9723925481970537,1.3896948087050436,1.145509004741646
2021-09-22,0.9813726295530881,1.3768609254493884,1.156087823013879
2021-09-23,0.9935720341383891,1.3939766294963805,1.170459105301942
2021-09-24,0.9820503886155296,1.3778118180480232,1.156886244505808
2021-09-27,0.9847613602306341,1.3816152977604537,1.1536926346797565
2021-09-28,1.0082729821492296,1.4146019865459314,1.1261477023415236
2021-09-29,1.0111323144521227,1.418613615566522,1.1229540925154724
2021-09-30,1.0147267578078396,1.4236566017434258,1.1189621373391565
2021-10-01,1.008210554234403,1.4327988029953846,1.1261477023415236
2021-10-04,1.0024922437036674,1.4409252686916456,1.119760482689421
2021-10-05,1.0076744839245335,1.4483739257057777,1.1255489242934091
2021-10-06,1.0146436706233903,1.4583910378377503,1.117764505101263
2021-10-07,1.00703387626993,1.4693289229359308,1.1261477023415236
2021-10-08,1.0081048336872953,1.4677663253454742,1.127345334579417
2021-10-11,1.0013222395534758,1.4578910991433607,1.119760482689421
2021-10-12,0.9975739226367374,1.4633485209940111,1.1239521574512157
2021-10-13,1.0124551555757588,1.441519130993192,1.1407186280734012
2021-10-14,1.022907450944598,1.456400959244049,1.1524950785835275
2021-10-15,1.031233807621988,1.4682559064738898,1.161876264617867
2021-10-18,1.0269820653995385,1.474309476076414,1.1570858879496222
2021-10-19,1.0213130307161231,1.466171153280374,1.1634731076017248
2021-10-20,1.0251676578210898,1.4606375481093992,1.1678642735240052
2021-10-21,1.0255180906194,1.4611368374689453,1.1682634842699697
2021-10-22,1.0200864825029268,1.4533979952405447,1.1744511366199222
2021-10-25,1.0157523285266454,1.4595732076448256,1.169461116507863
2021-10-26,1.0110714342961888,1.4662993628449852,1.1748503473658867
2021-10-27,1.007807655176917,1.4710326359656787,1.1710578833500567
2021-10-28,1.0182859797714505,1.4863271788971815,1.1832335446061473
2021-10-29,1.0114149934417547,1.496356319954343,1.1752495581118512
2021-11-01,1.0017955994747392,1.5105879074332798,1.1864271544321987
2021-11-02,0.9994360642170124,1.5141458043030138,1.1836327553521118
2021-11-03,1.0085371838903991,1.527934002129069,1.1944112170681591
2021-11-04,1.0060090736613982,1.5317640895484743,1.1914171745442579
2021-11-05,1.0073574162615357,1.5338170956588288,1.1930140175281156
2021-11-08,1.0083686732116388,1.5322773410760628,1.1942116497660091
2021-11-09,1.0088742695404334,1.5330456253543474,1.1948104278141236
2021-11-10,0.99758212528808,1.5502047232415659,1.1814371343201395
2021-11-11,0.9938742474302157,1.5559666245655337,1.1858283763840842
2021-11-12,0.9962163074939239,1.552299996416872,1.188622775464171
2021-11-15,0.9935396583044931,1.5481292530793986,1.1854291656381197
2021-11-16,0.9906957464603762,1.5436978817876177,1.1820359885099183
2021-11-17,0.9923686282726389,1.5463045590841515,1.1840319660980763
2021-11-18,0.9932050691787703,1.5450012204358847,1.1850299548921552
2021-11-19,0.980323675012025,1.5249632944061748,1.1696606838100132
2021-11-22,0.9886882117060402,1.5119516618625355,1.1596806435858946
2021-11-23,0.9920915616250993,1.5067470882617824,1.1556886884095787
2021-11-24,0.9982600168633956,1.4973786969470217,1.1485030472655473
2021-11-26,1.021681172340607,1.4622472295166686,1.121556892975429
2021-11-29,1.0156808757421614,1.4708349546454922,1.1281437560713459
2021-11-30,1.0084927317787429,1.4812443003887548,1.1201596934353855
2021-12-01,1.013883805475696,1.4733260507723165,1.1141716845292473
2021-12-02,1.025508402756714,1.4902183434703198,1.1269461238334526
2021-12-03,1.0184246681190978,1.50051207804029,1.1191617046413065
2021-12-06,1.0078898335281345,1.5160337430575876,1.1307385878492828
2021-12-07,1.0279942062193586,1.4857934267362995,1.153293423933792
2021-12-08,1.030307123277998,1.4891363609099764,1.155888255711729
2021-12-09,1.0206996842983667,1.4752504171980911,1.1451097939956816
2021-12-10,1.0240801172000569,1.4703645676918706,1.1489022580115118
2021-12-13,1.0009510823522167,1.5035730176500206,1.1229540925154724
2021-12-14,1.008423489645746,1.492348383218297,1.1145708952752118
2021-12-15,0.9954208724977052,1.5115907301863372,1.1289421775632749
2021-12-16,0.9973567477389292,1.5086510177990642,1.1311377224535828
2021-12-17,0.9834532897423691,1.4876199613541266,1.1153693167671406
2021-12-20,0.9834532897423691,1.4876199613541266,1.1153693167671406
2021-12-21,0.9707817828703611,1.4684524149542633,1.1297405229135395
2021-12-22,0.9836454994212666,1.4489941227120953,1.144710583249717
2021-12-23,0.9893055661092229,1.4573318860321458,1.151297446345634
2021-12-27,1.0004541466246393,1.4737547006060197,1.1642715290936538
2021-12-28,1.0018262423673814,1.4717334859832705,1.1658682959358473
2021-12-29,1.0035413784028704,1.4692138642867165,1.1678642735240052
2021-12-30,0.9982244174359068,1.4769980503069946,1.161676697315717
2021-12-31,0.9975383368504129,1.4759829081511546,1.160878275823788
2022-01-03,0.9886194855237291,1.4891794657492217,1.171257526793871
2022-01-04,0.9908096966418141,1.4858803021473836,1.1738523585718077
2022-01-05,0.9825543250543521,1.47350002965884,1.1640718856498393
2022-01-06,0.9785109275871966,1.467436297470346,1.1592815089815947
2022-01-07,0.9732882005030671,1.4752686262455912,1.1654690851898828
2022-01-10,0.9857897616951831,1.4942179580018844,1.1504990248537053
2022-01-11,0.974844153567368,1.510808842652287,1.1632734641579106
2022-01-12,0.9832076073592859,1.4978472016579756,1.173253504382029
2022-01-13,0.9773532152281789,1.4889284496005752,1.1662675066818118
2022-01-14,0.9745096077587208,1.4845964148819046,1.162874253411946
2022-01-18,0.9888946946820253,1.5065110766811036,1.1457086481854604
2022-01-19,0.9864827669816464,1.5028366755377713,1.1485030472655473
2022-01-20,0.9797965022805675,1.513022726578359,1.1407186280734012
2022-01-21,0.964709504108712,1.4897250611379012,1.1231537359592867
2022-01-24,0.9791107147726885,1.4674864034430408,1.1063872653371012
2022-01-25,0.9852930574441545,1.4582203381504062,1.099401267636884
2022-01-26,0.9833253908592531,1.455308218338819,1.101596812527192
2022-01-27,0.9819000586856705,1.4574176905901814,1.1000000456849985
2022-01-28,0.9851071410347558,1.4621779088113647,1.1035928662570145
2022-01-31,0.9699626383604906,1.4396991790084466,1.12055890418135
2022-02-01,0.981711389647721,1.4571376523203574,1.1341317649774842
2022-02-02,0.987585765291336,1.4658568889763126,1.1409181953755512
2022-02-03,0.9737637243383269,1.4453410667938167,1.1249501462452947
2022-02-04,0.9768736917913402,1.4499571390132728,1.121357325673279
2022-02-07,0.9754826637181726,1.447892459513553,1.1229540925154724
2022-02-08,0.978256874205277,1.4437747456937384,1.1261477023415236
2022-02-09,0.9947287779097564,1.4680850461977308,1.1451097939956816
2022-02-10,0.9829383668039644,1.4506839951601713,1.1315369331995473
2022-02-11,1.001317486477632,1.4235589020147938,1.1103792966550814
2022-02-14,1.0115772501079716,1.4381450627937447,1.0990020568909196
2022-02-15,0.9891631275085319,1.4062792218510016,1.123353303261437
2022-02-16,0.9933813367485584,1.4002822534615607,1.1281437560713459
2022-02-17,0.9761571108569258,1.3760027779435189,1.1085828863690737
2022-02-18,0.9824843911938849,1.3670837676493253,1.101397245225042
2022-02-22,0.9976186831247289,1.388142468448003,1.0844312073007065
2022-02-23,1.005698098574269,1.3993846192772286,1.0756487231728171
2022-02-24,1.0245467421636816,1.3731575617033354,1.0554890754224302
2022-02-25,0.9945156030447356,1.4134070535719625,1.0864271848888645
2022-02-28,0.9720417149382975,1.4453469767602745,1.0618762950745328
2022-03-01,0.9981699090937699,1.4064964769818626,1.033333373942221
2022-03-02,0.9846732953844676,1.425514220815228,1.0473054454843196
2022-03-03,0.9587756363838623,1.4630063325280493,1.0197605131460867
2022-03-04,0.9993110684078664,1.401152869118665,0.9766467424235618
2022-03-07,1.0328052341964669,1.354190068468208,0.9439122226711196
2022-03-08,1.0083446561302647,1.3221179305766786,0.9662674914534789
2022-03-09,1.0608344103761047,1.2532945924074492,1.0165669033200355
2022-03-10,1.0408383362226425,1.2296707625610668,0.9974052443637275
2022-03-11,1.050419857946345,1.2183509286210144,0.9882235494898737
2022-03-14,1.0701510399615124,1.1954653141220952,1.0067864303980671
2022-03-15,1.0771524636789462,1.187644026386894,1.013373293493984
2022-03-16,1.1193728907490312,1.2341953175848273,1.0530938109466434
2022-03-17,1.126374314466465,1.2419149295567609,1.0596806740425604
2022-03-18,1.1365581372914175,1.2531433830502696,1.0692615035207145
2022-03-21,1.1251013062631599,1.265775426693898,1.0584830418046671
2022-03-22,1.1108863312613224,1.2817677341849938,1.0718563352986512
2022-03-23,1.0914405985113307,1.3042046947498283,1.0530938109466434
2022-03-24,1.0852344665783784,1.3116206424562202,1.059081895994446
2022-03-25,1.0838027651176347,1.3098902798041134,1.0604790955344894
2022-03-28,1.0850266596893823,1.3084110737579255,1.0616766516307183
2022-03-29,1.1119534296958575,1.3408815054679544,1.088023951731058
2022-03-30,1.110933491613972,1.3396515833559313,1.087025962936979
2022-03-31,1.089310524139362,1.3135768967676897,1.065868326392513
2022-04-01,1.0774791023201713,1.299309631361546,1.0774451334588249
2022-04-04,1.0764810820622692,1.2981061394974405,1.0784431222529038
2022-04-05,1.086642169558432,1.31035918349657,1.0682635147266355
2022-04-06,1.0998394614540992,1.2944448437836178,1.0552894319786157
2022-04-07,1.094222719179492,1.301055411353738,1.0606786628366394
2022-04-08,1.093605004722749,1.3003209349783804,1.061277440884754
2022-04-11,1.1020379161484886,1.3103478562363784,1.0530938109466434
2022-04-12,1.0930562548256393,1.2996684590147578,1.0445110464042326
2022-04-13,1.081568005538753,1.3133282456739965,1.0554890754224302
2022-04-14,1.0862722442139934,1.3190405166499741,1.0508982660563353
2022-04-18,1.0823521231797888,1.314280385382854,1.0471058020405053
2022-04-19,1.078844650607324,1.3185394451708239,1.050499055310371
2022-04-20,1.0700302193022968,1.3077666472931273,1.059081895994446
2022-04-21,1.060350347418564,1.2959361275832537,1.049501066516292
2022-04-22,1.0430072147785825,1.2747397445120003,1.032335385148142
2022-04-25,1.0508721058760664,1.2843520358999845,1.024550965955996
2022-04-26,1.0858807613134736,1.3271388199755507,0.990419170521846
2022-04-27,1.0806285805206486,1.3207197238205948,0.9952096233317552
2022-04-28,1.066757709612029,1.3037670602266367,1.0079840626359604
2022-04-29,1.0555620604258924,1.3174501285515394,0.9974052443637275
2022-05-02,1.049224821448273,1.3095406018465365,0.991417159315925
2022-05-03,1.0409864268936357,1.3198229664482783,0.9992016546497354
2022-05-04,1.058661953265324,1.2974129089809294,1.016167692574071
2022-05-05,1.0231029083571406,1.2538345374784756,0.9820359732815854
2022-05-06,1.0391148940392172,1.234211505916542,0.9666667021994434
2022-05-09,1.0708697888940215,1.1964945442756378,0.9371257922730525
2022-05-10,1.0601497459808908,1.1845169229130923,0.9465069783073922
2022-05-11,1.0547842106764662,1.190511894276971,0.9417166016391473
2022-05-12,1.050760016556325,1.185969874291826,0.9381237810671316
2022-05-13,1.0210257028112406,1.219530344597865,0.9646707246112853
2022-05-16,1.0250396377174888,1.21473603295034,0.9684631124854512
2022-05-17,1.0493346341338985,1.2435271220765403,0.991417159315925
2022-05-18,1.0184905096801393,1.280079337230109,0.9622754601354987
2022-05-19,1.0058147857939574,1.2641479838429954,0.9742515540894393
2022-05-20,1.001487390214711,1.2587091411514184,0.9784431527095696
2022-05-23,1.0231434081471444,1.2314909974195747,0.9996008653956998
2022-05-24,1.0229390627122916,1.2312450401457644,0.9994012219518855
2022-05-25,1.0200788501039406,1.227802388754139,0.9966068228717986
2022-05-26,1.0061863220619942,1.2110808587332023,1.0101796836679329
2022-05-27,1.0181149972376122,1.1967230903373536,1.0221557014802092
2022-05-31,1.0151328663640413,1.1932178037199348,1.0191617350979723
2022-06-01,1.0000231302448803,1.1754573639348755,1.0039920313179802
2022-06-02,0.9771597476775009,1.1485830541409556,1.0269461542901184
2022-06-03,0.964244899926812,1.1637635559048773,1.013373293493984
2022-06-06,0.9596867609855759,1.1692648512531483,1.018163670162229
2022-06-07,0.9617562793727225,1.1667433877845605,1.0203592911942012
2022-06-08,0.9751139885297653,1.1505386390668355,1.0061876523499527
2022-06-09,1.0211519242817944,1.0962184010550218,0.9586826395634829
2022-06-10,1.0490034038104399,1.1261172864509261,0.9325349829069578
2022-06-13,1.0849282283656925,1.1646830011067932,0.9005988085047802
2022-06-14,1.0998363480173314,1.180687039975692,0.8882235799465394
2022-06-15,1.0743794919300464,1.1533588105395884,0.9087824384428907
2022-06-16,1.0484226319819756,1.181223799903141,0.886826380406496
2022-06-17,1.0491305185210404,1.1804262470822966,0.8862276023583815
2022-06-21,1.0328264961755442,1.198770671889203,0.9000000304566658
2022-06-22,1.0268710037263997,1.1918583107993899,0.8948104430424565
2022-06-23,1.0325974757417045,1.1852117668437874,0.8898204229303972
2022-06-24,0.9985482261131162,1.1461301573492289,0.9191616894129736
2022-06-27,0.9965966627210321,1.1483701549769376,0.9173652791269657
2022-06-28,0.9868388457606115,1.1371263025798406,0.9083832276969264
2022-06-29,0.9807673519709716,1.1441224350424093,0.9027944295367526
2022-06-30,0.9749126617947194,1.1509522732985578,0.8974051986787289
2022-07-01,0.9746957754634327,1.1512083227128533,0.8976048421225433
2022-07-05,1.0020055091952909,1.1834637131173504,0.8724550981184329
2022-07-06,0.9999423508651522,1.1859004991387125,0.8742515084044408
2022-07-07,0.9851029886465489,1.1683014775083995,0.8872255911524605
2022-07-08,0.9862110740686634,1.1696156323234614,0.8882235799465394
2022-07-11,0.970476041266741,1.1882768913826651,0.8740519411022907
2022-07-12,0.970476041266741,1.1882768913826651,0.8740519411022907
2022-07-13,0.9718057944981776,1.1899050769008723,0.8728543088643973
2022-07-14,0.9873618156438142,1.170857867425106,0.8588822373222986
2022-07-15,0.967628332302419,1.1942587158839955,0.8760479186904486
2022-07-18,0.9735809432912532,1.1869119306376739,0.8814371495484723
2022-07-19,1.0048872584064517,1.2250780833038477,0.909780503378634
2022-07-20,0.9938639234126189,1.2116393159268226,0.8998004631545157
2022-07-21,1.0062100047808336,1.2266906697701094,0.9109780594748631
2022-07-22,1.009737468614805,1.230991071229571,0.9077844496488118
2022-07-25,1.0188401997543226,1.2420883921717378,0.9159680795869223
2022-07-26,1.0035209940882408,1.260764341098488,0.9021956514886381
2022-07-27,1.0270548389062986,1.2903308698809877,0.923353288033104
2022-07-28,1.033271398125976,1.2825207530676195,0.928942162334942
2022-07-29,1.049700676429928,1.302913159574717,0.9437125792273052
2022-08-01,1.0470364851604166,1.306220016417447,0.9413173908931829
2022-08-02,1.0308291875067932,1.3264392703854255,0.9267465413029696
2022-08-03,1.0405979452904102,1.3138691335440222,0.9355289492891947
2022-08-04,1.049256630436157,1.3029365930738428,0.9433133684813408
2022-08-05,1.0390438266587692,1.2902546281727394,0.9341317497491513
2022-08-08,1.0368235966899153,1.2930116456530638,0.9361278034789735
2022-08-09,1.0321810390321609,1.2988013297770136,0.9319361287171789
2022-08-10,1.0556146083412237,1.3282879700359462,0.9530938414033091
2022-08-11,1.0545092695967833,1.3268971138035168,0.9520958526092301
2022-08-12,1.060699234031202,1.334685993597544,0.9576846507694039
2022-08-15,1.071089603759211,1.3477602756365423,0.9483033885934
2022-08-16,1.069736902235032,1.3494623903547533,0.9495010208312934
2022-08-17,1.0803061192438004,1.362795351776418,0.9401197586552895
2022-08-18,1.0855814891153663,1.356140525508375,0.9355289492891947
2022-08-19,1.1008681038688848,1.3752370170872559,0.9223552992390249
2022-08-22,1.125405927405281,1.405890392480196,0.9017964407426736
2022-08-23,1.125405927405281,1.405890392480196,0.9017964407426736
2022-08-24,1.1229150271231385,1.402778686126059,0.9037924183308316
2022-08-25,1.1122512944074434,1.3894572356094992,0.9123752590149066
2022-08-26,1.1455871753053992,1.3478130665696622,0.8850299701204881
2022-08-29,1.1437786333029194,1.3499408632096102,0.8864271696605315
2022-08-30,1.1525353302447328,1.3602759251563092,0.8796407392624644
2022-08-31,1.1436435174274033,1.3497813931545517,0.8728543088643973
2022-09-01,1.1624732621613736,1.3275576506224944,0.8584830265763342
2022-09-02,1.169230256508775,1.319841086437244,0.8534930064642751
2022-09-06,1.1654020060654924,1.3241624612871414,0.8562874816860262
2022-09-07,1.181701292790579,1.3056427543407105,0.8682634994983026
2022-09-08,1.1846895195367906,1.302341110665341,0.8660678784663303
2022-09-09,1.1516525696822615,1.338658962099838,0.8902195575346974
2022-09-12,1.173084717087597,1.363571281106874,0.9067864608547328
2022-09-13,1.1315115914477554,1.4118950887250268,0.8746507191504053
2022-09-14,1.1299622475441864,1.4099618243513086,0.8758483513882985
2022-09-15,1.1412928340417698,1.4241000793627694,0.8670658672604092
2022-09-16,1.1512764472091706,1.4116425716312329,0.8594810915120775
2022-09-19,1.1483355109326607,1.4152486133064879,0.8616766364023856
2022-09-20,1.1736057281486747,1.4463925076931299,0.842714620889892
2022-09-21,1.1880603822989952,1.4285780893046822,0.8323353699198092
2022-09-22,1.1954680137550373,1.4196708147676187,0.8271457063639356
2022-09-23,1.2424904472382716,1.3638296080708259,0.7946108300553077
2022-09-26,1.2637136035847787,1.3405338402309852,0.7810379692591736
2022-09-27,1.2698497820505403,1.3340246479110514,0.7772455052433435
2022-09-28,1.2352826901060734,1.3703386697050806,0.7984032179294737
2022-09-29,1.2195328876417455,1.3878104302421215,0.7882236104032051
2022-09-30,1.2179888078402603,1.3895675702711787,0.7892215991972841
2022-10-03,1.2450962125133935,1.3586415303884352,0.8067864151697343
2022-10-04,1.3023916063810912,1.4211619210428075,0.8439121769861211
2022-10-05,1.2826770875250666,1.4426742859510195,0.8311377376819158
2022-10-06,1.3100925976534636,1.4118390493329063,0.8133732782656513
2022-10-07,1.334847736301463,1.4385167601126603,0.7980040071835092
2022-10-10,1.341191389119541,1.4453530835756088,0.7942116193093434
2022-10-11,1.3577077504337558,1.4275540028861475,0.784431146387375
2022-10-12,1.3604714636382427,1.424648112537776,0.7828343795451814
2022-10-13,1.3223144904738107,1.4646050401557134,0.8047904375815763
2022-10-14,1.3039489662626833,1.4442632534487698,0.7936127651195645
2022-10-17,1.3446154394784304,1.4893057316687572,0.8183632983777105
2022-10-18,1.3606852888012793,1.471506650979296,0.8281437712996789
2022-10-19,1.3374003897696127,1.4966879945820213,0.8139720563137658
2022-10-20,1.3396960646578913,1.4992570898739268,0.8125748567737223
2022-10-21,1.3153438819318461,1.4720045035828326,0.8273453498077499
2022-10-24,1.32359447771584,1.4627712419862962,0.8325349372219591
2022-10-25,1.3562798235649878,1.498893471828943,0.8530938718599749
2022-10-26,1.3727810151329756,1.4806571699324484,0.8634730466883934
2022-10-27,1.3619916999983368,1.492294333206604,0.8566866162903264
2022-10-28,1.3753197344836208,1.4776911969795656,0.8650698896722513
2022-10-31,1.3895997281989958,1.4930341172308017,0.8560878382422118
2022-11-01,1.3827959353601535,1.5003443481043555,0.8602794368623421
2022-11-02,1.3584125797429216,1.4738882175556318,0.8451098092240145
2022-11-03,1.3728501493005,1.458223342260468,0.836127757793975
2022-11-04,1.3112373590247168,1.5236676363866144,0.8736527303563263
2022-11-07,1.3196254069126683,1.5139206618885428,0.8792415285165
2022-11-08,1.3337054423919423,1.5300737736129273,0.8886227906925038
2022-11-09,1.3163300697342355,1.5500074120050962,0.8770459074845276
2022-11-10,1.3909241567960002,1.4621712450011526,0.9267465413029696
2022-11-11,1.4196832760791893,1.4924034881051198,0.9459082002592776
2022-11-14,1.4047045538343723,1.4766575131386048,0.9359281600351592
2022-11-15,1.408898577778348,1.4810663669080681,0.938722559115246
2022-11-16,1.4071012042472621,1.4829558070194067,0.937525003019017
2022-11-17,1.4062024032031377,1.4820085530310536,0.9369261488292382
2022-11-18,1.4017087408182598,1.4867444616553407,0.9399201913531394
2022-11-21,1.3924810569533277,1.4769569733700887,0.9337325390031869
2022-11-22,1.3725373824195792,1.4981105460023019,0.947105832497171
2022-11-23,1.3887358559891296,1.480430077408504,0.9582834288175184
2022-11-25,1.3965458816075167,1.4887557764829014,0.963672659675542
2022-11-28,1.3748514027821614,1.5118826791463904,0.9487025993393645
2022-11-29,1.371090995556162,1.5077474725778692,0.9512974311173013
2022-11-30,1.3969823927880145,1.4792754828526358,0.9692615339773801
2022-12-01,1.4107911013977157,1.4938976314220391,0.9788423634555341
2022-12-02,1.4139556176973713,1.4972485622579144,0.9810379844875065
2022-12-05,1.3987084127755645,1.4811031787947446,0.9704590900736092
2022-12-06,1.3889272304592934,1.491460548557219,0.963672659675542
2022-12-07,1.389214863876598,1.4917694156345924,0.9634730923733921
2022-12-08,1.3843223016041515,1.4970231563999028,0.9668662695015934
2022-12-09,1.3851796092090007,1.4979502593838898,0.9662674914534789
2022-12-12,1.391188418353412,1.5044482594675028,0.9704590900736092
2022-12-13,1.403206145794081,1.5174443776728777,0.9788423634555341
2022-12-14,1.404350712055449,1.5186821256997038,0.979640784947463
2022-12-15,1.3662947025038177,1.4775278890938568,0.9530938414033091
2022-12-16,1.3826043896968465,1.495165385342606,0.9417166016391473
2022-12-19,1.3855348332828685,1.4983344030646457,0.9397206240509893
2022-12-20,1.3834747863048296,1.4961066429355037,0.9411178235910328
2022-12-21,1.3632288547726132,1.4742124436645005,0.9548902516893171
2022-12-22,1.3504058191799688,1.4603454553227797,0.9459082002592776
2022-12-23,1.344421772137413,1.4668166773650104,0.9500997988794079
2022-12-27,1.3427270840030334,1.4649677064022086,0.9512974311173013
2022-12-28,1.331176141885537,1.4523651772790116,0.9431138011791907
2022-12-29,1.3520242388025794,1.475111265510402,0.9578842942132183
2022-12-30,1.3382194018955134,1.4901728819043374,0.9481038212912499
2023-01-03,1.3528693956128586,1.5064863678145957,0.9584830722613328
2023-01-04,1.3785068577503077,1.4779377973903725,0.9766467424235618
2023-01-05,1.3678010724430905,1.466459809691345,0.9690618905335657
2023-01-06,1.403299163077478,1.5045183580320989,0.9942116345376761
2023-01-09,1.4114692630106203,1.4957589532951843,1.0
2023-01-10,1.417949156794823,1.502625811396968,1.004590885507759
2023-01-11,1.4286548346304215,1.4912808151626646,1.0121756612560908
2023-01-12,1.446403879947615,1.4727537293142268,1.024750533258146
2023-01-13,1.454010613654984,1.480499038622878,1.0301397641161696
2023-01-17,1.4573913483677194,1.477056715406638,1.032534952450292
2023-01-18,1.4531654568447048,1.4813396291618484,1.029540986068055
2023-01-19,1.4472490367578943,1.4753085007063238,1.0253493113062606
2023-01-20,1.4368249345635637,1.4859347068318283,1.0327345958941065
2023-01-23,1.429604755607152,1.4784677467013458,1.0379241833083157
2023-01-24,1.4257558365067,1.4744872739676327,1.0351297842282288
2023-01-25,1.4202573357024058,1.4801737100699721,1.039121815546209
2023-01-26,1.4183476626818816,1.4781834737031154,1.0405190150862524
2023-01-27,1.413722266341765,1.4830040015674606,1.0371257618163867
2023-01-30,1.4218846144709198,1.4744416444299115,1.0311377529102486
2023-01-31,1.413076975213276,1.4835748398934676,1.0375249725623512
2023-02-01,1.397309617763052,1.4670208550680985,1.0491018557703276
2023-02-02,1.399968080967013,1.4698119479748268,1.0510978333584855
2023-02-03,1.3858780434410525,1.455018963917101,1.0405190150862524
2023-02-06,1.3997022752121648,1.4405050465607,1.0301397641161696
2023-02-07,1.3912949068156826,1.43185259466582,1.036327340324458
2023-02-08,1.3950464562117626,1.4357135056132255,1.033532941244371
2023-02-09,1.3985489192023648,1.4393180690283915,1.0361277730223077
2023-02-10,1.3872334118440128,1.4276727029082072,1.0277445757820471
2023-02-13,1.3672965361817309,1.4481907591497156,1.0425149926744104
2023-02-14,1.3738411300366287,1.4412589633817556,1.0475050127864698
2023-02-15,1.3730558107300657,1.4404351064852376,1.046906234738355
2023-02-16,1.381694722552568,1.4494979513992736,1.0403193716424382
2023-02-17,1.37480209809278,1.4422670885529787,1.0455090351983116
2023-02-21,1.3884503933536572,1.4565851399270087,1.0351297842282288
2023-02-22,1.3972855489021099,1.4473164211147105,1.0285429211323118
2023-02-23,1.389421894758234,1.4554616393783224,1.0343313627363
2023-02-24,1.3666313409679973,1.4793354367519054,1.0173653248119643
2023-02-27,1.3465219927008119,1.5011031736754286,1.032335385148142
2023-02-28,1.333504572351624,1.5156149982911105,1.0223553449240235
2023-03-01,1.3415753094064977,1.5247879178155328,1.0285429211323118
2023-03-02,1.3418357134299015,1.524491951643636,1.0287425645761261
2023-03-03,1.323871709101435,1.5040826125986668,1.0425149926744104
2023-03-06,1.3215904788339605,1.5014908518131969,1.0407185823884026
2023-03-07,1.2944692393711983,1.470677756837587,1.0193613024001222
2023-03-08,1.2937088615123664,1.4698138731934156,1.019960080448237
2023-03-09,1.3063674613180742,1.4841956140650692,1.0099800402241184
2023-03-10,1.3154035607625558,1.494461744813782,1.0029940425239012
2023-03-13,1.326397930651997,1.481970775731581,0.9946108452836406
2023-03-14,1.300844233034455,1.5105216594490067,1.0137725042399486
2023-03-15,1.2526932485203228,1.4546094270807028,0.9762475316775973
2023-03-16,1.2337401692031877,1.476617470853173,0.9910180247116249
2023-03-17,1.252376727077614,1.498922870029498,0.9760479643754473
2023-03-20,1.2280463787821518,1.5280429540324576,0.9950099798879408
2023-03-21,1.2502177659152482,1.5004553706356063,1.0129740827480196
2023-03-22,1.2425809339084197,1.4912899868827212,1.0067864303980671
2023-03-23,1.2425809339084197,1.4912899868827212,1.0067864303980671
2023-03-24,1.2339587800091207,1.5016379098425094,0.9998004326978499
2023-03-27,1.2199169328163026,1.5187258145687883,1.0111776724620118
2023-03-28,1.2199169328163026,1.5187258145687883,1.0111776724620118
2023-03-29,1.2379772901468993,1.5412099117728426,1.0261477327981894
2023-03-30,1.2570008885814623,1.5175266352714976,1.041916214626296
2023-03-31,1.2613353816895838,1.5122937760096413,1.0455090351983116
2023-04-03,1.2700043679058266,1.5018999869433456,1.0526946763423433
2023-04-04,1.2712083733559207,1.5004761369035555,1.0536926651364222
2023-04-05,1.2627801514858057,1.5104244239489362,1.0467065912945408
2023-04-06,1.2519439187155021,1.497463093648801,1.0556886427245802
2023-04-10,1.2514704936491812,1.496896825021408,1.0552894319786157
2023-04-11,1.2455528157650682,1.5039750208567717,1.0602794520906749
2023-04-12,1.2554009833831385,1.5158664460226252,1.0686627254726
2023-04-13,1.2720489761662241,1.5359684962739308,1.0828343643168485
2023-04-14,1.2706420695217375,1.5376673021561091,1.0816367320789553
2023-04-17,1.2659525596001184,1.5433423118559884,1.0776447769026394
2023-04-18,1.257276858909121,1.5327656311898155,1.085029985348821
2023-04-19,1.2535762683402913,1.537277078289803,1.0818363755227696
2023-04-20,1.2538076048796776,1.5369933872465449,1.0816367320789553
2023-04-21,1.2454781803648438,1.54720410087521,1.0888223732229867
2023-04-24,1.2511861464408482,1.5401133395437963,1.093812393335046
2023-04-25,1.2297242253498657,1.513695375231704,1.0750499451247026
2023-04-26,1.227441073758124,1.5108849922741843,1.0770459227128606
2023-04-27,1.2408619490935044,1.4943649331357651,1.0888223732229867
2023-04-28,1.2410894700913344,1.4940909305354295,1.0890220166668012
2023-05-01,1.2415444253131585,1.493543230722396,1.0886228059208367
2023-05-02,1.226520239073573,1.4754695547445222,1.075449155870667
2023-05-03,1.2231057026049044,1.4795771466476864,1.0784431222529038
2023-05-04,1.217899081134212,1.4858755378029849,1.0738523128868092
2023-05-05,1.1997890746371684,1.507970320581169,1.089820362017066
2023-05-08,1.2015470476322752,1.5057607896252332,1.0914172050009237
2023-05-09,1.1907796725991608,1.4922672762717593,1.0816367320789553
2023-05-10,1.1925375617695015,1.4944702366888498,1.0800399652367618
2023-05-11,1.1976065525329969,1.5008226201012884,1.075449155870667
2023-05-12,1.2011629159677855,1.5052794015684097,1.0722555460446157
2023-05-15,1.1926662927622118,1.5159272426932195,1.0798403217929473
2023-05-16,1.1807617390003955,1.5007960719129607,1.0690619362185643
2023-05-17,1.1853912923576153,1.506680422043673,1.0732535348386947
2023-05-18,1.1873753986674591,1.5092023016555514,1.0714571245526867
2023-05-19,1.178969960567939,1.5198859544754224,1.0790419764426828
2023-05-22,1.1767890561744896,1.517074410444173,1.0770459227128606
2023-05-23,1.1604326475921025,1.4959883128322746,1.0620758623766828
2023-05-24,1.178751828532096,1.5196047464475784,1.0453093917544973
2023-05-25,1.1828033025284626,1.5248277619848307,1.0417165711824816
2023-05-26,1.1705650407338501,1.5406048918786783,1.052495032898529
2023-05-30,1.159021434393854,1.5254121125127658,1.0421157819284461
2023-05-31,1.1457019342156445,1.5078820424885797,1.0301397641161696
2023-06-01,1.1321603943805854,1.5257043435034667,1.0423154253722604
2023-06-02,1.1451687148173795,1.5081742734792807,1.0542914431845367
2023-06-05,1.1369300677648049,1.497324068289253,1.0467065912945408
2023-06-06,1.1425670672709975,1.4899002035566131,1.0518962548504143
2023-06-07,1.172486303521485,1.5289146977222208,1.0243513225121814
2023-06-08,1.1603776458187578,1.5131250849346052,1.0349301407844145
2023-06-09,1.165748680811197,1.520128880473416,1.0301397641161696
2023-06-12,1.1614570581446102,1.5257251291906209,1.0339321519903355
2023-06-13,1.1699774235725147,1.5145325193975325,1.0415170038803314
2023-06-14,1.1742375635199889,1.5200472587058627,1.0453093917544973
2023-06-15,1.189484497219205,1.5003101454562329,1.0588822525506316
2023-06-16,1.1890360479300568,1.5008757795774044,1.0584830418046671
2023-06-20,1.1717711351961517,1.5226686338848456,1.043113770722525
2023-06-21,1.1733406649416924,1.5247081735540695,1.0417165711824816
2023-06-22,1.1782866681883042,1.5182810447569024,1.0373254052602012
2023-06-23,1.1927970151338223,1.499583740174733,1.024550965955996
2023-06-26,1.1911703752727636,1.5016287508981123,1.0259481654960394
2023-06-27,1.1791197025475861,1.486437274508644,1.036327340324458
2023-06-28,1.1786655724116857,1.485864783047411,1.0359282057201578
2023-06-29,1.1766216402681722,1.4832881346222166,1.0341317954341498
2023-06-30,1.1579991859086003,1.459812053064851,1.050499055310371
2023-07-03,1.1546987557104704,1.4556514216566787,1.0475050127864698
2023-07-05,1.1403970873632356,1.4376222657761863,1.0345310061801143
2023-07-06,1.1612996161067304,1.4639726844730234,1.0155689145259565
2023-07-07,1.1542241436572114,1.4550531100133646,1.0217564907342447
2023-07-10,1.1479106886280086,1.447094159903325,1.0273453650360829
2023-07-11,1.1595080088028966,1.4617141250816856,1.0377246160061657
2023-07-12,1.187386157758678,1.4265700089562023,1.0626747165664616
2023-07-13,1.2061202772600574,1.4040621391699173,1.0794411871886471
2023-07-14,1.2007676352265095,1.4102932275327684,1.0746507343787381
2023-07-17,1.1994294534487828,1.4118649127139564,1.0734531021408447
2023-07-18,1.194076811415235,1.4055642441287766,1.0782435549507539
2023-07-19,1.1934137080012102,1.4047836959764277,1.0788423329988683
2023-07-20,1.1889977291765705,1.3995855865420885,1.0748503016808881
2023-07-21,1.192530495390724,1.3954271188237555,1.0780439115069396
2023-07-24,1.188556207099118,1.4000775908088043,1.074451167076588
2023-07-25,1.1872314724111794,1.4016380818813103,1.0756487231728171
2023-07-26,1.1861299569443555,1.4003376395817593,1.076646711966896
2023-07-27,1.1927268811415648,1.4081259272012863,1.070658703060758
2023-07-28,1.2022882705658384,1.4194140440042728,1.0792415437448328
2023-07-31,1.2018435449155531,1.41993908433711,1.0788423329988683
2023-08-01,1.1898362068260824,1.4057528046635046,1.068063871282821
2023-08-02,1.2118495751673677,1.3797447254772106,1.0483034342783986
2023-08-03,1.2153107191853878,1.3836853921249839,1.0453093917544973
2023-08-04,1.2132221541214347,1.3813074677605617,1.0471058020405053
2023-08-07,1.223860375430954,1.3691953788998288,1.0562874207726947
2023-08-08,1.2180787219078197,1.3627271465383652,1.0512974006606355
2023-08-09,1.2141471516371523,1.3671255958668047,1.0546906539305012
2023-08-10,1.218512902787181,1.362209774803154,1.0584830418046671
2023-08-11,1.2084027007092044,1.350907296130706,1.049700633818442
2023-08-14,1.2102409670797627,1.3529623457021456,1.0481037908345843
2023-08-15,1.2252219970497733,1.3697100595877256,1.0351297842282288
2023-08-16,1.2332546939461904,1.3786900369070478,1.0283433538301618
2023-08-17,1.2433084480842276,1.3674506629710181,1.019960080448237
2023-08-18,1.2447682420899322,1.3658451110390115,1.0187625243520078
2023-08-21,1.2384273790837412,1.3728027409366323,1.0239521117662171
2023-08-22,1.2345648411766992,1.3685210989806202,1.0207585019401657
2023-08-23,1.2449454290687814,1.3800280308778523,1.0293413426242408
2023-08-24,1.2278054228619175,1.3610282510781984,1.015169703779992
2023-08-25,1.236737524505046,1.370929528961027,1.0225549122261737
2023-08-28,1.2488079669758236,1.3575493850881897,1.032534952450292
2023-08-29,1.266189433602597,1.338654406872885,1.046906234738355
2023-08-30,1.2657066048529457,1.3381439454708761,1.0465070239923908
2023-08-31,1.2541189911318196,1.350394727037416,1.0369261945142367
2023-09-01,1.249290795725475,1.3555935715361742,1.0329341631962565
2023-09-05,1.2350476699263508,1.340138491071372,1.0211577126861302
2023-09-06,1.2393930365830441,1.3354233750023703,1.0175648921141145
2023-09-07,1.2437690885018533,1.3307082589333685,1.0139720715420986
2023-09-08,1.2427897203327216,1.3317560847100727,1.0147704930340276
2023-09-11,1.2562345156898849,1.3173488300219744,1.0257485220522249
2023-09-12,1.2481676757758744,1.3088895479452833,1.0191617350979723
2023-09-13,1.2533012210855738,1.303506261764929,1.0149700603361775
2023-09-14,1.2372806167485626,1.286843900219901,1.0279441430841973
2023-09-15,1.2355988834362457,1.2885930008082853,1.0265469435441539
2023-09-18,1.2262292002254538,1.2788214573348566,1.0187625243520078
2023-09-19,1.2255084835623442,1.2780698295533017,1.0193613024001222
2023-09-20,1.2240686521068334,1.276568244564203,1.0205589346380157
2023-09-21,1.207310408952808,1.2590912501094451,1.006586863095917
2023-09-22,1.2109014936733413,1.255346145854155,1.0035928205720157
2023-09-25,1.2188488902647865,1.2635852418770528,0.9970060336177631
2023-09-26,1.2342217849796873,1.2476481039415548,0.9844311616157079
2023-09-27,1.2394769643488213,1.2529604510865866,0.9802395629955776
2023-09-28,1.227614702507298,1.2649517549795724,0.9896208251715815
2023-09-29,1.2295954757510432,1.2629107378870152,0.9912175920137749
2023-10-02,1.2087968372003812,1.2415485708352716,0.9744511213915894
2023-10-03,1.2229101889540839,1.2560443166547985,0.9630738816274276
2023-10-04,1.2163204563838472,1.2492760386423307,0.9682634690416368
2023-10-05,1.2087982988605261,1.2415500720983523,0.9742515540894393
2023-10-06,1.224648127824107,1.2578293440918935,0.9870259933936446
2023-10-09,1.2199426449007467,1.252996368509232,0.9832335293778145
2023-10-10,1.2008732899063033,1.2725823979489972,0.9986028004599565
2023-10-11,1.2087943451572127,1.2809764521512315,1.0051896635558737
2023-10-12,1.195832668327229,1.2947121242828248,0.9944112018398262
2023-10-13,1.207114137964188,1.306926421404454,0.9850299396638224
2023-10-16,1.1970854322361861,1.2960684751040976,0.9932135696019329
2023-10-17,1.1982882730787712,1.297370774885434,0.9922155808078539
2023-10-18,1.2204653609364422,1.2733599368383541,0.9738523433434749
2023-10-19,1.2307213683634979,1.262659437350594,0.9656687134053643
2023-10-20,1.2419144315056083,1.2741429682070051,0.956886229277475
2023-10-23,1.2401010474068705,1.2722825255392571,0.9582834288175184
2023-10-24,1.2354516290609856,1.2675124515781389,0.9618762493895342
2023-10-25,1.2459628345773788,1.2567284730234694,0.9536926194514237
2023-10-26,1.2524821044937127,1.250152873896581,0.9487025993393645
2023-10-27,1.2606509747766326,1.2419991951940748,0.9425150231310762
2023-10-30,1.2414289203875282,1.223061537936899,0.956886229277475
2023-10-31,1.244277438177736,1.2202551649806088,0.9590818503094474
2023-11-01,1.2525639815037644,1.228381726616437,0.96546906996155
2023-11-02,1.2802721292720574,1.2555549352505357,0.9868263499498302
2023-11-03,1.2908892690824931,1.2659670984012066,0.9950099798879408
2023-11-06,1.2870050074640733,1.2697763696751068,0.9920160135057039
2023-11-07,1.2810490606224523,1.2756525865621204,0.9874252041396091
2023-11-08,1.274834202519625,1.2694639088153559,0.9922155808078539
2023-11-09,1.274321282220032,1.2699746684162083,0.9918163700618895
2023-11-10,1.279706896450987,1.2753419127231223,0.9960080448236841
2023-11-13,1.2832972407185943,1.2717638148490829,0.9988024439037709
2023-11-14,1.2450856077795807,1.3096320269329185,1.0285429211323118
2023-11-15,1.2453272828458066,1.309886230663861,1.0287425645761261
2023-11-16,1.2421861521890893,1.3131902005138973,1.0261477327981894
2023-11-17,1.2250309093683045,1.2950543545136903,1.0403193716424382
2023-11-20,1.2304368294403345,1.2893394290567926,1.0449101810085328
2023-11-21,1.2259710927706116,1.2846599118070712,1.0411177931343671
2023-11-22,1.2269112761729188,1.2836747206114445,1.041916214626296
2023-11-24,1.2400734851619228,1.2699035577941196,1.0530938109466434
2023-11-27,1.2358428391731888,1.2655711432580896,1.049501066516292
2023-11-28,1.235372747472035,1.2650897434612811,1.0491018557703276
2023-11-29,1.2292617346786867,1.2588317297380176,1.0542914431845367
2023-11-30,1.2267017282061814,1.2614533173828708,1.0520958221525645
2023-12-01,1.2152980872226964,1.2731800154204582,1.0618762950745328
2023-12-04,1.2091302106218744,1.2667183766601342,1.0564870642165092
2023-12-05,1.211186169488815,1.2645644970733594,1.0546906539305012
2023-12-06,1.210956990292673,1.2648037764527067,1.0548902212326514
2023-12-07,1.2157688064908527,1.2597779965547904,1.059081895994446
2023-12-08,1.2219553523972115,1.2533675060356246,1.0644711268524696
2023-12-11,1.2244757193310458,1.2559526626961828,1.0666666717427775
2023-12-12,1.2265379012998319,1.2580678560754979,1.0684630820287855
2023-12-13,1.2434936294216874,1.2406762561063036,1.083233575062813
2023-12-14,1.2590745404288461,1.2251306466413983,1.0968064358589473
2023-12-15,1.2446392666473425,1.2110845391755483,1.084231563856892
2023-12-18,1.2407439951922938,1.207294281900596,1.0876248171267577
2023-12-19,1.2534952080156567,1.1948868341203973,1.0988024134471053
2023-12-20,1.2261710440409717,1.1688402377090847,1.0748503016808881
2023-12-21,1.2081826266810156,1.1516928861016538,1.0906187835089947
2023-12-22,1.207077059143705,1.1506390104377375,1.0916167723030736
2023-12-26,1.2143606146336294,1.1575820162863786,1.0982036353989908
2023-12-27,1.2209819751366364,1.1638937887115262,1.104191644305129
2023-12-28,1.2130363088549612,1.1714679477251195,1.0970060031610973
2023-12-29,1.2117120030762931,1.1701890232927905,1.0982036353989908
2024-01-02,1.19695646983547,1.1844389135203417,1.0848303419050065
2024-01-03,1.208188223427056,1.1733246195955385,1.0746507343787381
2024-01-04,1.2003341366244538,1.18095206806031,1.0816367320789553
2024-01-05,1.2034351894157485,1.1840030474462186,1.0788423329988683
2024-01-08,1.1896307760473444,1.1975845578093423,1.0912175615571091
2024-01-09,1.1778803243985512,1.1857555435259055,1.080439175982726
2024-01-10,1.1728754854908272,1.1907938444095867,1.085029985348821
2024-01-11,1.1771907170820217,1.1951750010451916,1.0810379540308408
2024-01-12,1.1743650883702943,1.1980437977061635,1.0836327858087775
2024-01-16,1.15186848224629,1.220994002632388,1.0628742838686118
2024-01-17,1.1603046889135447,1.2120515253405377,1.0550898646764657
2024-01-18,1.15042693656348,1.2017332486695693,1.064071916106505
2024-01-19,1.1495638012981635,1.2008316196191156,1.0648702614567698
2024-01-22,1.1476245150660085,1.2028573934164757,1.0666666717427775
2024-01-23,1.1441885167124235,1.1992560273170954,1.0634730619167263
2024-01-24,1.1315182574234544,1.1859759737262536,1.0752495124268526
2024-01-25,1.138869918603896,1.1782704917600737,1.082235586268734
2024-01-26,1.1491621320798007,1.1676222067931479,1.0920159830490381
2024-01-29,1.1518927536683203,1.164847720655727,1.0946108148269749
2024-01-30,1.152942968086605,1.163785694813961,1.0956088036210538
2024-01-31,1.1443310816547112,1.172478570795011,1.0874251736829434
2024-02-01,1.1329885736342977,1.1841000742271952,1.0982036353989908
2024-02-02,1.1434906926468518,1.1731241825088716,1.088023951731058
2024-02-05,1.1497839662836697,1.1666678190789188,1.0820359428249198
2024-02-06,1.1413000085505605,1.1752763583835995,1.0900200054608802
2024-02-07,1.144852897457654,1.178935016322079,1.0866267521910145
2024-02-08,1.144852897457654,1.178935016322079,1.0866267521910145
2024-02-09,1.1482176346641804,1.1754701113353294,1.089820362017066
2024-02-12,1.147376430307133,1.1746089413363827,1.0906187835089947
2024-02-13,1.1259576071516875,1.1526817511599605,1.0702594923147934
2024-02-14,1.1106284658952248,1.1369887789956032,1.0848303419050065
2024-02-15,1.098776275243418,1.1248552814386514,1.0964072251129828
2024-02-16,1.0999764952523003,1.1260839881793212,1.097604857350876
2024-02-20,1.1051772960117514,1.1207597485376501,1.1027944447650855
2024-02-21,1.106777589356928,1.1191368918488644,1.1043912877489432
2024-02-22,1.0965759863530802,1.1088213683079189,1.1145708952752118
2024-02-23,1.0973615172141038,1.109615671133266,1.1153693167671406
2024-02-26,1.0981469731627813,1.1088214440568054,1.1161676621174053
2024-02-27,1.1001108003153404,1.106838527641795,1.1181637158472275
2024-02-28,1.1056093665178137,1.1013063349590742,1.1125749176870539
2024-02-29,1.1060060779059064,1.1009111675716694,1.1121757069410894
2024-03-01,1.096279936419595,1.1105925047664307,1.1219561037213934
2024-03-04,1.0958898616833799,1.1109876721538354,1.121556892975429
2024-03-05,1.0999855348149146,1.1068355739207911,1.1173652943552985
2024-03-06,1.0891782606121096,1.1177101492367234,1.128343323373496
2024-03-07,1.107096819547778,1.136098099039208,1.1469062042816895
2024-03-08,1.1024727179830198,1.1313528654654799,1.1421158276134447
2024-03-11,1.1020873639361617,1.1309574167636478,1.1417166168674802
2024-03-12,1.0914903848932578,1.1200828414477155,1.1526946458856775
2024-03-13,1.0933803826942479,1.1181433336549191,1.1546906234738354
2024-03-14,1.0856312763521176,1.1102187250416888,1.146506993535725
2024-03-15,1.0846862774516226,1.1092523237438203,1.145509004741646
2024-03-18,1.090734356933344,1.1030672669594304,1.1391217850895434
2024-03-19,1.0920722064607298,1.1044202435227848,1.140518984629587
2024-03-20,1.0788847283945973,1.0910836549244436,1.1542914888695355
2024-03-21,1.0753400158595752,1.0874988624006643,1.1504990248537053
2024-03-22,1.0732878288482537,1.085423471354734,1.1483034038217328
2024-03-25,1.073660960229179,1.0858008217241961,1.1487026145676973
2024-03-26,1.071795303324553,1.083914069876885,1.1506986682975195
2024-03-27,1.0784881544014253,1.0906825968776193,1.1578842332998869
2024-03-28,1.0755135302826044,1.0876743387475603,1.1546906234738354
2024-04-01,1.077744480641562,1.0854181630806488,1.152295435139713
2024-04-02,1.068783509544079,1.0763933886904717,1.1427146056615591
2024-04-03,1.0615027249783409,1.0837260133998323,1.1504990248537053
2024-04-04,1.069974104000301,1.0923747465584357,1.1413174061215157
2024-04-05,1.0729680825323273,1.0954314060868262,1.144511015947567
2024-04-08,1.0669801254682747,1.089318087030045,1.1508982355996697
2024-04-09,1.0645744966729975,1.091774079315961,1.1483034038217328
2024-04-10,1.0518062895407194,1.0786796480385599,1.1345309757234485
2024-04-11,1.0508810694163115,1.079628507280113,1.1355289645175275
2024-04-12,1.0686143243882367,1.0978468653338849,1.1163673055612195
2024-04-15,1.0705249233741063,1.099809729820797,1.1143713279730616
2024-04-16,1.0626632159664846,1.1078864986200276,1.106187621893287
2024-04-17,1.059403474706523,1.1112849632291761,1.1095808751631526
2024-04-18,1.0576883015798093,1.1130841324319953,1.1077844648771447
2024-04-19,1.0554014283103212,1.115490779404783,1.110179653211267
2024-04-22,1.0438265356853926,1.1277246893175066,1.122355314467358
2024-04-23,1.059048613716329,1.1441702505590907,1.138722574343579
2024-04-24,1.0540364557089432,1.1387552374908723,1.1333333434855553
2024-04-25,1.0518088535326149,1.1363485905180846,1.1309381551514328
2024-04-26,1.0434552568536386,1.1453736122984484,1.1399202065814722
2024-04-29,1.0463786096831549,1.1421647241660888,1.1431138164075236
2024-04-30,1.0310309899036374,1.1254121742287515,1.1263473457853381
2024-05-01,1.0330408080423479,1.1232183761533883,1.1241517247533657
2024-05-02,1.0222188222881379,1.111451703267896,1.135928175263492
2024-05-03,1.0310202445342198,1.1018819755997136,1.1457086481854604
2024-05-06,1.039103100828346,1.1105203643307555,1.1546906234738354
2024-05-07,1.0457490992973069,1.117623140402936,1.1620759080616814
2024-05-08,1.04934144941928,1.1214623917371656,1.1660678632379973
2024-05-09,1.0585021203814966,1.1116721104394145,1.1762475469059301
2024-05-10,1.0629926265536498,1.106956040081861,1.1812375670179893
2024-05-13,1.0637111239859192,1.1062078269216131,1.1820359885099183
2024-05-14,1.0726921363302253,1.0968680109462725,1.1920160287340367
2024-05-15,1.0836489823534285,1.0856642242336831,1.2041916899901275
2024-05-16,1.0787992274651408,1.090522998121037,1.1988024591321038
2024-05-17,1.080954651242262,1.09270184580632,1.2011976474662263
2024-05-20,1.0814934900566207,1.093246540411561,1.2005988694181118
2024-05-21,1.0818530285229664,1.0936099861355446,1.2009980040224117
2024-05-22,1.0908429991183233,1.0845223177009793,1.1910179637982934
2024-05-23,1.0961445127250344,1.0792515227023214,1.1852295983359695
2024-05-24,1.105005220957918,1.087975676079495,1.1948104278141236
2024-05-28,1.1035284010431128,1.089429736309061,1.1932135848302658
2024-05-29,1.0861761895560471,1.0722992164539635,1.1744511366199222
2024-05-30,1.0754695268483065,1.0828690909759227,1.1860279436862342
2024-05-31,1.0649718103549133,1.0722991469349819,1.1976048268942106
2024-06-03,1.0656818078119967,1.073014029394925,1.1984032483861393
2024-06-04,1.0630193512024757,1.0756948045322399,1.195409205862238
2024-06-05,1.0546770503544551,1.0841365790586486,1.204790468038242
2024-06-06,1.0579969176368034,1.0807239803326174,1.2085828559124079
2024-06-07,1.0457657259131863,1.0682300477101252,1.194610784370309
2024-06-10,1.049609765225739,1.0643034337501371,1.190219618448029
2024-06-11,1.0827016224181363,1.0978585495711708,1.1526946458856775
2024-06-12,1.0667657829898445,1.081699621572274,1.1696606838100132
2024-06-13,1.0509281530250205,1.097758965256449,1.152295435139713
2024-06-14,1.0676759788372956,1.0802648331589708,1.133932197675334
2024-06-17,1.05959463777708,1.0884414604552237,1.1425150383594092
2024-06-18,1.0540412210474268,1.0827368553163936,1.1485030472655473
2024-06-20,1.056422563792392,1.0851830286762476,1.1510978029018197
2024-06-21,1.0476297362715212,1.0942152356043853,1.1415169734236659
2024-06-24,1.0377377791058484,1.1045470636022685,1.152295435139713
2024-06-25,1.035580713004054,1.1068430010507306,1.1499002468055908
2024-06-26,1.0447483639374968,1.09704448883016,1.139720563137658
2024-06-27,1.046212073200914,1.0955075118545472,1.1381237962954645
2024-06-28,1.0474964387789136,1.0941626295169145,1.136726596755421
2024-07-01,1.0419784734014346,1.0999264214339963,1.1427146056615591
2024-07-02,1.0399764075840137,1.1020398289047308,1.140518984629587
2024-07-03,1.0274180199763323,1.1153476724572975,1.1542914888695355
2024-07-05,1.0359457765673614,1.1246052611701232,1.1638723183476893
2024-07-08,1.0313265327226884,1.1195906879676916,1.1586826547918156
2024-07-09,1.0219104808607868,1.1093687808921753,1.1481038365195828
2024-07-10,1.0082305168170782,1.0945180426738585,1.1634731076017248
2024-07-11,1.0042522606205708,1.0901993148503815,1.1680639169678197
2024-07-12,1.0160932154270852,1.103053655660388,1.1818363450661038
2024-07-15,1.0056250936373798,1.0916896392170943,1.1696606838100132
2024-07-16,1.0094004989945595,1.0957881555909945,1.174051925873958
2024-07-17,1.0145487373685482,1.1013769963316076,1.1680639169678197
2024-07-18,1.022523643156173,1.0927195731257167,1.1588822982356302
2024-07-19,1.016359578274835,1.0861323471080722,1.1518962243937487
2024-07-22,1.0020942400800612,1.1013769963316073,1.1680639169678197
2024-07-23,0.9931897722145823,1.1111636767448478,1.1576846659977367
2024-07-24,0.9839428172785776,1.100818342214797,1.1469062042816895
2024-07-25,0.9871963464644772,1.1044583348463561,1.1431138164075236
2024-07-26,0.973578640662513,1.089223079237551,1.1588822982356302
2024-07-29,0.9670388752377814,1.0965396565903265,1.1510978029018197
2024-07-30,0.9702249295652268,1.100152370626498,1.15489026691765
2024-07-31,0.9789445528314833,1.1100396801719667,1.1652695178877328
2024-08-01,0.9593253844907262,1.08779321556146,1.1419161841696301
2024-08-02,0.966703497731381,1.0794270640381278,1.1331337761834053
2024-08-05,0.9881593452286735,1.1033847951571352,1.1079840321792946
2024-08-06,0.9853111133923179,1.100204441991938,1.111177642005346
2024-08-07,0.9838951497526084,1.0986233682935564,1.1127744849892038
2024-08-08,0.9976608361340101,1.0832525183173056,1.128343323373496
2024-08-09,1.0038377967505248,1.089959414991044,1.1353293972153775
2024-08-12,1.0011905182972916,1.0870850202595999,1.1323353546914763
2024-08-13,0.9872483107800275,1.10222336272727,1.1481038365195828
2024-08-14,0.993255532608987,1.108930186302114,1.1550898342198
2024-08-15,1.0028671530091295,1.1196611771207587,1.1662675066818118
2024-08-16,1.0075013236231014,1.1144873104634958,1.1716567375398355
2024-08-19,1.020030718776222,1.1006274260360291,1.1862275871300485
2024-08-20,1.017971109216837,1.1028497735852332,1.1838323987959263
2024-08-21,1.0275826641431722,1.092436805006522,1.1950099951162736
2024-08-22,1.021232163142014,1.0991881071313792,1.187624786670092
2024-08-23,1.038910614930501,1.1182160467710927,1.2081836451664434
2024-08-26,1.0358211678545197,1.114890766187408,1.2045908245944277
2024-08-27,1.0404553384684916,1.119878687062935,1.2099800554524514
2024-08-28,1.0449178367594603,1.124681830977278,1.204790468038242
2024-08-29,1.041801774340666,1.128035758590838,1.2083832886102577
2024-08-30,1.0416296527167064,1.1282221273909643,1.2081836451664434
2024-09-03,1.0218399328971042,1.1067872539336752,1.1852295983359695
2024-09-04,1.0240770544924211,1.1043641565507254,1.1826347665580328
2024-09-05,1.025805428211099,1.1062280338592334,1.1806387889698748
2024-09-06,1.0401996862289715,1.1217507941294167,1.1640718856498393
2024-09-09,1.0336003588135816,1.1288675053406756,1.171457094096021
2024-09-10,1.0295497945787029,1.1332914108705634,1.1668662847299263
2024-09-11,1.0242664528454408,1.1391071235621968,1.1728542936360644
2024-09-12,1.0171195995205304,1.1311589656284446,1.181037923574175
2024-09-13,1.0226203913326295,1.1372765057675243,1.187425219367942
2024-09-16,1.0306995461098096,1.1282915168191103,1.1968064054022816
2024-09-17,1.0257144924645558,1.1337485811595933,1.1910179637982934
2024-09-18,1.024339343691903,1.1352685684283044,1.1894211969561
2024-09-19,1.0068057542172317,1.1547009305111444,1.2097804881503011
2024-09-20,0.9935167948519287,1.139459883585891,1.1938124390200446
2024-09-23,0.991025150614735,1.1423175390046636,1.1968064054022816
2024-09-24,0.9814388195481182,1.131267734561952,1.2083832886102577
2024-09-25,0.9762511730665423,1.125288128940052,1.201996068958155
2024-09-26,0.9971638458896847,1.1493933829172325,1.2277445148687158
2024-09-27,0.9968396720960073,1.1497670458963947,1.2273453802644156
2024-09-30,0.9877612598324373,1.139295894374338,1.2161677078024038
2024-10-01,0.9984607884308906,1.126954927483182,1.202994057752234
2024-10-02,1.000780083269227,1.1243371574348888,1.2001996586721473
2024-10-03,1.0115984529622082,1.112183143549089,1.1872255759241275
2024-10-04,1.006836409684671,1.117418683645675,1.1928143740843014
2024-10-07,1.011385312937132,1.1224671994080206,1.187425219367942
2024-10-08,1.0141054590319227,1.1194482958013094,1.1842316095418906
2024-10-09,1.0106869862400345,1.123221871327444,1.1882235647182064
2024-10-10,1.0134034278139599,1.1262407749341552,1.1850299548921552
2024-10-11,1.0072584748224,1.133069937367597,1.1922155960361869
2024-10-14,1.00354847824241,1.1288965442439853,1.1966068381001316
2024-10-15,0.9871435235005661,1.1104425311912416,1.1770459683978591
2024-10-16,0.9881478680853661,1.1093127391028748,1.178243524494088
2024-10-17,0.9896544488196737,1.107621424214656,1.180039934780096
2024-10-18,0.9965177468632727,1.0999400198993141,1.1882235647182064
2024-10-21,0.9847999676598894,1.087006126518373,1.1742515693177722
2024-10-22,0.9883153652780118,1.0831258880196581,1.1700598945559777
2024-10-23,0.9950592051149283,1.0757351018711823,1.1620759080616814
2024-10-24,0.9911281993286714,1.0714853839768115,1.1666667174277763
2024-10-25,0.987228130395094,1.0757016567674158,1.1620759080616814
2024-10-28,0.9962152429513693,1.085494177430772,1.1726547263339144
2024-10-29,0.9884151050842147,1.076995005893435,1.1634731076017248
2024-10-30,0.996045702860896,1.068680568310283,1.1544910561716855
2024-10-31,1.0053449004755746,1.0587032432105004,1.143712594455638
2024-11-01,1.000783088516544,1.0538993146147944,1.1489022580115118
2024-11-04,1.0013046706965332,1.053350049635886,1.1495010360596263
2024-11-05,1.0096503172028708,1.0445706167430193,1.1590818655377801
2024-11-06,1.032774700294854,1.0684947919714427,1.1325349981352906
2024-11-07,1.0173031300905364,1.0845014700806317,1.1495010360596263
2024-11-08,1.0022882645582483,1.1005081481898207,1.1325349981352906
2024-11-11,1.0026415642323638,1.1001202266867305,1.1321357873893263
2024-11-12,0.9826664934612835,1.0782031426871372,1.1095808751631526
2024-11-13,0.9888534294630345,1.0714147013542135,1.1025948774629353
2024-11-14,0.985810285595254,1.0681174795606394,1.1059880545911367
2024-11-15,0.9827858144900357,1.0713944695668443,1.1025948774629353
2024-11-18,0.9866998319280809,1.0756613775493185,1.1069860433852157
2024-11-19,0.9893684709265614,1.0727521321958677,1.1039920770029787
2024-11-20,0.991872805635821,1.0700367329507572,1.1011976017812277
2024-11-21,0.9936706263785743,1.0680972360484566,1.0992016241930698
2024-11-22,0.9902423341058446,1.0717823097576535,1.1029940120672355
2024-11-25,0.9846872039431986,1.065769750981219,1.1091816644171881
2024-11-26,0.979016885309231,1.0719069832457466,1.1027944447650855
2024-11-27,0.9869907920118511,1.0806374621644925,1.1117764961951249
2024-11-29,0.9761817259922471,1.0688028211867546,1.1239521574512157
2024-12-02,0.9758350010605435,1.0684231986479247,1.1235529467052512
2024-12-03,0.9793021842465592,1.0722193516306269,1.1275449780232314
2024-12-04,0.9825959719012138,1.0686130461201375,1.1313373658973973
2024-12-05,0.9914372262010862,1.0589978228146433,1.1415169734236659
2024-12-06,0.992650730396539,1.057701625469013,1.1429141729637091
2024-12-09,0.9916106217324474,1.058809895065747,1.1417166168674802
2024-12-10,0.9836361466963243,1.0502950073758084,1.1325349981352906
2024-12-11,0.9881434385464316,1.0551077484923819,1.1377245855495
2024-12-12,0.9793021842465592,1.0645481551725184,1.1275449780232314
2024-12-13,0.9798222385786051,1.0651134790211472,1.1281437560713459
2024-12-16,0.9770485052559962,1.0681286593597834,1.1249501462452947
2024-12-17,0.9929975214592613,1.050692880886495,1.1065868326392514
2024-12-18,1.0157447678165852,1.0747617927326079,1.0812375213329908
2024-12-19,1.0198699518970193,1.0791266591617696,1.0768463554107104
2024-12-20,1.0219494016764705,1.081326929587641,1.0746507343787381
2024-12-23,1.0166346805739144,1.0869504477794556,1.0802395325389118
2024-12-24,1.0218944801549044,1.0813268529729516,1.0858284068407498
2024-12-26,1.018325389301505,1.0851035186223208,1.0896207947149157
2024-12-27,1.0151541613166917,1.081724332872042,1.08622754144505
2024-12-30,1.0224292351247337,1.0739721857977576,1.0784431222529038
2024-12-31,1.0233753887960202,1.074966037197486,1.0774451334588249
2025-01-02,1.0199628677909296,1.0785505910394648,1.0738523128868092
2025-01-03,1.0159816173918654,1.0743406534950846,1.0780439115069396
2025-01-06,1.0287730973279796,1.060814417706476,1.0916167723030736
2025-01-07,1.0291493257682462,1.0612023638481691,1.0920159830490381
2025-01-08,1.0259514916633365,1.0579049326335188,1.0886228059208367
2025-01-10,1.03704997949737,1.046460780429635,1.0768463554107104
2025-01-13,1.0420478517167213,1.0515040062784846,1.071656691854837
2025-01-14,1.0375838819828134,1.046999527859977,1.0762475012209316
2025-01-15,1.0504767470186365,1.0339896653903777,1.0896207947149157
2025-01-16,1.0606755268692214,1.04402837685641,1.1001996129871487
2025-01-17,1.065293885209029,1.0485742507255686,1.1049900657970577
2025-01-21,1.0899249339378292,1.02432978276796,1.1305389444054683
2025-01-22,1.0866536548937984,1.0274041858283975,1.127145767277267
2025-01-23,1.0962751674792752,1.0365010882865093,1.1371258075013855
2025-01-24,1.1012783217249444,1.0317707295459886,1.1423153949155946
2025-01-27,1.1053193393933292,1.0355566968764696,1.146506993535725
2025-01-28,1.1016631910371215,1.0389820860650119,1.1427146056615591
2025-01-29,1.1008934524127676,1.0397080290284897,1.1435130271534881
2025-01-30,1.1114623221847326,1.0297265555847286,1.1544910561716855
2025-01-31,1.1037758314575898,1.0226053212765456,1.146506993535725
2025-02-03,1.0876342595736366,1.00765078355986,1.1297405229135395
2025-02-04,1.0730299418528269,1.021181115162783,1.1449102266935314
2025-02-05,1.0831317051865637,1.011567469220673,1.1556886884095787
2025-02-06,1.0898661427144187,1.0178569517407177,1.162874253411946
2025-02-07,1.0803256360289804,1.0267671019622084,1.1526946458856775
2025-02-10,1.0868730355816045,1.0329899057538017,1.1596806435858946
2025-02-11,1.0784548994701573,1.0249891095764143,1.1686626950159342
2025-02-12,1.08563844785679,1.0318165243046808,1.1764471142080803
2025-02-13,1.0976110753440926,1.0431955933724089,1.1894211969561
2025-02-14,1.1009265700247495,1.0463467181363664,1.1930140175281156
2025-02-18,1.1071891632810602,1.0403946010023268,1.1998004479261828
2025-02-19,1.0939271845584322,1.0528565104205347,1.1854291656381197
2025-02-20,1.0861910068821086,1.0603022391191732,1.1938124390200446
2025-02-21,1.0918208463079304,1.065797894405636,1.187624786670092
2025-02-24,1.093655811327164,1.0675891240386115,1.18962076425825
2025-02-25,1.10448227293927,1.0781575428676398,1.2013972147683762
2025-02-26,1.1066843149616645,1.0803071004244469,1.203792479244163
2025-02-27,1.0910868323004657,1.0650813752200339,1.1868263651781632
2025-02-28,1.0824623427113254,1.0735003048232856,1.196207627354167
2025-03-03,1.0683739178548224,1.059528522359192,1.211776465738459
2025-03-04,1.0704857249121869,1.0616228451179222,1.2141717302142458
2025-03-05,1.0956507879345962,1.0865795588616889,1.2427145752048934
2025-03-06,1.0843880854859929,1.0754101037826092,1.229940135900688
2025-03-07,1.1007542209600576,1.091640738999148,1.2485030168088815
2025-03-10,1.071717578796815,1.1204369778920498,1.2155689297542893
2025-03-11,1.0729494326814433,1.1191491249436571,1.2141717302142458
2025-03-12,1.0699509215284542,1.1222767477661184,1.2175649073424473
2025-03-13,1.0624086391877927,1.1301878845535138,1.2089820666583724
2025-03-14,1.0411850386061516,1.1527655023920804,1.2331337457267395
2025-03-17,1.0514654452359344,1.1641476272536146,1.24530940698283
2025-03-18,1.0563528622057505,1.1695588130368373,1.2510978485868183
2025-03-19,1.0561842951160283,1.1693721811523352,1.250898205143004
2025-03-20,1.0666332045460256,1.1578034955855074,1.2385229765847632
2025-03-21,1.0757438299016704,1.1479141410831553,1.2279441583125301
2025-03-24,1.0762683910442754,1.1473543877880663,1.2273453802644156
2025-03-25,1.0704923880451216,1.1535118875716714,1.2339321672186683
2025-03-26,1.0559467106957028,1.137838154696301,1.2171656965964828
2025-03-27,1.054388242906252,1.1395174857607768,1.2189621068824907
2025-03-28,1.05922248922022,1.1447420396594974,1.213373308722317
2025-03-31,1.0480709554746481,1.1326901529075126,1.2005988694181118
2025-04-01,1.0463285532525466,1.1345732332744185,1.2025948470062697
2025-04-02,1.0428552501996695,1.1308070007056956,1.20658687832425
2025-04-03,1.055793900783265,1.1167771373504378,1.1916168179880722
2025-04-04,0.9852307620495158,1.042138232902253,1.111976063497275
2025-04-07,1.0151183704181757,1.0105242998311859,1.0782435549507539
2025-04-08,1.0201920916764995,1.0155750592022277,1.0728543240927302
2025-04-09,0.9400951266118204,0.9358405849780593,1.1570858879496222
2025-04-10,0.9235538563117777,0.919374174680132,1.136726596755421
2025-04-11,0.897444598147867,0.945365271476389,1.1688623384597485
2025-04-14,0.9044941829127546,0.9527912815374087,1.178043957191938
2025-04-15,0.9129230393456468,0.9616702119653833,1.1890219862101354
2025-04-16,0.9101644960096378,0.9645760526992933,1.1854291656381197
2025-04-17,0.9178271033960952,0.9726967469459026,1.195409205862238
2025-04-21,0.9127698129207819,0.9780563729315548,1.1888224189079855
2025-04-22,0.9311600238794356,0.9977619578151207,1.212774454532538
2025-04-23,0.9336120559046598,1.0003893733090978,1.2159680643585895
2025-04-24,0.9461787858026205,1.0138549481885737,1.2323354003764748
2025-04-25,0.950623053656364,1.009092800672477,1.2381237658387987
2025-04-28,0.9561401403283822,1.0032363758571874,1.24530940698283
2025-04-29,0.9578259233071715,1.0050051948145649,1.2475050280148026
2025-04-30,0.9587454572395261,1.0040403677449092,1.2487026602526958
2025-05-01,0.9539946196139427,1.009015653646572,1.2425150079027434
2025-05-02,0.9749901474837405,1.0312220852570266,1.2698602967971617
2025-05-05,0.9762161927268801,1.0325188418811966,1.2714571397810197
2025-05-06,0.973610875815736,1.0297632649712154,1.268063886511154
2025-05-07,0.9711588437905119,1.0271698135556349,1.2648702766851025
2025-05-08,0.9746836361729557,1.0234417310102855,1.2602794673190079
2025-05-09,0.9803952596730452,1.0294390758151728,1.2676646757651895
2025-05-12,0.9820933242266582,1.0312220852570266,1.2698602967971617
2025-05-13,0.9857981976969924,1.035112293296777,1.274650749607071
2025-05-14,0.9839457904053083,1.0331672201932813,1.2722555612729485
2025-05-15,0.9936710317388404,1.0433789621939613,1.2848304332750038
2025-05-16,0.9969127592210292,1.0467828555832683,1.289022031895134
2025-05-19,1.0078729191200286,1.0582912923753591,1.3031936707393827
2025-05-20,1.0155913515368393,1.0501867489725754,1.313173710963501
2025-05-21,1.0095709836736415,1.0564121963873285,1.3053892917713552
2025-05-22,1.0089534949474248,1.0557660579462915,1.3045908702794262
2025-05-23,1.0103428740248954,1.0543122156443818,1.302794383851754
2025-05-27,0.9987332954360912,1.0664270341276347,1.3177644441879317
2025-05-28,0.9890515515402772,1.0560890655476567,1.3049900048837264
2025-05-29,0.9928334863563137,1.0601273383754077,1.3099800249957856
2025-05-30,0.9938924234881844,1.0589966269131696,1.311377224535829
2025-06-02,1.0047844142248479,1.0706020896150727,1.3257485068238921
2025-06-03,0.9963129171698833,1.06157567328057,1.3145709105035446
2025-06-04,0.9898079846696811,1.0685067066733343,1.3231537511876197
2025-06-05,0.9914504568516208,1.070279770306997,1.325349372219592
2025-06-06,0.993988781526193,1.0730199148405855,1.3287425493477933
2025-06-09,0.993988781526193,1.0730199148405855,1.3287425493477933
2025-06-10,0.9923463093442532,1.0747929784742485,1.3309381703797656
2025-06-11,0.991899860967171,1.0743094380242857,1.330339392331651
2025-06-12,1.0002338667855417,1.0833358543587885,1.3415169886519986
2025-06-13,0.9852027946839971,1.0670559623477467,1.3213572647599474
2025-06-16,0.9996384508930141,1.0514209549042544,1.3019961146431538
2025-06-17,1.0135840986667897,1.0660890044235207,1.2838323683392605
2025-06-18,1.014844804267007,1.0674150161279021,1.2822355253554027
2025-06-20,1.0205319289521182,1.0614332913735798,1.2750499603530354
2025-06-23,1.0293185878897266,1.070572106193317,1.2860279893712327
2025-06-24,1.014940374397124,1.085526576542124,1.3039920922313117
2025-06-25,1.0081046751762457,1.0782154739781737,1.2952096081034223
2025-06-26,0.9987833425741595,1.088185078620578,1.3071856259156986
2025-06-27,1.0080864188980672,1.07804927798252,1.3193612871717895
2025-06-30,1.0096114885803527,1.0796801900145043,1.3213572647599474
2025-07-01,1.0091539793112028,1.0801694511810382,1.320758486711833
2025-07-02,1.0070188584849313,1.0824548232237596,1.3235528857919197
2025-07-03,1.0070188584849313,1.0824548232237596,1.3235528857919197
2025-07-07,1.0007924408699551,1.0757619835396286,1.3153693319954736
2025-07-08,0.9918324429726862,1.085393176499178,1.3271457063639356
2025-07-09,0.9828822554033213,1.0951876459027605,1.339121724176212
2025-07-10,0.9825893004665135,1.0948612175581298,1.3387225895719117
2025-07-11,0.9937234881926151,1.0824548232237596,1.3235528857919197
2025-07-14,0.9938732661531254,1.082291671323162,1.323353394631434
2025-07-15,1.00541605085896,1.0697220005447587,1.3079840474076276
2025-07-16,1.010479214966023,1.0751090023069314,1.3145709105035446
2025-07-17,1.0092517599600894,1.0738030398415377,1.3161677534874023
2025-07-18,1.0120067738828358,1.0708718164913125,1.3125749329153866
2025-07-21,1.0169313761985668,1.0760828664204651,1.3189621525674893
2025-07-22,1.0217020516698676,1.0811310360964854,1.3251497287757776
2025-07-23,0.9998491362320481,1.1042550623920229,1.353493006464275
2025-07-24,0.9884956410810376,1.0917160162079225,1.3381238115237972
2025-07-25,0.9899701049001537,1.093344446015552,1.3401197891119552
2025-07-28,1.006336912029413,1.1114203026350689,1.317964087631746
2025-07-29,1.0090802249875188,1.1144500769399504,1.3143712670597303
2025-07-30,1.019500496465703,1.1029417032120425,1.300798406263596
2025-07-31,1.031859041014079,1.0895716712987071,1.2850299244354895
2025-08-01,1.0352248295068127,1.0860176317957322,1.2808383258153593
2025-08-04,1.0234480237987724,1.0983722607426225,1.2954092515472366
2025-08-05,1.0250249612150422,1.10006464206017,1.2974052291353946
2025-08-06,1.0295981639410536,1.1049726382653502,1.3031936707393827
2025-08-07,1.039217638586696,1.0946489443717675,1.3153693319954736
2025-08-08,1.0423715134192355,1.0913268435644572,1.3193612871717895
2025-08-11,1.036694442470574,1.0972705400674165,1.3121756460277578
2025-08-12,1.027705766853962,1.106784441699633,1.3235528857919197
2025-08-13,1.0190265241703056,1.1161315243742904,1.3347306343955958
2025-08-14,1.0211599634638564,1.1184682632072758,1.3375250334756827
2025-08-15,1.0242077006650085,1.121806425156479,1.3415169886519986
2025-08-18,1.0217695341568311,1.1244769292472985,1.3383234549676115
2025-08-19,1.0199409383416285,1.1224645245529168,1.3407185671600697
2025-08-20,1.026470265819725,1.1152788746904176,1.3493014078441448
2025-08-21,1.0202446926513031,1.1085146746265848,1.3411178540476985
2025-08-22,1.005060220920691,1.1250128832044648,1.3610779344959354
2025-08-25,0.9907632623304499,1.1090096007445065,1.341716632095813
2025-08-26,0.9886997953638703,1.1066998616133106,1.3389222330157262
2025-08-27,0.9912054177589289,1.1038951963641932,1.3355290558875248
2025-08-28,0.9894278089747252,1.1019154918925067,1.337924168079983
2025-08-29,0.9851471141265028,1.1066828573602394,1.3321357264759948
2025-09-02,0.9976939162031463,1.0925881799523631,1.315169688551659
2025-09-03,0.9942112488477873,1.0964020963503422,1.3197605740594183
2025-09-04,0.9887981114984835,1.090432565081724,1.3269462152034497
2025-09-05,0.9940038547710911,1.0961733850973527,1.333932212903667
2025-09-08,1.0001019787542336,1.0894484602620422,1.3421157667001131
2025-09-09,0.9987634076884313,1.0909066157477518,1.3403194325557697
2025-09-10,1.0015894312407152,1.0878198709133764,1.3365269685399395
2025-09-11,1.0120601181637627,1.09919201696617,1.3504991162237023
2025-09-12,1.0092180566371136,1.0961052721317945,1.3467066522078723
2025-09-15,1.002038267892832,1.1039031947349862,1.356287405544362
2025-09-16,0.9995313557750188,1.1066649538258773,1.3528942284161605
2025-09-17,0.9958446805988004,1.1025831266875006,1.3479042083041013
2025-09-18,0.9917156224027792,1.1071547531516859,1.353493006464275
2025-09-19,0.988205673436362,1.1110732723256336,1.3487026297960303
2025-09-22,0.9849881737257855,1.1146908167581664,1.3530938718599748
2025-09-23,0.9851335046856018,1.1145263487060424,1.3528942284161605
2025-09-24,0.9787383858455413,1.1072912598409768,1.344111744288271
2025-09-25,0.9884763270699904,1.0962742839436204,1.3307385269359513
2025-09-26,0.978246072117497,1.0849283719420157,1.3445110311758999
2025-09-29,0.9824576554600529,1.0802574957796953,1.350299472779888
2025-09-30,0.989283321194572,1.087762630003468,1.359680734955892
2025-10-01,1.001772813645167,1.1014954028749069,1.376846416324042
2025-10-02,1.0032250570186871,1.1030922114306987,1.3788423939121999
2025-10-03,1.0090341413118353,1.0967048553788483,1.3868264565481603
2025-10-06,1.005258219901429,1.1008088506499478,1.3816367929922866
2025-10-07,1.0133908714323963,1.0919031838199682,1.3704591966719393
2025-10-08,1.0063063496923679,1.0995365778654906,1.3800399500084288
2025-10-09,0.9952448081502806,1.0874502290743677,1.3648702462284368
2025-10-10,1.0063062386494372,1.0753640016138557,1.3497006947317736
2025-10-13,0.9999070672187407,1.0822023161670502,1.3582835354158485
2025-10-14,0.9956459897279779,1.0775905396519614,1.364071824736508
2025-10-15,0.9938976686891532,1.079482752578191,1.3664670892122948
2025-10-16,1.0002855945813462,1.0864207463401288,1.3752495733401842
2025-10-17,1.0010114247653443,1.087209078167046,1.3762474859925988
2025-10-20,0.9963656906882142,1.082163297331338,1.3826347056447015
2025-10-21,0.990036893863981,1.0752895242744578,1.3738523738001407
2025-10-22,0.9891739010560573,1.0762268298755275,1.3750499298963696
2025-10-23,0.9844354890735909,1.0710714106908021,1.3816367929922866
2025-10-24,0.9859998996881554,1.072773498336401,1.383832414024259
2025-10-27,0.9906931315318488,1.0778797612731976,1.390419277120176
2025-10-28,0.9882753369886154,1.0805103354864642,1.387025947708646
2025-10-29,0.9936795955182043,1.0746017015478142,1.3794411719603143
2025-10-30,0.998280625246328,1.0696259785914266,1.3730539523082117
2025-10-31,1.0023439680686073,1.0652722358334115,1.367465154148038
2025-11-03,1.0039533454563134,1.0635618199455352,1.3652695331160656
2025-11-04,1.0154019180653455,1.0514335026537525,1.3497006947317736
2025-11-05,1.0057914983461225,1.0613849485665277,1.3624751340359789
2025-11-06,1.0103593356265772,1.0662052654462666,1.356287405544362
2025-11-07,1.0148201288226513,1.0709126215581113,1.3622754905921644
2025-11-10,1.0029247559282428,1.0834654913810042,1.3782436158640854
2025-11-11,1.01381821767628,1.0952337619475767,1.393213676200263
2025-11-12,1.0196279752906812,1.1015100771459843,1.4011975865528947
2025-11-13,1.0126562218277904,1.1090417032692892,1.3916168332164052
2025-11-14,1.00452247251641,1.1179496297657827,1.3804392368960576
2025-11-17,1.016432763742393,1.1046944701941555,1.364071824736508
2025-11-18,1.0266951777213669,1.1158480185426705,1.350299472779888
2025-11-19,1.030337522789184,1.1118893912743582,1.3455090961116432
2025-11-20,1.0442465996028658,1.096879402208166,1.3273453498077499
2025-11-21,1.0291717758497465,1.1127140371239066,1.3465070087640578
2025-11-24,1.026730871560497,1.1100749942258625,1.343313475079671
2025-11-25,1.0090339371820531,1.1292084642247813,1.3664670892122948
2025-11-26,1.0181721758734592,1.1394350543306206,1.3788423939121999
2025-11-28,1.024657272330385,1.1321775919791304,1.3876247257567607
2025-12-01,1.0196460563204937,1.137714649713628,1.3808383715003578
2025-12-02,1.0239203883318029,1.1329453769675977,1.386626813104346
2025-12-03,1.0171404483155482,1.1254435225411534,1.3958084318365354
2025-12-04,1.0162677764525485,1.1244779303290422,1.3946108757403064
2025-12-05,1.015976811851228,1.1241559844007416,1.3942115888526776
2025-12-08,1.0137950212232478,1.121741881084068,1.3912175463287764
2025-12-09,1.0105951874020886,1.1182013353775282,1.3868264565481603
2025-12-10,1.0233948555981682,1.1323638865628733,1.4043912725206105
2025-12-11,1.0309582706752878,1.14073263890276,1.414770447349029
2025-12-12,1.0247038633926677,1.1338122748810402,1.406187606664954
2025-12-15,1.0308128993451084,1.1405717887250049,1.4145709561885431
2025-12-16,1.0156859582203883,1.1573094161911737,1.3938124542483774
2025-12-17,1.0215040295715088,1.1639387376898398,1.385828391612417
2025-12-18,1.0129706260719116,1.1542154682655523,1.3974052748203933
2025-12-19,1.0176006829397595,1.1489398135542774,1.403792494472496
2025-12-22,1.022086019483507,1.1540040610716964,1.4099800706807841
2025-12-23,1.0258479751852785,1.1582515628226837,1.4151697342366578
2025-12-24,1.0280183384897335,1.15580107624954,1.418163776760559
2025-12-26,1.0310568029602654,1.1523849304730494,1.4223553753806892
2025-12-29,1.0270055169995562,1.1569129456869096,1.4167665772205156
2025-12-30,1.0230989513629476,1.1613136585198574,1.422155731936875
2025-12-31,1.0192219930135755,1.1569129456869096,1.4167665772205156
2026-01-02,1.0292734476620506,1.1683222932927464,1.4307385726209498
2026-01-05,1.0386070038657143,1.1789167585567735,1.4437126553689696
2026-01-06,1.0406172947954093,1.181198628077941,1.4465070544490564
2026-01-07,1.037314611380831,1.1849474847784658,1.4419161689412974
2026-01-08,1.0384633803556964,1.1836352205025906,1.4435130119251551
2026-01-09,1.0324325075666114,1.1767612627121034,1.4518962091654157
2026-01-12,1.0379679496841419,1.1830705311709664,1.4596806283575618
2026-01-13,1.0338518322630876,1.1783790017020936,1.4538921867535737
2026-01-14,1.0376841280598599,1.1827470327431977,1.4592814937532617
2026-01-15,1.0398131692483408,1.1803203625454257,1.4562874512293604
2026-01-16,1.0432335769028158,1.1842029608065168,1.4610778278976053
2026-01-20,1.0586254657143532,1.1667312069188203,1.4395210567488392
2026-01-21,1.047763283887859,1.1787026235554356,1.4542914736412025
2026-01-22,1.042442459161552,1.1727168535243415,1.4616767582290484
2026-01-23,1.0492752859219714,1.18040358100626,1.4712575115655382
2026-01-26,1.0566776416192194,1.1887310116530574,1.4816368386772854
2026-01-27,1.0730480145608785,1.2071471957584166,1.5045908093660947
