Date,MLP,LSTM,BuyAndHold
2018-06-07,1.0,1.0,1.0
2018-06-08,1.0003992107459645,0.9996007892540355,1.0003992107459645
2018-06-11,1.0097804729219684,0.9902270142903987,1.0097804729219684
2018-06-12,1.0047904528099092,0.9951204073092943,1.0047904528099092
2018-06-13,1.0067864303980671,0.9931436388945931,1.0067864303980671
2018-06-14,1.0059880850478025,0.9939311660029421,1.0059880850478025
2018-06-15,1.0135729369377984,1.0014251122981659,0.9984032331578065
2018-06-18,1.0224887845235777,1.0102341021048562,0.9896208251715815
2018-06-19,1.0554856448525365,1.04283549008217,0.9576846507694039
2018-06-20,1.0568055820927267,1.041531372489037,0.9564870185315105
2018-06-21,1.065406449115721,1.0330548154128378,0.9487025993393645
2018-06-22,1.0510605729391245,1.0469650714262586,0.9614770386435697
2018-06-25,1.0368777414528625,1.032837503936482,0.9485030320372144
2018-06-26,1.0375323093447828,1.0321854865957487,0.9479042539890998
2018-06-27,1.0473636488747453,1.0224048119264166,0.9389222025590604
2018-06-28,1.0462503966989487,1.0234915351315277,0.9399201913531394
2018-06-29,1.035363489737432,1.0341416215296149,0.9497006642751078
2018-07-02,1.0290529317640722,1.027838510863638,0.9439122226711196
2018-07-03,1.0244832517183822,1.0324027980721042,0.9481038212912499
2018-07-05,1.0365613996736651,1.0445743135396803,0.9592814937532618
2018-07-06,1.0428160769967663,1.0508773412939914,0.9650698592155855
2018-07-09,1.0497178523210273,1.0578324693007017,0.9714570788676882
2018-07-10,1.0520903530154269,1.0602233100989458,0.9736526998996605
2018-07-11,1.0346202702214884,1.042618178605814,0.9574850834672538
2018-07-12,1.0253459942028278,1.0519641474107684,0.9660679241513288
2018-07-13,1.0240749558882287,1.0532681820922354,0.9672654802475579
2018-07-16,1.024497613096009,1.053702887956613,0.9676646909935224
2018-07-17,1.0236522986804486,1.0528334762278577,0.9668662695015934
2018-07-18,1.0217503815522473,1.054789611161724,0.9686626797876013
2018-07-19,1.0171185571306303,1.050008012476902,0.964271513865321
2018-07-20,1.0114339686765088,1.0558764172785013,0.9696607447233446
2018-07-23,1.01018474214653,1.0545722996853684,0.9684631124854512
2018-07-24,1.0051879948703468,1.059788604234568,0.973253489153696
2018-07-25,1.0150832702701829,1.0702213791562996,0.9828343947735143
2018-07-26,1.0076618530403225,1.0623968394208338,0.9756487536294828
2018-07-27,1.0099295170427836,1.0647876802190779,0.9778443746614551
2018-07-30,1.0121971024052112,1.067178438105656,0.9800399195517632
2018-07-31,1.0148770761026682,1.0700039847682776,0.9826347513296999
2018-08-01,1.009311013180273,1.0641355799666783,0.9772455204716763
2018-08-02,0.9998281261154662,1.0541375938209905,0.9680639017394868
2018-08-03,0.996942036890528,1.057180451959968,0.9708583008195737
2018-08-06,1.0014512570352316,1.0523987703634798,0.966467058755629
2018-08-07,0.9942123011212027,1.0600059986225896,0.9734531325975104
2018-08-08,0.9929891290307749,1.0587018810294566,0.972255500359617
2018-08-09,0.9893196905248984,1.0547896111617239,0.9686626797876013
2018-08-10,0.96893395561021,1.0330548154128374,0.9487025993393645
2018-08-13,0.9713802220256587,1.0304466631382374,0.9463074110052421
2018-08-14,0.9730192958738129,1.0287079225923927,0.9447106441630485
2018-08-15,0.9898770859980706,1.0108853137995732,0.9283433081451632
2018-08-16,0.9828536230290942,1.0180578361943053,0.9349301712410802
2018-08-17,0.977188146358128,1.0239262409959047,0.9403194020991038
2018-08-20,0.9838258008809289,1.030881369002615,0.9467066217512065
2018-08-21,0.99523426464655,1.0428354900821695,0.9576846507694039
2018-08-22,0.9977233653108293,1.0454436423567692,0.9600798391035263
2018-08-23,0.9919154373851495,1.0393579260788142,0.9544910409433526
2018-08-24,1.0002125451021924,1.0480518775430352,0.9624751035793131
2018-08-27,1.0114135376549913,1.0597886042345677,0.973253489153696
2018-08-28,1.0112061455692527,1.0595712927582117,0.9730539218515459
2018-08-29,1.0163918181106335,1.0650049916954334,0.9780439419636052
2018-08-30,1.0070575917107314,1.0552243170261013,0.9690618905335657
2018-08-31,1.017428936793493,1.0443569191516582,0.9590818503094474
2018-09-04,1.025686932020558,1.035880362075459,0.9512974311173013
2018-09-05,1.0323584460472264,1.0291425455451044,0.9451097787673487
2018-09-06,1.0384631791835544,1.0230568292671494,0.9395209806071749
2018-09-07,1.0459642975533965,1.0156669953960613,0.9327345502091079
2018-09-10,1.0363395389067713,1.0250129642010157,0.9413173908931829
2018-09-11,1.0361198261001325,1.0247956527246598,0.9411178235910328
2018-09-12,1.0315051027100266,1.0293599399331261,0.9453094222111631
2018-09-13,1.038256877612817,1.0360976735518148,0.9514969984194513
2018-09-14,1.0354255256594638,1.033272209800859,0.9489022427831788
2018-09-17,1.0321585619245675,1.0365323794161925,0.9518962091654158
2018-09-18,1.0375693324825817,1.041966078353414,0.956886229277475
2018-09-19,1.039950084737997,1.044356919151658,0.9590818503094474
2018-09-20,1.023284901511896,1.0610927218277002,0.9744511213915894
2018-09-21,1.022446467813378,1.0602233100989449,0.9736526998996605
2018-09-24,1.016996808687887,1.0545722996853675,0.9684631124854512
2018-09-25,1.022865684662637,1.0606580159633225,0.974051910645625
2018-09-26,1.0218176825182086,1.0595712927582115,0.9730539218515459
2018-09-27,1.0180448108323155,1.0556590228904787,0.9694611012795302
2018-09-28,1.0052589767809488,1.0424007842177916,0.9572854400234394
2018-10-01,1.0048397599316898,1.0428354900821692,0.9576846507694039
2018-10-02,0.9985569094893457,1.0363150679398365,0.9516966418632657
2018-10-03,0.9945777895170427,1.0404446492839252,0.9554890297374315
2018-10-04,0.9829429211989209,1.028273216728015,0.9443114334170841
2018-10-05,0.9914613408989442,1.0193619537874383,0.9361278034789735
2018-10-08,1.0013971196908775,1.0091465732537286,0.9267465413029696
2018-10-09,1.0020441300502287,1.008494555912995,0.9261477632548551
2018-10-10,1.023208064941419,0.9871943831168203,0.9065868174109184
2018-10-11,1.0351477181172848,0.9756749679016437,0.8960079991386855
2018-10-12,1.0316887352850537,0.978935220428643,0.8990020416625868
2018-10-15,1.03260499845361,0.9780658086998877,0.8982036201706578
2018-10-16,1.0137886477068117,0.9958883345810413,0.9145708800468789
2018-10-17,1.0044959943115628,0.9867597601641086,0.9061876828066183
2018-10-18,0.9876805961650105,0.9702412689644221,0.8910179790266263
2018-10-19,0.9810429745395558,0.9767616911067549,0.8970059879327644
2018-10-22,0.9873736293481901,0.9704586633524439,0.8912176224704407
2018-10-23,0.9959980160485814,0.9619820233645788,0.8834331271366302
2018-10-24,1.0232270430087798,0.9356829404072261,0.8592814480682631
2018-10-25,1.0111051385481167,0.946767732669691,0.8694611317361959
2018-10-26,1.0076233362335003,0.9435074801426917,0.8664670892122946
2018-10-29,1.007855415066383,0.9432901686663357,0.8662675219101447
2018-10-30,0.9983342041939759,0.9522014316069125,0.8744511518482552
2018-10-31,1.0067656713849584,0.9602432828187341,0.8818363602944368
2018-11-01,1.0236286057669233,0.9763269852423772,0.8966067771868
2018-11-02,1.025223832787654,0.9778484972235318,0.8980040528685077
2018-11-05,1.0238565325964344,0.9765443796303989,0.8968064206306144
2018-11-06,1.0229449991356212,0.9774137913591542,0.8976048421225433
2018-11-07,1.0074768449726628,0.9921934591013303,0.9111777029186775
2018-11-08,0.9942350400940273,0.9791525319049988,0.8992016089647368
2018-11-09,0.9907039089641525,0.9756749679016437,0.8960079991386855
2018-11-12,1.0116700368803868,0.9550268953578683,0.8770459074845276
2018-11-13,1.0049930854448774,0.9613300060238451,0.8828343490885158
2018-11-14,1.0022664723304053,0.963938158298445,0.8852295374226382
2018-11-15,0.9997806526203459,0.9615474004118669,0.8830339925323302
2018-11-16,0.9997806526203459,0.9615474004118669,0.8830339925323302
2018-11-19,0.9911930011406309,0.9532881548120237,0.8754491406423341
2018-11-20,0.9735657936582209,0.9363350406596254,0.859880302258042
2018-11-21,0.9604584072813669,0.9489411790799133,0.8714571093243539
2018-11-23,0.95341886540561,0.9419860510732029,0.8650698896722513
2018-11-26,0.9386798508276063,0.9565483244273572,0.8784431070245711
2018-11-27,0.9331344021800247,0.9508973140137797,0.8732535196103618
2018-11-28,0.9205504149875395,0.9637208468220894,0.8850299701204881
2018-11-29,0.9242874324674047,0.9598085769543566,0.8814371495484723
2018-11-30,0.9190548269666058,0.954374878017135,0.8764471294364131
2018-12-03,0.9081709979437571,0.9656769817559558,0.886826380406496
2018-12-04,0.8860952308054939,0.9422033625495588,0.8652694569744013
2018-12-06,0.8969286658042991,0.9306839473343821,0.8546906387021683
2018-12-07,0.9055167232246677,0.9217726843938052,0.8465070087640578
2018-12-10,0.9142708312106851,0.9128614214532283,0.8383233788259473
2018-12-11,0.9112232750596645,0.9159042795922059,0.8411177779060341
2018-12-12,0.9265760918706079,0.9313359646751154,0.8552894167502829
2018-12-13,0.9257112060201295,0.930466635858026,0.8544910714000183
2018-12-14,0.9123044442387032,0.916991002797317,0.8421157667001131
2018-12-17,0.9218188484973328,0.9074277225160068,0.8333333587138881
2018-12-18,0.9277803218163616,0.9015593177144076,0.8279441278558645
2018-12-19,0.935608713825495,0.8939521723669637,0.8209581301556472
2018-12-20,0.939703288336563,0.8900399024992308,0.8173653095836315
2018-12-21,0.9502591526651901,0.8800419163535429,0.8081836908514419
2018-12-24,0.9610549527903655,0.8700438472961891,0.7990019959775881
2018-12-26,0.939207341322383,0.8898225081112091,0.8171656661398171
2018-12-27,0.9421896173081533,0.8869970443602533,0.8145709105035446
2018-12-28,0.9341091243580498,0.8946041897076972,0.8215569082037618
2018-12-31,0.93796724886408,0.8982991480990742,0.8249501614736275
2019-01-02,0.9327474180783382,0.8933000721145643,0.8203592759658684
2019-01-03,0.9393287819978474,0.8869970443602533,0.8145709105035446
2019-01-04,0.9114780854041425,0.9132961273176059,0.8387225895719118
2019-01-07,0.913430326381611,0.9152522622514724,0.8405189998579197
2019-01-08,0.92167313081388,0.9235115078513155,0.8481038517479157
2019-01-09,0.9325188956339009,0.9343789057257588,0.858083891972034
2019-01-10,0.9340372960889742,0.9328574766562701,0.8594810915120775
2019-01-11,0.9301328141340373,0.9367570267056992,0.8558882709400617
2019-01-14,0.9351218560216524,0.9417815995126522,0.851297461573967
2019-01-15,0.9333678609253377,0.9400151128278341,0.8528942284161605
2019-01-16,0.9331493804058403,0.9397950763354885,0.8530938718599749
2019-01-17,0.938170997670764,0.9448524565148163,0.8576846812260697
2019-01-18,0.9486509054349833,0.9554070000038555,0.8672655107042236
2019-01-22,0.9375159461757541,0.9666212601284978,0.8570858270362908
2019-01-23,0.9314026041814485,0.9729243916818723,0.8626747013381288
2019-01-24,0.9305405737362952,0.9720239320495964,0.8618762798462
2019-01-25,0.9206274702402758,0.9823789602030986,0.8710578985783894
2019-01-28,0.9174631252513128,0.9857555550152977,0.8680639321961525
2019-01-29,0.9134549227420866,0.9900621127181085,0.8718563200703183
2019-01-30,0.9224472737677087,0.9998086101457041,0.8804391607543933
2019-01-31,0.9216107574456539,1.0007152811773194,0.8796407392624644
2019-02-01,0.9203559829625716,0.99935280576185,0.8808383715003578
2019-02-04,0.9222329867445103,0.9973146933025081,0.8826347817863657
2019-02-05,0.91368220941738,0.988067771982107,0.8908184117244762
2019-02-06,0.9099971753014765,0.9920528155903224,0.8872255911524605
2019-02-07,0.8968948664875624,0.9777690543849417,0.8744511518482552
2019-02-08,0.8995562973703639,0.9748676387844949,0.8718563200703183
2019-02-11,0.90140978188179,0.9728589795438675,0.8700599097843105
2019-02-12,0.8904497891685245,0.984687703328711,0.8806387280565434
2019-02-13,0.8896425495750584,0.9855803745505981,0.8798403827062788
2019-02-14,0.8904497891685244,0.9864746657479563,0.8806387280565434
2019-02-15,0.9031647558924637,1.000560796938696,0.8932136000585986
2019-02-19,0.9076049201112879,0.9956418115372613,0.8976048421225433
2019-02-20,0.9122468749809918,0.9905495910643054,0.9021956514886381
2019-02-21,0.9094213439289934,0.9936176515914019,0.8994012524085512
2019-02-22,0.9072013388095281,0.9911921133213256,0.9015967972988592
2019-02-25,0.9094106083474095,0.9887783045575262,0.9037924183308316
2019-02-26,0.9160384169610533,0.9815720620706045,0.9103792814267486
2019-02-27,0.9128249548918567,0.9850154161169459,0.9071856716006973
2019-02-28,0.9116199545002699,0.9837151186658529,0.9083832276969264
2019-03-01,0.9186309209334771,0.9761496922589843,0.9153693015388078
2019-03-04,0.9158265649253823,0.979129639038377,0.912574902458721
2019-03-05,0.915025374932334,0.9782730697940044,0.9133732478089855
2019-03-06,0.9174248957292496,0.9808384484603684,0.9109780594748631
2019-03-07,0.9312947889507072,0.9956670459956812,0.8972056313765788
2019-03-08,0.9312947889507072,0.9956670459956812,0.8972056313765788
2019-03-11,0.9240433595945943,0.987914388800657,0.9041916290767961
2019-03-12,0.9248593106098981,0.9870420382337649,0.904990050568725
2019-03-13,0.933018665136194,0.9783340911655821,0.9129741132046854
2019-03-14,0.9375062400936223,0.9736285608996124,0.9173652791269657
2019-03-15,0.947501445497666,0.9632482380417471,0.9271457520489341
2019-03-18,0.952193047115606,0.9584786653793003,0.9317365614150289
2019-03-19,0.9558647488711021,0.9547827259803106,0.9353293819870446
2019-03-20,0.9552528245163099,0.955393957646979,0.9347306039389301
2019-03-21,0.9581086530698737,0.958250208132846,0.9319361287171789
2019-03-22,0.98047615379292,0.9806210135259453,0.9101796379829342
2019-03-25,0.9811211776685275,0.9812661327001341,0.9095808599348197
2019-03-26,0.9772457747153249,0.9773901571783535,0.9131736805068355
2019-03-27,0.9787410076333213,0.9758947033482621,0.9145708800468789
2019-03-28,0.9748960997058786,0.9797284297906906,0.9109780594748631
2019-03-29,0.9699831799061647,0.9747911578060007,0.9155688688409579
2019-04-01,0.9826710399805292,0.962040407001057,0.9275449627948986
2019-04-02,0.9856315164644674,0.9591420840774656,0.9303393618749854
2019-04-03,0.9949358826521207,0.9500877782571145,0.9391217698612105
2019-04-04,0.9928212796398603,0.9521070626279413,0.9371257922730525
2019-04-05,0.9957817561237984,0.9492679911586797,0.9399201913531394
2019-04-08,0.9949358826521206,0.9484616291156959,0.9407186128450683
2019-04-09,0.9894471186156414,0.9536940085791784,0.9355289492891947
2019-04-10,0.9852250110175814,0.949624464442772,0.9395209806071749
2019-04-11,0.9848063802262425,0.9492209606374697,0.9399201913531394
2019-04-12,0.9917077212947865,0.9425689956113443,0.9465069783073922
2019-04-15,0.9946356475730832,0.9397861469230684,0.9493014535291433
2019-04-16,0.9946356475730832,0.9397861469230684,0.9493014535291433
2019-04-17,0.9981908669585501,0.9364269812467862,0.9526946306573447
2019-04-18,0.9963086685257047,0.9381927170944275,0.9508982203713368
2019-04-22,0.9963086685257047,0.9381927170944275,0.9508982203713368
2019-04-23,0.9971452188909322,0.9389804704131862,0.9500997988794079
2019-04-24,1.0021727972538166,0.9437147837376496,0.9453094222111631
2019-04-25,1.005135288346081,0.9465044689577252,0.9425150231310762
2019-04-26,1.0049224618840424,0.9463040569338241,0.9427145904332263
2019-04-29,1.0108800537820462,0.9406939789462475,0.9483033885934
2019-04-30,1.0149227749980647,0.9369319465545322,0.9520958526092301
2019-05-01,1.0072629676057159,0.9440031429323649,0.9449102114651986
2019-05-02,1.0044969080104562,0.946595483796112,0.9423153796872619
2019-05-03,0.9940710410228478,0.9367705868487674,0.9520958526092301
2019-05-06,0.9836510093129616,0.9465899848767082,0.9421158123851118
2019-05-07,1.000531489302449,0.9628344589296765,0.9259481198110407
2019-05-08,0.9970806402460656,0.9595136275319885,0.9291417296370921
2019-05-09,0.9910831887593816,0.965285113006338,0.9235529314769183
2019-05-10,0.9838005340787732,0.9581920271523069,0.9303393618749854
2019-05-13,0.9614270111542458,0.9799831632037487,0.9091816491888552
2019-05-14,0.9521398489319115,0.9705167528509722,0.9179641333167446
2019-05-15,0.9556593537153626,0.96692931938948,0.921357310444946
2019-05-16,0.9484132679986037,0.9595977815322884,0.9283433081451632
2019-05-17,0.9431114863022304,0.9649620864462679,0.9231537207309539
2019-05-20,0.9504524746416546,0.972473155421117,0.9159680795869223
2019-05-21,0.9427892276357291,0.9646323614882762,0.923353288033104
2019-05-22,0.9385093988022286,0.9690113480882593,0.9191616894129736
2019-05-23,0.9484956660803967,0.9793221732434867,0.9093812926326696
2019-05-24,0.9385027452768729,0.9690044783205376,0.9189621221108236
2019-05-28,0.9291258904763154,0.9786860848369053,0.909780503378634
2019-05-29,0.9191374475726084,0.9892073179434702,0.9000000304566658
2019-05-30,0.9136336212086137,0.9832839108074296,0.9053892613146894
2019-05-31,0.9214889243355793,0.9917380580716718,0.8976048421225433
2019-06-03,0.9157514156198632,0.9855631539554923,0.9031936402827171
2019-06-04,0.9270844996052845,0.9733660993769266,0.9143713127447288
2019-06-05,0.9270844996052845,0.9733660993769266,0.9143713127447288
2019-06-06,0.9311319579140677,0.9691165852192761,0.9183632679210447
2019-06-07,0.9434769064766848,0.9562680364244175,0.9305389291771355
2019-06-10,0.9448935323248225,0.9548322047587483,0.9319361287171789
2019-06-11,0.9517743195302001,0.9478790433780988,0.938722559115246
2019-06-12,0.9457030548667067,0.9539254604995105,0.9327345502091079
2019-06-13,0.9463101581729604,0.9533130787397092,0.9333333282572224
2019-06-14,0.9386199256260175,0.9610602208391924,0.9257485525088907
2019-06-17,0.9645241065640777,0.9875837125884076,0.9001995977588158
2019-06-18,0.9510506866546082,1.001379251719987,0.9127744697608711
2019-06-19,0.9462673666291602,1.0064156998242089,0.9173652791269657
2019-06-20,0.9571795548127081,0.9948098916830276,0.927944173540863
2019-06-21,0.9547088262387642,0.9973777539118696,0.9255489090650763
2019-06-24,0.9573854095902626,0.994581545667108,0.9281437408430131
2019-06-25,0.9507969571408423,0.9877371200522419,0.9217565211909104
2019-06-26,0.9507969571408423,0.9877371200522419,0.9217565211909104
2019-06-27,0.9514146000140542,0.9870954806483447,0.9223552992390249
2019-06-28,0.959444271528001,0.9954262887549163,0.930139718431171
2019-07-01,0.9608854905925274,0.9969215578260417,0.9315369179712145
2019-07-02,0.9621208548794993,0.9982032519524576,0.9327345502091079
2019-07-03,0.9703564597115489,1.0067477164897916,0.9407186128450683
2019-07-05,0.9608854905925273,0.9969215578260416,0.9315369179712145
2019-07-08,0.9654150025636609,0.9922221756679556,0.9271457520489341
2019-07-09,0.9697796153374952,0.987736368454579,0.9229541534288038
2019-07-10,0.9657948232000353,0.9917949442924835,0.9267465413029696
2019-07-11,0.9647547843458542,0.99072690659683,0.9257485525088907
2019-07-12,0.9657948232000353,0.9917949442924835,0.9267465413029696
2019-07-15,0.9672508934658646,0.993290213363609,0.9281437408430131
2019-07-16,0.9628826826683766,0.9888044061502325,0.9239521422228828
2019-07-17,0.9614266124025473,0.987309137079107,0.9225549426828393
2019-07-18,0.9641306975534428,0.9900860187905955,0.9251496983191119
2019-07-19,0.9589304239326586,0.9847457488262751,0.9201596782070527
2019-07-22,0.9612185570217842,0.9870954806483445,0.9223552992390249
2019-07-23,0.9674588694967494,0.9935037883083184,0.9283433081451632
2019-07-24,0.9672508934658645,0.9932902133636089,0.9281437408430131
2019-07-25,0.9591384793134216,0.9849594052570374,0.920359321650867
2019-07-26,0.9622585958759652,0.9817552921700767,0.923353288033104
2019-07-29,0.9643387529342058,0.9796329882392778,0.9253493417629263
2019-07-30,0.9501940023376825,0.9652639044991402,0.911776480966792
2019-07-31,0.9578903850784772,0.9730823504550422,0.9043912725206104
2019-08-01,0.9614843656708392,0.9767333309187608,0.9009980192507447
2019-08-02,0.9706433948301308,0.986037620596415,0.8924151785666697
2019-08-05,0.9903992740355444,1.0061068244134412,0.8742515084044408
2019-08-06,0.9854246381207805,1.0010532916877737,0.8786427504683855
2019-08-07,0.9791566305584539,0.9946858746780298,0.8842315486285592
2019-08-08,0.9862295386478449,0.9875007915668624,0.8906187682806618
2019-08-09,0.9818089500130468,0.9919270783540537,0.8866267369626816
2019-08-12,0.9893238410817738,0.9995194148690675,0.8798403827062788
2019-08-13,0.9810196498548465,1.0079091857524047,0.8872255911524605
2019-08-14,1.0088281275440476,1.0364798877856247,0.86207584714835
2019-08-15,1.009061667444757,1.036239946606873,0.8618762798462
2019-08-16,0.9964425331142184,1.023280925858403,0.8726547415622472
2019-08-19,1.0044195083292646,1.0150890971153135,0.8796407392624644
2019-08-20,0.999633323200237,1.019926124175185,0.8754491406423341
2019-08-21,1.009889496292803,1.0303905000902276,0.8844311920723735
2019-08-22,1.008977817141795,1.0294603136294542,0.8836327705804446
2019-08-23,0.9964425331142186,1.0166705602699415,0.8726547415622472
2019-08-26,0.9907446688341831,1.0108570279513027,0.8776447616743065
2019-08-27,0.9923219220191218,1.009247756140908,0.8790419612143499
2019-08-28,0.9907446688341831,1.007643600067719,0.8776447616743065
2019-08-29,0.9815064347707482,1.0170394088192327,0.885828391612417
2019-08-30,0.985929644123151,1.0124560682872858,0.8898204229303972
2019-09-03,0.9832756678922886,1.0151814497138851,0.8874251584546105
2019-09-04,0.968900258588405,1.0300233189209504,0.9003992412026302
2019-09-05,0.9742699119107221,1.0357317167539388,0.9053892613146894
2019-09-06,0.9764177404658859,1.0380150410458389,0.9073852389028474
2019-09-09,0.9774916547434679,1.039156703191789,0.9083832276969264
2019-09-10,0.978136068857543,1.0398417701619498,0.9089820818867052
2019-09-11,0.98350572217986,1.0455501679949382,0.9139721019987643
2019-09-12,0.9893049576000913,1.0517152481069543,0.919361332856788
2019-09-13,0.9944597789062477,1.0571952612488098,0.9241517095250329
2019-09-16,0.9837204722616135,1.0457784655828328,0.9141716693009144
2019-09-17,0.9789951511189641,1.050801883548899,0.9185629113648591
2019-09-18,0.9796333227656175,1.0501169036819769,0.9179641333167446
2019-09-19,0.9772902803110042,1.0526285255617713,0.9201596782070527
2019-09-20,0.9751703770563579,1.0503452012698713,0.9181637006188946
2019-09-23,0.9715665253496342,1.0464635325529936,0.9147705234906933
2019-09-24,0.9760184515749921,1.041668412174822,0.9105788487288987
2019-09-25,0.9815809935551844,1.035731716753939,0.9053892613146894
2019-09-26,0.9768202128255684,1.0407551347200052,0.909780503378634
2019-09-27,0.9763915851242855,1.0402984524409775,0.9093812926326696
2019-09-30,0.9802491526834574,1.0444085058489883,0.9129741132046854
2019-10-01,0.9691050777072244,1.0325350279039835,0.9025948622346025
2019-10-02,0.9461740270790218,1.0081030921470522,0.8812375822463222
2019-10-03,0.9408163034415468,1.0138114899800408,0.8862276023583815
2019-10-04,0.9325523896689392,1.0227165766629847,0.8940120215505275
2019-10-07,0.9340098217151572,1.0243149210879625,0.895409221090571
2019-10-08,0.9223502859213237,1.0115280785849026,0.8842315486285592
2019-10-09,0.914646705187873,1.0199764829888187,0.8916167570747409
2019-10-10,0.9068659409352096,1.028653272083868,0.8992016089647368
2019-10-11,0.9269961508418321,1.0514868634158216,0.9191616894129736
2019-10-14,0.92417793374141,1.0482901745658662,0.9163672903328868
2019-10-15,0.9362560289691209,1.0619902945237432,0.9283433081451632
2019-10-16,0.9376652143099886,1.0603918629955271,0.9297405838268709
2019-10-17,0.9418925399606217,1.0651724836837568,0.9339321824470013
2019-10-18,0.9433016485108328,1.063578943454347,0.9353293819870446
2019-10-21,0.9467237473354433,1.0674373828602586,0.938722559115246
2019-10-22,0.9428990350978214,1.0631249941274192,0.9349301712410802
2019-10-23,0.9481328558856543,1.069026162213514,0.9401197586552895
2019-10-24,0.9505485363637217,1.0717498581750786,0.9425150231310762
2019-10-25,0.949340696124688,1.0703880101942962,0.9413173908931829
2019-10-28,0.9435029168220098,1.0769701455617728,0.947105832497171
2019-10-29,0.9421110324135509,1.0753813662085172,0.9457086329571275
2019-10-30,0.9363446866579401,1.0819634149940125,0.9514969984194513
2019-10-31,0.9326126914528897,1.0776510262611732,0.9477046105452854
2019-11-01,0.9253450902939473,1.0860488723543782,0.955089818991467
2019-11-04,0.9299863521939171,1.0914961776955265,0.9598802718013763
2019-11-05,0.9284392403038086,1.0896803803878166,0.9582834288175184
2019-11-06,0.9276657581291098,1.0887725683159428,0.9574850834672538
2019-11-07,0.9268922759544107,1.0896803803878168,0.9582834288175184
2019-11-08,0.9251547119222324,1.0876376517076338,0.9564870185315105
2019-11-11,0.9241893412896807,1.088772568315943,0.9574850834672538
2019-11-12,0.9253453268691507,1.0874107203351606,0.9562874512293604
2019-11-13,0.9263110242289578,1.0862758903088325,0.9552894624352815
2019-11-14,0.9284400417120569,1.083779212301722,0.9530938414033091
2019-11-15,0.9222180410835659,1.0765161962348448,0.9594810610554118
2019-11-18,0.9247120983154594,1.0794275391980723,0.9620758928333486
2019-11-19,0.9227935646045498,1.0771880117535755,0.9600798391035263
2019-11-20,0.9164625863199924,1.0845782387473235,0.9534930521492736
2019-11-21,0.9172299998043564,1.085486426356601,0.9526946306573447
2019-11-22,0.9155004619721271,1.0834396225656702,0.9544910409433526
2019-11-25,0.92277547568249,1.0748300822804184,0.9620758928333486
2019-11-26,0.9237326970317017,1.0759450342147152,0.9630738816274276
2019-11-27,0.9266044341106445,1.072600093346445,0.9660679241513288
2019-11-29,0.9204781298381202,1.079691657224925,0.9596807044992262
2019-12-02,0.9258387008500596,1.085979437034067,0.9540918301973881
2019-12-03,0.9297125177848791,1.0905233014568716,0.9500997988794079
2019-12-04,0.9203371996372839,1.0795263505683501,0.9596807044992262
2019-12-05,0.9184229770303088,1.081771672984849,0.9576846507694039
2019-12-06,0.9272281819620157,1.0714003936199246,0.9668662695015934
2019-12-09,0.9235912685389523,1.075602800911716,0.9630738816274276
2019-12-10,0.9232084240175573,1.0760486568368997,0.9626746708814631
2019-12-11,0.9178487467582795,1.0698016671367543,0.9682634690416368
2019-12-12,0.9248495006028059,1.0616419151508851,0.9756487536294828
2019-12-13,0.9346883335235701,1.0503478425282136,0.9860280045995656
2019-12-16,0.9394185374944846,1.0450323171735332,0.9910180247116249
2019-12-17,0.9318501822701476,1.053451541919061,0.9830339620756644
2019-12-18,0.9329854572069535,1.0547349640350139,0.981836329837771
2019-12-19,0.9318474126805084,1.0534484109130995,0.9830339620756644
2019-12-20,0.9337394597745539,1.0513094620063665,0.9850299396638224
2019-12-23,0.9352531551913663,1.0496051725521383,0.9866267826476802
2019-12-24,0.9361991787383891,1.0485434801079059,0.9876247714417592
2019-12-26,0.9399833451034502,1.044305212162536,0.9916168027597394
2019-12-27,0.9450919588697371,1.0386296307696854,0.9970060336177631
2019-12-30,0.9373344503009984,1.0471549157272229,0.9888224036796526
2019-12-31,0.9310906371490723,1.0401795616976957,0.9954091906339052
2020-01-02,0.9241825541243961,1.032462110263772,1.0027944752217512
2020-01-03,0.9136971384856618,1.0441760236124364,0.991417159315925
2020-01-06,0.912041553929304,1.042284016265585,0.9932135696019329
2020-01-07,0.915707259990572,1.0464731969224608,0.989221614425617
2020-01-08,0.9140443505708519,1.04457281869824,0.9910180247116249
2020-01-09,0.9151488909091251,1.04331054645314,0.9922155808078539
2020-01-10,0.9109146557479153,1.0481377633614886,0.9876247714417592
2020-01-13,0.907232690755842,1.043901135344566,0.9916168027597394
2020-01-14,0.9079631685739508,1.0430606160032352,0.9924152242516683
2020-01-15,0.9088762310154873,1.042011697384417,0.9934132130457473
2020-01-16,0.9128937893528868,1.0374056326204424,0.997804455109692
2020-01-17,0.9174591712227683,1.0322175670183797,1.0027944752217512
2020-01-21,0.910885010184187,1.0396140427693248,0.9956088340777196
2020-01-22,0.9116154880022957,1.0404477539284138,0.9948104125857907
2020-01-23,0.9132616664286703,1.0423265752832815,0.9930140022997829
2020-01-24,0.9163823259474808,1.0458882558710443,0.9896208251715815
2020-01-27,0.9352348946734366,1.067405126793988,0.9692615339773801
2020-01-28,0.9273385570855737,1.058392854826608,0.9774451639154906
2020-01-29,0.9256342358775307,1.0564476737758046,0.9792415742014986
2020-01-30,0.9260115923373974,1.0560169881564114,0.979640784947463
2020-01-31,0.9120496912158736,1.0719390402055364,0.9648702919134354
2020-02-03,0.9137477592985808,1.0739347927268208,0.9630738816274276
2020-02-04,0.8985975518311268,1.0561286369789609,0.9790419307576842
2020-02-05,0.9092232038912704,1.0436402261164737,0.9906188139656604
2020-02-06,0.9103223610799918,1.0423785725950223,0.9918163700618895
2020-02-07,0.9009791755489824,1.053077130395744,0.9816367625356209
2020-02-10,0.8974983946424056,1.049008744723677,0.9854291504097868
2020-02-11,0.8905903461114268,1.0409345204562792,0.9930140022997829
2020-02-12,0.895065674483846,1.0357036937203181,0.998004022411842
2020-02-13,0.8900533285589258,1.0415036091194172,0.9924152242516683
2020-02-14,0.8900533285589258,1.0415036091194172,0.9924152242516683
2020-02-18,0.8941706224669805,1.0463214962363467,0.9878244148855736
2020-02-19,0.8894730501671018,1.0408245913347667,0.9930140022997829
2020-02-20,0.8853609216370518,1.0456364341398985,0.9884231929336881
2020-02-21,0.8885791210435987,1.0494372191865107,0.9848303723616723
2020-02-24,0.9267588288198811,1.0945285401608749,0.9425150231310762
2020-02-25,0.9469740760247652,1.0706537581527789,0.9219560884930605
2020-02-26,0.9455389624006257,1.072276304993249,0.923353288033104
2020-02-27,0.9759940226082694,1.0377391354778984,0.8936128108045631
2020-02-28,0.982970073226798,1.0303217532294136,0.8872255911524605
2020-03-02,0.9630674680326543,1.0511831076449631,0.905189617870875
2020-03-03,0.9539358402687587,1.0412159836694046,0.8966067771868
2020-03-04,0.9868522143531177,1.0771440339368314,0.9275449627948986
2020-03-05,0.9547853128538104,1.042143178556008,0.8974051986787289
2020-03-06,0.968588877815162,1.0270766595484728,0.8844311920723735
2020-03-09,1.052747516518346,0.9378361412117467,0.8075848366616631
2020-03-10,1.014498871698973,0.9719098017059669,0.8369261792859038
2020-03-11,1.0735347847857122,0.9153522399557269,0.7882236104032051
2020-03-12,1.1969546049584525,0.8101180077248623,0.6976048268942104
2020-03-13,1.1185275067792135,0.8631987212835963,0.7433134293946723
2020-03-16,1.248882214923668,0.7626003750635777,0.6566866772036578
2020-03-17,1.2109222709418628,0.7857797166956357,0.6766467576518946
2020-03-18,1.2866495899711383,0.7366394929827951,0.6343313703504664
2020-03-19,1.2627628378025086,0.7503152638715106,0.6461077827897606
2020-03-20,1.246378590129061,0.7405799828286884,0.6377245855495
2020-03-23,1.238186391886126,0.7357122980961918,0.6335329488585375
2020-03-24,1.3509261620272448,0.8027006254763777,0.6912176072421078
2020-03-25,1.3996890165016804,0.8316748025164502,0.7161677078024039
2020-03-26,1.468737236294972,0.8727022478158535,0.7514970593327828
2020-03-27,1.4211446427079477,0.8444234227296479,0.7271457368206012
2020-03-30,1.4004692400307621,0.8567084454995438,0.7377245550928342
2020-03-31,1.3959221577940113,0.859490030159354,0.7401198195686209
2020-04-01,1.458415032107113,0.8210122381648534,0.70698601292855
2020-04-02,1.4320629614671758,0.8358470910839942,0.7197605283744196
2020-04-03,1.4610536787858652,0.8189261823032524,0.7051896787842065
2020-04-06,1.386615655269902,0.8606489795565228,0.7411178083626999
2020-04-07,1.394831433306829,0.8657483745884992,0.7455089742849803
2020-04-08,1.4149977059109333,0.8782652402911315,0.7562874360010277
2020-04-09,1.4508487622341624,0.9005173870365861,0.7754490949573355
2020-04-13,1.4321763192583845,0.8889277162205571,0.7654690547332171
2020-04-14,1.454956722482343,0.9030671287636599,0.7776447159893078
2020-04-15,1.3970721777493185,0.8671391669184042,0.7467066065228737
2020-04-16,1.3929642175011379,0.869688908645478,0.748902227554846
2020-04-17,1.3480418985428293,0.8977358907989471,0.7730539066232132
2020-04-20,1.3309869628762934,0.8863780629156545,0.7632735098429091
2020-04-21,1.3045342199191585,0.8687617137588746,0.748103806062917
2020-04-22,1.2878272872606567,0.8798877871316019,0.757684635541071
2020-04-23,1.2810420805641756,0.875251901120756,0.7536926042230908
2020-04-24,1.2969872968883478,0.886146219982918,0.7630738663990947
2020-04-27,1.3156465182408805,0.8988948401961158,0.7740518954172921
2020-04-28,1.323449460645865,0.9042260781608287,0.7786427047833868
2020-04-29,1.3628035041849909,0.9311141109171291,0.801796395057675
2020-04-30,1.338716143358684,0.914656799579689,0.7876247562134263
2020-05-01,1.3678924415616152,0.8947225516285717,0.7704590748452763
2020-05-04,1.3703730648063508,0.8931000047881014,0.7690618753052328
2020-05-05,1.3714400131693911,0.8924046528342344,0.7684630972571184
2020-05-06,1.3603972005078648,0.8852190250963148,0.7622754449071658
2020-05-07,1.3828389842261164,0.8998220350827193,0.774850316909221
2020-05-08,1.4095553481190266,0.9172065413067628,0.7898203772453987
2020-05-11,1.4020747988417606,0.9123389007853516,0.7856287786252684
2020-05-12,1.4188170970316496,0.9014445819231895,0.7762475164492645
2020-05-13,1.439247390754932,0.8884642071994265,0.765069920128917
2020-05-14,1.4520140046107117,0.88058322750764,0.7582834897308499
2020-05-15,1.4497208408446793,0.8819739314153738,0.759481045827079
2020-05-18,1.5156345449529558,0.9220741818281736,0.794011975865529
2020-05-19,1.4946793446269926,0.9093255616149759,0.7830339468473315
2020-05-20,1.527445726570871,0.9292598095660932,0.8001996282154815
2020-05-21,1.5152536047324359,0.9218424273176083,0.7938124085633789
2020-05-22,1.5144915789498392,0.9213788298743066,0.7934131978174144
2020-05-26,1.4752481958662234,0.9452535234602316,0.8139720563137658
2020-05-27,1.4955066814071691,0.9582339866061657,0.8251497287757775
2020-05-28,1.5099770479363652,0.9675057586278574,0.833133791411738
2020-05-29,1.5107004420631465,0.9679692676489878,0.8335329260160381
2020-06-01,1.5447057620068643,0.9897579053733119,0.852295450368046
2020-06-02,1.56134658691569,1.0004203813027375,0.8614770691002355
2020-06-03,1.6065663098198744,1.0293945583428101,0.8864271696605315
2020-06-04,1.603672319313821,1.0312488596938456,0.884830402818338
2020-06-05,1.5754552563814956,1.0131037476142652,0.9003992412026302
2020-06-08,1.5943146505137837,1.0009761274893756,0.9111777029186775
2020-06-09,1.5667240701973617,1.0182986254237807,0.895409221090571
2020-06-10,1.5712643243167632,1.0212495818919984,0.8928143893126341
2020-06-11,1.665406710003678,1.0824378049892696,0.8393213676200263
2020-06-12,1.6345144013847226,1.1025163855135904,0.8548902821459827
2020-06-15,1.6421469980071082,1.0973680290151304,0.8508982508280025
2020-06-16,1.6236569724950582,1.109724025693395,0.8604790803061565
2020-06-17,1.6266699470996864,1.1117833093747391,0.86207584714835
2020-06-18,1.6153710409039024,1.1040608237254155,0.8560878382422118
2020-06-19,1.6221504133560503,1.0994273126964746,0.8524950176701961
2020-06-22,1.6039197537320737,1.1117833093747391,0.86207584714835
2020-06-23,1.6161748237118412,1.1202781123267083,0.868662710244267
2020-06-24,1.5734679419607835,1.0906751361081126,0.8457085872721289
2020-06-25,1.5519287795711352,1.1056053601339735,0.8572854704801052
2020-06-26,1.575415532932198,1.0888732260631615,0.8443113877320855
2020-06-29,1.5612628238060222,1.0986550935905623,0.8518962396220815
2020-06-30,1.5641892045001178,1.1007143772719066,0.8534930064642751
2020-07-01,1.5539465232103689,1.1079221156484436,0.859081880766113
2020-07-02,1.5665831147628841,1.1169316658731991,0.8660678784663303
2020-07-06,1.595105864528297,1.1372676200339134,0.8818363602944368
2020-07-07,1.5694715572483267,1.1189910477512763,0.867664721450188
2020-07-08,1.5503361078320836,1.1326341090049727,0.878243539722421
2020-07-09,1.5725341397382615,1.11641682040368,0.8656686677203658
2020-07-10,1.5558550924443157,1.1282580698091578,0.8748503625942196
2020-07-13,1.5654394312447826,1.1213078032657466,0.8694611317361959
2020-07-14,1.5402832606758525,1.1393269037152578,0.8834331271366302
2020-07-15,1.5211427155771187,1.1534849086352061,0.894411232296492
2020-07-16,1.5163900967884287,1.1498809903485712,0.8916167570747409
2020-07-17,1.505187689601377,1.1583757933005403,0.8982036201706578
2020-07-20,1.4941495852980562,1.1668705962525094,0.9047904832665749
2020-07-21,1.4974456954371056,1.169444725403373,0.9067864608547328
2020-07-22,1.5073341515927958,1.1771672110526967,0.9127744697608711
2020-07-23,1.4931606516655074,1.166098278949864,0.9041916290767961
2020-07-24,1.505686096523271,1.156316411422463,0.8966067771868
2020-07-27,1.4879207899910472,1.169959570872892,0.9071856716006973
2020-07-28,1.4807184932998994,1.1642963689049128,0.9027944295367526
2020-07-29,1.4614033452603588,1.179483966567167,0.9145708800468789
2020-07-30,1.4409909215321572,1.1630093043294811,0.9017964407426736
2020-07-31,1.4716095571244594,1.1382973109729522,0.8826347817863657
2020-08-03,1.441991023169549,1.16120739428453,0.9003992412026302
2020-08-04,1.447105595117123,1.1653260598439514,0.9035928510286815
2020-08-05,1.4394337981662686,1.1715040090847173,0.9083832276969264
2020-08-06,1.4413315790460057,1.173048545493275,0.9095808599348197
2020-08-07,1.4369035443148497,1.1694447254033729,0.9067864608547328
2020-08-10,1.4365873078290088,1.169702099039766,0.9069860281568829
2020-08-11,1.4315289064867227,1.1738207645991876,0.9101796379829342
2020-08-12,1.463549963258184,1.2000772943642743,0.9305389291771355
2020-08-13,1.4563295464992478,1.1941567187599018,0.9259481198110407
2020-08-14,1.471084378868429,1.1820580957180307,0.9165668576350369
2020-08-17,1.457949579071859,1.1926122805480768,0.9247505637148117
2020-08-18,1.4576348238434824,1.192354808714951,0.9245509202709973
2020-08-19,1.448508842923703,1.1848896967020204,0.9187624786670092
2020-08-20,1.4507116493465537,1.1830877866570693,0.9173652791269657
2020-08-21,1.4611279238488897,1.1745930819018329,0.910778492172713
2020-08-24,1.4406343679082343,1.191067744139519,0.9235529314769183
2020-08-25,1.44281383549218,1.19286965418447,0.9249501310169618
2020-08-26,1.456202061377605,1.2039385862873027,0.9335329717010368
2020-08-27,1.4381434799425385,1.1890083622614418,0.9219560884930605
2020-08-28,1.4490409366343435,1.1980180106829301,0.928942162334942
2020-08-31,1.4393889239253863,1.1900380532004804,0.9227545099849894
2020-09-01,1.443747859093278,1.1864342331105782,0.9199601109049026
2020-09-02,1.4211941550903864,1.2049682772263415,0.9343313931929657
2020-09-03,1.385975506197364,1.1751079273713523,0.9111777029186775
2020-09-04,1.3829394617032498,1.1776820565222161,0.9131736805068355
2020-09-08,1.402890059161268,1.1606925488150108,0.9000000304566658
2020-09-09,1.3689767663385788,1.1887509886250487,0.9217565211909104
2020-09-10,1.3488185893628966,1.1712466354483242,0.9081836603947763
2020-09-11,1.3609727743260922,1.1818007220816376,0.9163672903328868
2020-09-14,1.3671980637521561,1.187206452216491,0.9205588889530171
2020-09-15,1.3760913505157157,1.1949289378658148,0.9265468978591552
2020-09-16,1.3757949566267835,1.1946715642294214,0.9263473305570052
2020-09-17,1.3728305654003559,1.1972456933802853,0.9283433081451632
2020-09-18,1.3831614323205224,1.1882361431555297,0.921357310444946
2020-09-21,1.4260106800862067,1.1514255267571296,0.8928143893126341
2020-09-22,1.4301551673084767,1.1480790803036207,0.8902195575346974
2020-09-23,1.4500362145393468,1.132119263535454,0.8778443289764566
2020-09-24,1.4513550589398265,1.1310895725964154,0.8770459074845276
2020-09-25,1.4450792052037216,1.135980555458482,0.8808383715003578
2020-09-28,1.4205197359612458,1.155286818680158,0.8958084318365355
2020-09-29,1.4202031532611787,1.1550293468470318,0.8956087883927211
2020-09-30,1.425267389793944,1.1509106812876102,0.8924151785666697
2020-10-01,1.4144288494241954,1.1596628578759725,0.8992016089647368
2020-10-02,1.414114933449459,1.1594054842395791,0.8990020416625868
2020-10-05,1.388369511817481,1.1805136575062058,0.9153693015388078
2020-10-06,1.368691311007309,1.1637815234353939,0.9023952187907881
2020-10-07,1.3574898167681817,1.1733060173264014,0.909780503378634
2020-10-08,1.3705941088075575,1.1846323230656273,0.9185629113648591
2020-10-09,1.384294065977565,1.1964734742743726,0.9277445300970486
2020-10-12,1.3935267050850955,1.2044534317568223,0.9339321824470013
2020-10-13,1.3717854390688207,1.1856620140046659,0.919361332856788
2020-10-14,1.3750615404815416,1.1828304130206762,0.9171657118248157
2020-10-15,1.3942136304059232,1.16635575078299,0.9043912725206104
2020-10-16,1.3852902603220318,1.1738207645991878,0.9101796379829342
2020-10-19,1.3792145183535038,1.1686725062974606,0.9061876828066183
2020-10-20,1.3898471826857777,1.1776820565222161,0.9131736805068355
2020-10-21,1.374961336733245,1.1650685880108258,0.9033932075848671
2020-10-22,1.3743537393589222,1.165583433480345,0.9037924183308316
2020-10-23,1.3622127586243489,1.175880146477265,0.911776480966792
2020-10-26,1.3309009734292063,1.1488513976062655,0.8908184117244762
2020-10-27,1.3484952319685275,1.1336637999440113,0.8790419612143499
2020-10-28,1.3984055095062837,1.091704827047151,0.8465070087640578
2020-10-29,1.394778405990176,1.0945364280311407,0.8487026297960302
2020-10-30,1.3987147163648903,1.0914474534107579,0.8463074414619077
2020-11-02,1.3782618484651463,1.1074072701789248,0.8586826700201486
2020-11-03,1.4163866669092828,1.1380398391398265,0.8824351383425513
2020-11-04,1.4397741729008078,1.156831256891983,0.8970059879327644
2020-11-05,1.4727730865227642,1.183345258490196,0.9175649225707802
2020-11-06,1.4769378994675513,1.1866916067469722,0.9201596782070527
2020-11-09,1.5192276530705997,1.2206706221613828,0.9465069783073922
2020-11-10,1.5419745126199456,1.202393951682013,0.9606786932933051
2020-11-11,1.5554302877599497,1.19190146784968,0.9690618905335657
2020-11-12,1.5349261796147293,1.2076134395063671,0.9562874512293604
2020-11-13,1.5124997655005976,1.1899693081834142,0.9702595227714591
2020-11-16,1.5283683590418287,1.1774845860639018,0.9804391302977277
2020-11-17,1.52899067311913,1.177005143245436,0.980838341043692
2020-11-18,1.5212119251942713,1.1829931629740922,0.9758483209316329
2020-11-19,1.511566235037508,1.1754920480284148,0.9820359732815854
2020-11-20,1.5121807069109239,1.1759699012538936,0.9816367625356209
2020-11-23,1.5127956785695644,1.1764481431448133,0.9812375517896565
2020-11-24,1.4900236821335693,1.1587391601655928,0.9960080448236841
2020-11-25,1.4900236821335693,1.1587391601655928,0.9960080448236841
2020-11-27,1.4950998602879224,1.154791594444353,0.9994012219518855
2020-11-30,1.4736004847927862,1.1713973736080303,0.9850299396638224
2020-12-01,1.4383654478013561,1.1433882692295483,1.0085828406840749
2020-12-02,1.439219488877709,1.1427093732301798,1.009181694873854
2020-12-03,1.4346650012915079,1.139093207874421,1.012375304699905
2020-12-04,1.447393606512194,1.1289869686202771,1.0213572799882802
2020-12-07,1.438059288823527,1.1362678651117717,1.0147704930340276
2020-12-08,1.433533536146683,1.1326918878401053,1.017964102860079
2020-12-09,1.4340957190279087,1.133136090904066,1.0175648921141145
2020-12-10,1.4355022253532725,1.1342474275172418,1.0165669033200355
2020-12-11,1.444803587222723,1.141596803635579,1.0099800402241184
2020-12-14,1.4582236259314183,1.1522005102085684,1.0005988541897788
2020-12-15,1.4384432052348268,1.1365712127445424,1.014171714985913
2020-12-16,1.4458038194618221,1.1307552985617124,1.0193613024001222
2020-12-17,1.4568447947998078,1.1221202118392526,1.0271457215922684
2020-12-18,1.4500503982818098,1.127353528172818,1.0223553449240235
2020-12-21,1.4299500475948512,1.1429807100220173,1.0081836299381106
2020-12-22,1.43334724585385,1.1456961419944047,1.0057884416039882
2020-12-23,1.413435672569311,1.1297805201804139,1.0197605131460867
2020-12-24,1.417308840133923,1.1266846387400231,1.0225549122261737
2020-12-28,1.4269918645813542,1.1189871527775184,1.029540986068055
2020-12-29,1.4361214587642397,1.1118281080385224,1.0361277730223077
2020-12-30,1.4350148093069504,1.1126848628518782,1.035329351530379
2020-12-31,1.4186920991875842,1.1253412008581105,1.0235529010202526
2021-01-04,1.4015393492073007,1.1117352209052476,1.0359282057201578
2021-01-05,1.4145015500987643,1.10145328677358,1.0455090351983116
2021-01-06,1.4323245892013285,1.0875747265143545,1.0586826852484814
2021-01-07,1.4355651136705907,1.085114172153987,1.0610778735826039
2021-01-08,1.442316266406629,1.080011114520105,1.066067893694663
2021-01-11,1.4220628081985143,1.0951769699442615,1.0510978333584855
2021-01-12,1.416391864623702,1.0908095912566382,1.0552894319786157
2021-01-13,1.4217499024385114,1.0949359910084913,1.0512974006606355
2021-01-14,1.4117622170930968,1.0872441486297397,1.0586826852484814
2021-01-15,1.388871637390714,1.104872930969165,1.0415170038803314
2021-01-19,1.3779586984088277,1.096191487303819,1.049700633818442
2021-01-20,1.368525993122136,1.08868759676671,1.0568862749624737
2021-01-21,1.3729197024636413,1.0851923201786622,1.0602794520906749
2021-01-22,1.3646491095675481,1.0917296172092599,1.0538922324385724
2021-01-25,1.3739535512239642,1.0991732409632988,1.0467065912945408
2021-01-26,1.367927450993013,1.094352315164662,1.0512974006606355
2021-01-27,1.334424080815049,1.1211552649069585,1.025548954750075
2021-01-28,1.3216980213489318,1.110463095320779,1.035329351530379
2021-01-29,1.3492174212076993,1.133584320785994,1.0137725042399486
2021-02-01,1.3314191698703595,1.1186306014400362,1.0271457215922684
2021-02-02,1.316412843205672,1.1060225989399974,1.0387226048002447
2021-02-03,1.317171697503369,1.1053850253954312,1.0393213828483592
2021-02-04,1.3189424218628218,1.1038990139705331,1.0407185823884026
2021-02-05,1.310594638599195,1.0969122725019083,1.0473054454843196
2021-02-08,1.3148408494550754,1.093358373636257,1.050698622612521
2021-02-09,1.3213351776014515,1.087958002889543,1.0558882861683947
2021-02-10,1.316339562554262,1.0920712812325983,1.0518962548504143
2021-02-11,1.3078470455590694,1.0850256570033658,1.0586826852484814
2021-02-12,1.316723850357727,1.0776612171084567,1.065868326392513
2021-02-16,1.304394975706669,1.067570756562438,1.0758483666166314
2021-02-17,1.2920527826590624,1.077672117434619,1.0656686829486985
2021-02-18,1.2976188353272402,1.0823146365678724,1.0610778735826039
2021-02-19,1.293713289498659,1.0790571087800656,1.0642714834086553
2021-02-22,1.291044323776992,1.081283232959536,1.0620758623766828
2021-02-23,1.2915295986860882,1.0816896633298325,1.0616766516307183
2021-02-24,1.280117293673321,1.0721315607670758,1.0710579138067222
2021-02-25,1.2581697429919267,1.0905132058580003,1.0526946763423433
2021-02-26,1.2703363951770823,1.1010585992382624,1.0425149926744104
2021-03-01,1.2499059380616502,1.0833505885265176,1.059281463296596
2021-03-02,1.2459020471617255,1.079880233333585,1.0626747165664616
2021-03-03,1.2386475142272828,1.0861680685095674,1.0564870642165092
2021-03-04,1.2526884478041824,1.09848054120912,1.0445110464042326
2021-03-05,1.2469433199440232,1.0934426475714756,1.0493014230724775
2021-03-08,1.2445713886137253,1.0913627046966263,1.0512974006606355
2021-03-09,1.2254313740137206,1.0745788558207006,1.0674650932347065
2021-03-10,1.233451265363119,1.067546225636102,1.074451167076588
2021-03-11,1.2446789908792473,1.0578286824028944,1.084231563856892
2021-03-12,1.2455955648750598,1.057049703831375,1.085029985348821
2021-03-15,1.2485743866567969,1.0595776212155923,1.0824351535708843
2021-03-16,1.2497255533039135,1.0605545357115245,1.081437164776805
2021-03-17,1.2441897197601386,1.0558566615596572,1.08622754144505
2021-03-18,1.229786262712118,1.0680798666160152,1.0736527455846592
2021-03-19,1.2281858785956712,1.0666899193500088,1.0750499451247026
2021-03-22,1.223397205978802,1.062530916306168,1.0792415437448328
2021-03-23,1.2068801095227573,1.0768761555681112,1.0646706941546196
2021-03-24,1.2100477600332311,1.0797025898402373,1.0618762950745328
2021-03-25,1.20345161429622,1.0738169745195503,1.0676647366785208
2021-03-26,1.2185256534192612,1.0603666962594147,1.0810379540308408
2021-03-29,1.2140259107857354,1.0642823932469507,1.0770459227128606
2021-03-30,1.2124510137378193,1.0629017512158518,1.0784431222529038
2021-03-31,1.2137973787643288,1.0640820494120165,1.0772455661566749
2021-04-01,1.1940060440346791,1.046731868576098,1.094810382129125
2021-04-05,1.2133801412956005,1.0297474612280644,1.1125749176870539
2021-04-06,1.2027135053438687,1.0387998108729264,1.1027944447650855
2021-04-07,1.2003189493318163,1.0367316006787342,1.1049900657970577
2021-04-08,1.2087749401638563,1.02942804780597,1.1127744849892038
2021-04-09,1.2122440667285523,1.0264736382890067,1.1159680948152553
2021-04-12,1.2061731159179598,1.0316142458097675,1.1103792966550814
2021-04-13,1.199018078564119,1.025494694340652,1.1169660836093342
2021-04-14,1.1992323877556985,1.0253114002412198,1.1171657270531485
2021-04-15,1.2093027129147214,1.016701543390201,1.126546913087488
2021-04-16,1.2234440953636758,1.004812406610817,1.139720563137658
2021-04-19,1.2221585671542305,1.0058682085872162,1.1385230070414287
2021-04-20,1.2015892984530252,1.022797250379728,1.119361348085121
2021-04-21,1.1904476725411286,1.0133134572383289,1.1297405229135395
2021-04-22,1.1942335550522594,1.0165360144195807,1.1261477023415236
2021-04-23,1.2065103659547192,1.0060859476200232,1.1377245855495
2021-04-26,1.209685425531595,1.0034383260882982,1.1407186280734012
2021-04-27,1.2088387322117455,1.0041406611827353,1.1399202065814722
2021-04-28,1.2050286930175422,1.0009757929719032,1.1435130271534881
2021-04-29,1.206501055374283,0.9997527523205724,1.1449102266935314
2021-04-30,1.1898843027908044,1.0135220267492706,1.1291417448654248
2021-05-03,1.174529609472131,1.000443175422335,1.143712594455638
2021-05-04,1.154646700403466,1.0173790794002933,1.1243513681971802
2021-05-05,1.1392732759910211,1.0038332905711234,1.1393214285333577
2021-05-06,1.1474565600543176,0.9966228581471805,1.1475050584714683
2021-05-07,1.1644218809221325,0.9818876366483681,1.1644710963958038
2021-05-10,1.1552406502439843,0.9896296217826145,1.1552894776636145
2021-05-11,1.1416683630943538,1.0012562360259563,1.1417166168674802
2021-05-12,1.1538435097555026,1.011933979154412,1.1295409556113893
2021-05-13,1.1442604057331807,1.0035294871206406,1.1389222177873932
2021-05-14,1.1224019411900434,0.9843593632552045,1.1606787085216381
2021-05-17,1.1210508183819305,0.985544313439506,1.1592815089815947
2021-05-18,1.1196996955738177,0.9843565069828674,1.1606787085216381
2021-05-19,1.1075687929827682,0.9950210922714748,1.1481038365195828
2021-05-20,1.0913942806791694,0.9804901836712577,1.1648703071417683
2021-05-21,1.093077379561407,0.9789781160698451,1.1666667174277763
2021-05-24,1.0992486945703392,0.9734509846388185,1.173253504382029
2021-05-25,1.1011188440722197,0.9717948545173823,1.1752495581118512
2021-05-26,1.0973786164073682,0.9750958006586582,1.171257526793871
2021-05-27,1.0945734278240022,0.9726031991382724,1.1742515693177722
2021-05-28,1.0912244669290978,0.9696274188046969,1.1778443137481236
2021-06-01,1.0989912260164691,0.9627261232467271,1.1862275871300485
2021-06-02,1.0997309307947198,0.9620781352586032,1.1870260086219775
2021-06-03,1.0925189855621016,0.9683873647498302,1.1792415894298314
2021-06-04,1.084382444627735,0.9611752947192519,1.1880239974160565
2021-06-07,1.0896659106778903,0.9564921342134208,1.1938124390200446
2021-06-08,1.0898480680075773,0.9563322392847757,1.1940120063221946
2021-06-09,1.08875491553194,0.9572914711131322,1.1928143740843014
2021-06-10,1.1036943185364554,0.9704269921341852,1.1764471142080803
2021-06-11,1.1001363847058783,0.9672986666844375,1.1802395782239103
2021-06-14,1.0977177358674959,0.965172061447969,1.182834333860183
2021-06-15,1.0973472522725838,0.9648463124841413,1.1832335446061473
2021-06-16,1.1080837442206175,0.9742864096308035,1.1716567375398355
2021-06-17,1.1177110878207828,0.9827512843114481,1.1614770538719026
2021-06-18,1.139800196311778,1.002173208255269,1.1385230070414287
2021-06-21,1.123414575727368,0.9877660954968499,1.15489026691765
2021-06-22,1.122832116937865,0.9872539666205421,1.1554890449657644
2021-06-23,1.1152677043467372,0.9939050021788334,1.1477046257736183
2021-06-24,1.1044059400681059,0.9842252079850775,1.1588822982356302
2021-06-25,1.1028842335167959,0.9828690925454385,1.1604790650778236
2021-06-28,1.0945376983729929,0.9903073631937814,1.1516966570915985
2021-06-29,1.0932098421538137,0.9891059557017686,1.153093856631642
2021-06-30,1.1024823824572092,0.9974954930850981,1.1433133837096736
2021-07-01,1.096515708925882,0.9920970123012656,1.1495010360596263
2021-07-02,1.093278937572465,0.9891684713208789,1.1528942131878277
2021-07-06,1.0999036946891294,0.9951623678872148,1.1459082154876103
2021-07-07,1.0939644566339517,0.989788709961548,1.152095867837563
2021-07-08,1.1076106057594606,1.0021353673478763,1.1377245855495
2021-07-09,1.0914822052177775,0.9875428377011501,1.1542914888695355
2021-07-12,1.097333092441584,0.982249117158162,1.1604790650778236
2021-07-13,1.0912934251146467,0.9876553679499006,1.154091845425721
2021-07-14,1.0905384486991512,0.9869720902060056,1.15489026691765
2021-07-15,1.1007163220918792,0.9961833903561794,1.1441118052016026
2021-07-16,1.108397553961047,1.0031351502710295,1.1361277425656422
2021-07-19,1.1311808138049557,1.023754727340203,1.1127744849892038
2021-07-20,1.125093757641386,1.0182457473018318,1.118762493895342
2021-07-21,1.1030133700341287,0.9982622920322914,1.1407186280734012
2021-07-22,1.1039783713551579,0.9973889350479469,1.1417166168674802
2021-07-23,1.113821502629465,0.9884961609919051,1.1518962243937487
2021-07-26,1.1190325981128801,0.9838714092989657,1.1572854552517724
2021-07-27,1.1226996325827434,0.9870955248233002,1.1534930673776065
2021-07-28,1.1170657181312258,0.9821420968707703,1.1592815089815947
2021-07-29,1.1087954990663658,0.9748707876164404,1.1678642735240052
2021-07-30,1.1042474122646735,0.9788695384828057,1.1630738968557603
2021-08-02,1.0995097796767646,0.9746698236604575,1.1680639169678197
2021-08-03,1.107400963726481,0.9676746162431389,1.1764471142080803
2021-08-04,1.1083403801600835,0.9684955017820316,1.1754491254140014
2021-08-05,1.1137983480373739,0.9637261931538798,1.1812375670179893
2021-08-06,1.1089049727699467,0.9679602395828952,1.1760479034621159
2021-08-09,1.1100341579896729,0.9689459023968056,1.1748503473658867
2021-08-10,1.108714041586377,0.9677935762539984,1.1762475469059301
2021-08-11,1.0998713986157724,0.9600748564190679,1.185628809081934
2021-08-12,1.1000565310670525,0.9599132547883636,1.1858283763840842
2021-08-13,1.1072778974497628,0.953611864711871,1.1936127955762301
2021-08-16,1.1026488091906632,0.9575985364379506,1.188622775464171
2021-08-17,1.112277321245704,0.9659604454838143,1.178243524494088
2021-08-18,1.115668990928993,0.968905950795866,1.1746507039220724
2021-08-19,1.127612379514091,0.9792782210362831,1.1620759080616814
2021-08-20,1.1227703477557975,0.9750731445999051,1.1670659281737406
2021-08-23,1.1133611625254523,0.9669017105671003,1.1768463249540446
2021-08-24,1.1144941883015331,0.9659177310662129,1.178043957191938
2021-08-25,1.1124170103958133,0.9641174677801644,1.1802395782239103
2021-08-26,1.1186253588432302,0.9694981632642174,1.1736527151279934
2021-08-27,1.1066400666657459,0.9591106651975976,1.1862275871300485
2021-08-30,1.1060814624094693,0.9586265300971635,1.1868263651781632
2021-08-31,1.1031051275972292,0.9612060810709677,1.1836327553521118
2021-09-01,1.0958503159274828,0.9548844994560094,1.1914171745442579
2021-09-02,1.1022760175123598,0.949285374509519,1.1984032483861393
2021-09-03,1.097502631188265,0.953396237625795,1.1932135848302658
2021-09-07,1.1006236322174467,0.9561074389972454,1.1898204077020644
2021-09-08,1.1122558089795695,0.9662122653960659,1.1772455357000091
2021-09-09,1.116027460592087,0.969488684381154,1.173253504382029
2021-09-10,1.1184956556861485,0.9716327957933124,1.1706587487457565
2021-09-13,1.112202367739379,0.9661658412000013,1.1772455357000091
2021-09-14,1.1091852058114233,0.968786837950876,1.174051925873958
2021-09-15,1.1093738188952538,0.9686220991208565,1.1742515693177722
2021-09-16,1.1099395862119303,0.9691160847518127,1.1736527151279934
2021-09-17,1.1261734082184107,0.9832902418130729,1.1564870337598434
2021-09-20,1.1491089449266563,1.003315834027722,1.1329341327395908
2021-09-21,1.1363545424585024,0.9921796454127445,1.145509004741646
2021-09-22,1.1468488189310004,0.9830168294778343,1.156087823013879
2021-09-23,1.1611052515224467,0.9707969859078938,1.170459105301942
2021-09-24,1.1476408597490073,0.9820545277488241,1.156886244505808
2021-09-27,1.1508089474878653,0.9847655107900967,1.1536926346797565
2021-09-28,1.1782850304929242,1.0082772318051727,1.1261477023415236
2021-09-29,1.1816264950658637,1.0111365761595426,1.1229540925154724
2021-09-30,1.185827022972471,1.014731034665073,1.1189621373391565
2021-10-01,1.1782120761652497,1.0082148036272258,1.1261477023415236
2021-10-04,1.1848945915329765,1.013933138259423,1.119760482689421
2021-10-05,1.178769448472474,1.0086917559710726,1.1255489242934091
2021-10-06,1.1869219466178258,1.0156679782344187,1.117764505101263
2021-10-07,1.17802007082746,1.008050501607368,1.1261477023415236
2021-10-08,1.1792728681388382,1.0069784630322864,1.127345334579417
2021-10-11,1.171338644464545,1.013753478871923,1.119760482689421
2021-10-12,1.1669538936991632,1.009958627260565,1.1239521574512157
2021-10-13,1.1843618394435098,0.9948926464344887,1.1407186280734012
2021-10-14,1.1965888498955484,0.984621661350803,1.1524950785835275
2021-10-15,1.206328954487824,0.9766069468845816,1.161876264617867
2021-10-18,1.2013553008778957,0.9806334644018667,1.1570858879496222
2021-10-19,1.1947237100281254,0.9752202782239278,1.1634731076017248
2021-10-20,1.1992328215905146,0.9715396138196762,1.1678642735240052
2021-10-21,1.199642755039243,0.971207512681933,1.1682634842699697
2021-10-22,1.2059966062143146,0.9660635579756082,1.1744511366199222
2021-10-25,1.2008725553854276,0.9701681787925286,1.169461116507863
2021-10-26,1.1953385711078124,0.9656973501238219,1.1748503473658867
2021-10-27,1.1914799702844614,0.9688146598805397,1.1710578833500567
2021-10-28,1.2038679629856421,0.9587417511999753,1.1832335446061473
2021-10-29,1.1957447436928756,0.965210956901582,1.1752495581118512
2021-11-01,1.1843722211891026,0.956031001575706,1.1864271544321987
2021-11-02,1.1815826621057595,0.9582827471981468,1.1836327553521118
2021-11-03,1.192342455149898,0.9495563801243061,1.1944112170681591
2021-11-04,1.1893535984121535,0.9519366425835893,1.1914171745442579
2021-11-05,1.1909476756082262,0.9506607726521624,1.1930140175281156
2021-11-08,1.1921432335052808,0.9497064318213749,1.1942116497660091
2021-11-09,1.192740974448916,0.9492302487564724,1.1948104278141236
2021-11-10,1.1793908439660512,0.9598548084476795,1.1814371343201395
2021-11-11,1.1750072076866354,0.9562871579246912,1.1858283763840842
2021-11-12,1.1777761067327748,0.9540336716634229,1.188622775464171
2021-11-15,1.174611639901924,0.9565969839026808,1.1854291656381197
2021-11-16,1.1712494269021376,0.959335150889603,1.1820359885099183
2021-11-17,1.1692716634254212,0.9577152243566371,1.1840319660980763
2021-11-18,1.1702572111561789,0.956907991875426,1.1850299548921552
2021-11-19,1.1550795354865981,0.969318630329827,1.1696606838100132
2021-11-22,1.1649351631791203,0.9775892673227435,1.1596806435858946
2021-11-23,1.1689452059270493,0.980954411474786,1.1556886884095787
2021-11-24,1.1762132711517659,0.9870536200680733,1.1485030472655473
2021-11-26,1.2038095621307068,1.0102118512998488,1.121556892975429
2021-11-29,1.196739632081706,1.0042789136093389,1.1281437560713459
2021-11-30,1.1882701049225517,1.01138636397378,1.1201596934353855
2021-12-01,1.1946222099062187,1.016792906086046,1.1141716845292473
2021-12-02,1.1809253720455883,1.005134954763014,1.1269461238334526
2021-12-03,1.172768089335947,1.0120779591064144,1.1191617046413065
2021-12-06,1.1606366885348132,1.0016087764303532,1.1307385878492828
2021-12-07,1.1837879018611064,0.9816296919488005,1.153293423933792
2021-12-08,1.1864513441407034,0.9794210918944041,1.155888255711729
2021-12-09,1.1753878868146324,0.9885540272717714,1.1451097939956816
2021-12-10,1.171495145447158,0.9852800568666713,1.1489022580115118
2021-12-13,1.1979535753961787,1.0075327853274654,1.1229540925154724
2021-12-14,1.206896666813857,1.0150543270554173,1.1145708952752118
2021-12-15,1.1913349355997815,1.001966211859092,1.1289421775632749
2021-12-16,1.1890180504815842,1.0000176073685973,1.1311377224535828
2021-12-17,1.172442775326029,1.0139581585619295,1.1153693167671406
2021-12-20,1.172442775326029,1.0139581585619295,1.1153693167671406
2021-12-21,1.1573361944242844,1.0008936054121689,1.1297405229135395
2021-12-22,1.1726719217956392,0.9876308806012777,1.144710583249717
2021-12-23,1.179419679279776,0.9819478813392699,1.151297446345634
2021-12-27,1.192710674202234,0.9708822152881756,1.1642715290936538
2021-12-28,1.1943464445610428,0.9695506766476538,1.1658682959358473
2021-12-29,1.1963911770099396,0.9678907966870115,1.1678642735240052
2021-12-30,1.190052459617434,0.973018873811702,1.161676697315717
2021-12-31,1.189234535437258,0.9736876306032421,1.160878275823788
2022-01-03,1.1786017550996004,0.9649820251190455,1.171257526793871
2022-01-04,1.1812128574555751,0.9628441809928515,1.1738523585718077
2022-01-05,1.1713710572640408,0.9708665454507913,1.1640718856498393
2022-01-06,1.1665506431197352,0.9748618454873613,1.1592815089815947
2022-01-07,1.160324268465082,0.9696585950992785,1.1654690851898828
2022-01-10,1.14542029157785,0.9821135352247513,1.1504990248537053
2022-01-11,1.1327022434296328,0.9712087456729632,1.1632734641579106
2022-01-12,1.142420004815654,0.9628764810365922,1.173253504382029
2022-01-13,1.1356176015016934,0.9686098139071023,1.1662675066818118
2022-01-14,1.1323135240773157,0.9714279824657168,1.162874253411946
2022-01-18,1.1490280113831384,0.9857675804093827,1.1457086481854604
2022-01-19,1.1462255163307633,0.9833632797835316,1.1485030472655473
2022-01-20,1.1384565339766488,0.990028400965599,1.1407186280734012
2022-01-21,1.1559865941543122,1.005272950870285,1.1231537359592867
2022-01-24,1.1732431946089013,1.0202796938106435,1.1063872653371012
2022-01-25,1.1806513368716705,1.026721987406971,1.099401267636884
2022-01-26,1.1782935325956434,1.0246715857205482,1.101596812527192
2022-01-27,1.1765855937001926,1.0261568492884983,1.1000000456849985
2022-01-28,1.1727426293818128,1.0228052153929355,1.1035928662570145
2022-01-31,1.1907717382442682,1.0070811629781897,1.12055890418135
2022-02-01,1.2051950576992754,0.994882810544858,1.1341317649774842
2022-02-02,1.2124067174267787,0.9889296196048882,1.1409181953755512
2022-02-03,1.1954381301010666,1.0027704688579049,1.1249501462452947
2022-02-04,1.1992560723634276,1.005973076885956,1.121357325673279
2022-02-07,1.1975483809007625,1.0045406124818497,1.1229540925154724
2022-02-08,1.2009541321259525,1.0016837630415458,1.1261477023415236
2022-02-09,1.1807324487016002,0.9848173970366403,1.1451097939956816
2022-02-10,1.1667373564862191,0.9964903296319928,1.1315369331995473
2022-02-11,1.1449215374818977,1.0151228458105086,1.1103792966550814
2022-02-14,1.1566527061756262,1.0255240628015456,1.0990020568909196
2022-02-15,1.131024059862725,1.002800912325538,1.123353303261437
2022-02-16,1.1358472240176831,0.9985245458126321,1.1281437560713459
2022-02-17,1.1161527839863254,1.0158379497383694,1.1085828863690737
2022-02-18,1.1233874918879656,1.022422434360188,1.101397245225042
2022-02-22,1.1406922698631468,1.0381719360692667,1.0844312073007065
2022-02-23,1.149930395515963,1.0465797801899128,1.0756487231728171
2022-02-24,1.1714822192774275,1.066194622151582,1.0554890754224302
2022-02-25,1.1371441612321738,1.0349427156176867,1.0864271848888645
2022-02-28,1.1114471781358999,1.0583301684803228,1.0618762950745328
2022-03-01,1.1413225499616142,1.0867777707773116,1.033333373942221
2022-03-02,1.12589031799969,1.0720830583577048,1.0473054454843196
2022-03-03,1.0962785435519486,1.1002796608204872,1.0197605131460867
2022-03-04,1.1426273687569029,1.0537616750623189,0.9766467424235618
2022-03-07,1.1809251038002173,1.0184424743028961,0.9439122226711196
2022-03-08,1.1529565093978884,1.0425628900635733,0.9662674914534789
2022-03-09,1.2129740871839292,1.0968338871403904,1.0165669033200355
2022-03-10,1.1901102739852616,1.117508529220971,0.9974052443637275
2022-03-11,1.2010659306390843,1.1277958446248333,0.9882235494898737
2022-03-14,1.2236268621660153,1.106611225048288,1.0067864303980671
2022-03-15,1.231632395790845,1.0993712619143827,1.013373293493984
2022-03-16,1.183356921800804,1.056279939421304,1.0530938109466434
2022-03-17,1.1907585511300096,1.0496731478139378,1.0596806740425604
2022-03-18,1.2015244874233537,1.0401827988028183,1.0692615035207145
2022-03-21,1.1894127770083205,1.0506681388601113,1.0584830418046671
2022-03-22,1.204440288573652,1.037393581941563,1.0718563352986512
2022-03-23,1.1833569218008038,1.055552846110461,1.0530938109466434
2022-03-24,1.1766281367524145,1.0495507785365592,1.059081895994446
2022-03-25,1.175075863696204,1.0481661529749575,1.0604790955344894
2022-03-28,1.176402829281878,1.0469825013861223,1.0616766516307183
2022-03-29,1.205597253341567,1.0209998614538474,1.088023951731058
2022-03-30,1.2044914205636277,1.0219363724735415,1.087025962936979
2022-03-31,1.1810474619406357,1.0418271194083677,1.065868326392513
2022-04-01,1.1682196498512003,1.0305114331653367,1.0774451334588249
2022-04-04,1.1671375807199103,1.0295569169393755,1.0784431222529038
2022-04-05,1.1561207711583013,1.0392750792829804,1.0682635147266355
2022-04-06,1.1701618821247752,1.05189709687573,1.0552894319786157
2022-04-07,1.1641860120620893,1.0465251902478778,1.0606786628366394
2022-04-08,1.1648432224429228,1.045934402167873,1.061277440884754
2022-04-11,1.1558609850927706,1.0539997202054872,1.0530938109466434
2022-04-12,1.1464406632034108,1.0625898679513548,1.0445110464042326
2022-04-13,1.134391332646673,1.0514218267468407,1.0554890754224302
2022-04-14,1.139325324362927,1.055994945770374,1.0508982660563353
2022-04-18,1.1352137462639498,1.0598058025983725,1.0471058020405053
2022-04-19,1.1315349702042623,1.0563713936799217,1.050499055310371
2022-04-20,1.1222900457765546,1.0477405745189372,1.059081895994446
2022-04-21,1.1121374130157815,1.057218806391066,1.049501066516292
2022-04-22,1.0939472490621642,1.0745107194209065,1.032335385148142
2022-04-25,1.1021962581374203,1.0826131655704458,1.024550965955996
2022-04-26,1.1389147216019773,1.1186792397135596,0.990419170521846
2022-04-27,1.1334060265052635,1.1240900599670178,0.9952096233317552
2022-04-28,1.118857708087541,1.1385187993068127,1.0079840626359604
2022-04-29,1.1071152680975749,1.1265700156664333,0.9974052443637275
2022-05-02,1.1137620151650802,1.119806468849093,0.991417159315925
2022-05-03,1.105016881869213,1.1285990625112212,0.9992016546497354
2022-05-04,1.1237796193382539,1.147762215821498,1.016167692574071
2022-05-05,1.0860333587612145,1.1863140198704,0.9820359732815854
2022-05-06,1.1030302321438399,1.1677477124682314,0.9666667021994434
2022-05-09,1.1367383516639475,1.1320618551688293,0.9371257922730525
2022-05-10,1.125358925297438,1.1433944670265808,0.9465069783073922
2022-05-11,1.119663359112827,1.1376076209673587,0.9417166016391473
2022-05-12,1.1239350790159814,1.1332674404328122,0.9381237810671316
2022-05-13,1.0921300638441125,1.1653365419402653,0.9646707246112853
2022-05-16,1.0964235296925793,1.1607552811450261,0.9684631124854512
2022-05-17,1.122410432778653,1.1332436178316514,0.991417159315925
2022-05-18,1.0894183195378688,1.1665541615303048,0.9622754601354987
2022-05-19,1.075859856612822,1.1520356968914163,0.9742515540894393
2022-05-20,1.071231100649844,1.1470792036560074,0.9784431527095696
2022-05-23,1.0943952464515,1.1222749294863943,0.9996008653956998
2022-05-24,1.0941766703743285,1.1224990737819682,0.9994012219518855
2022-05-25,1.0911172721927105,1.1256376634797558,0.9966068228717986
2022-05-26,1.0762572667142667,1.110307522281975,1.0101796836679329
2022-05-27,1.0890166563606327,1.0971444554742242,1.0221557014802092
2022-05-31,1.0858268495101517,1.1003580692234707,1.0191617350979723
2022-06-01,1.069664869427719,1.116736339116462,1.0039920313179802
2022-06-02,1.0452092779629265,1.0912045595246618,1.0269461542901184
2022-06-03,1.0313950385567472,1.105626705734239,1.013373293493984
2022-06-06,1.0265194702344258,1.10040023251954,1.018163670162229
2022-06-07,1.028733110147758,1.0980272722923083,1.0203592911942012
2022-06-08,1.0430210518854883,1.1132776317278068,1.0061876523499527
2022-06-09,1.0922650753940815,1.1658386704233268,0.9586826395634829
2022-06-10,1.1220561355329428,1.1976364187219808,0.9325349829069578
2022-06-13,1.1604827694825977,1.1566214152746295,0.9005988085047802
2022-06-14,1.1764290925008245,1.1407281515547458,0.8882235799465394
2022-06-15,1.149199417687225,1.1671314909617339,0.9087824384428907
2022-06-16,1.1214349186797792,1.1389337555438193,0.886826380406496
2022-06-17,1.1221921025283097,1.1381647566212074,0.8862276023583815
2022-06-21,1.104752665973406,1.1558524163520174,0.9000000304566658
2022-06-22,1.0983824322654796,1.149187530852469,0.8948104430424565
2022-06-23,1.1045076965271496,1.142778945731375,0.8898204229303972
2022-06-24,1.0680872527828564,1.1804613597480793,0.9191616894129736
2022-06-27,1.0659997822655871,1.1827684543031631,0.9173652791269657
2022-06-28,1.0555624296792405,1.1943491052478878,0.9083832276969264
2022-06-29,1.0490681162825735,1.2016972991362074,0.9027944295367526
2022-06-30,1.0553305278343814,1.208870830512372,0.8974051986787289
2022-07-01,1.0550957511457133,1.2086018961044973,0.8976048421225433
2022-07-05,1.0846581897555494,1.2424653813081132,0.8724550981184329
2022-07-06,1.0824248471651035,1.2399071091451055,0.8742515084044408
2022-07-07,1.066361426741314,1.2215066176626652,0.8872255911524605
2022-07-08,1.0675609150844574,1.2201326154602072,0.8882235799465394
2022-07-11,1.0505279426725753,1.2006653561363427,0.8740519411022907
2022-07-12,1.0505279426725753,1.2006653561363427,0.8740519411022907
2022-07-13,1.051967383593404,1.1990201958548872,0.8728543088643973
2022-07-14,1.0688065781694656,1.1798270776142252,0.8588822373222986
2022-07-15,1.0474453340223764,1.1562469698837616,0.8760479186904486
2022-07-18,1.0538889595316345,1.1491340235292875,0.8814371495484723
2022-07-19,1.0877776465389928,1.1860853957784065,0.909780503378634
2022-07-20,1.0758450269378472,1.1990964241694837,0.8998004631545157
2022-07-21,1.0892095026263862,1.1842008819605472,0.9109780594748631
2022-07-22,1.0930279372572063,1.1883523272487333,0.9077844496488118
2022-07-25,1.102881527670646,1.1776393923818071,0.9159680795869223
2022-07-26,1.0862986828321886,1.1953462909285337,0.9021956514886381
2022-07-27,1.0608235958350696,1.167313898701292,0.923353288033104
2022-07-28,1.0672445506422759,1.160248379213592,0.928942162334942
2022-07-29,1.0842140107208953,1.1418001345816573,0.9437125792273052
2022-08-01,1.0814622229336677,1.1446980787464884,0.9413173908931829
2022-08-02,1.0647220420549186,1.1624171007182325,0.9267465413029696
2022-08-03,1.0546320951832464,1.1514013366730609,0.9355289492891947
2022-08-04,1.063407556732176,1.1418206703880993,0.9433133684813408
2022-08-05,1.0530570167429432,1.1529344342828214,0.9341317497491513
2022-08-08,1.0508068433744118,1.1504708427408268,0.9361278034789735
2022-08-09,1.0461016733019874,1.1556222756731416,0.9319361287171789
2022-08-10,1.0223520643296753,1.129386224372029,0.9530938414033091
2022-08-11,1.0212815549427903,1.1305688097032394,0.9520958526092301
2022-08-12,1.027276472849051,1.1239323761274567,0.9576846507694039
2022-08-15,1.037339440769958,1.1349421634098151,0.9483033885934
2022-08-16,1.0360293630344488,1.1335088211488957,0.9495010208312934
2022-08-17,1.0462655427366625,1.1447081176180043,0.9401197586552895
2022-08-18,1.051374685065389,1.1502979764625012,0.9355289492891947
2022-08-19,1.0661796167387296,1.1664958963738505,0.9223552992390249
2022-08-22,1.089944250487037,1.1924965320181737,0.9017964407426736
2022-08-23,1.089944250487037,1.1924965320181737,0.9017964407426736
2022-08-24,1.0875318387741206,1.189857137755424,0.9037924183308316
2022-08-25,1.0978595559819018,1.1785576910649715,0.9123752590149066
2022-08-26,1.064955017605623,1.213880876588116,0.8850299701204881
2022-08-29,1.0632737698388801,1.2119645191090516,0.8864271696605315
2022-08-30,1.0714141266330717,1.2212432428839675,0.8796407392624644
2022-08-31,1.063148164094777,1.2306651374109203,0.8728543088643973
2022-09-01,1.0806525771738855,1.2509276668069433,0.8584830265763342
2022-09-02,1.086933980448394,1.258198811399041,0.8534930064642751
2022-09-06,1.0833751814271513,1.2540792634052536,0.8562874816860262
2022-09-07,1.0985272427939752,1.2716187882935255,0.8682634994983026
2022-09-08,1.1013051431892662,1.2684031827108404,0.8660678784663303
2022-09-09,1.070593499176154,1.303774621093217,0.8902195575346974
2022-09-12,1.090517144804686,1.3280377457526922,0.9067864608547328
2022-09-13,1.0518701437714424,1.375102275069637,0.8746507191504053
2022-09-14,1.0504298504444307,1.376985160179048,0.8758483513882985
2022-09-15,1.0609629335682003,1.3631775754591102,0.8670658672604092
2022-09-16,1.0702438500847653,1.351252995556455,0.8594810915120775
2022-09-19,1.0675099116192857,1.3547047720285679,0.8616766364023856
2022-09-20,1.091001484500244,1.3845163414930777,0.842714620889892
2022-09-21,1.1044387477631068,1.4015686652861108,0.8323353699198092
2022-09-22,1.0975525024753292,1.410307534359992,0.8271457063639356
2022-09-23,1.1407235358682635,1.4657804466105206,0.7946108300553077
2022-09-26,1.160208397102959,1.440743241972679,0.7810379692591736
2022-09-27,1.16584198825993,1.4337474656899785,0.7772455052433435
2022-09-28,1.1975778421936336,1.4727760824383487,0.7984032179294737
2022-09-29,1.1823087749580308,1.4539982491874035,0.7882236104032051
2022-09-30,1.1808118254972733,1.455839191199477,0.7892215991972841
2022-10-03,1.2070918239591095,1.4882401638856126,0.8067864151697343
2022-10-04,1.2626383759388993,1.5567242741917755,0.8439121769861211
2022-10-05,1.2435256083589892,1.5802886690380094,0.8311377376819158
2022-10-06,1.2701043078948695,1.5465121087227416,0.8133732782656513
2022-10-07,1.294103839146076,1.5172896539582368,0.7980040071835092
2022-10-10,1.3002538630348162,1.5100789747718284,0.7942116193093434
2022-10-11,1.316266091249452,1.4914828145499053,0.784431146387375
2022-10-12,1.3189454469324715,1.4884467924401985,0.7828343795451814
2022-10-13,1.2819531487703586,1.5301930736624025,0.8047904375815763
2022-10-14,1.264148200128499,1.508940339804834,0.7936127651195645
2022-10-17,1.3035734002332275,1.5559999130707343,0.8183632983777105
2022-10-18,1.319152745455641,1.5745960732926576,0.8281437712996789
2022-10-19,1.2965785773228025,1.5476505989173315,0.8139720563137658
2022-10-20,1.2988041807422486,1.544994025281686,0.8125748567737223
2022-10-21,1.2751953058868437,1.5730779898516016,0.8273453498077499
2022-10-24,1.267196545137627,1.5632107370295478,0.8325349372219591
2022-10-25,1.2984891789722333,1.6018132579943425,0.8530938718599749
2022-10-26,1.3142872601048272,1.5823247815257986,0.8634730466883934
2022-10-27,1.3039576741982661,1.5947609971530787,0.8566866162903264
2022-10-28,1.3167178054450912,1.5791551534714556,0.8650698896722513
2022-10-31,1.3303893332471248,1.5955515775914377,0.8560878382422118
2022-11-01,1.3238754478204557,1.5877393981721961,0.8602794368623421
2022-11-02,1.300531059099266,1.6157365981806264,0.8451098092240145
2022-11-03,1.2867086697106973,1.6329090757259779,0.836127757793975
2022-11-04,1.228961863583815,1.5596249780599725,0.8736527303563263
2022-11-07,1.2368235912056353,1.549647982733251,0.8792415285165
2022-11-08,1.2500201543776954,1.5331136704481332,0.8886227906925038
2022-11-09,1.2337350247519185,1.553086912292964,0.8770459074845276
2022-11-10,1.3036485973151235,1.465076235477339,0.9267465413029696
2022-11-11,1.3306031838253687,1.434783928014569,0.9459082002592776
2022-11-14,1.316564323296115,1.4499219734513027,0.9359281600351592
2022-11-15,1.320495187107025,1.4455929439361979,0.938722559115246
2022-11-16,1.3188105923926383,1.4474371295540531,0.937525003019017
2022-11-17,1.3179681879274392,1.4483616956047543,0.9369261488292382
2022-11-18,1.3137564869254608,1.4437333089255595,0.9399201913531394
2022-11-21,1.305107807507385,1.4532376475745858,0.9337325390031869
2022-11-22,1.2864155278426759,1.4324237926796182,0.947105832497171
2022-11-23,1.271233451059831,1.4155185489730955,0.9582834288175184
2022-11-25,1.278382662176481,1.4075579018254722,0.963672659675542
2022-11-28,1.258523776077182,1.4294234455922583,0.9487025993393645
2022-11-29,1.2550815408711984,1.425513776341501,0.9512974311173013
2022-11-30,1.2313808420566166,1.3985946706349066,0.9692615339773801
2022-12-01,1.2435526341445564,1.3847700251922859,0.9788423634555341
2022-12-02,1.2463420213021104,1.381663876229726,0.9810379844875065
2022-12-05,1.2329022556096065,1.396562867393423,0.9704590900736092
2022-12-06,1.241523953763498,1.4063290458887698,0.963672659675542
2022-12-07,1.2417810613855929,1.4066202830540098,0.9634730923733921
2022-12-08,1.2461543886005206,1.401666422058509,0.9668662695015934
2022-12-09,1.2469261291358897,1.4025344708371066,0.9662674914534789
2022-12-12,1.2523352046646838,1.396450377555853,0.9704590900736092
2022-12-13,1.263153453979775,1.3843871948837685,0.9788423634555341
2022-12-14,1.2641837821540702,1.3832579788518382,0.979640784947463
2022-12-15,1.2299261072900345,1.4207424037918936,0.9530938414033091
2022-12-16,1.2446079398724776,1.4377020422544111,0.9417166016391473
2022-12-19,1.2472458986274841,1.4407492658562824,0.9397206240509893
2022-12-20,1.2453914630098308,1.4386071247134238,0.9411178235910328
2022-12-21,1.2636166670688431,1.417554380104684,0.9548902516893171
2022-12-22,1.2517306206133598,1.4308884217125573,0.9459082002592776
2022-12-23,1.2461838325204986,1.4245477324867244,0.9500997988794079
2022-12-27,1.2446129765599687,1.422752042927737,0.9512974311173013
2022-12-28,1.2339060707246674,1.4349914076439185,0.9431138011791907
2022-12-29,1.2532307810613155,1.412517417162608,0.9578842942132183
2022-12-30,1.240434674273475,1.426939919372768,0.9481038212912499
2023-01-03,1.2268551669377248,1.4113186686090817,0.9584830722613328
2023-01-04,1.250104604756703,1.3845735673837343,0.9766467424235618
2023-01-05,1.2403960193877985,1.3953264680828639,0.9690618905335657
2023-01-06,1.2082044301239339,1.3591140199232092,0.9942116345376761
2023-01-09,1.2152386757028522,1.351201168796757,1.0
2023-01-10,1.2208176973276046,1.344997958932861,1.004590885507759
2023-01-11,1.2300350101635102,1.3348430709604169,1.0121756612560908
2023-01-12,1.2453164809624206,1.3182595060687983,1.024750533258146
2023-01-13,1.2518656827333823,1.3113266921024558,1.0301397641161696
2023-01-17,1.2547764082326003,1.3082777132118661,1.032534952450292
2023-01-18,1.2511380244911519,1.312071230789834,1.029540986068055
2023-01-19,1.2460441392046515,1.3174131996266287,1.0253493113062606
2023-01-20,1.237069255742429,1.30792426615611,1.0327345958941065
2023-01-23,1.2308528676543085,1.3013518250493936,1.0379241833083157
2023-01-24,1.2275390474577963,1.3048554493037168,1.0351297842282288
2023-01-25,1.2228049799078524,1.2998232070685642,1.039121815546209
2023-01-26,1.2211608006307655,1.2980754693540024,1.0405190150862524
2023-01-27,1.2171784535331214,1.3023086441129976,1.0371257618163867
2023-01-30,1.2242060250084947,1.3098277281494715,1.0311377529102486
2023-01-31,1.2166228744943293,1.3017142075432353,1.0375249725623512
2023-02-01,1.2030475859001777,1.2871894551281933,1.0491018557703276
2023-02-02,1.2053364542362088,1.284740501968862,1.0510978333584855
2023-02-03,1.193205294888729,1.2976708266883787,1.0405190150862524
2023-02-06,1.2051076023284975,1.3106151852166434,1.0301397641161696
2023-02-07,1.1978690747147296,1.3027429220337678,1.036327340324458
2023-02-08,1.2010990621040418,1.3062556959240923,1.033532941244371
2023-02-09,1.2041145925147565,1.302976154794214,1.0361277730223077
2023-02-10,1.1943722321690986,1.3135183932993497,1.0277445757820471
2023-02-13,1.1772070958020435,1.2946409263469647,1.0425149926744104
2023-02-14,1.1715723690831104,1.288444100108722,1.0475050127864698
2023-02-15,1.1709026712699053,1.289180604501494,1.046906234738355
2023-02-16,1.1782696878549446,1.2972917952328065,1.0403193716424382
2023-02-17,1.1723918551194095,1.2908202172399597,1.0455090351983116
2023-02-21,1.1840307304326747,1.3036347855898631,1.0351297842282288
2023-02-22,1.1915650980468127,1.3119302322001234,1.0285429211323118
2023-02-23,1.1848591990068376,1.3045469413509319,1.0343313627363
2023-02-24,1.1654240674527023,1.3259452994385021,1.0173653248119643
2023-02-27,1.1482753911792851,1.3064346274596492,1.032335385148142
2023-02-28,1.137174507922542,1.3190645056172765,1.0223553449240235
2023-03-01,1.1440570013381912,1.3110811638245443,1.0285429211323118
2023-03-02,1.1442790664314162,1.310826678811534,1.0287425645761261
2023-03-03,1.1289598780265968,1.2932778120640174,1.0425149926744104
2023-03-06,1.1270145101886009,1.2955063244408973,1.0407185823884026
2023-03-07,1.10388629392315,1.3220922735782463,1.0193613024001222
2023-03-08,1.1032378654622506,1.3213156698076927,1.019960080448237
2023-03-09,1.1140327568360826,1.3342443949472524,1.0099800402241184
2023-03-10,1.1217384836497497,1.3434733181966276,1.0029940425239012
2023-03-13,1.1311141674142948,1.3547022999611942,0.9946108452836406
2023-03-14,1.1093227059402748,1.3286033049801171,1.0137725042399486
2023-03-15,1.0682609253838855,1.3777817965619206,0.9762475316775973
2023-03-16,1.052098282155695,1.3569361444417485,0.9910180247116249
2023-03-17,1.067991004962672,1.3774336686523139,0.9760479643754473
2023-03-20,1.0472427807539733,1.3506737966524485,0.9950099798879408
2023-03-21,1.066149904715743,1.3262884703703839,1.0129740827480196
2023-03-22,1.0596374330980884,1.3343899727781643,1.0067864303980671
2023-03-23,1.0596374330980884,1.3343899727781643,1.0067864303980671
2023-03-24,1.0522847071900123,1.34364918108646,0.9998004326978499
2023-03-27,1.0403102220604588,1.3283591107962418,1.0111776724620118
2023-03-28,1.0403102220604588,1.3283591107962418,1.0111776724620118
2023-03-29,1.0557115775459582,1.3086933126103368,1.0261477327981894
2023-03-30,1.071934357457834,1.2885830438265347,1.041916214626296
2023-03-31,1.0756306890411815,1.2841396465517632,1.0455090351983116
2023-04-03,1.0830233522078765,1.2753139297302971,1.0526946763423433
2023-04-04,1.084050093573174,1.2741048906428896,1.0536926651364222
2023-04-05,1.0768627473454007,1.2825523166740664,1.0467065912945408
2023-04-06,1.067621918387032,1.271546414001919,1.0556886427245802
2023-04-10,1.0672181950492992,1.272027251790561,1.0552894319786157
2023-04-11,1.06217176883117,1.2660123696386372,1.0602794520906749
2023-04-12,1.0705700041257582,1.2560024352023413,1.0686627254726
2023-04-13,1.0847669355750578,1.2393464665090261,1.0828343643168485
2023-04-14,1.0835671658822432,1.2407172036514023,1.0816367320789553
2023-04-17,1.0795680861279753,1.2452962710190023,1.0776447769026394
2023-04-18,1.0721696970495112,1.2367621299589386,1.085029985348821
2023-04-19,1.0690139393967943,1.2404023387495329,1.0818363755227696
2023-04-20,1.0692112165721377,1.2406312441554024,1.0816367320789553
2023-04-21,1.0621081218994062,1.2323893542045687,1.0888223732229867
2023-04-24,1.0669757118936962,1.22674137358385,1.093812393335046
2023-04-25,1.0486736002536357,1.247783987134035,1.0750499451247026
2023-04-26,1.0467265939653312,1.2454673051189562,1.0770459227128606
2023-04-27,1.0352816558512559,1.2318493304612275,1.0888223732229867
2023-04-28,1.0354714822179572,1.231623461992098,1.0890220166668012
2023-05-01,1.0358510625538135,1.2320749471902708,1.0886228059208367
2023-05-02,1.0483861108074073,1.2469845413137712,1.075449155870667
2023-05-03,1.0454674858271122,1.2435130338273575,1.0784431222529038
2023-05-04,1.0410170499841387,1.2488065269794395,1.0738523128868092
2023-05-05,1.0255372570926056,1.2302369306413863,1.089820362017066
2023-05-08,1.0270399102185226,1.2284343443807098,1.0914172050009237
2023-05-09,1.0178363389483918,1.2394426634603244,1.0816367320789553
2023-05-10,1.0193389204238643,1.2412723913986587,1.0800399652367618
2023-05-11,1.0236717144071692,1.2465485340449713,1.075449155870667
2023-05-12,1.026711568060813,1.2502502335862695,1.0722555460446157
2023-05-15,1.0194489551224275,1.2414063831757662,1.0798403217929473
2023-05-16,1.0092733637039972,1.2537974343176166,1.0690619362185643
2023-05-17,1.0053161852699772,1.2488815212001805,1.0732535348386947
2023-05-18,1.0036334884259546,1.250971897367473,1.0714571245526867
2023-05-19,0.996528760493207,1.242116259243791,1.0790419764426828
2023-05-22,0.9946853429129056,1.2444139741114835,1.0770459227128606
2023-05-23,0.9808600274970024,1.261710313926511,1.0620758623766828
2023-05-24,0.9963443835755816,1.281628315701656,1.0453093917544973
2023-05-25,0.9997689070959476,1.2860333852577632,1.0417165711824816
2023-05-26,0.9894244706262503,1.2727270195993723,1.052495032898529
2023-05-30,0.9796671942728508,1.28527810320539,1.0421157819284461
2023-05-31,0.9909255515227557,1.3000485478379744,1.0301397641161696
2023-06-01,0.9792133797712872,1.2846827195432784,1.0423154253722604
2023-06-02,0.967962393176733,1.2699219448700272,1.0542914431845367
2023-06-05,0.9609986153382682,1.2790580997026988,1.0467065912945408
2023-06-06,0.9657633311934517,1.2727164168843432,1.0518962548504143
2023-06-07,0.9910527886754091,1.3060437411591335,1.0243513225121814
2023-06-08,0.9808178554848366,1.292555791185656,1.0349301407844145
2023-06-09,0.9853577628520637,1.2985386385880977,1.0301397641161696
2023-06-12,0.9817302368000415,1.2937581589302305,1.0339321519903355
2023-06-13,0.9745283344046813,1.2842672421441825,1.0415170038803314
2023-06-14,0.9780768020961911,1.2889435359523014,1.0453093917544973
2023-06-15,0.990776678694925,1.3056798738495377,1.0588822525506316
2023-06-16,0.9904031445309203,1.3051876175715855,1.0584830418046671
2023-06-20,0.9760223998163434,1.324139061775464,1.043113770722525
2023-06-21,0.9773297337681816,1.3259126808570956,1.0417165711824816
2023-06-22,0.9814494887384636,1.3315018235674685,1.0373254052602012
2023-06-23,0.9935358281459978,1.3478989822048149,1.024550965955996
2023-06-26,0.9921809245362911,1.346060826856238,1.0259481654960394
2023-06-27,0.9821433616032699,1.3596784745322994,1.036327340324458
2023-06-28,0.9817650955991357,1.3591548033824694,1.0359282057201578
2023-06-29,0.9800626099380259,1.356797883611783,1.0341317954341498
2023-06-30,0.9645511059859703,1.3782719971228736,1.050499055310371
2023-07-03,0.9618020249532941,1.374343764205359,1.0475050127864698
2023-07-05,0.9498895036064453,1.3573216546607259,1.0345310061801143
2023-07-06,0.9673001870186466,1.3822002300403884,1.0155689145259565
2023-07-07,0.9614066986124332,1.3737788721825805,1.0217564907342447
2023-07-10,0.9561479297763981,1.3662644815182925,1.0273453650360829
2023-07-11,0.9658078743923216,1.3800678259707109,1.0377246160061657
2023-07-12,0.9890288746618874,1.4132489132330697,1.0626747165664616
2023-07-13,1.0046333896776305,1.3909512185423387,1.0794411871886471
2023-07-14,1.0001749264453315,1.3971241219412416,1.0746507343787381
2023-07-17,0.9990602929210395,1.3986811309631009,1.0734531021408447
2023-07-18,0.9946018296887404,1.3924392970714978,1.0782435549507539
2023-07-19,0.9940495001714457,1.391666037560147,1.0788423329988683
2023-07-20,0.9903712270680197,1.386516467288218,1.0748503016808881
2023-07-21,0.9874286226167239,1.3906361038617845,1.0780439115069396
2023-07-24,0.9841378673456173,1.3860015986589203,1.074451167076588
2023-07-25,0.9830409721691001,1.3875464009865803,1.0756487231728171
2023-07-26,0.9821289050107331,1.3888337689995918,1.076646711966896
2023-07-27,0.9875912322205903,1.3811094627016398,1.070658703060758
2023-07-28,0.995508169880469,1.3700379209939517,1.0792415437448328
2023-07-31,0.9951399320551044,1.3705446971309616,1.0788423329988683
2023-08-01,0.9851977214728125,1.3842374890212232,1.068063871282821
2023-08-02,1.003425037306164,1.4098475095793672,1.0483034342783986
2023-08-03,1.0062909033646013,1.4138741523030958,1.0453093917544973
2023-08-04,1.004561548071537,1.4114443472230371,1.0471058020405053
2023-08-07,1.0133701146074467,1.3990680010766858,1.0562874207726947
2023-08-08,1.0085828406577562,1.4056773550519552,1.0512974006606355
2023-08-09,1.005327456387005,1.4011402761260408,1.0546906539305012
2023-08-10,1.0089423472945518,1.3961021472933035,1.0584830418046671
2023-08-11,1.0005709866033,1.407685836557772,1.049700633818442
2023-08-14,1.0020930917715105,1.4098272597208754,1.0481037908345843
2023-08-15,1.0144975525763646,1.427278878865267,1.0351297842282288
2023-08-16,1.0211487156811943,1.436636284011591,1.0283433538301618
2023-08-17,1.0294733368451978,1.448348048058496,1.019960080448237
2023-08-18,1.030682062651312,1.450048583273219,1.0187625243520078
2023-08-21,1.0254317569789586,1.4426620199693392,1.0239521117662171
2023-08-22,1.0222335322793832,1.4471615464117409,1.0207585019401657
2023-08-23,1.0308287754566843,1.4349933822736383,1.0293413426242408
2023-08-24,1.0450208927953193,1.4547499072623493,1.015169703779992
2023-08-25,1.0374185213936005,1.444166818285017,1.0225549122261737
2023-08-28,1.027293413735359,1.4300718853239656,1.032534952450292
2023-08-29,1.0415917419482916,1.4499762640643092,1.046906234738355
2023-08-30,1.0411945577473611,1.4494233529374092,1.0465070239923908
2023-08-31,1.031662364190453,1.4361538022628517,1.0369261945142367
2023-09-01,1.0356341304446166,1.4306247964508658,1.0329341631962565
2023-09-05,1.0474413631979993,1.4143142873068653,1.0211577126861302
2023-09-06,1.0511266596325517,1.4093381926217792,1.0175648921141145
2023-09-07,1.0548379801741596,1.4143142873068653,1.0139720715420986
2023-09-08,1.0540073800644414,1.4132006285040042,1.0147704930340276
2023-09-11,1.0654098830768677,1.428488969675481,1.0257485220522249
2023-09-12,1.0585684129037083,1.4193160073874853,1.0191617350979723
2023-09-13,1.0629221620165268,1.4134785520726962,1.0149700603361775
2023-09-14,1.049335120759232,1.4315466591172215,1.0279441430841973
2023-09-15,1.0479088462306596,1.4296008760247003,1.0265469435441539
2023-09-18,1.039962437364004,1.4187600542128755,1.0187625243520078
2023-09-19,1.039351199059225,1.4195939309561774,1.0193613024001222
2023-09-20,1.038130080992887,1.4212617904800067,1.0205589346380157
2023-09-21,1.023917449787241,1.4018038535175703,1.006586863095917
2023-09-22,1.0269630412786683,1.3976342577266103,1.0035928205720157
2023-09-25,1.0337032118180896,1.3884612954386146,0.9970060336177631
2023-09-26,1.0467409318904128,1.3709491415686992,0.9844311616157079
2023-09-27,1.0511978385963572,1.365111792291136,0.9802395629955776
2023-09-28,1.0411374789710177,1.3781764268013996,0.9896208251715815
2023-09-29,1.0428173686442141,1.3804001334626126,0.9912175920137749
2023-10-02,1.0251780864961275,1.357050630315134,0.9744511213915894
2023-10-03,1.0371475907996113,1.3412063359690476,0.9630738816274276
2023-10-04,1.0315588522961894,1.3484335151645224,0.9682634690416368
2023-10-05,1.0251793261270599,1.3567727067464423,0.9742515540894393
2023-10-06,1.0386215331449138,1.3745627841850498,0.9870259933936446
2023-10-09,1.0346308228527001,1.3692812820448705,0.9832335293778145
2023-10-10,1.0184581424962589,1.3906850020998283,0.9986028004599565
2023-10-11,1.025175972999493,1.3998580704250496,1.0051896635558737
2023-10-12,1.0141832018063455,1.384847652822265,0.9944112018398262
2023-10-13,1.0237509927695219,1.3717830183120014,0.9850299396638224
2023-10-16,1.0152456682750621,1.3831797932984358,0.9932135696019329
2023-10-17,1.016265795094898,1.3817899633805244,0.9922155808078539
2023-10-18,1.0350741372366923,1.3562167535718328,0.9738523433434749
2023-10-19,1.0437722358299268,1.3448199785853983,0.9656687134053643
2023-10-20,1.053265049428476,1.3325892208184364,0.956886229277475
2023-10-23,1.0517271221414293,1.3345350039109576,0.9582834288175184
2023-10-24,1.0556702841819536,1.3395384764452192,0.9618762493895342
2023-10-25,1.0466886558821717,1.3281417014587846,0.9536926194514237
2023-10-26,1.0521652605421936,1.321192445832002,0.9487025993393645
2023-10-27,1.0590276352609431,1.312575436718616,0.9425150231310762
2023-10-30,1.0428798773074324,1.3325892208184364,0.956886229277475
2023-10-31,1.045272814860903,1.3356469102601771,0.9590818503094474
2023-11-01,1.0383115872422863,1.3445419489794808,0.96546906996155
2023-11-02,1.0612802270193147,1.3742847545791326,0.9868263499498302
2023-11-03,1.070081293832135,1.3856815295655671,0.9950099798879408
2023-11-06,1.0668614392731335,1.381512039811833,0.9920160135057039
2023-11-07,1.061924263440223,1.37511873735966,0.9874252041396091
2023-11-08,1.0567724633912667,1.381789963380525,0.9922155808078539
2023-11-09,1.056347278651594,1.3812340102059153,0.9918163700618895
2023-11-10,1.0608116778703103,1.3870714655207044,0.9960080448236841
2023-11-13,1.063787889952323,1.3909630317057464,0.9988024439037709
2023-11-14,1.0954633826488274,1.4323805358605244,1.0285429211323118
2023-11-15,1.0956760155665122,1.4321025062546067,1.0287425645761261
2023-11-16,1.0929123553064872,1.4284902662050045,1.0261477327981894
2023-11-17,1.0778186619787382,1.4482184666367093,1.0403193716424382
2023-11-20,1.0825749513868186,1.4418276456234558,1.0449101810085328
2023-11-21,1.0786458633243858,1.4365946889738976,1.0411177931343671
2023-11-22,1.0794730646700335,1.4376963972363361,1.041916214626296
2023-11-24,1.091053567964051,1.4531198926517421,1.0530938109466434
2023-11-27,1.0873313196811611,1.448162415600135,1.049501066516292
2023-11-28,1.0869177190083372,1.4476115614689158,1.0491018557703276
2023-11-29,1.0815410680341524,1.4547724550453995,1.0542914431845367
2023-11-30,1.0792886981308694,1.4578021002347636,1.0520958221525645
2023-12-01,1.0692554353188772,1.4442501084230641,1.0618762950745328
2023-12-04,1.0638287538740998,1.4515799615209442,1.0564870642165092
2023-12-05,1.0656376476890257,1.4540481726918713,1.0546906539305012
2023-12-06,1.0654360090098296,1.453773039438401,1.0548902212326514
2023-12-07,1.069669588143832,1.4479963779089473,1.059081895994446
2023-12-08,1.075112695399387,1.4406281216941565,1.0644711268524696
2023-12-11,1.0773301892565186,1.4376567271380898,1.0666666717427775
2023-12-12,1.0791445583417034,1.4352355196505064,1.0684630820287855
2023-12-13,1.094062712697986,1.4153947440525942,1.083233575062813
2023-12-14,1.1077712620298599,1.3976599209499299,1.0968064358589473
2023-12-15,1.095070678433565,1.4136840743773156,1.084231563856892
2023-12-18,1.0984978542179618,1.4092597537175537,1.0876248171267577
2023-12-19,1.1097871935010182,1.3947766926568652,1.0988024134471053
2023-12-20,1.0855956313328374,1.4251805640195305,1.0748503016808881
2023-12-21,1.0696695112409758,1.404272597774958,1.0906187835089947
2023-12-22,1.0686906924257047,1.4029875948595463,1.0916167723030736
2023-12-26,1.0751392185582205,1.3945219066738357,1.0982036353989908
2023-12-27,1.0810014676061632,1.3869182079354556,1.104191644305129
2023-12-28,1.0739667389316154,1.3959437213866275,1.0970060031610973
2023-12-29,1.0751392185582203,1.3944197304529409,1.0982036353989908
2024-01-02,1.0620467902933584,1.4114001735220212,1.0848303419050065
2024-01-03,1.0720126062206072,1.4246441797725578,1.0746507343787381
2024-01-04,1.0650437582385786,1.4153829745780417,1.0816367320789553
2024-01-05,1.0622922269619421,1.419039604169873,1.0788423329988683
2024-01-08,1.0501068420338644,1.4027620269024113,1.0912175615571091
2024-01-09,1.0397345232255162,1.4166176598464801,1.080439175982726
2024-01-10,1.0353166688070716,1.4105984208503717,1.085029985348821
2024-01-11,1.0391257953950122,1.415788280254412,1.0810379540308408
2024-01-12,1.0366315660063854,1.4123899421972361,1.0836327858087775
2024-01-16,1.0167734381830198,1.4394462473767526,1.0628742838686118
2024-01-17,1.0242202179070032,1.449988654098042,1.0550898646764657
2024-01-18,1.0155009618692743,1.4376448025455717,1.064071916106505
2024-01-19,1.016262865701925,1.4365661752215428,1.0648702614567698
2024-01-22,1.0145484549128236,1.434142722950307,1.0666666717427775
2024-01-23,1.0115108875073278,1.4384365594535988,1.0634730619167263
2024-01-24,1.0003098441205638,1.4225079218971093,1.0752495124268526
2024-01-25,1.0068090225484756,1.4132656527603347,1.082235586268734
2024-01-26,1.015907773178608,1.4004936657592169,1.0920159830490381
2024-01-29,1.0183217577852586,1.3971658340011464,1.0946108148269749
2024-01-30,1.0192501916078287,1.3958919969195864,1.0956088036210538
2024-01-31,1.0116369209268168,1.4063185866828347,1.0874251736829434
2024-02-01,1.0216641762144794,1.392379281787226,1.0982036353989908
2024-02-02,1.031134385375592,1.4052857958229659,1.088023951731058
2024-02-05,1.0368092989408964,1.4130198754336851,1.0820359428249198
2024-02-06,1.0291589519822928,1.4025935681874897,1.0900200054608802
2024-02-07,1.0259551603440384,1.4069598689780265,1.0866267521910145
2024-02-08,1.0259551603440384,1.4069598689780265,1.0866267521910145
2024-02-09,1.0289704555910553,1.402824796053153,1.089820362017066
2024-02-12,1.0297242973753868,1.4017970620287064,1.0906187835089947
2024-02-13,1.0105017632167892,1.4279653208305527,1.0702594923147934
2024-02-14,0.9967444741591311,1.4085245515037972,1.0848303419050065
2024-02-15,0.9861076087251569,1.3934933308617825,1.0964072251129828
2024-02-16,0.9871847580134785,1.3919711842559377,1.097604857350876
2024-02-20,0.9918522679660592,1.385389802905101,1.1027944447650855
2024-02-21,0.9932884670171548,1.383383762706786,1.1043912877489432
2024-02-22,0.9841329377525105,1.3706325721470785,1.1145708952752118
2024-02-23,0.9848379201737701,1.369650721187414,1.1153693167671406
2024-02-26,0.9855428353642057,1.3686703694166518,1.1161676621174053
2024-02-27,0.987305291417355,1.3662227625843693,1.1181637158472275
2024-02-28,0.982370548930185,1.3730514077583307,1.1125749176870539
2024-02-29,0.9827230401408148,1.3735440818857307,1.1121757069410894
2024-03-01,0.9740810412212746,1.361465229567486,1.1219561037213934
2024-03-04,0.9737344468956981,1.3619496616661195,1.121556892975429
2024-03-05,0.9773735881550893,1.3670396810474652,1.1173652943552985
2024-03-06,0.9677709670010315,1.3536086201729414,1.128343323373496
2024-03-07,0.9836922002238568,1.3313397990685185,1.1469062042816895
2024-03-08,0.9795835327956969,1.336900514571804,1.1421158276134447
2024-03-11,0.9792411329590016,1.3373678096033577,1.1417166168674802
2024-03-12,0.9698253660212027,1.3245085217512542,1.1526946458856775
2024-03-13,0.9715046916794894,1.3222150354978255,1.1546906234738354
2024-03-14,0.9646193539810464,1.3315859599074886,1.146506993535725
2024-03-15,0.9637796911519031,1.3327450525897253,1.145509004741646
2024-03-18,0.9691536101330211,1.3401762777969541,1.1391217850895434
2024-03-19,0.9679648865074758,1.338532473154268,1.140518984629587
2024-03-20,0.9796536884329214,1.3223688279977488,1.1542914888695355
2024-03-21,0.9764350028607045,1.3267135158380345,1.1504990248537053
2024-03-22,0.9745715669234967,1.3292454259360431,1.1483034038217328
2024-03-25,0.9742327545147444,1.3287833102127145,1.1487026145676973
2024-03-26,0.97592563907747,1.326474337595399,1.1506986682975195
2024-03-27,0.9820198297724528,1.318191137276009,1.1578842332998869
2024-03-28,0.979311279049035,1.3218268964024813,1.1546906234738354
2024-04-01,0.9813426759473628,1.3245687774722936,1.152295435139713
2024-04-02,0.9731832434345133,1.3355819839834435,1.1427146056615591
2024-04-03,0.966553708570661,1.3264837104711469,1.1504990248537053
2024-04-04,0.9588400752301999,1.3370697843581325,1.1413174061215157
2024-04-05,0.961523080912443,1.3333284244362216,1.144511015947567
2024-04-08,0.9561570695479569,1.3258874637144802,1.1508982355996697
2024-04-09,0.9540013040145522,1.3288768287325106,1.1483034038217328
2024-04-10,0.9425592806595038,1.3448150037081164,1.1345309757234485
2024-04-11,0.941730159533698,1.343632038824364,1.1355289645175275
2024-04-12,0.9576215306124808,1.3663053652609647,1.1163673055612195
2024-04-15,0.9593336831482262,1.3687482125873378,1.1143713279730616
2024-04-16,0.9522885405658225,1.3788000084186307,1.106187621893287
2024-04-17,0.9493673758916057,1.374570511049053,1.1095808751631526
2024-04-18,0.9478303510947416,1.3767959392807072,1.1077844648771447
2024-04-19,0.9498796957747295,1.3738191096926538,1.110179653211267
2024-04-22,0.9602973010481985,1.3587520382881495,1.122355314467358
2024-04-23,0.9743012757985197,1.3389374150299513,1.138722574343579
2024-04-24,0.9696902014079272,1.345274202406105,1.1333333434855553
2024-04-25,0.9676408567279392,1.348117306859283,1.1309381551514328
2024-04-26,0.9599557327436185,1.3374103916059774,1.1399202065814722
2024-04-29,0.9626451526196448,1.3336634916533001,1.1431138164075236
2024-04-30,0.9485256822402993,1.3532248244197609,1.1263473457853381
2024-05-01,0.9503746704277227,1.3558627041969016,1.1241517247533657
2024-05-02,0.9404186831477804,1.3416588830552278,1.135928175263492
2024-05-03,0.9485157967383526,1.3301070449531436,1.1457086481854604
2024-05-06,0.9559518455631828,1.319679447476609,1.1546906234738354
2024-05-07,0.9620660170029066,1.3112389110366187,1.1620759080616814
2024-05-08,0.9653708995754559,1.3067345521371814,1.1660678632379973
2024-05-09,0.9737985140306019,1.2953268589847637,1.1762475469059301
2024-05-10,0.977929680282883,1.2898316661615974,1.1812375670179893
2024-05-13,0.9785906820120306,1.2889598438017364,1.1820359885099183
2024-05-14,0.9868530145165926,1.2780770354833273,1.1920160287340367
2024-05-15,0.9969330702580134,1.2650223175364885,1.2041916899901275
2024-05-16,0.9924714031411586,1.2706837893490137,1.1988024591321038
2024-05-17,0.9944543452920069,1.2681449832551301,1.2011976474662263
2024-05-20,0.9949500650705704,1.268777133492355,1.2005988694181118
2024-05-21,0.9952808324989229,1.2683553332791273,1.2009980040224117
2024-05-22,0.9870102586017426,1.2788950987093826,1.1910179637982934
2024-05-23,0.9918071435065089,1.2851105483871492,1.1852295983359695
2024-05-24,0.9998244383247381,1.2747223290565144,1.1948104278141236
2024-05-28,0.9984881906638022,1.2764259728816227,1.1932135848302658
2024-05-29,0.9827876629425778,1.2964968776341323,1.1744511366199222
2024-05-30,0.9731001222639742,1.2837170405285692,1.1860279436862342
2024-05-31,0.982598605436389,1.2711866087378156,1.1976048268942106
2024-06-03,0.9832536861666115,1.2703391316018888,1.1984032483861393
2024-06-04,0.9807971646642457,1.273512895846031,1.195409205862238
2024-06-05,0.9731001222639741,1.2635186961177158,1.204790468038242
2024-06-06,0.9761632051833072,1.2595414460405792,1.2085828559124079
2024-06-07,0.9648780689819594,1.2741026348810673,1.194610784370309
2024-06-10,0.968424780388807,1.2787859979855838,1.190219618448029
2024-06-11,0.9989570559029479,1.3191032711541266,1.1526946458856775
2024-06-12,0.9842538182712596,1.2996879331854834,1.1696606838100132
2024-06-13,0.9696411938190993,1.3189836182212815,1.152295435139713
2024-06-14,0.9541887751473329,1.3400032358075358,1.133932197675334
2024-06-17,0.9469664295287751,1.329860623830683,1.1425150383594092
2024-06-18,0.951929553184438,1.3228907223483748,1.1485030472655473
2024-06-20,0.9540802001325157,1.3199019813379276,1.1510978029018197
2024-06-21,0.9461391896615468,1.3308878035497305,1.1415169734236659
2024-06-24,0.9372055292156288,1.318321259579831,1.152295435139713
2024-06-25,0.9352574318077969,1.321061553089011,1.1499002468055908
2024-06-26,0.9435369541666576,1.3327564707600632,1.139720563137658
2024-06-27,0.9448588646169263,1.3346236840139596,1.1381237962954645
2024-06-28,0.9460188055436918,1.3362621135095076,1.136726596755421
2024-07-01,0.9410354005198814,1.3292229983348747,1.1427146056615591
2024-07-02,0.939227287534386,1.3317769780922577,1.140518984629587
2024-07-03,0.9278855106993043,1.3156949099069581,1.1542914888695355
2024-07-05,0.9355871293450124,1.3047744026532497,1.1638723183476893
2024-07-08,0.9314153809908637,1.3105923433838096,1.1586826547918156
2024-07-09,0.9229115218792113,1.3225581030957545,1.1481038365195828
2024-07-10,0.9105568228411927,1.3048534727637264,1.1634731076017248
2024-07-11,0.9069639655904759,1.2997048075259945,1.1680639169678197
2024-07-12,0.9176578118966396,1.2843802257538661,1.1818363450661038
2024-07-15,0.9082038035533492,1.2976123273202853,1.1696606838100132
2024-07-16,0.9047941456927402,1.2927407180465076,1.174051925873958
2024-07-17,0.9094088610074795,1.2993340745773336,1.1680639169678197
2024-07-18,0.9165573100881778,1.3095475482624728,1.1588822982356302
2024-07-19,0.9220825796158432,1.3174418753097878,1.1518962243937487
2024-07-22,0.9091404869520866,1.2989506303754392,1.1680639169678197
2024-07-23,0.9010619930066229,1.3104929221923225,1.1576846659977367
2024-07-24,0.8926727809174769,1.322694083878115,1.1469062042816895
2024-07-25,0.8956245143873204,1.327067736218824,1.1431138164075236
2024-07-26,0.8832699800643021,1.3087617345041418,1.1588822982356302
2024-07-29,0.8773368399613136,1.3175530066038434,1.1510978029018197
2024-07-30,0.8802273575063282,1.3132121310032667,1.15489026691765
2024-07-31,0.8881381529437812,1.3014100068750425,1.1652695178877328
2024-08-01,0.8703388487012124,1.3274917516800748,1.1419161841696301
2024-08-02,0.8770325719021965,1.3377014100798994,1.1331337761834053
2024-08-05,0.8964981858748902,1.3673915038045452,1.1079840321792946
2024-08-06,0.8939141545781432,1.3634501880312304,1.111177642005346
2024-08-07,0.8926295350070247,1.3614908110744839,1.1127744849892038
2024-08-08,0.9051183233060348,1.3424421802105915,1.128343323373496
2024-08-09,0.9107223121906863,1.3341305254109086,1.1353293972153775
2024-08-12,0.9083205939432311,1.337648837836635,1.1323353546914763
2024-08-13,0.8956716585193334,1.3190212366543317,1.1481038365195828
2024-08-14,0.9011216535002178,1.3109952384539088,1.1550898342198
2024-08-15,0.909841704870123,1.298308887193106,1.1662675066818118
2024-08-16,0.9140460121698724,1.2923095034513654,1.1716567375398355
2024-08-19,0.9254131869874955,1.276238203047861,1.1862275871300485
2024-08-20,0.9235446257655481,1.2788151375996002,1.1838323987959263
2024-08-21,0.9322646177349629,1.2908895489698045,1.1950099951162736
2024-08-22,0.9265031859836723,1.298867296803798,1.187624786670092
2024-08-23,0.9425417935564092,1.3213518636975212,1.2081836451664434
2024-08-26,0.9397389220232429,1.32528121680353,1.2045908245944277
2024-08-27,0.9439432293229923,1.319352028000717,1.2099800554524514
2024-08-28,0.9398946701086911,1.3250107102645858,1.204790468038242
2024-08-29,0.9426975416418574,1.3210593794197034,1.2083832886102577
2024-08-30,0.9425417935564091,1.3212776386810459,1.2081836451664434
2024-09-03,0.9246346247617246,1.3463803363675093,1.1852295983359695
2024-09-04,0.9266589340691204,1.3434326961070058,1.1826347665580328
2024-09-05,0.9282228915279827,1.3411653337492828,1.1806387889698748
2024-09-06,0.9412478565274853,1.3223458975017293,1.1640718856498393
2024-09-09,0.935276308115682,1.3307352420185001,1.171457094096021
2024-09-10,0.9316110648414524,1.3255202394002736,1.1668662847299263
2024-09-11,0.9268303153876976,1.3323224129677724,1.1728542936360644
2024-09-12,0.9332973048148675,1.3416187370253643,1.181037923574175
2024-09-13,0.9383447684317321,1.348874486857603,1.187425219367942
2024-09-16,0.9457581083991055,1.3595311937320969,1.1968064054022816
2024-09-17,0.9411838802221378,1.3529557218026387,1.1910179637982934
2024-09-18,0.9424457009990076,1.3511418492153262,1.1894211969561
2024-09-19,0.9263138828420203,1.3742693085402855,1.2097804881503011
2024-09-20,0.9140873460974283,1.3924084668850583,1.1938124390200446
2024-09-23,0.9117949032519755,1.3889164408314363,1.1968064054022816
2024-09-24,0.9029749779433138,1.3754812491842636,1.2083832886102577
2024-09-25,0.8982020722114665,1.382751707944077,1.201996068958155
2024-09-26,0.9174428235503093,1.3531312220879184,1.2277445148687158
2024-09-27,0.9171445667274026,1.353571119386056,1.2273453802644156
2024-09-30,0.9087919532479075,1.3658983541398761,1.2161677078024038
2024-10-01,0.9186360784320332,1.3806939015023825,1.202994057752234
2024-10-02,0.9207699508281293,1.3839010742588704,1.2001996586721473
2024-10-03,0.9307234160267037,1.3988609577439002,1.1872255759241275
2024-10-04,0.9263420874733059,1.3922758978315137,1.1928143740843014
2024-10-07,0.9305273160705898,1.39856622295191,1.187425219367942
2024-10-08,0.9330299925604776,1.4023277017879245,1.1842316095418906
2024-10-09,0.9298848190332308,1.3976005611822035,1.1882235647182064
2024-10-10,0.9323840871704225,1.401356917323941,1.1850299548921552
2024-10-11,0.9267304094459453,1.3928595389403604,1.1922155960361869
2024-10-14,0.930143800085546,1.3877292727226587,1.1966068381001316
2024-10-15,0.9149387877970174,1.4104144109162995,1.1770459683978591
2024-10-16,0.9158696694723475,1.4089794199122514,1.178243524494088
2024-10-17,0.9172660511716141,1.4068312178894218,1.180039934780096
2024-10-18,0.9236273324268788,1.3970747802187478,1.1882235647182064
2024-10-21,0.9127666516395521,1.413502599850408,1.1742515693177722
2024-10-22,0.9160249150620213,1.4185483186114793,1.1700598945559777
2024-10-23,0.922275475895977,1.4282278834525581,1.1620759080616814
2024-10-24,0.9186320040164809,1.4225856341822776,1.1666667174277763
2024-10-25,0.9150172061097305,1.4281834791845542,1.1620759080616814
2024-10-28,0.923346955201205,1.4151821826419733,1.1726547263339144
2024-10-29,0.9161173593877043,1.4262627359760554,1.1634731076017248
2024-10-30,0.923189816141719,1.4372735321548278,1.1544910561716855
2024-10-31,0.9318088227912157,1.4506920836966555,1.143712594455638
2024-11-01,0.927580685134847,1.4441094825483853,1.1489022580115118
2024-11-04,0.9280641161214613,1.4433568501541199,1.1495010360596263
2024-11-05,0.935799319276939,1.4553869009532516,1.1590818655377801
2024-11-06,0.9572322664938802,1.4220536531235135,1.1325349981352906
2024-11-07,0.9428923662148843,1.4433568501541199,1.1495010360596263
2024-11-08,0.9289757648879252,1.4646600471847262,1.1325349981352906
2024-11-11,0.9293032224134714,1.4641437646583728,1.1321357873893263
2024-11-12,0.9478172141506024,1.4933130873369895,1.1095808751631526
2024-11-13,0.9537847366868113,1.483911085169003,1.1025948774629353
2024-11-14,0.9508495148570127,1.4793444276800203,1.1059880545911367
2024-11-15,0.9479323035790239,1.4748057912490944,1.1025948774629353
2024-11-18,0.9441570928346361,1.4689322677411525,1.1069860433852157
2024-11-19,0.946710670282508,1.464959377700054,1.1039920770029787
2024-11-20,0.9491070276163884,1.4686675498573836,1.1011976017812277
2024-11-21,0.9508273331753737,1.4713295857256314,1.0992016241930698
2024-11-22,0.9475468558094429,1.466253308219306,1.1029940120672355
2024-11-25,0.9528624699151359,1.4744787977767924,1.1091816644171881
2024-11-26,0.9473754139270703,1.4659880155578877,1.1027944447650855
2024-11-27,0.9550916068511837,1.4779282096838813,1.1117764961951249
2024-11-29,0.96555132776933,1.4941137949193273,1.1239521574512157
2024-12-02,0.9652083785937174,1.4935831083783822,1.1235529467052512
2024-12-03,0.9617789522484598,1.4988898725697244,1.1275449780232314
2024-12-04,0.9650138022165111,1.5039312428815401,1.1313373658973973
2024-12-05,0.9736968547348056,1.5174633954122605,1.1415169734236659
2024-12-06,0.9748886449834402,1.5193207476965143,1.1429141729637091
2024-12-09,0.9738671475975805,1.5177287892917872,1.1417166168674802
2024-12-10,0.9660353645500681,1.5055233025043753,1.1325349981352906
2024-12-11,0.9616087243333821,1.5124220251004448,1.1377245855495
2024-12-12,0.9530048851161591,1.4988898725697242,1.1275449780232314
2024-12-13,0.9524987958549095,1.4996858517720877,1.1281437560713459
2024-12-16,0.9498024111988108,1.4954404606626353,1.1249501462452947
2024-12-17,0.9653066711865389,1.4710293858697032,1.1065868326392514
2024-12-18,0.9874195850511978,1.4373315496555028,1.0812375213329908
2024-12-19,0.9914297337440804,1.4314942001413233,1.0768463554107104
2024-12-20,0.9934511957327788,1.4285754747751795,1.0746507343787381
2024-12-23,0.9882846815925884,1.4360048839121942,1.0802395325389118
2024-12-24,0.993397805759477,1.443434394267317,1.0858284068407498
2024-12-26,0.9968673685090338,1.4484757645791329,1.0896207947149157
2024-12-27,0.9937629642298362,1.443964979590154,1.08622754144505
2024-12-30,1.0008847386242725,1.4336168450869955,1.0784431222529038
2024-12-31,1.0018109550678667,1.4322901793436869,1.0774451334588249
2025-01-02,0.9984703422636824,1.4275141016932895,1.0738523128868092
2025-01-03,0.9945729842576987,1.4330861585460506,1.0780439115069396
2025-01-06,1.0070949237843139,1.4511290960657504,1.0916167723030736
2025-01-07,1.0074632243875858,1.4516597826066955,1.0920159830490381
2025-01-08,1.0043327746290107,1.4471490988358247,1.0886228059208367
2025-01-10,1.0151973965639811,1.4314942001413238,1.0768463554107104
2025-01-13,1.0200899542668453,1.424595376327146,1.071656691854837
2025-01-14,1.015720048725359,1.430698119720852,1.0762475012209316
2025-01-15,1.0283412369779852,1.4484757645791329,1.0896207947149157
2025-01-16,1.038325109459677,1.4625386036507986,1.1001996129871487
2025-01-17,1.0428461503503434,1.468906740924031,1.1049900657970577
2025-01-21,1.0669581768085457,1.5028698697996499,1.1305389444054683
2025-01-22,1.0637558297331,1.498359186028779,1.127145767277267
2025-01-23,1.0731745990507735,1.511626045898081,1.1371258075013855
2025-01-24,1.0780723274777806,1.5185247684941503,1.1423153949155946
2025-01-27,1.0820281933449218,1.5240968253469114,1.146506993535725
2025-01-28,1.0784490868736285,1.5190554550350956,1.1427146056615591
2025-01-29,1.077695568081933,1.5201168281169857,1.1435130271534881
2025-01-30,1.0880417319980857,1.5347103537295963,1.1544910561716855
2025-01-31,1.0805172100086147,1.5240968253469114,1.146506993535725
2025-02-03,1.0647157712380533,1.5018084967177596,1.1297405229135395
2025-02-04,1.0504191938098901,1.5219741804012394,1.1449102266935314
2025-02-05,1.0603080940942193,1.5363024133524317,1.1556886884095787
2025-02-06,1.0669006244261854,1.5458544674351185,1.162874253411946
2025-02-07,1.0575611540627101,1.5323223149043979,1.1526946458856775
2025-02-10,1.0639705876594494,1.5230355534831295,1.1596806435858946
2025-02-11,1.0722113378963904,1.5112392164942983,1.1686626950159342
2025-02-12,1.0793532981492104,1.5011729077030846,1.1764471142080803
2025-02-13,1.0912566118089684,1.4846176870829588,1.1894211969561
2025-02-14,1.0945529119037447,1.4801331823663955,1.1930140175281156
2025-02-18,1.1007792487652572,1.4717134817808049,1.1998004479261828
2025-02-19,1.0875940483861515,1.4893417548243582,1.1854291656381197
2025-02-20,1.0799026582124776,1.4788092325516442,1.1938124390200446
2025-02-21,1.085499904481995,1.4864740525215558,1.187624786670092
2025-02-24,1.087324246231689,1.4839758149236946,1.18962076425825
2025-02-25,1.0980880295809077,1.469285446137496,1.2013972147683762
2025-02-26,1.1002773231935528,1.4663560842323227,1.203792479244163
2025-02-27,1.0847701399444467,1.4870227398356863,1.1868263651781632
2025-02-28,1.076195580613696,1.4752685771431646,1.196207627354167
2025-03-03,1.0621887186933086,1.4560677147462504,1.211776465738459
2025-03-04,1.0642882997434464,1.4531895706577314,1.2141717302142458
2025-03-05,1.0893076732052025,1.4190278753842052,1.2427145752048934
2025-03-06,1.0781101745738932,1.4336147208487657,1.229940135900688
2025-03-07,1.0943815606295009,1.4119778797094524,1.2485030168088815
2025-03-10,1.1232500992741532,1.4492242473861336,1.2155689297542893
2025-03-11,1.1245411856812209,1.45089001507919,1.2141717302142458
2025-03-12,1.1213984939712922,1.4468352947359369,1.2175649073424473
2025-03-13,1.113493548157664,1.4570343048716017,1.2089820666583724
2025-03-14,1.0912494309275937,1.4279273181814474,1.2331337457267395
2025-03-17,1.1020241611325852,1.4138283127939588,1.24530940698283
2025-03-18,1.107146584899025,1.407256562367291,1.2510978485868183
2025-03-19,1.1069699124211159,1.407481124776026,1.250898205143004
2025-03-20,1.1179212477232088,1.4214054397513776,1.2385229765847632
2025-03-21,1.1274699488340616,1.4335463447830767,1.2279441583125301
2025-03-24,1.1280197330003043,1.4342453798950565,1.2273453802644156
2025-03-25,1.1219659963904307,1.426548223976765,1.2339321672186683
2025-03-26,1.106720903979903,1.4459319304104419,1.2171656965964828
2025-03-27,1.1050874987490387,1.443797884898052,1.2189621068824907
2025-03-28,1.1101541951992138,1.4504175287058627,1.213373308722317
2025-03-31,1.0984664505595905,1.4656875783707253,1.2005988694181118
2025-04-01,1.0966402665838193,1.4632508947854015,1.2025948470062697
2025-04-02,1.1002805801105726,1.4583936118753782,1.20658687832425
2025-04-03,1.0866294564601515,1.476487825193852,1.1916168179880722
2025-04-04,1.1592534648310013,1.5751677050175117,1.111976063497275
2025-04-07,1.1944201637318825,1.6229514297000325,1.0782435549507539
2025-04-08,1.2003900635511526,1.6310631961797428,1.0728543240927302
2025-04-09,1.2946346688256785,1.5030057323858366,1.1570858879496222
2025-04-10,1.271855163443034,1.5294515923612106,1.136726596755421
2025-04-11,1.2358992800015958,1.4862133489157927,1.1688623384597485
2025-04-14,1.2456074856704644,1.4745388823208498,1.178043957191938
2025-04-15,1.257215129883987,1.46079785802396,1.1890219862101354
2025-04-16,1.2534162527946795,1.465211892967581,1.1854291656381197
2025-04-17,1.2428638343262837,1.4528763827131141,1.195409205862238
2025-04-21,1.2360155691048793,1.460881831522498,1.1888224189079855
2025-04-22,1.2609184380892111,1.4314484248880317,1.212774454532538
2025-04-23,1.2642388258980746,1.4276789789386033,1.2159680643585895
2025-04-24,1.2812559024783265,1.4084619433445922,1.2323354003764748
2025-04-25,1.2872740509564424,1.4018462992063465,1.2381237658387987
2025-04-28,1.2798031585954268,1.3937104692327078,1.24530940698283
2025-04-29,1.2820595960045078,1.3912532003792257,1.2475050280148026
2025-04-30,1.2832904013869268,1.3899175667373334,1.2487026602526958
2025-05-01,1.2769313576204897,1.3968049763439745,1.2425150079027434
2025-05-02,1.3050340820547104,1.366064071514375,1.2698602967971617
2025-05-05,1.306675155897936,1.3643462527640764,1.2714571397810197
2025-05-06,1.3031879131064357,1.3679874076552416,1.268063886511154
2025-05-07,1.306469982542179,1.3714326741544103,1.2648702766851025
2025-05-08,1.3112117768138374,1.3764102485994172,1.2602794673190079
2025-05-09,1.303528106215396,1.3683445164685974,1.2676646757651895
2025-05-12,1.3057858434391978,1.365974515902376,1.2698602967971617
2025-05-13,1.3107118226816545,1.3608214794034217,1.274650749607071
2025-05-14,1.308248872208318,1.3633785906225495,1.2722555612729485
2025-05-15,1.3211794992109565,1.349903065901504,1.2848304332750038
2025-05-16,1.3254896821132414,1.3454991759547819,1.289022031895134
2025-05-19,1.3400622499995094,1.3307066216655183,1.3031936707393827
2025-05-20,1.3503246349834925,1.320515883397746,1.313173710963501
2025-05-21,1.3423199872233111,1.3283438265711687,1.3053892917713552
2025-05-22,1.3414989776336044,1.3291562878549337,1.3045908702794262
2025-05-23,1.3433462883583367,1.3309866020827767,1.302794383851754
2025-05-27,1.3279102569796561,1.315692592539295,1.3177644441879317
2025-05-28,1.3150374639292475,1.3284469472652212,1.3049900048837264
2025-05-29,1.3100090243484377,1.3233672325089016,1.3099800249957856
2025-05-30,1.3086117938782416,1.3219557544303897,1.311377224535829
2025-06-02,1.322952770024117,1.3074685428456583,1.3257485068238921
2025-06-03,1.3117987450049664,1.3184920178850486,1.3145709105035446
2025-06-04,1.3032340038046348,1.3098835762693757,1.3231537511876197
2025-06-05,1.3053965703134525,1.3077099755620425,1.325349372219592
2025-06-06,1.308738664012265,1.3043619590522775,1.3287425493477933
2025-06-09,1.308738664012265,1.3043619590522775,1.3287425493477933
2025-06-10,1.306576097503447,1.3022066246332769,1.3309381703797656
2025-06-11,1.305988279749935,1.3027924765971717,1.330339392331651
2025-06-12,1.2950152830287263,1.2918463312176334,1.3415169886519986
2025-06-13,1.2755543661989819,1.3112596264413308,1.3213572647599474
2025-06-16,1.294244390634271,1.3304728211969774,1.3019961146431538
2025-06-17,1.3122999950268857,1.3490338372527517,1.2838323683392605
2025-06-18,1.3139322463172047,1.3507117784475124,1.2822355253554027
2025-06-20,1.3212954376950148,1.3582810799460086,1.2750499603530354
2025-06-23,1.3099192405986975,1.3465864408540729,1.2860279893712327
2025-06-24,1.2916214086922422,1.3277764168628243,1.3039920922313117
2025-06-25,1.2829222420418744,1.336719090193404,1.2952096081034223
2025-06-26,1.2710598380523326,1.3243592593721925,1.3071856259156986
2025-06-27,1.2828990089531795,1.3120236358740476,1.3193612871717895
2025-06-30,1.284839825084923,1.3100387589507965,1.3213572647599474
2025-07-01,1.2842575950528778,1.3106324079751435,1.320758486711833
2025-07-02,1.2815404228534815,1.307859433179202,1.3235528857919197
2025-07-03,1.2815404228534815,1.307859433179202,1.3235528857919197
2025-07-07,1.2736166329503171,1.3159459540462604,1.3153693319954736
2025-07-08,1.2622140664568673,1.3041644172363653,1.3271457063639356
2025-07-09,1.2736041482469131,1.292395780065582,1.339121724176212
2025-07-10,1.2732245416147692,1.292780987675139,1.3387225895719117
2025-07-11,1.2876520557929594,1.3074301052654447,1.3235528857919197
2025-07-14,1.2878461358374136,1.3076271663362589,1.323353394631434
2025-07-15,1.3028031038799788,1.3228138700846566,1.3079840474076276
2025-07-16,1.2962423314430358,1.3161523256408256,1.3145709105035446
2025-07-17,1.2946677526540138,1.3145535616714612,1.3161677534874023
2025-07-18,1.2911336218995293,1.318141975889083,1.3125749329153866
2025-07-21,1.2974165043746428,1.311727666030247,1.3189621525674893
2025-07-22,1.3035030046423586,1.305574028579557,1.3251497287757776
2025-07-23,1.2756227230212767,1.277649450374265,1.353493006464275
2025-07-24,1.2611377613650416,1.29215742594164,1.3381238115237972
2025-07-25,1.2630189047133524,1.2902300129172695,1.3401197891119552
2025-07-28,1.2421378834464154,1.3115609053040942,1.317964087631746
2025-07-29,1.24552399888219,1.3151362705558862,1.3143712670597303
2025-07-30,1.2583859080540862,1.3287170311640615,1.300798406263596
2025-07-31,1.2736402589422402,1.3448239469318846,1.2850299244354895
2025-08-01,1.2777947059713781,1.3492105857899281,1.2808383258153593
2025-08-04,1.2632584047177107,1.333861851413407,1.2954092515472366
2025-08-05,1.2652048440077321,1.331806625732457,1.2974052291353946
2025-08-06,1.2708496219014533,1.3258647004898756,1.3031936707393827
2025-08-07,1.282723094625522,1.3134772251460047,1.3153693319954736
2025-08-08,1.2866159732055646,1.309491012239596,1.3193612871717895
2025-08-11,1.2796086729584488,1.3166228968770926,1.3121756460277578
2025-08-12,1.2685138056511485,1.30520709715386,1.3235528857919197
2025-08-13,1.279226734897929,1.2941842835101194,1.3347306343955958
2025-08-14,1.2819049307219426,1.2914747724836184,1.3375250334756827
2025-08-15,1.28573088305604,1.2876202581574825,1.3415169886519986
2025-08-18,1.2826701503789073,1.2906854885659746,1.3383234549676115
2025-08-19,1.2803746373587392,1.2883756310058918,1.3407185671600697
2025-08-20,1.2885711759892575,1.2801278726373393,1.3493014078441448
2025-08-21,1.2807559528834678,1.2878918868532558,1.3411178540476985
2025-08-22,1.2616942486663805,1.2687239773420698,1.3610779344959354
2025-08-25,1.2437466769176901,1.2867715468199357,1.341716632095813
2025-08-26,1.241156320290441,1.289451511531336,1.3389222330157262
2025-08-27,1.244301733171551,1.2927193169863236,1.3355290558875248
2025-08-28,1.2420702263098484,1.2904009789584905,1.337924168079983
2025-08-29,1.2366964905297673,1.2959838145859757,1.3321357264759948
2025-09-02,1.252447017403426,1.3124894229189619,1.315169688551659
2025-09-03,1.2480750790052977,1.3079078934606596,1.3197605740594183
2025-09-04,1.2412797406577096,1.300786786074532,1.3269462152034497
2025-09-05,1.2478147285224825,1.293938510393218,1.333932212903667
2025-09-08,1.2554699593206302,1.2860003143539707,1.3421157667001131
2025-09-09,1.2537895949205677,1.2877215416367636,1.3403194325557697
2025-09-10,1.2502419690288118,1.2913651787358353,1.3365269685399395
2025-09-11,1.2633120872104093,1.2778651556044824,1.3504991162237023
2025-09-12,1.2597644613186534,1.2814536493409792,1.3467066522078723
2025-09-15,1.2687266896897558,1.2723371195411508,1.356287405544362
2025-09-16,1.265552573077159,1.2755202687731941,1.3528942284161605
2025-09-17,1.2608847042520281,1.2802249024842631,1.3479042083041013
2025-09-18,1.2556567139602097,1.274916722173279,1.353493006464275
2025-09-19,1.251212606309005,1.279428996186285,1.3487026297960303
2025-09-22,1.2471387820972195,1.275263302206187,1.3530938718599748
2025-09-23,1.246954771891756,1.2754514620690889,1.3528942284161605
2025-09-24,1.238860007155302,1.28373121667683,1.344111744288271
2025-09-25,1.2511860241067847,1.2965036789780708,1.3307385269359513
2025-09-26,1.2382368500405223,1.2830854889622243,1.3445110311758999
2025-09-29,1.2435677558733271,1.277561499010809,1.350299472779888
2025-09-30,1.252207494973169,1.2686855869558968,1.359680734955892
2025-10-01,1.268016349443859,1.2526687000631398,1.376846416324042
2025-10-02,1.2698545589819026,1.2508527396037383,1.3788423939121999
2025-10-03,1.2772075373804745,1.2436097895280425,1.3868264565481603
2025-10-06,1.2724280803844432,1.2482635199006988,1.3816367929922866
2025-10-07,1.2621339947742816,1.2583621115114854,1.3704591966719393
2025-10-08,1.2533105328931136,1.2495650185169231,1.3800399500084288
2025-10-09,1.2395338668420937,1.2633005130470825,1.3648702462284368
2025-10-10,1.2257573390901857,1.2773411899842377,1.3497006947317736
2025-10-13,1.2179626628335825,1.2692184884285271,1.3582835354158485
2025-10-14,1.212772347195925,1.263809747447282,1.364071824736508
2025-10-15,1.2149019348523638,1.2615905398239606,1.3664670892122948
2025-10-16,1.222710287533535,1.2534821126401883,1.3752495733401842
2025-10-17,1.2235975141793893,1.2525725572518227,1.3762474859925988
2025-10-20,1.2292762792041216,1.2467593178927745,1.3826347056447015
2025-10-21,1.2214680619153884,1.2546785853719797,1.3738523738001407
2025-10-22,1.2225327880473886,1.2535849103764896,1.3750499298963696
2025-10-23,1.228389052558267,1.2475798977553263,1.3816367929922866
2025-10-24,1.2303411407285598,1.2455973125516961,1.383832414024259
2025-10-27,1.2361974052394382,1.2396684306384875,1.390419277120176
2025-10-28,1.233180455544707,1.2426938513985788,1.387025947708646
2025-10-29,1.2264369643879742,1.249489365355805,1.3794411719603143
2025-10-30,1.2321157294127065,1.2552748697989937,1.3730539523082117
2025-10-31,1.2371308609085134,1.2603842668995602,1.367465154148038
2025-11-03,1.239117215390215,1.2624079573726792,1.3652695331160656
2025-11-04,1.2532474769961952,1.276803814737577,1.3497006947317736
2025-11-05,1.241385933255034,1.2647193185982428,1.3624751340359789
2025-11-06,1.235748135605443,1.2704630856337604,1.356287405544362
2025-11-07,1.2412040330084708,1.2648539197771953,1.3622754905921644
2025-11-10,1.2557530002503885,1.250027736687824,1.3782436158640854
2025-11-11,1.2693926050087232,1.2364503179900563,1.393213676200263
2025-11-12,1.2766669498804473,1.2293647512439425,1.4011975865528947
2025-11-13,1.2679376805346843,1.2377705896176863,1.3916168332164052
2025-11-14,1.2577534867148827,1.2477124785469598,1.3804392368960576
2025-11-17,1.2726662544499274,1.2625061933640713,1.364071824736508
2025-11-18,1.2855157300140045,1.275253087865599,1.350299472779888
2025-11-19,1.2900762772732306,1.279777226963159,1.3455090961116432
2025-11-20,1.3074917063333382,1.2970536236395067,1.3273453498077499
2025-11-21,1.2886166560922014,1.2783292583582155,1.3465070087640578
2025-11-24,1.285560421946588,1.2813610937068125,1.343313475079671
2025-11-25,1.3077185931449815,1.2592753029523613,1.3664670892122948
2025-11-26,1.3195618465827421,1.2478707724677784,1.3788423939121999
2025-11-28,1.3279665997853398,1.2399226449143126,1.3876247257567607
2025-12-01,1.3214720111407772,1.2459866434599824,1.3808383715003578
2025-12-02,1.3270115903744293,1.2407634970918953,1.386626813104346
2025-12-03,1.3357984639303624,1.232547719595417,1.3958084318365354
2025-12-04,1.3346523943427842,1.2336052035608582,1.3946108757403064
2025-12-05,1.3342702739894488,1.233958393393851,1.3942115888526776
2025-12-08,1.3314049542842887,1.2366082952682045,1.3912175463287764
2025-12-09,1.3356072580174803,1.2405113929988982,1.3868264565481603
2025-12-10,1.318691157529365,1.2247997268225927,1.4043912725206105
2025-12-11,1.3284369643685954,1.215747826014583,1.414770447349029
2025-12-12,1.320377874043818,1.2231232768675788,1.406187606664954
2025-12-15,1.3282496467495777,1.2158313124868532,1.4145709561885431
2025-12-16,1.3087578900805679,1.233673356075233,1.3938124542483774
2025-12-17,1.3162547415671948,1.240740106926252,1.385828391612417
2025-12-18,1.305259060206288,1.2303752569951398,1.3974052748203933
2025-12-19,1.3112251006031985,1.224751493322178,1.403792494472496
2025-12-22,1.3170046622322493,1.2193530863418118,1.4099800706807841
2025-12-23,1.3218521145052466,1.2148650567550712,1.4151697342366578
2025-12-24,1.3246487270566536,1.2122947942962798,1.418163776760559
2025-12-26,1.328563927731974,1.2087116727483789,1.4223553753806892
2025-12-29,1.32334366016488,1.2134610101430707,1.4167665772205156
2025-12-30,1.318309871365646,1.2088451974671675,1.422155731936875
2025-12-31,1.3133142329124525,1.2134260275766844,1.4167665772205156
2026-01-02,1.300362473097807,1.201459354203199,1.4307385726209498
2026-01-05,1.3121542921283689,1.1905643987039147,1.4437126553689696
2026-01-06,1.3146940515003047,1.1882599844230326,1.4465070544490564
2026-01-07,1.31052151058555,1.192031252267983,1.4419161689412974
2026-01-08,1.3119728411999434,1.1907111431085713,1.4435130119251551
2026-01-09,1.3043535630841363,1.1837960919199833,1.4518962091654157
2026-01-12,1.311346924486776,1.177449105848006,1.4596806283575618
2026-01-13,1.3061467081192393,1.182118343254094,1.4538921867535737
2026-01-14,1.310988350203034,1.1777364511717214,1.4592814937532617
2026-01-15,1.308298564246281,1.1801528410401951,1.4562874512293604
2026-01-16,1.3126021396921677,1.1762707938317891,1.4610778278976053
2026-01-20,1.293235981781579,1.1936255163711733,1.4395210567488392
2026-01-21,1.2799665443519803,1.181378146728674,1.4542914736412025
2026-01-22,1.286466559902022,1.1753787896688348,1.4616767582290484
2026-01-23,1.2948988748558403,1.16767461417493,1.4712575115655382
2026-01-26,1.3040340390899114,1.1594369829748632,1.4816368386772854
2026-01-27,1.324236532932601,1.1414746309139587,1.5045908093660947
