Date,MLP,LSTM,BuyAndHold
2013-12-30,1.0,1.0,1.0
2013-12-31,1.0041648041612716,0.9958351958387284,1.0041648041612716
2014-01-02,0.9952941889171408,1.0046322287881428,0.995294188917141
2014-01-03,0.994861465913345,1.0050690116816754,0.9948614659133451
2014-01-06,0.9975659227869638,1.0078012170089852,0.9921570090397264
2014-01-07,1.0037113428855682,1.0015927432500757,0.9982691079848165
2014-01-08,1.0042552162155651,1.0010500179093358,0.9988100323729299
2014-01-09,1.0047446524225108,1.000562143795448,0.9992968148021475
2014-01-10,1.0073550618429739,0.9979626008771305,1.0018930702914488
2014-01-13,0.9940309950922415,1.011162435585356,0.9886412481174115
2014-01-14,1.0046358611598276,1.000374801945258,0.99918861341783
2014-01-15,1.0103461991911185,0.9946886837227827,1.0048679893591244
2014-01-16,1.008605953905283,0.9964019601166646,1.0031371798774147
2014-01-17,1.0047446524225108,1.000216540380779,0.9992968148021475
2014-01-21,1.0075182072452888,0.9974554852184481,1.002055331101188
2014-01-22,1.008225225977601,0.9967555279297107,1.0027585162990407
2014-01-23,0.9999588326654792,1.0049278817030545,0.9945369442938667
2014-01-24,0.9783683726026251,1.0266256302374852,0.9730635501146555
2014-01-27,0.9834804001808679,1.0319898045927374,0.9679792405203702
2014-01-28,0.9771056470723333,1.0253006217543261,0.9742535177417256
2014-01-29,0.986544656232601,1.0352052026865566,0.9648420606429555
2014-01-30,0.9759259552476236,1.0240627425495776,0.9752271651336349
2014-01-31,0.969809476733884,1.030480911600053,0.9691150661885447
2014-02-03,0.9914606345537198,1.0534865692912112,0.9474794111995943
2014-02-04,0.9846686624797163,1.0462696903657212,0.9539700911895846
2014-02-05,0.985952722079885,1.0476340809383797,0.9527260641370927
2014-02-06,0.9727984418329547,1.0336568668303565,0.9654370444564907
2014-02-07,0.985497316173035,1.0201635488950325,0.9780398233915711
2014-02-10,0.9868598552675143,1.0187530806011866,0.9793920518283805
2014-02-11,0.9977601680233477,1.0075004927689342,0.9902098793228558
2014-02-12,0.9985776582149205,1.0066750220824514,0.9910211833715519
2014-02-13,1.003428294064755,1.001785052923743,0.9958351133052543
2014-02-14,1.008769424029533,0.9964526697369356,1.0011358256681746
2014-02-18,1.010295461162327,0.9949452650328794,1.002650314914723
2014-02-19,1.0035917921030695,1.001547080091201,0.9959973741149936
2014-02-20,1.0092599181444768,0.9958905022564378,1.0016226080973922
2014-02-21,1.008714952404357,0.9964282489705234,1.0010817662427527
2014-02-24,1.0129660677261092,0.9922289145736964,1.00530071236292
2014-02-25,1.013456561841053,0.9917484617147296,1.0057874947921377
2014-02-26,1.013456561841053,0.9917484617147296,1.0057874947921377
2014-02-27,1.0188522465937937,0.9864683517870705,1.0111423491139537
2014-02-28,1.0210322758798456,0.984357614038934,1.0133058815994591
2014-03-03,1.0142195804074499,0.9909256029446741,1.0065447394154121
2014-03-04,1.0290985671963688,0.9763883476600816,1.021311133369472
2014-03-05,1.0286625447066011,0.9768020371665075,1.020878410365676
2014-03-06,1.0316055925590502,0.9740073644601434,1.0237991874744559
2014-03-07,1.0322595847123084,0.9733898870267451,1.0244482307134128
2014-03-10,1.0318236453853271,0.9738009647619634,1.0240155902430907
2014-03-11,1.0267004850840395,0.9786360336871002,1.0189311981153317
2014-03-12,1.0268094283343916,0.9785321905585826,1.0190393169661751
2014-03-13,1.015200651800124,0.9895951601986342,1.0075183868073214
2014-03-14,1.012421018823203,0.9923046849967241,1.004759787974807
2014-03-17,1.0031556864505156,0.9832234504603684,1.01395500737189
2014-03-18,1.0105404319375615,0.9759854364246447,1.0214192522203156
2014-03-19,1.0049751105810607,0.9813604540105848,1.015794018237917
2014-03-20,1.0108614971777243,0.9756123842701873,1.0217437738397939
2014-03-21,1.0070621162965532,0.9792792793399657,1.0179034912980007
2014-03-24,1.002834539555918,0.9833902256628684,1.0136304032189376
2014-03-25,1.0033162190705973,0.9829178856028148,1.014117268181629
2014-03-26,0.99582434296425,0.9902574450374968,1.0065447394154121
2014-03-27,0.9941119677985711,0.9919602476135649,1.0048139299337024
2014-03-28,0.9898844727123713,0.9877419027909207,1.0090869354792917
2014-03-31,0.9982679380848284,0.9793765831326755,1.017633029103944
2014-04-01,1.004847388126768,0.9729216434765654,1.0243401118625692
2014-04-02,1.0080840419670023,0.9697878237435255,1.027639552549723
2014-04-03,1.0071289226395579,0.9707066589352523,1.026665905157814
2014-04-04,0.9951904573053519,0.9822133762351672,1.0144958492265292
2014-04-07,0.9837826228156038,0.9934724548843404,1.002866717683358
2014-04-08,0.9793786458878819,0.9890251006943306,1.007356125997582
2014-04-09,0.9688612638324584,0.9784041269881133,1.0181739534920573
2014-04-10,0.9482219575419312,0.9992467214922481,0.9964841565442112
2014-04-11,0.9398324879229321,1.0080876367918425,0.9876676832589761
2014-04-14,0.932472391924747,1.0001930152750134,0.9954023903014585
2014-04-15,0.9392114561908681,0.9929645277971688,1.0025962554893013
2014-04-16,0.9487880049236396,0.9828398927879994,1.0128190991702415
2014-04-17,0.9502573889097075,0.9813177727866536,1.0143876478422118
2014-04-21,0.953702960987535,0.9777595777577581,1.0180657521077399
2014-04-22,0.9577058242924912,0.9736557444941776,1.022338757653329
2014-04-23,0.9557297135163845,0.975664766012173,1.0202292845932452
2014-04-24,0.9577565433608869,0.9735956596131398,1.0223928996122247
2014-04-25,0.9498013811880645,0.9816823820862643,1.0139008654129942
2014-04-28,0.9529429481181299,0.9784353654273368,1.0172544480590437
2014-04-29,0.9569964531758285,0.9742734240328145,1.0215815130300547
2014-04-30,0.9603913061852604,0.9708172826285165,1.025205475336687
2014-05-01,0.9597832958897362,0.9714318934638183,1.0245564320977303
2014-05-02,0.9589725639519353,0.9722524650082517,1.0236909860901384
2014-05-05,0.9606953886486755,0.9705057825470976,1.0255300794896394
2014-05-06,0.9523855795753483,0.97890044942363,1.0166594642455087
2014-05-07,0.9576045407870059,0.9735361898367786,1.0222306388024855
2014-05-08,0.9569964531758286,0.9741543941903065,1.0215815130300547
2014-05-09,0.9587192778725689,0.9724006810567001,1.0234206064295557
2014-05-12,0.9671810895197772,0.96381811512877,1.0324534824834257
2014-05-13,0.968498470931964,0.9625053143685423,1.0338597703456567
2014-05-14,0.9636848756892069,0.9672891226464371,1.0287213187924757
2014-05-15,0.9553750666158797,0.975630010970693,1.019850703548345
2014-05-16,0.9518788527853095,0.972059673773222,1.0235828672392948
2014-05-19,0.9487099995662488,0.9688236375724576,1.0269904267772922
2014-05-20,0.9427639983827887,0.9748957001608183,1.0205538062127237
2014-05-21,0.9506586819821085,0.96673194644482,1.0290998998373762
2014-05-22,0.9530571189881772,0.9642929578580143,1.0316962378601513
2014-05-23,0.9571043766024614,0.960197986068459,1.036077444790058
2014-05-27,0.9630003626967238,0.9542829426186578,1.0424599233957308
2014-05-28,0.9621509448480172,0.9551246712363985,1.0415404179627172
2014-05-29,0.9669976814643242,0.950313328752137,1.0467870709002156
2014-05-30,0.9686965171617374,0.9486438043700651,1.0486260817662427
2014-06-02,0.9698957356647718,0.947469410550293,1.0499242507776303
2014-06-03,0.9692961645345117,0.9480551181521326,1.0492752075386735
2014-06-04,0.9710449390786086,0.9463446660553565,1.0511682778301223
2014-06-05,0.9774906336989616,0.9400629292607847,1.0581458227828042
2014-06-06,0.9824372480086361,0.9353057187284657,1.0635005945711462
2014-06-09,0.983536512575789,0.934259190374479,1.0646905621982163
2014-06-10,0.9833366809465403,0.9344490100037108,1.0644742419630553
2014-06-11,0.9801887800276463,0.9374404095459498,1.061066599891584
2014-06-12,0.9729936214944681,0.94432177005479,1.053277750890206
2014-06-13,0.969845720575574,0.9412666304300088,1.0566853929616773
2014-06-16,0.9689521644443496,0.9403994053127618,1.0576589578201128
2014-06-17,0.9712316188596329,0.9381871210997437,1.0601470944585705
2014-06-18,0.9788131657538665,0.9308635233954852,1.068422725889166
2014-06-19,0.9796060260384275,0.9301095033803596,1.069288171896758
2014-06-20,0.9814394492865712,0.9283687174506189,1.0712894435725242
2014-06-23,0.9816377021633707,0.9281811849756415,1.071505846341159
2014-06-24,0.9712316188596329,0.9380205897891813,1.0601470944585705
2014-06-25,0.9672673930481462,0.9341919197154925,1.0644742419630553
2014-06-26,0.9679554867603092,0.934856484230465,1.063716997339781
2014-06-27,0.9709086262871287,0.9320043265917655,1.0669622960680394
2014-06-30,0.9696289400025104,0.9332327358587686,1.0655560082058082
2014-07-01,0.9760275216323376,0.9270743327896483,1.0725876125839118
2014-07-02,0.9769627087686757,0.9261860504705144,1.0736153194012428
2014-07-03,0.9819830684952793,0.9214266189124926,1.079132351999324
2014-07-07,0.9787346225261147,0.9244747413110528,1.0755625316515873
2014-07-08,0.9724345014115251,0.9304255912182585,1.068639128657801
2014-07-09,0.9681032150848496,0.9262814153016462,1.073398916632608
2014-07-10,0.972444919714691,0.9304355594535162,1.0685849866989054
2014-07-11,0.9707713637540251,0.9288343006624313,1.0704239975649323
2014-07-14,0.9754315187527417,0.9243754631123897,1.0755625316515873
2014-07-15,0.9736655849768868,0.9260489643479956,1.0736153194012428
2014-07-16,0.9775898157233166,0.9223166461119761,1.0779423843722538
2014-07-17,0.9663565667393397,0.932914764424181,1.0655560082058082
2014-07-18,0.9758729834842295,0.9237276734566335,1.076049314080805
2014-07-21,0.9740580230215105,0.925445652367841,1.0740480424050387
2014-07-22,0.9786690016335559,0.9210647941347332,1.079132351999324
2014-07-23,0.9805820903199066,0.919264309359887,1.0812418250594076
2014-07-24,0.9805330636330425,0.9193102703088838,1.0811877656339859
2014-07-25,0.9762163199920854,0.9233574839221799,1.0764278951257051
2014-07-28,0.9765597313498449,0.9230326671364354,1.0768065587040792
2014-07-29,0.980925501677666,0.9271591414323023,1.0719926287703767
2014-07-30,0.9812224547758951,0.9268784648884375,1.0723171503898552
2014-07-31,0.9614247759910094,0.9455796697285574,1.0506814954009047
2014-08-01,0.9639489528481079,0.9480622459825462,1.047922979101864
2014-08-04,0.9570828461313639,0.9413092986031242,1.0553872239502897
2014-08-05,0.9665006267693632,0.9505718661254517,1.0450021194596104
2014-08-06,0.966150408737248,0.9502274199873759,1.0453807830379847
2014-08-07,0.9712493766213828,0.9552423525002882,1.0398636679064295
2014-08-08,0.9824648502323405,0.9442117195295835,1.0518714630279749
2014-08-11,0.9793831196079316,0.9412499787901443,1.0551709037151287
2014-08-12,0.9779774087437719,0.942600957068803,1.0536564144685803
2014-08-13,0.9845541438451251,0.9362621227097491,1.0607420782721055
2014-08-14,0.9887712764376039,0.932251838930573,1.0652855460117514
2014-08-15,0.9891227424563921,0.9319204631613279,1.0656642095901256
2014-08-18,0.9971553650222331,0.9243523778058457,1.0743184220656214
2014-08-19,1.0026276786778865,0.9192796014691413,1.0802142007755506
2014-08-20,1.005288493999724,0.9168399787650612,1.0830809184589085
2014-08-21,1.0078488795154084,0.9145048642025831,1.0858394347579492
2014-08-22,1.0063929920509205,0.9158259116285087,1.0842708860859787
2014-08-25,1.0116141928884423,0.911074575863467,1.0898961200683774
2014-08-26,1.0123672249208504,0.9103963841730371,1.0907074241170733
2014-08-27,1.0121664419140404,0.9105769432813364,1.0904911038819125
2014-08-28,1.0112125502693257,0.9114350943739803,1.0894633970645815
2014-08-29,1.008501481741663,0.9089915299634057,1.0923842567068351
2014-09-02,1.0081019869779548,0.9093516061388501,1.0919515337030392
2014-09-03,1.0079521859660436,0.9094867331324901,1.0917892728933
2014-09-04,1.0062543141713243,0.9110187421834721,1.0899501794937991
2014-09-05,1.0108483896602178,0.9068594667255235,1.0949263702372407
2014-09-08,1.008351604533917,0.9090994002816591,1.092221913363622
2014-09-09,1.0020597334461392,0.9147719615260004,1.0854067117541533
2014-09-10,1.005854819407616,0.9113074592480764,1.0895174564900032
2014-09-11,1.004906028868288,0.910447852196372,1.0905451633073342
2014-09-12,0.9992240911274503,0.9155957046958592,1.0843790049368223
2014-09-15,0.998127570155339,0.9166004541820743,1.0831890373097521
2014-09-16,1.0058032169601174,0.9095517546392833,1.0915188106992435
2014-09-17,1.007049256605496,0.9084249561495851,1.0928710391360528
2014-09-18,1.0123324525335458,0.903659164409223,1.0986044745027688
2014-09-19,1.0111362270951814,0.9047269757565448,1.0973063054913812
2014-09-22,1.0037596936891624,0.9113272226680486,1.0893011362548422
2014-09-23,0.9982272746215921,0.9163501819830956,1.0832972386940696
2014-09-24,0.9951869348447792,0.9135592184634612,1.0865966793812234
2014-09-25,1.0115347865648012,0.9285661785811895,1.0687472475086446
2014-09-26,1.002831886205107,0.920577111831426,1.0779423843722538
2014-09-29,1.005398190437504,0.9229329213851895,1.075183868073213
2014-09-30,1.0080282908387646,0.9253472943868114,1.072371209815277
2014-10-01,0.9948089606661523,0.9374823421032343,1.0583080835925434
2014-10-02,0.9947073290115297,0.937386567049556,1.058416202443387
2014-10-03,0.983828913564531,0.9271350285181829,1.0699913570946105
2014-10-06,0.9825357929712648,0.9283536320594954,1.0685849866989054
2014-10-07,0.9676157311402275,0.9424509236701237,1.0523582454571925
2014-10-08,0.9844256917538176,0.926078140139137,1.0706404003335672
2014-10-09,1.004518084183202,0.9449796433890169,1.0487883425759819
2014-10-10,1.0153972943252774,0.955214035663569,1.0374296732268673
2014-10-13,1.0325500198675706,0.9713501079964886,1.019904762973767
2014-10-14,1.0301405770615766,0.9690834744341612,1.0222846982279072
2014-10-15,1.038370770779205,0.976825859212262,1.014117268181629
2014-10-16,1.0387031381247522,0.9771385269288665,1.0137926640286767
2014-10-17,1.0257352168544145,0.9649392227943819,1.026449584922653
2014-10-20,1.0355185239971205,0.9557357786349898,1.0362397055997972
2014-10-21,1.0558959601719269,0.9369283460514202,1.0566313335362556
2014-10-22,1.0485989755475484,0.9434031806877498,1.0493292669640952
2014-10-23,1.0609227094868285,0.932315767799333,1.061661583705119
2014-10-24,1.0684898855983047,0.9256658982627896,1.0692340299378622
2014-10-27,1.0671385982586816,0.9268365603588026,1.0678818015010527
2014-10-28,1.0792461625130771,0.9163208380091674,1.0799977980069158
2014-10-29,1.0780030012539132,0.9173763289678982,1.0787537709544237
2014-10-30,1.085408029482717,0.9110746789682767,1.0861639563774275
2014-10-31,1.0971912979717684,0.9011839860083437,1.097955431263812
2014-11-03,1.0978398895024566,0.9006512618589657,1.0986044745027688
2014-11-04,1.094164345051144,0.9036666230056568,1.0949263702372407
2014-11-05,1.101191055712391,0.8978632864933616,1.1019579746153445
2014-11-06,1.1053530438117198,0.8944697824380711,1.1061228613100902
2014-11-07,1.1067583529535556,0.8933325832695399,1.1075291491723214
2014-11-10,1.1096771797937206,0.8909766190120463,1.110450008814575
2014-11-11,1.1108663192506718,0.8900218409268692,1.1116399764416451
2014-11-12,1.1100014755590648,0.8907147503806703,1.1107745304340535
2014-11-13,1.1107041713679997,0.8901508758851577,1.111477715631906
2014-11-14,1.1111906150160158,0.8897610256887575,1.1119644980611236
2014-11-17,1.1116230368618192,0.8894147735697664,1.1123972210649196
2014-11-18,1.1183794735599348,0.8840089170728036,1.1191583632489666
2014-11-19,1.1167038904549675,0.8853333605565279,1.1174816131926786
2014-11-20,1.1184334953621475,0.8839621134981113,1.1192124226743883
2014-11-21,1.1244872362513283,0.879177494999863,1.1252703796605827
2014-11-24,1.127946528541722,0.8764728560921955,1.128732081157476
2014-11-25,1.1271898109305745,0.8770608648577841,1.1279748365342015
2014-11-26,1.1298923856098206,0.8749580047515829,1.1306792934078203
2014-11-28,1.127406063091493,0.8768833454455383,1.1281912393028364
2014-12-01,1.119838804503983,0.8827690713106905,1.1206187105366194
2014-12-02,1.112812093842736,0.8772299144071702,1.127650314914723
2014-12-03,1.117189080057868,0.873779535619856,1.1320856638035255
2014-12-04,1.1158546449601994,0.874823228313214,1.130733435366716
2014-12-05,1.1179363604546646,0.8731911760763721,1.1328429084267997
2014-12-08,1.1101432236473983,0.8792781936694785,1.1249458580411043
2014-12-09,1.1093959432506018,0.8798700698737947,1.12418861341783
2014-12-10,1.1266901699900194,0.893586248107725,1.1066637856982036
2014-12-11,1.1215138538268832,0.8894808737444453,1.1117480952924887
2014-12-12,1.1394654601804886,0.9037184245781117,1.0939528053788055
2014-12-15,1.147521960859667,0.9101080944328226,1.0862180983363232
2014-12-16,1.1564361571642174,0.9171780089868383,1.0777801235625144
2014-12-17,1.1339759541593115,0.8993646570383879,1.0987126758870862
2014-12-18,1.1061750617697144,0.8773155651175036,1.1256490432389568
2014-12-19,1.1109588338187086,0.8735215203739507,1.1305170325980811
2014-12-22,1.116167923771893,0.8694257320898524,1.1358178274944752
2014-12-23,1.1179219951513577,0.8680594190461345,1.1376027789350804
2014-12-24,1.112447122060868,0.8723106236694393,1.1320315218446297
2014-12-26,1.115423779650813,0.869976517187214,1.1350605828712008
2014-12-29,1.117337304691536,0.8684840603462816,1.1370077951215454
2014-12-30,1.1237157755643634,0.8734419188722375,1.1305170325980811
2014-12-31,1.1122103397620224,0.8823848652499469,1.1189419604803317
2015-01-02,1.1129630287570562,0.8829820197212855,1.1181847158570573
2015-01-05,1.1325056414876944,0.8984863763024749,1.098550415077347
2015-01-06,1.1427099119717925,0.9065820516564834,1.0886520930158854
2015-01-07,1.1285729990630935,0.8953663692032329,1.1021202354250836
2015-01-08,1.1084120001501025,0.8793714088318428,1.1218086781636896
2015-01-09,1.0990594396035926,0.8867913703108378,1.1123430791060238
2015-01-12,1.090722312964075,0.8935182967087217,1.103905186865689
2015-01-13,1.0878898297223891,0.8958386632873513,1.101038469182331
2015-01-14,1.094463320873108,0.9012516999429968,1.0943855283826014
2015-01-15,1.1047410370345812,0.9097150344242928,1.0841085427427657
2015-01-16,1.0905755295741453,0.8980502417941584,1.0980094906892337
2015-01-20,1.0878893829495784,0.8958382953857983,1.1007139475628525
2015-01-21,1.0932352767232862,0.8914361416001187,1.1061228613100902
2015-01-22,1.1092729580444103,0.878358838789359,1.122349602551803
2015-01-23,1.1033390126927198,0.883057532028703,1.1163457049910304
2015-01-26,1.1062792705826323,0.8807042962181996,1.1193206240587057
2015-01-27,1.0914176924174732,0.8925355363821273,1.104283850444063
2015-01-28,1.1055308487171878,0.9040769413048472,1.0900043214526949
2015-01-29,1.0949429845069945,0.895418436749131,1.1004434853687959
2015-01-30,1.1088282386102286,0.9067734686539023,1.086488477996906
2015-02-02,1.0953591109402112,0.8957587350894037,1.0996862407455215
2015-02-03,1.0797888625506762,0.8830257547698572,1.1153179981736994
2015-02-04,1.0759661599901902,0.886151870375236,1.1113695142475886
2015-02-05,1.0872248384496204,0.8768793678135677,1.12299864579076
2015-02-06,1.083716319674336,0.8797090931995517,1.1193746834841274
2015-02-09,1.079055740417099,0.8834923286069509,1.114560753550425
2015-02-10,1.0673781236092932,0.8739311127404564,1.1266226080973922
2015-02-11,1.0678906029916961,0.873511512912604,1.1271635324855054
2015-02-12,1.0778321087406595,0.865379575331097,1.1376568383605024
2015-02-13,1.0827003500999857,0.8614709177526312,1.1427952899136833
2015-02-17,1.084647677921066,0.8599214897090949,1.144850703548345
2015-02-18,1.0844426548907549,0.86008403438903,1.1446343007797102
2015-02-19,1.0853138072861395,0.8607749554473366,1.1437147953466966
2015-02-20,1.0786925535357148,0.8555235623813268,1.1506923402993787
2015-02-23,1.078337583255665,0.8558050934232648,1.1503136767210045
2015-02-24,1.0815826831807158,0.8532296726203088,1.1537753782178977
2015-02-25,1.0807713888571318,0.853869679529512,1.1529099322103058
2015-02-26,1.079554524741041,0.8548310700544186,1.151611845732392
2015-02-27,1.0831038406951146,0.8576415492710285,1.1478256226160206
2015-03-02,1.0762135894224774,0.8521855943068778,1.155127606654707
2015-03-03,1.0810513673841533,0.8560163252397661,1.1499350956761043
2015-03-04,1.0765258028049969,0.8595998341067487,1.1451211657424019
2015-03-05,1.0754071945354529,0.8587066316582564,1.1463110508359982
2015-03-06,1.0604378742332972,0.8706595502180309,1.130354771788342
2015-03-09,1.056023136112313,0.8670348834646621,1.1350605828712008
2015-03-10,1.0732838825054691,0.8812066082363357,1.1165079658007695
2015-03-11,1.075571681811803,0.8830849778829141,1.114128030546629
2015-03-12,1.0621518004771369,0.8720667484036364,1.1280289784930972
2015-03-13,1.0686708749827425,0.8774191548149899,1.1211055754993111
2015-03-16,1.0834683861028234,0.8652698392452581,1.1366291315431714
2015-03-17,1.0798076369326026,0.8681933540304266,1.1327887664679042
2015-03-18,1.0925428051254271,0.8579539484091825,1.1461487900262588
2015-03-19,1.0878509631649178,0.8616383663710661,1.1412267412417127
2015-03-20,1.0974410072560055,0.8540425189582632,1.1512873241129138
2015-03-23,1.0956363981896513,0.8554468886351513,1.149394171287991
2015-03-24,1.088778993880181,0.8608009871210563,1.142200306100148
2015-03-25,1.0682583906626228,0.8770248081217189,1.1206728524955152
2015-03-26,1.0708879683692154,0.8791836536816728,1.1179142536630007
2015-03-27,1.0687117184066957,0.877396983693881,1.1201860700662976
2015-03-30,1.0557076541392076,0.8667208335520395,1.133816473285235
2015-03-31,1.0466927239939618,0.874121961827719,1.1241345539924081
2015-04-01,1.0434190876211573,0.8768558658502742,1.1206187105366194
2015-04-02,1.0404980286252494,0.8744011017526613,1.1237558904140341
2015-04-06,1.0328855840217936,0.8680038479711356,1.131977462419208
2015-04-07,1.029825645076638,0.8705753223145085,1.1286239623066323
2015-04-08,1.0335272132749125,0.8674461577392351,1.1326806476170606
2015-04-09,1.0380677945610974,0.8636352181335682,1.1376568383605024
2015-04-10,1.0434967160667412,0.8591185499223758,1.1436065939623792
2015-04-13,1.0387094238142163,0.8630599629759277,1.1383600235583549
2015-04-14,1.0405355066932804,0.8615426772116291,1.140361295234121
2015-04-15,1.0458657739358272,0.8571293220874096,1.1462029319851545
2015-04-16,1.0453722013859517,0.8575338247641573,1.1456620075970412
2015-04-17,1.033280426999975,0.8674528808894728,1.1324101854230038
2015-04-20,1.0238044214494242,0.8594976461832318,1.1427952899136833
2015-04-21,1.0248704864995068,0.8603926221982083,1.141605322286613
2015-04-22,1.0298234491027514,0.8562345431648168,1.147122437418168
2015-04-23,1.0323970306106889,0.8540947692174803,1.149989155101526
2015-04-24,1.0346792744526734,0.8522066850117704,1.1525313511654056
2015-04-27,1.0306003989413024,0.8555662236281788,1.1479878834257597
2015-04-28,1.033416786535539,0.8532281631143759,1.1511250633031744
2015-04-29,1.0374471304672561,0.8565557681952906,1.1466356549889505
2015-04-30,1.04791996488616,0.8652025382016099,1.1350605828712008
2015-05-01,1.0365844074007549,0.8558434712528586,1.147338757653329
2015-05-04,1.0332613561179422,0.8530998338561077,1.151016861918857
2015-05-05,1.021316667035342,0.8629618229951519,1.137710897785924
2015-05-06,1.0170923610122706,0.8665311516316274,1.133005169236539
2015-05-07,1.0131108473779604,0.8631390254816069,1.1374404355918672
2015-05-08,0.9999103653026074,0.8518926240992742,1.152260888971349
2015-05-11,0.9950758046230339,0.8560115198789401,1.1466897144143722
2015-05-12,0.992024893304429,0.858636058856495,1.1431739534920573
2015-05-13,0.9916494560272768,0.8583111033173976,1.1436065939623792
2015-05-14,1.0022493592214043,0.8491364755794291,1.1558307918525597
2015-05-15,1.0032812094715726,0.8482622603188332,1.1570207594796298
2015-05-18,1.0062359883090466,0.845764030159875,1.1604283190176272
2015-05-19,1.0060484117030202,0.8459216925254829,1.1602119987824662
2015-05-20,1.0050634377126564,0.846749894086491,1.1590760905808177
2015-05-21,1.0079714118571348,0.8442999723139438,1.1624296732268673
2015-05-22,1.0100819886172758,0.8460678398141445,1.1599956785473051
2015-05-26,1.0210560295074902,0.8552599481525238,1.1473928996122247
2015-05-27,1.0112849342084589,0.8470754546307787,1.158372987916439
2015-05-28,1.0126071164192254,0.8481829447746583,1.1568584986698904
2015-05-29,1.0064522991781375,0.8533383608560267,1.1498268942917869
2015-06-01,1.0082040276247013,0.8518531269482932,1.151828165967553
2015-06-02,1.007399177467032,0.8525331620451087,1.1509086605345396
2015-06-03,1.004558470358166,0.8501291527227517,1.1541540417962717
2015-06-04,0.9964609834533709,0.8569818247022163,1.144850703548345
2015-06-05,0.9986736730050245,0.8588847940717785,1.1423085074844654
2015-06-08,1.0048211175223234,0.8641717529263365,1.1352769031063619
2015-06-09,1.0051561954469852,0.8644599284756681,1.1348983220614617
2015-06-10,0.9932277376101827,0.8542011509293169,1.14836646447066
2015-06-11,0.9965960442925761,0.8513043213948275,1.152260888971349
2015-06-12,0.9890173899489925,0.8577780990402427,1.1434984751115358
2015-06-15,0.9849005548074887,0.8613486439645572,1.138738604603255
2015-06-16,0.9794270742945002,0.8565617901094991,1.145067023783506
2015-06-17,0.9780853538185065,0.8553883832036592,1.1466356549889505
2015-06-18,0.9879127588897796,0.8467937875457392,1.1581565851478042
2015-06-19,0.9820532484336466,0.8518162928304049,1.1512873241129138
2015-06-22,0.9890662158081177,0.8457333641499178,1.1595088135846137
2015-06-23,0.9895276267360222,0.8453388196694016,1.160049737972727
2015-06-24,0.9771164190304763,0.8559415308914067,1.145499746787302
2015-06-25,0.9802076751234516,0.8586494318344939,1.1418757844806697
2015-06-26,0.9799290996544913,0.8584054032737956,1.142200306100148
2015-06-29,1.0005328200342682,0.8764539997567237,1.1181847158570573
2015-06-30,0.9981612891096806,0.8743765688891082,1.1208351133052543
2015-07-01,0.9903579091029358,0.8675409074479384,1.1295975271650676
2015-07-02,0.9891723628396848,0.868579430866178,1.1282452987282583
2015-07-06,0.9865641465885324,0.8708696717504849,1.1252703796605827
2015-07-07,0.9804940831494863,0.8655114452500123,1.132193865187843
2015-07-08,0.997029329455,0.8801076015893547,1.1131003237292982
2015-07-09,0.9988219880345566,0.8785251682583467,1.1151016779385383
2015-07-10,1.011563991420833,0.8673177951698704,1.129327064971011
2015-07-13,1.0227072470467278,0.8577635366331562,1.1417675830963523
2015-07-14,1.0269707715467151,0.854187639557828,1.146527453604633
2015-07-15,1.026583171689706,0.854510027512894,1.146094730600837
2015-07-16,1.034625702386641,0.8478155644468381,1.1550735472292852
2015-07-17,1.0357400057710964,0.8469024576579021,1.1563175742817773
2015-07-20,1.0361276056281057,0.8465855255420622,1.156750297285573
2015-07-21,1.0321063402796382,0.849871168179016,1.152260888971349
2015-07-22,1.0301199187351338,0.851506854670455,1.150043214526948
2015-07-23,1.0356915095845243,0.8561123842921912,1.143822996731014
2015-07-24,1.024818873266005,0.8650998081689432,1.1318152016094687
2015-07-27,1.030989798717938,0.8703089886045833,1.125
2015-07-28,1.0181513943111944,0.85947146259955,1.1390090667973116
2015-07-29,1.0113340461201146,0.8537166050669904,1.1466356549889505
2015-07-30,1.0116679550634284,0.8534347361725525,1.1470142360338507
2015-07-31,1.010236739947995,0.8546420974301,1.1453915454029846
2015-08-03,1.0068018527888047,0.8575479501377703,1.1414971209022955
2015-08-04,1.0089008857908657,0.8593358108207864,1.139117268181629
2015-08-05,1.0051163420916767,0.8561123089147691,1.1433902737272184
2015-08-06,0.9970332032529532,0.8629971583244378,1.1341951368636092
2015-08-07,0.9946082108146347,0.8650961471809766,1.1314365380310947
2015-08-10,0.982007957650585,0.8541366252836093,1.1457702089813586
2015-08-11,0.9731535046499705,0.8618381032052049,1.135439163916101
2015-08-12,0.9740806565783188,0.8610170047294838,1.136520930158854
2015-08-13,0.9750541413450792,0.8618774950106174,1.1353851044906793
2015-08-14,0.9783986230742595,0.8589212145205122,1.1392795289913684
2015-08-17,0.9726387374463167,0.8538646988607631,1.1459865292165197
2015-08-18,0.9698843392250329,0.8562827430093377,1.1427412304882614
2015-08-19,0.9620801058578385,0.8631728742182669,1.1335460936246522
2015-08-20,0.9825089270898094,0.8815014980327761,1.1094763614226657
2015-08-21,1.0127333278250539,0.9086186608296344,1.0753461288829524
2015-08-24,1.0549623534847836,0.9465063057691837,1.0305062702330812
2015-08-25,1.0673658880947647,0.9353779240943368,1.0183902737272184
2015-08-26,1.0254150642769062,0.9721412073643675,1.058416202443387
2015-08-27,1.0506208072599486,0.9482449898523595,1.084433146895718
2015-08-28,1.050568353433058,0.9482923324123047,1.0843790049368223
2015-08-31,1.0415027169523143,0.9564754016386274,1.075021607263474
2015-09-01,1.009956297803471,0.9854464004027449,1.0424599233957308
2015-09-02,0.9899909000230582,0.9659655283906518,1.0630678715673503
2015-09-03,0.9891345259918772,0.9651299370801553,1.0639874595338377
2015-09-04,0.9737979227693347,0.9800943473946702,1.0474902560980683
2015-09-08,0.9989901263817794,0.9547392549451444,1.074588884259678
2015-09-09,0.9851117990721251,0.9680028333585715,1.0596603120293528
2015-09-10,0.990391623358854,0.9628147066159999,1.0653396879706472
2015-09-11,0.9855644124368587,0.958121906759846,1.0705321989492498
2015-09-14,0.9817300914213843,0.9618494631895594,1.066367312254504
2015-09-15,0.9940297343292357,0.9497988954910471,1.079727335812859
2015-09-16,1.002943278873264,0.9412819724348761,1.0894093376391596
2015-09-17,1.0004036291175773,0.9436654836280636,1.086650738806645
2015-09-18,0.9837219810320034,0.9594010278126361,1.0685309272734835
2015-09-21,0.9785432200100331,0.9543503033771997,1.074156161255882
2015-09-22,0.9908618568756219,0.96636438164116,1.060633876887788
2015-09-23,0.9925293882805784,0.967990685998156,1.058848925447183
2015-09-24,0.9960784665515874,0.9714520189831335,1.0550627023308112
2015-09-25,1.002257316383433,0.9774781066315499,1.0485179629153993
2015-09-28,1.0272814942602315,1.001883601718668,1.022338757653329
2015-09-29,1.0271184489625345,1.0020426159820541,1.0225010184630683
2015-09-30,1.0071780203048768,0.9825890083517899,1.0423518045448874
2015-10-01,1.0099480016379623,0.9798866527042692,1.0452185222282453
2015-10-02,1.0247387003165884,0.9655362027842229,1.0605257580369447
2015-10-05,1.0432923278027706,0.9480544788819766,1.079727335812859
2015-10-06,1.0393725338693387,0.9516164510117928,1.0756706505024307
2015-10-07,1.0479438134138401,0.9437688599364318,1.0845412657465614
2015-10-08,1.0575604351393195,0.9351082161059867,1.0944937297669188
2015-10-09,1.0583443620266413,0.9344150581087661,1.095305033815615
2015-10-12,1.0592850742914273,0.9335845007428437,1.0962785986740502
2015-10-13,1.0524385136474452,0.9396186109703415,1.0891929348705247
2015-10-14,1.057717140768372,0.9443313768173516,1.0837299616978655
2015-10-15,1.041510396808819,0.9298619726192376,1.1003352839844784
2015-10-16,1.0369025762996065,0.9257481038750563,1.1052033558770766
2015-10-19,1.03771453836084,0.9250231829849107,1.1060688018846683
2015-10-20,1.0361921288542681,0.9263802653380211,1.1044461112538022
2015-10-21,1.0301532868524108,0.9317791328841398,1.0980094906892337
2015-10-22,1.0471025883575984,0.9164483994281992,1.1160752427969736
2015-10-23,1.0588758059465915,0.9061442071403392,1.1286239623066323
2015-10-26,1.056439919762891,0.9082287425903113,1.126027624283857
2015-10-27,1.0544100920427715,0.9099737995911229,1.1238640917983516
2015-10-28,1.0425861558623128,0.8997695420508618,1.136466870733432
2015-10-29,1.0420403221887333,0.9002406057723116,1.135871886919897
2015-10-30,1.03732634539814,0.9043131097159658,1.130733435366716
2015-11-02,1.0499797073106922,0.893282250324161,1.1445261819288668
2015-11-03,1.0526096125427788,0.8910448283554311,1.1473928996122247
2015-11-04,1.0498804441748812,0.8933550973582497,1.1444179805445494
2015-11-05,1.0485903262716878,0.8944528732158777,1.1430116926823182
2015-11-06,1.0489873030993444,0.8947914964657795,1.1425789696785222
2015-11-09,1.059067983318123,0.9033903678836727,1.1315988813743079
2015-11-10,1.0564862767241512,0.9011881590487038,1.1343573976733483
2015-11-11,1.060566723509643,0.9046688008778769,1.1299761907434418
2015-11-12,1.045641307293406,0.9174002567039315,1.1140739711212073
2015-11-13,1.0573176591095226,0.9276445805258335,1.101633452995866
2015-11-16,1.040964930007691,0.9132974064316289,1.118671580819749
2015-11-17,1.0423239135133027,0.9144897195204563,1.117211150998622
2015-11-18,1.059077760384971,0.8997906221209557,1.1351687017220444
2015-11-19,1.058068505489292,0.9006480833239288,1.1340869354792917
2015-11-20,1.0628625239946772,0.8965673233770121,1.1392253870324727
2015-11-23,1.060844014203319,0.8982700176389627,1.137061854546967
2015-11-24,1.0623579350474441,0.8969881046666983,1.1386845451778331
2015-11-25,1.0624083708418035,0.8969455198597351,1.138738604603255
2015-11-27,1.0633167541487636,0.8961786110515453,1.1397122519951641
2015-11-30,1.059077760384971,0.8997512957935747,1.1351687017220444
2015-12-01,1.0694732321127698,0.8909197071158251,1.1463110508359982
2015-12-02,1.0584217870534467,0.9001260620762087,1.1344655990576658
2015-12-03,1.0433836042033413,0.9129151604065928,1.1183469766667966
2015-12-04,1.0229963011050451,0.8950771591161186,1.1401990344243818
2015-12-07,1.0293051165420497,0.9005970975485863,1.1331674300462782
2015-12-08,1.0225741237794783,0.906486422733287,1.1257572446232742
2015-12-09,1.0306316882801512,0.9136292524316969,1.1168866293791435
2015-12-10,1.0280363222053244,0.9113285252236217,1.1196992051036059
2015-12-11,1.0484967093372,0.9294661474336983,1.0974145068756986
2015-12-14,1.0418302707761757,0.9235565161384933,1.1043919692949067
2015-12-15,1.0315741776549017,0.9144647457244709,1.1152639387482775
2015-12-16,1.0464831771488263,0.9012482900138288,1.131382478605673
2015-12-17,1.031023841616193,0.9145621205825112,1.1146689549347424
2015-12-18,1.0117121538125984,0.9316924113059507,1.0937905445690663
2015-12-21,1.0030068591112424,0.9236756478610614,1.1032020842013104
2015-12-22,0.9937124764424241,0.9151163894122244,1.1134249278822506
2015-12-23,1.00621532608338,0.9036024325162043,1.1274339946795622
2015-12-24,0.9984432704790593,0.9105819011922094,1.1187256402451706
2015-12-28,0.9960778366308932,0.9127391807435794,1.1160752427969736
2015-12-29,0.9856024701484952,0.9031402547665971,1.1278125757244624
2015-12-30,0.9783231011646989,0.9098105821629715,1.119482884868445
2015-12-31,0.9683966167875481,0.9190419092360577,1.1081241329858564
2016-01-04,0.9819627495933372,0.9319166388444095,1.0926005769419962
2016-01-05,0.9799210537675863,0.9299789988348832,1.094872310811819
2016-01-06,0.9927497507096409,0.9421538762830798,1.080538722395029
2016-01-07,1.0165037803189476,0.9646972725999801,1.054684121285911
2016-01-08,1.0277641107265691,0.9753837159198452,1.0430008477838442
2016-01-11,1.0266981475273453,0.974372079946725,1.0440826140265969
2016-01-12,1.018773027653174,0.9668508668674758,1.0521419252220316
2016-01-13,0.994000215050185,0.99036112350935,1.0265577037734965
2016-01-14,1.009764746691343,0.9746543067186235,1.042838586974105
2016-01-15,1.0310284517817436,0.995178653415279,1.020878410365676
2016-01-19,1.0304822326293102,0.9946514268002917,1.0214192522203156
2016-01-20,1.0185315937336923,1.0061865310964346,1.0095737179085094
2016-01-21,1.013238387617681,1.000957481027674,1.0148203708460077
2016-01-22,1.034138308604082,1.0216040855383977,1.0357529231705795
2016-01-25,1.0183689113460725,1.0060258204927806,1.0199589049326625
2016-01-26,1.0321941318240637,1.0196834730584705,1.033805710920235
2016-01-27,1.0211231274490926,1.0087466542534977,1.0227174212317032
2016-01-28,1.026685617213209,1.0142417241310053,1.02828859578868
2016-01-29,1.0510417609142937,1.0383026603771208,1.052682767076671
2016-02-01,1.0509338106077695,1.0381960184770358,1.0525746482258274
2016-02-02,1.0319780664013867,1.0194700264462393,1.0335893081516
2016-02-03,1.0374865810122411,1.0249117753737043,1.0391064232831553
2016-02-04,1.0352183885030222,1.0271524763659474,1.041378157152978
2016-02-05,1.0154313625243214,1.0075196211542758,1.0214733941792111
2016-02-08,1.00177393994431,0.9939686104886708,1.0077347070424822
2016-02-09,1.0021502816762038,0.9935952010263122,1.007356125997582
2016-02-10,1.002634630603964,0.9931149868518075,1.0068692610348906
2016-02-11,0.9901387699335643,0.9807377697414126,0.9943206240587057
2016-02-12,0.9701022285848708,1.0005840715653154,1.0144417898011076
2016-02-16,0.9862404006302332,1.0172293254539961,1.0313175742817773
2016-02-17,1.0025855168396032,1.0340880259549081,1.0484097615310817
2016-02-18,0.9985509738282626,1.029926712482738,1.0441908154109143
2016-02-19,0.9979302202623134,1.0292864540520752,1.0435416896384835
2016-02-22,0.9834989034766101,1.0441712211230176,1.0586326052120218
2016-02-23,0.971539307227295,1.031473834094276,1.0457593640828848
2016-02-24,0.975961358279319,1.0361686826909933,1.0505192345911656
2016-02-25,0.9645042957135065,1.0483325345951877,1.0628515513321892
2016-02-26,0.9627863191721997,1.0464652430653032,1.0609583985072666
2016-02-29,0.954736515323429,1.0377158043025312,1.052087783263136
2016-03-01,0.9777079542896701,1.0626837665415831,1.0774015425176142
2016-03-02,0.9820273868073368,1.0673786151383007,1.082161413025895
2016-03-03,0.9855123222187502,1.0711664377420818,1.0860016955676883
2016-03-04,0.9889482004048363,1.067431936088343,1.0897879186840598
2016-03-07,0.9899298691870714,1.066372361270987,1.0908696849268127
2016-03-08,0.9786405658465779,1.0785334258423516,1.0784292493349452
2016-03-09,0.9836962312267892,1.0729617131086626,1.084000423891922
2016-03-10,0.9842361602914975,1.072372788198882,1.0845954077054571
2016-03-11,1.000532071786875,1.0546176063110668,1.1025529584288796
2016-03-14,0.9991577205124407,1.056066250579597,1.101038469182331
2016-03-15,0.9974888760929884,1.057830146541836,1.0991994583163038
2016-03-16,0.99110791666367,1.0510631826087324,1.1062310626944076
2016-03-17,0.9848565841210305,1.044433687104418,1.1132085251136157
2016-03-18,0.9884934367061873,1.0405768297546136,1.1173193523829394
2016-03-21,0.9899289595503927,1.0390656696853662,1.1189419604803317
2016-03-22,0.9893547504127105,1.03966838061369,1.1182929172413747
2016-03-23,0.9776308514079218,1.0519884984356365,1.1050410950673375
2016-03-24,0.9782051335630427,1.052606459930176,1.1043919692949067
2016-03-28,0.9775822936751142,1.0519362474491316,1.1050951544927592
2016-03-29,0.9869126373298605,1.0418962469754258,1.1156425197931776
2016-03-30,0.9910754621990858,1.037501499716138,1.1203483308760367
2016-03-31,0.9887787060608096,1.0399058453273757,1.1177519928532613
2016-04-01,0.9950946759257089,1.0332632933173447,1.1248917986156826
2016-04-04,0.991840974568271,1.0366417961486754,1.1212136943501545
2016-04-05,0.982127838223812,1.0467936686408759,1.1102336060459401
2016-04-06,0.9715055783675653,1.035472011793956,1.1222414011674855
2016-04-07,0.9832583917244021,1.0479986607003797,1.1086650573739698
2016-04-08,0.986184616125598,1.0448797661359674,1.1119644980611236
2016-04-11,0.9834022984000593,1.0478276801946942,1.108827318183709
2016-04-12,0.9930924293479424,1.0375027221908106,1.1197533470625016
2016-04-13,1.00307037364714,1.0270785722664346,1.1310038975607728
2016-04-14,1.0031662626324456,1.0269803882060624,1.1311120164116162
2016-04-15,1.0015832160025169,1.0286010147194444,1.129327064971011
2016-04-18,1.0088748047591802,1.0211127346901974,1.1375486369761847
2016-04-19,1.0119449358360335,1.018005362075722,1.1410103384730779
2016-04-20,1.0127124869046713,1.0172332142286706,1.1418757844806697
2016-04-21,1.0076755336635703,1.0222926523235099,1.1361964085393754
2016-04-22,1.007531626987913,1.02243864647761,1.1360341477296363
2016-04-25,1.0093065247861521,1.0242398049264947,1.1340328760538698
2016-04-26,1.0076216634056896,1.0225300150368288,1.1359259463453186
2016-04-27,1.0094928687959261,1.0206311240688155,1.1380354194054025
2016-04-28,1.0007606013785595,1.0294597390945825,1.1281912393028364
2016-04-29,1.0061343044046314,1.034987545552562,1.122133282316642
2016-05-02,0.9982776929729235,1.0269056275159085,1.1308956961764554
2016-05-03,0.9895401284519624,1.0358937620204844,1.1209973741149935
2016-05-04,0.9951741458414193,1.0417916971330135,1.1146148955093207
2016-05-05,0.9954639658159705,1.0420950933219242,1.1142902913563684
2016-05-06,0.9993296724894459,1.0380483029859742,1.1186174388608532
2016-05-09,0.9983632642541326,1.0370444516481472,1.1196992051036059
2016-05-10,1.0104684843372933,1.0244702196299045,1.1332756314305956
2016-05-11,1.0010640817954228,1.034004935939119,1.1227282661301772
2016-05-12,1.0015463154497668,1.0335068339814768,1.1232691079848165
2016-05-13,0.9922865903631749,1.0430620477645607,1.1128840034941372
2016-05-16,1.002317977604421,1.0325173528957687,1.1241345539924081
2016-05-17,1.0111436703251775,1.0416089596404532,1.1142362319309465
2016-05-18,1.011241860584781,1.0415078109539173,1.1143444333152641
2016-05-19,1.0148250935366911,1.0451982882307616,1.1103958668556793
2016-05-20,1.008645876777924,1.0388341306828217,1.1171570090397263
2016-05-23,1.007278492138527,1.0402424404433441,1.1156425197931776
2016-05-24,1.0203664123515948,1.026726208170912,1.130138451553181
2016-05-25,1.0272522186179778,1.0197974836730237,1.1377650397448198
2016-05-26,1.0276428360719134,1.0194097009168683,1.1381976802151417
2016-05-27,1.0318915646814233,1.0151950117183788,1.1429034912980007
2016-05-31,1.0302799882456608,1.0167805119924254,1.1411185398573953
2016-06-01,1.0322333735828355,1.014852721327838,1.143282072342901
2016-06-02,1.028863720536866,1.0115398061953198,1.1470142360338507
2016-06-03,1.0254190140461041,1.01492651102951,1.1431739534920573
2016-06-06,1.0197424664511727,1.009308048170621,1.1495023726723084
2016-06-07,1.0209420505443763,1.0081207387081237,1.1508546011091179
2016-06-08,1.0242048841338247,1.0048988808105843,1.1545326228411719
2016-06-09,1.0230053000406212,1.0060758530466791,1.1531803944043626
2016-06-10,1.0326499297919285,1.0155608763441935,1.1423085074844654
2016-06-13,1.040815673775915,1.0235914875679317,1.1332756314305956
2016-06-14,1.0427033934689156,1.0254479678817414,1.1312202177959336
2016-06-15,1.0445480676841983,1.0272621150661791,1.1292189461201674
2016-06-16,1.047950304696177,1.02391618078416,1.1328969678522216
2016-06-17,1.0519029125595007,1.0277781379107676,1.1286239623066323
2016-06-20,1.0588597566088414,1.0209808449882019,1.136088207155058
2016-06-21,1.0567424495570374,1.023022408971872,1.133816473285235
2016-06-22,1.0549780654753944,1.0247304925775895,1.1319234029937861
2016-06-23,1.0687405997736472,1.0113625477718275,1.1466897144143722
2016-06-24,1.0294694578073535,1.0485253187953592,1.1045543126381199
2016-06-27,1.0475170677324106,1.066906996665113,1.0851903915189922
2016-06-28,1.0279377978904396,1.0469653072860436,1.1054738180711332
2016-06-29,1.0107367738049833,1.029445885873364,1.123972293182669
2016-06-30,1.0238695272442115,1.0160700403034952,1.1385763437935157
2016-07-01,1.0269338635935075,1.0130290470176486,1.1419839858649872
2016-07-05,1.019686494377939,1.020178285922033,1.1339246746695524
2016-07-06,1.0255232654377548,1.0143386998061505,1.1404153546595428
2016-07-07,1.0263987476983705,1.0152046338788965,1.1394417898011076
2016-07-08,1.0419900930093797,0.9997833309558009,1.156750297285573
2016-07-11,1.045936644159701,0.9959966384705969,1.1611315042154797
2016-07-12,1.0532937904803368,0.9889907714852437,1.169298934261758
2016-07-13,1.0531963980078982,0.9890822181996594,1.1691908154109143
2016-07-14,1.0589944469701325,0.9836371301423472,1.175627435975483
2016-07-15,1.057435275266332,0.9850853522595768,1.1738965439602995
2016-07-18,1.0603586850382585,0.9823619627412427,1.1771419252220316
2016-07-19,1.0591893062604083,0.9834453256142079,1.1758437562106439
2016-07-20,1.0636718133907361,0.9792833682961934,1.1808199469540857
2016-07-21,1.059822729058252,0.9828270781346213,1.1765469414084964
2016-07-22,1.064451399242636,0.978534678784959,1.1816853929616773
2016-07-25,1.0617229231063845,0.9810429271854582,1.1786564144685803
2016-07-26,1.0621614122685537,0.9806377586788435,1.179143196897798
2016-07-27,1.0610895003085408,0.9816273986053431,1.1779532292707275
2016-07-28,1.0623562715588295,0.9804554924026266,1.1793595171329587
2016-07-29,1.06074840361881,0.9789715806537582,1.1811444685735641
2016-08-01,1.0595340101268726,0.9800923522828096,1.1797922401367547
2016-08-02,1.0532677723215824,0.9858887606017978,1.1728147777175466
2016-08-03,1.0501589279470507,0.9829787933476444,1.1762764792144398
2016-08-04,1.0491931460940145,0.9820747939097779,1.1773582454571925
2016-08-05,1.0575319142998978,0.974269468362483,1.1867156431305408
2016-08-08,1.0569535247396602,0.9748023196946646,1.186066599891584
2016-08-09,1.0576283370762805,0.9741799568227891,1.1868238445148582
2016-08-10,1.0550255105061823,0.9765774166740303,1.1839030674060786
2016-08-11,1.0598937942525826,0.9720711218808222,1.1893660405787378
2016-08-12,1.059026209912226,0.9728668182870375,1.1883924757203026
2016-08-15,1.0558449937818903,0.9699444169469803,1.1919622960680394
2016-08-16,1.050478831129331,0.9748740037101246,1.185904339081845
2016-08-17,1.0523952969028212,0.973095469382529,1.1880678715673503
2016-08-18,1.0499517189668655,0.9708360193207892,1.1908264703998648
2016-08-19,1.0483302630553795,0.9723352956914783,1.1889874595338377
2016-08-22,1.0479963953719624,0.9726449608267105,1.1886087959554636
2016-08-23,1.0458026052560139,0.9706089052536077,1.1910969325939214
2016-08-24,1.040863485267788,0.975192900187828,1.185471616078049
2016-08-25,1.0398186742112687,0.976171791597486,1.1842816484509788
2016-08-26,1.041670826090418,0.9779105740054392,1.1821721753908951
2016-08-29,1.0367140793287448,0.9732572277183976,1.1877974919067675
2016-08-30,1.0351089117530812,0.9747641436326923,1.1859583985072666
2016-08-31,1.032229147620231,0.9774760233073323,1.1826589578201128
2016-09-01,1.0321347090485982,0.9773865940951664,1.1827671592044302
2016-09-02,1.0276034232819222,0.9730956639253577,1.1879597527165067
2016-09-06,1.0310656847267765,0.9698170532054717,1.1919622960680394
2016-09-07,1.0308785644024825,0.9699930579781935,1.1917459758328783
2016-09-08,1.0284455718303283,0.9722823537173769,1.1889333175749421
2016-09-09,1.0037883104785346,0.9955930866914906,1.1604283190176272
2016-09-12,0.9893307845297319,0.9812535962481034,1.1771419252220316
2016-09-13,1.0036959402160304,0.9955014705670497,1.160049737972727
2016-09-14,1.0042575041237158,0.996058449701386,1.15940069473377
2016-09-15,0.994090782019469,0.9859747317145962,1.1711380276612589
2016-09-16,0.998222921255272,0.9900731349470974,1.1662699557686607
2016-09-19,0.9987321742609838,0.9895680396331045,1.1668649395821957
2016-09-20,0.998824784982372,0.989476278686201,1.1669731409665132
2016-09-21,1.009982010426697,0.9784234793573292,1.1800086429053895
2016-09-22,1.0161855865753446,0.9724137440381291,1.1872565675186542
2016-09-23,1.0108616356766793,0.977508367593944,1.1810363497227205
2016-09-26,0.9974359067266774,0.9904911160992722,1.165350450335647
2016-09-27,0.9913712113394706,0.9844686470239509,1.1724361141391726
2016-09-28,0.9861573222248609,0.9792910603604674,1.1786022725096845
2016-09-29,0.9772869230552231,0.9880996981030308,1.1680008477838442
2016-09-30,0.9846185893770768,0.9806869136808591,1.1767632616436574
2016-10-03,0.9815863561568383,0.9837070389053864,1.173139299337025
2016-10-04,0.9858857892584534,0.9880157607807807,1.1680008477838442
2016-10-05,0.9815485266830997,0.9836691277024022,1.173139299337025
2016-10-06,0.9824989244938331,0.9827166765906741,1.1742752075386735
2016-10-07,0.9786521715733422,0.9865642820703828,1.169677597840132
2016-10-10,0.9835850145008966,0.9815915585811323,1.1755732940165873
2016-10-11,0.9714565490583349,0.9936954429647336,1.161077444790058
2016-10-12,0.9702346978003884,0.9924456206971509,1.162537792077711
2016-10-13,0.9732140104643645,0.9954931367391499,1.1589679717299743
2016-10-14,0.9731232203968193,0.9954002682763518,1.1590760905808177
2016-10-17,0.9698990419803437,0.9986982556159426,1.1552358080390244
2016-10-18,0.9758933252873296,0.9925259840461808,1.1623755312679718
2016-10-19,0.9783001297815884,0.9900781591280549,1.1652422489513297
2016-10-20,0.9766199260798326,0.9917785912729078,1.1632409772755634
2016-10-21,0.9770740688982633,0.99131739944928,1.1637819016636768
2016-10-24,0.9727599892930332,0.9869404312015235,1.1689203532168577
2016-10-25,0.9696541322497736,0.9900915639817203,1.165188189525908
2016-10-26,0.9676285942121183,0.9921597943505772,1.1627541948463458
2016-10-27,0.970284301165561,0.9948828284574067,1.1595629555435094
2016-10-28,0.9674328978932046,0.9978065201519615,1.156155313472038
2016-10-31,0.9677044469550846,0.9980865947959756,1.1558307918525597
2016-11-01,0.9743161507009392,1.0049058802692046,1.1479337414668642
2016-11-02,0.980421990075888,1.011203419201974,1.1407398762790213
2016-11-03,0.9845128445253892,1.015422710536385,1.1359800883042144
2016-11-04,0.9861535715873998,1.0171149500331287,1.1340869354792917
2016-11-07,0.9642829025530439,0.9945576272357651,1.159238433924031
2016-11-08,0.9687371327885728,0.9899635515319645,1.164593205712373
2016-11-09,0.9794454098418534,0.979020640783887,1.17746644684151
2016-11-10,0.981380061630343,0.9770868280214516,1.1797922401367547
2016-11-11,0.9796253503080575,0.9788338630255426,1.177682767076671
2016-11-14,0.9793554052820697,0.9785641361013576,1.1780072886961495
2016-11-15,0.987134897742184,0.9707909290740822,1.1873647689029716
2016-11-16,0.9858758026210573,0.9720291773876885,1.185850279656423
2016-11-17,0.9903275787223488,0.9676399264798683,1.191205051444765
2016-11-18,0.992306176374273,0.9695731959631955,1.1888251161906247
2016-11-21,0.9995298716618385,0.9625149900451186,1.1974794111995943
2016-11-22,0.9978594205438228,0.9609063995599193,1.1994806828753606
2016-11-23,0.9989393797261298,0.9598664337409097,1.2007788518867482
2016-11-25,0.9952946118938716,0.9563642289305213,1.2051600588166549
2016-11-28,0.9909169606305249,0.9605706508532029,1.1998593464537346
2016-11-29,0.9925250871584523,0.9590117723528263,1.2018065587040792
2016-11-30,0.9954733304865148,0.9618604661500453,1.1982366558228685
2016-12-01,0.9918784146434187,0.9653339971053352,1.1939095083183837
2016-12-02,0.9926873032775908,0.9645467557591072,1.194883155710293
2016-12-05,0.986935465355564,0.9589579700568771,1.2018065587040792
2016-12-06,0.990488961802285,0.9555052075827631,1.206133706208564
2016-12-07,1.0032814541222503,0.9431645420114396,1.2217113216778461
2016-12-08,1.0056800930291427,0.940909630234914,1.2246321813200998
2016-12-09,1.012076373077779,0.9349253002902753,1.2324210303214778
2016-12-12,1.0108326594880228,0.9360742049898702,1.2309065410749291
2016-12-13,1.0174065838592068,0.9299864703172128,1.2389117103114682
2016-12-14,1.0097221960845042,0.93701058120515,1.2295543126381199
2016-12-15,1.0063464117376384,0.9338778921693478,1.2336650573739698
2016-12-16,1.0078907268180115,0.9353109987967307,1.231771904549047
2016-12-19,1.006031892814137,0.9335860222268499,1.23404363841887
2016-12-20,1.002063284713097,0.9299031995675572,1.2389117103114682
2016-12-21,0.9938822381519441,0.9374951166541167,1.2287969854813716
2016-12-22,0.9953258854957995,0.9388568598094744,1.2270121165742403
2016-12-23,0.9946677730698772,0.9382360848707264,1.2278234206229361
2016-12-27,0.9918634260757464,0.9355908402819009,1.2312851221198293
2016-12-28,0.9837155620419581,0.9432764417038979,1.2211704798232066
2016-12-29,0.9836284002677864,0.9433600203839207,1.2210622784388891
2016-12-30,0.9869398163518234,0.9465358716949304,1.2169515337030392
2017-01-03,0.9799651478980927,0.9398467364758871,1.2255516867531133
2017-01-04,0.985890416927949,0.9341640397265216,1.232961872176117
2017-01-05,0.9849821977308885,0.9350246076958573,1.2318260465079427
2017-01-06,0.9888746977077104,0.9313295325237693,1.236694035867067
2017-01-09,0.9856741522637457,0.9343438299863885,1.2326914099820605
2017-01-10,0.9852416889300487,0.9347537722037096,1.2321505681274212
2017-01-11,0.9826034184140707,0.9322506977351673,1.235450008814575
2017-01-12,0.9844962772911096,0.9340465585837707,1.2330700735604347
2017-01-13,0.9826825007784911,0.9323257275875246,1.2353418074302576
2017-01-17,0.9859094891648192,0.9353873515533696,1.2312851221198293
2017-01-18,0.984003837331217,0.933579353312957,1.2336650573739698
2017-01-19,0.9871532524108693,0.9365673791537407,1.229716573447859
2017-01-20,0.9838967539748363,0.9334777573569174,1.2337732587582873
2017-01-23,0.9816106335688414,0.9356467273642018,1.2309065410749291
2017-01-24,0.9756149481198833,0.9299317898148528,1.2384249278822506
2017-01-25,0.9676893526195351,0.9223773102292431,1.2484855107534514
2017-01-26,0.9673958540487777,0.9226570657329267,1.2481068471750774
2017-01-27,0.9659284891368263,0.9240565699775998,1.2462136943501545
2017-01-30,0.9601849242552043,0.9295511577484792,1.2388035089271507
2017-01-31,0.9606041896503096,0.9299570468887678,1.2382625845390374
2017-02-01,0.9601006188048422,0.9294695419815483,1.2389117103114682
2017-02-02,0.9604359595884167,0.929144899919652,1.2393444333152641
2017-02-03,0.9673940729785158,0.9224134822702714,1.2483231674102382
2017-02-06,0.9656755394073038,0.9240521097749236,1.2461055754993111
2017-02-07,0.9656335818345353,0.9240922588540456,1.2460514335404154
2017-02-08,0.9668072425971889,0.922969088693343,1.247565922786964
2017-02-09,0.9611484708089049,0.9175669038415565,1.2548679893591244
2017-02-10,0.9649185079997105,0.9139678122780817,1.2597901206771442
2017-02-13,0.9702627971131601,0.9089057182372836,1.2667675830963523
2017-02-14,0.9741571156869285,0.9052576669764633,1.2718519752241113
2017-02-15,0.9791285606514902,0.9006378386164892,1.2783426552141017
2017-02-16,0.9786314351196398,0.9010951126482352,1.277693611975145
2017-02-17,0.9797500307816558,0.9000651425819773,1.2791540417962717
2017-02-21,0.9738257408092632,0.8946226861071923,1.286888748838754
2017-02-22,0.9732527120164485,0.8951491094048746,1.2861315042154797
2017-02-23,0.9740304073328657,0.8944338241955101,1.2871592110328107
2017-02-24,0.975217373241034,0.8933438557012618,1.288727759704781
2017-02-27,0.9737028909307381,0.8919565204223849,1.2907291139140213
2017-02-28,0.9712546335212973,0.894199236532569,1.2874837326522892
2017-03-01,0.9582381874092555,0.8822154623769116,1.304738180711333
2017-03-02,0.952716462473942,0.8872991160873697,1.2972197939040115
2017-03-03,0.9532726052510594,0.8867811603114474,1.297977038527286
2017-03-06,0.9560533191366459,0.8893679174178316,1.2941908154109143
2017-03-07,0.9588503032708979,0.8919698099114185,1.2904045922945429
2017-03-08,0.9607795427632227,0.8937644835715012,1.2878082542717675
2017-03-09,0.9617077205685651,0.8929010468308848,1.2890523638577334
2017-03-10,0.9583584235310311,0.8897913797594863,1.2935416896384835
2017-03-13,0.9589194504922813,0.8892704922275607,1.294298934261758
2017-03-14,0.9555132372087445,0.8924293028677326,1.2897014070966903
2017-03-15,0.9476989112672743,0.8851308864975951,1.3002487723971088
2017-03-16,0.9464767957486557,0.8862723167340727,1.298572022340821
2017-03-17,0.9445450278982226,0.8880812066887828,1.295921624892624
2017-03-20,0.943322912379604,0.8892302655397971,1.2942448748363362
2017-03-21,0.9552287935239965,0.9004534317669448,1.2779099322103058
2017-03-22,0.9531263510226875,0.8984715489151809,1.2807225904682422
2017-03-23,0.954172924284213,0.8994581088800031,1.279316302606011
2017-03-24,0.958731608725325,0.9037553862204383,1.2732042036609208
2017-03-27,0.9601163966807685,0.9050607667483309,1.2713651927948937
2017-03-28,0.9530498268333639,0.8983994128265739,1.2807225904682422
2017-03-29,0.9516410369944167,0.8970714067470685,1.2826157432931649
2017-03-30,0.9540488972310194,0.8948016196259482,1.2858610420214232
2017-03-31,0.9522028771732226,0.8965330002107093,1.283372987916439
2017-04-03,0.9538081785669447,0.8980444487782966,1.2812093728974598
2017-04-04,0.9533652373588412,0.8976274038189316,1.281804356710995
2017-04-05,0.956181309469327,0.900278836237954,1.2780181335946232
2017-04-06,0.9536723042802305,0.8979165182869701,1.281371633707199
2017-04-07,0.9545579483346753,0.898750383779592,1.2801816660801288
2017-04-10,0.953872264399448,0.8981047878773085,1.2811012540466162
2017-04-11,0.9550804745870463,0.8992423608991295,1.2794785634157502
2017-04-12,0.9589565416175185,0.9028918163745879,1.2742859699036735
2017-04-13,0.965306428654213,0.9088704616953278,1.2658480776633387
2017-04-17,0.9569332675977816,0.9009868316589903,1.276828165967553
2017-04-18,0.9598114106550598,0.9036967060902014,1.2729878834257597
2017-04-19,0.9614834998120485,0.9052710377210668,1.2707702089813586
2017-04-20,0.9688089828779656,0.8983738339123823,1.2804521282741854
2017-04-21,0.9712644238043644,0.9006507573492826,1.2772068295459273
2017-04-24,0.9815886872102116,0.8910770970486941,1.290783173339443
2017-04-25,0.9873884007837592,0.8858121709119445,1.2984097615310817
2017-04-26,0.9869770495429196,0.8861812049570743,1.2978688371429685
2017-04-27,0.9875529036220627,0.8856641604503446,1.2986260817662427
2017-04-28,0.9853728801250646,0.8876192644990991,1.2957593640828848
2017-05-01,0.9880876476824769,0.8851738146280914,1.2993292669640952
2017-05-02,0.9877174692237536,0.884842191943434,1.2998160493933129
2017-05-03,0.9867310660389361,0.8857258567396837,1.2985179629153993
2017-05-04,0.9860734848211836,0.885135587812804,1.2993833263895171
2017-05-05,0.9903013269047124,0.8813405222873755,1.3049545009464938
2017-05-08,0.9899319184040953,0.8816692855355162,1.3044677185172762
2017-05-09,0.9891931014028612,0.8823273027642864,1.303494153658841
2017-05-10,0.9907939342050435,0.8808994132182282,1.3056036267189246
2017-05-11,0.9926000148296269,0.8825051712951556,1.3032236914647843
2017-05-12,0.9941242829257746,0.8838603742542464,1.301222419789018
2017-05-15,0.9890828495274174,0.8793781145541455,1.307821218629852
2017-05-16,0.9882647281950342,0.8801054934537912,1.3067394523870992
2017-05-17,0.970879384602601,0.8955881227177412,1.2837515689613392
2017-05-18,0.9674022909166518,0.8923806760914152,1.2883491786598809
2017-05-19,0.9606196382532103,0.8861240151073277,1.297382054713751
2017-05-22,0.9651852423493761,0.881912471566076,1.3035482130842626
2017-05-23,0.9672678168296165,0.8800095742500968,1.306360871342199
2017-05-24,0.9696707309743253,0.8778234295064666,1.309606170070457
2017-05-25,0.9742764233611992,0.8736539887291472,1.3158264703998648
2017-05-26,0.9741161924187658,0.8737976711570684,1.31561006763123
2017-05-30,0.9735154791601384,0.8743365204755655,1.3147987635825338
2017-05-31,0.9742363961806906,0.8749839925423117,1.3138251161906247
2017-06-01,0.9662547748189949,0.8678155158220864,1.324588884259678
2017-06-02,0.9693323914906721,0.8650514378904306,1.3288078303798454
2017-06-05,0.9687010700692705,0.865614841639391,1.3279423843722538
2017-06-06,0.9660969745667067,0.867941817200494,1.324372564024517
2017-06-07,0.9645187312193272,0.8665239228948798,1.3265360965100226
2017-06-08,0.9642434065484544,0.8662765711264254,1.3269147600883966
2017-06-09,0.9627497770369245,0.8676184483360532,1.3248593464537346
2017-06-12,0.9628676888430469,0.8677247090288193,1.3246970856439955
2017-06-13,0.9581498811957659,0.8634730778697036,1.3311877656339859
2017-06-14,0.9570987066764891,0.864420383625673,1.329727335812859
2017-06-15,0.9553078783601219,0.8660378014420833,1.327239281707875
2017-06-16,0.9560865613552436,0.8667437193188134,1.3261574329316483
2017-06-19,0.947468575456095,0.8589310531302237,1.338111168627772
2017-06-20,0.9413025016918495,0.8645209295326707,1.3294028141933805
2017-06-21,0.9409194925133514,0.8648726968448999,1.3288618898052673
2017-06-22,0.9406131552973479,0.8651542753394011,1.3284292493349452
2017-06-23,0.9415706198045973,0.8642736215793858,1.3297814777717547
2017-06-26,0.9421450751333486,0.8637463254032175,1.3305927818204508
2017-06-27,0.9308086696543583,0.8741393941929395,1.314582360813899
2017-06-28,0.9229191130258673,0.8667301677036322,1.3257247924613265
2017-06-29,0.9307136837155887,0.8740501911658516,1.3145283013884772
2017-06-30,0.9292584076340811,0.872683514861961,1.316583715023139
2017-07-03,0.9310145019631563,0.8710343346566096,1.319071769128123
2017-07-05,0.9329997052617879,0.8691770271380527,1.3218844273860593
2017-07-06,0.9246008488870874,0.8770013522412137,1.3099848336488313
2017-07-07,0.91879797830423,0.8714972199941232,1.318206405654005
2017-07-10,0.9179308837916539,0.8706747644870084,1.319450432706497
2017-07-11,0.917479349714142,0.871103053079905,1.3188013894675403
2017-07-12,0.9243654740676502,0.8645650051662404,1.328699628995528
2017-07-13,0.925795408536922,0.8632275782106736,1.33075504263019
2017-07-14,0.9298217787876133,0.8594733212674722,1.3365426199558017
2017-07-17,0.9300098797080009,0.8592994516867986,1.3368129996163844
2017-07-18,0.9308001217615098,0.8585692932464459,1.3379489078180329
2017-07-19,0.9355414018289738,0.8541959402768499,1.3447641094275016
2017-07-20,0.935992993324349,0.8537836147279656,1.3454132351999324
2017-07-21,0.9352780260897131,0.8544357855394494,1.3443855283826014
2017-07-24,0.935503793128469,0.8546420380458991,1.344061006763123
2017-07-25,0.933320228795987,0.8526472135619962,1.3471981866405376
2017-07-26,0.93358250449599,0.8524076080783767,1.3475767676854378
2017-07-27,0.9327206597987703,0.8531945154736569,1.346332740632946
2017-07-28,0.9314091097646147,0.8543942394040265,1.344439587808023
2017-07-31,0.9317837975043399,0.8547379455617615,1.3438987459533838
2017-08-01,0.9337714182960218,0.8529146739867585,1.3467654636367419
2017-08-02,0.9342589101346912,0.8524693948375973,1.3474685663011203
2017-08-03,0.9326087968984115,0.8539750492302774,1.34508863104698
2017-08-04,0.9340339050977564,0.8526701003077051,1.347144044681642
2017-08-07,0.9357590390877039,0.8510952429452212,1.3496321813200998
2017-08-08,0.9336963975423542,0.8529712647989451,1.3466572622524244
2017-08-09,0.9335088742702191,0.8531425752624248,1.3463868000583676
2017-08-10,0.9464471789105855,0.8649670140488704,1.3277260641370927
2017-08-11,0.9454832656276955,0.8640860845974634,1.3290782925739022
2017-08-14,0.9360561489750249,0.8554705536689051,1.3423301147479394
2017-08-15,0.9359806961709752,0.8555395106990223,1.342221913363622
2017-08-16,0.9376780677171468,0.8539880167119916,1.3446559905766582
2017-08-17,0.9233450852899144,0.8670417455534902,1.3241021018304604
2017-08-18,0.9254196057490814,0.8689897667957736,1.3211271827627848
2017-08-21,0.9241314203776716,0.8677801318382506,1.322966193628812
2017-08-22,0.9150257327341597,0.8592296869020365,1.3360016955676883
2017-08-23,0.9118768361442896,0.8621865714291157,1.3314040858691467
2017-08-24,0.9101727712931386,0.8637977778698003,1.3289160317641628
2017-08-25,0.9119879683507967,0.862075068474118,1.331566346678886
2017-08-28,0.9121732075373296,0.8618999673873096,1.3318368088729426
2017-08-29,0.9133216113559453,0.8608148563517809,1.3335135589292306
2017-08-30,0.9089131787409526,0.856659864023747,1.3399501794937991
2017-08-31,0.9140864356443019,0.8517840170682413,1.3475767676854378
2017-09-01,0.9156641205651219,0.8503138641952509,1.3499026435141566
2017-09-05,0.9090966382876516,0.8564126302252477,1.3402206416878557
2017-09-06,0.9060513889612258,0.8535438593207064,1.3447100500020799
2017-09-07,0.9060513889612258,0.8535438593207064,1.3447100500020799
2017-09-08,0.9045207187412032,0.8549858240733273,1.3424383161322568
2017-09-11,0.8946442394526852,0.8456502172613702,1.3570964261685254
2017-09-12,0.8978534384395622,0.8426167658615739,1.3619644980611236
2017-09-13,0.8982456720576623,0.8422486627741479,1.3625594818746587
2017-09-14,0.8979247684816386,0.8425495610875973,1.362072699445441
2017-09-15,0.8967837598528167,0.8414789186984396,1.3638035089271507
2017-09-18,0.8947564206262205,0.8395766059039806,1.3668866293791435
2017-09-19,0.8956061408485692,0.8387792881046312,1.3681847158570573
2017-09-20,0.8961372700134921,0.83828185946661,1.3689961024392272
2017-09-21,0.8935171732673552,0.8407328004617335,1.3649934765542209
2017-09-22,0.893552560267968,0.8406995039420747,1.3650475359796426
2017-09-25,0.8952520547386205,0.8422984744133823,1.3624512804903413
2017-09-26,0.8993037709578293,0.8461105342373523,1.3562851221198293
2017-09-27,0.8957890596784736,0.8428037158581762,1.3615858344827496
2017-09-28,0.89674987832322,0.8418997290151701,1.3630462643038763
2017-09-29,0.9000592863345228,0.8387927425797481,1.3680765144727398
2017-10-02,0.9037601892556094,0.8353437580980239,1.3737018309886124
2017-10-03,0.9058953297330731,0.8333702519713813,1.3769472122503446
2017-10-04,0.9070695972669123,0.8322899951266465,1.378732081157476
2017-10-05,0.9123362626316216,0.8274575182098418,1.3867373329274888
2017-10-06,0.9113753896879973,0.8283289968233883,1.385276820572888
2017-10-09,0.9098452473082881,0.8297197094942839,1.3829510272776433
2017-10-10,0.9121938909737226,0.8275778991748312,1.386520930158854
2017-10-11,0.9135105301654609,0.8263833927140316,1.3885222018346202
2017-10-12,0.9121938909737225,0.8275744558997531,1.386520930158854
2017-10-13,0.9132258954474186,0.8266381850594677,1.388089561364298
2017-10-16,0.9147204177632141,0.8252853661996228,1.390361212700647
2017-10-17,0.9152897957970548,0.8247716580216493,1.391226658708239
2017-10-18,0.9160726770188663,0.8240662003116296,1.392416626335309
2017-10-19,0.9164285518647362,0.8237460680345958,1.3929575507234224
2017-10-20,0.9117312645338674,0.8195238382040668,1.4000973564858434
2017-10-23,0.9082441760625154,0.8226582619529996,1.3947424196305538
2017-10-24,0.9096179003824771,0.8214139867996355,1.3968519752241113
2017-10-25,0.9053560227954534,0.8252625982424592,1.3903072358086992
2017-10-26,0.9042641376904322,0.8242673080847047,1.3919839858649872
2017-10-27,0.9115024585444714,0.8176693341114686,1.4031263349789407
2017-10-30,0.9083751676584652,0.8204746911704247,1.3983123225117644
2017-10-31,0.9093941858072006,0.8195542800554491,1.3998809537172086
2017-11-01,0.9108700088926519,0.8182242549187557,1.4021527701205054
2017-11-02,0.9113618784336652,0.817782414058058,1.4029099322103058
2017-11-03,0.9142080090980589,0.8152285266720146,1.4072911391402125
2017-11-06,0.9157540686233105,0.8138498559358419,1.4096710743943528
2017-11-07,0.9152972636865945,0.8142558280681811,1.4089678891965003
2017-11-08,0.9168784950473491,0.812849151896297,1.4114019664095363
2017-11-09,0.9135403876107363,0.8158085165377911,1.4062634323228815
2017-11-10,0.9141728372625557,0.8163733058117334,1.4052898674644463
2017-11-13,0.9131524071912233,0.8154620428243339,1.4068584986698904
2017-11-14,0.914978078377707,0.8170924010685122,1.4040457578784804
2017-11-15,0.9199128337186747,0.8214992291505425,1.3964733116457373
2017-11-16,0.9122165940950683,0.8146263443658043,1.4081565851478042
2017-11-17,0.9097288242706139,0.8168479689786838,1.404316302606011
2017-11-20,0.9111654538683592,0.8155580153817602,1.4065339770504122
2017-11-21,0.9170871266531705,0.8102576962315803,1.4156750544885994
2017-11-22,0.9164213688656333,0.8108459013818878,1.4146473476712684
2017-11-24,0.9183484949252213,0.8091407880792622,1.4176221842054701
2017-11-27,0.9180682265087203,0.8093877276764352,1.417189543735148
2017-11-28,0.9273185812993532,0.8012324256759906,1.4314689901930424
2017-11-29,0.9267229708148395,0.8017470518712257,1.430549567293503
2017-11-30,0.9351674870756168,0.7944413453874382,1.4435850692323793
2017-12-01,0.9329599856676635,0.7963166569361355,1.440177427160908
2017-12-04,0.9319788858121135,0.7971540627939365,1.4386629379143594
2017-12-05,0.9285099092002448,0.8001211995413303,1.4333080010590695
2017-12-06,0.9287201372455867,0.7999400405529884,1.433632522678548
2017-12-07,0.9259169184212551,0.7975255274073327,1.4379597527165067
2017-12-08,0.930966993827847,0.7931757159156535,1.4458025786098325
2017-12-11,0.934171266832762,0.7904457034109001,1.4507788518867482
2017-12-12,0.9355992499760608,0.78923742054004,1.4529965263311493
2017-12-13,0.935390287202728,0.7894136939180042,1.452672004711671
2017-12-14,0.9317680886511475,0.7924706137704207,1.4470466881957984
2017-12-15,0.9396393740743069,0.7857760698528637,1.4592708860859787
2017-12-18,0.9454905443041995,0.7808830122882905,1.4683578215652704
2017-12-19,0.937340677279359,0.7876140079079135,1.4557009832047683
2017-12-20,0.9368530266160574,0.7880237634031051,1.45494365604802
2017-12-21,0.934972255367775,0.7864417730641026,1.4578645156902736
2017-12-22,0.9347294070536225,0.7866460422899231,1.4574858521118996
2017-12-26,0.93354999420795,0.7876386080958909,1.4556468412458725
2017-12-27,0.9329602348539207,0.7871410265634595,1.45656642921236
2017-12-28,0.9346924941380564,0.7856795148073854,1.4592708860859787
2017-12-29,0.9314358382255837,0.7884169796455573,1.4541864939582196
2018-01-02,0.938364875362127,0.7825518729931737,1.4650043214526949
2018-01-03,0.9438041948892053,0.7780157380679605,1.4734963556519254
2018-01-04,0.947892301424874,0.7746457475117922,1.4798788342575981
2018-01-05,0.9538858508816057,0.7697476408469531,1.4892361493974726
2018-01-08,0.9559992621871839,0.768042202648971,1.4925356726181005
2018-01-09,0.9581819258017896,0.7662886680632139,1.4959433146895718
2018-01-10,0.9566575291734528,0.7675077767005959,1.4935633794354315
2018-01-11,0.9634479559632249,0.7620599490200162,1.5041648041612716
2018-01-12,0.9697534051323712,0.7570725179474328,1.5140090667973116
2018-01-16,0.9662542075452277,0.7598042911116969,1.5085460110911784
2018-01-17,0.9758855649358743,0.7522307699642601,1.523582784705821
2018-01-18,0.9744305263452812,0.7533523408109417,1.521311133369472
2018-01-19,0.978691816517877,0.7500578494751251,1.5279639916357277
2018-01-22,0.9864524100063324,0.7441102222809876,1.5400800706750644
2018-01-23,0.9887390049488377,0.7423853761012076,1.543649973556275
2018-01-24,0.9882192425806241,0.7427756347835072,1.542838504440631
2018-01-25,0.9886003946020664,0.7424891493332375,1.54343357078764
2018-01-26,1.0000679426047485,0.7338764378595821,1.5613370620856406
2018-01-29,0.9934506994519038,0.7387323467699428,1.5510060170203832
2018-01-30,0.9827106707445185,0.7467186581347248,1.534238351390557
2018-01-31,0.9809784114603827,0.7454023904206363,1.5369428082641758
2018-02-01,0.9822211982487344,0.7463467294927281,1.5349956785473051
2018-02-02,0.960554775513955,0.7628100921006022,1.5011358256681746
2018-02-05,1.0002880635346112,0.7943636836990401,1.4390414364257855
2018-02-06,0.9806995537465314,0.7788077639988193,1.467221995897096
2018-02-07,0.9867372348066512,0.7836024973788911,1.4581890373097521
2018-02-08,0.9502456306330106,0.8125817546270782,1.4042621606471153
2018-02-09,0.9650692662387492,0.7999056470585125,1.4261683603635962
2018-02-12,0.9522222494187869,0.78925729086104,1.4451535353708758
2018-02-13,0.9550021439188487,0.7869531523016464,1.4493724814910431
2018-02-14,0.9681532125670934,0.7761162395315837,1.4693313864237056
2018-02-15,0.9801637837886917,0.7664880120463734,1.4875593993411849
2018-02-16,0.980413287993987,0.7662928997748562,1.4879380629195589
2018-02-20,0.9744258396498261,0.7709727008445529,1.4788511274402671
2018-02-21,0.9694006248297486,0.7749486867888004,1.4712245392486285
2018-02-22,0.9680819722643608,0.7738945425601874,1.4732258109243948
2018-02-23,0.952620788714236,0.7615347156924525,1.4967546187382679
2018-02-26,0.941466979669421,0.7526182476702759,1.5142794464578944
2018-02-27,0.9297642835656159,0.7619735015717523,1.4954565322603541
2018-02-28,0.9192048457980356,0.7706273205155558,1.4784724638618931
2018-03-01,0.9069640793659697,0.7808895260290724,1.458784103656761
2018-03-02,0.9019197854932477,0.7765464254134726,1.4668974742776175
2018-03-05,0.8919427971647435,0.7679563104747535,1.4831242155193303
2018-03-06,0.8943824655385307,0.7658557736140141,1.4871809008297585
2018-03-07,0.8940571565679537,0.7661343342554897,1.4866399764416451
2018-03-08,0.8898934598475047,0.7625663844979951,1.4935633794354315
2018-03-09,0.9050080885567154,0.7496143758723922,1.5189311981153317
2018-03-12,0.9042668244100923,0.7502283618330189,1.5176870885293658
2018-03-13,0.8984014255542737,0.7550946119887388,1.5078428258933259
2018-03-14,0.893792940031856,0.7589679836112947,1.5001081188508436
2018-03-15,0.8928583197339446,0.759761620315253,1.4985394876453992
2018-03-16,0.8920526363202341,0.7590760386027544,1.4998917160822087
2018-03-19,0.8800856798033798,0.7692591035667419,1.4797705503398069
2018-03-20,0.8785415215463793,0.767909396573656,1.482366888362582
2018-03-21,0.8801443485356748,0.7693103843197961,1.4796624314889633
2018-03-22,0.8541158187066978,0.7920612186793238,1.435904339081845
2018-03-23,0.8722618454020572,0.8088888709762654,1.4053979863152897
2018-03-26,0.8481917631665964,0.7865675671769764,1.4441799705124405
2018-03-27,0.8630589213661383,0.8003545726204047,1.418866293791436
2018-03-28,0.8607558115633209,0.8024903531752409,1.4150799881415905
2018-03-29,0.848417938489374,0.7909876435942732,1.4353634146937315
2018-04-02,0.8681121680716819,0.8093487502411354,1.4020444862027142
2018-04-03,0.8568258216189464,0.7988263883479708,1.4202724991201932
2018-04-04,0.8468732944709266,0.7895475581400228,1.4367697850894365
2018-04-05,0.8409751627279904,0.7840486770847018,1.4467763085352157
2018-04-06,0.8223937133212178,0.8013723288063979,1.4148096084810078
2018-04-09,0.8259465247507615,0.7979103315622733,1.4209217074260978
2018-04-10,0.8125213918132465,0.7849409056340358,1.4440177097027012
2018-04-11,0.8081082894750956,0.7892042082139636,1.4361747187424276
2018-04-12,0.8150170785545462,0.7824570364720345,1.4484530585915036
2018-04-13,0.8125213918132465,0.7848530201918152,1.4440177097027012
2018-04-16,0.8192779505030807,0.7783265391080549,1.4560255048242465
2018-04-17,0.8280432258715189,0.7699993939216668,1.4716032028270025
2018-04-18,0.82840843019853,0.7696597895366902,1.4722522460659595
2018-04-19,0.8239344914325581,0.7738164478268441,1.4643011362548422
2018-04-20,0.830873652285898,0.7803335154557214,1.4519688195138185
2018-04-23,0.830873652285898,0.7803335154557214,1.4519688195138185
2018-04-24,0.8418615501263405,0.7906530446954697,1.432767241737904
2018-04-25,0.8401771318046605,0.7890710856733748,1.4356339594212622
2018-04-26,0.83153548067031,0.7809550863388703,1.4504001883083741
2018-04-27,0.8322797871252385,0.7802560543368893,1.4516984398532358
2018-04-30,0.825829635904003,0.7863030226997051,1.4404478068214908
2018-05-01,0.8274421263916732,0.7847677107062796,1.443260382545953
2018-05-02,0.8332099572645254,0.7902380720590041,1.433199882208226
2018-05-03,0.835002370654965,0.791938043704379,1.4301167617562331
2018-05-04,0.8242016165484877,0.7816943265866583,1.4486153194012428
2018-05-07,0.8212164901490634,0.7788631547911625,1.4538619723387411
2018-05-08,0.8208803658771626,0.7791819438242067,1.453266905991732
2018-05-09,0.8293128427566925,0.7711778131379723,1.4681955607555313
2018-05-10,0.8368286933624204,0.7641888254662869,1.4815014423549904
2018-05-11,0.8385701993681243,0.7625984887108704,1.4845845628069834
2018-05-14,0.8396395500683823,0.7616260176779943,1.486477715631906
2018-05-15,0.8334984990158242,0.7671964845016882,1.475605746178535
2018-05-16,0.8295572204866932,0.7635687214816448,1.482583291131217
2018-05-17,0.8302230490057967,0.7641815855716705,1.4813933235041468
2018-05-18,0.8322540866169085,0.7660510609420228,1.4777692786640406
2018-05-21,0.8261616733622948,0.760443278760543,1.4885871061585159
2018-05-22,0.8239402730160694,0.762487974147886,1.4845845628069834
2018-05-23,0.8262817762925944,0.7603211082375178,1.4888035089271507
2018-05-24,0.8277827422804102,0.7617022546648339,1.4860990520535318
2018-05-25,0.8301026098591656,0.7638369311626719,1.4819342478922601
2018-05-29,0.8393435327666019,0.7723401669203869,1.4654369619230168
2018-05-30,0.8281287556197467,0.7620206463481284,1.4850172032773052
2018-05-31,0.8336183757077164,0.7670720394065782,1.4751731057082131
2018-06-01,0.8421767344579496,0.759196879870968,1.4903179981736994
2018-06-04,0.8382643285608267,0.755669964167465,1.4972414011674855
2018-06-05,0.8390214041144141,0.7549874834308294,1.498593629604295
2018-06-06,0.8462287781711983,0.7485019788005636,1.511466870733432
2018-06-07,0.8456837059525633,0.7489841033096347,1.5104933058749968
2018-06-08,0.848045777983098,0.7468921221241274,1.5147122519951641
2018-06-11,0.8466224722456956,0.7456385862063281,1.5172544480590437
2018-06-12,0.8477693855897896,0.7446284750027794,1.5193098616937057
2018-06-13,0.8448417723034075,0.7471999104118557,1.5140632087562074
2018-06-14,0.8472260478274374,0.7450911954827927,1.5183361317683226
2018-06-15,0.8460188045571964,0.74615290307992,1.5161725992828172
2018-06-18,0.8478598344256313,0.7477766137747532,1.5128732411291372
2018-06-19,0.8509820888280618,0.7505303104703568,1.5073020665721604
2018-06-20,0.8492109682877212,0.7489682568543367,1.510439163916101
2018-06-21,0.8433417795715586,0.7541446337571891,1.5
2018-06-22,0.8450751957639702,0.7525945545944573,1.503083120451993
2018-06-25,0.8335496207371059,0.7628588305396841,1.482583291131217
2018-06-26,0.8354654920229042,0.7646122226499896,1.4791756490597456
2018-06-27,0.8426448864601975,0.7711827546353243,1.4664646687403478
2018-06-28,0.8373612238053808,0.7663471832265636,1.4756598881374308
2018-06-29,0.8366553491569172,0.7657011716449635,1.4769038326564488
2018-07-02,0.8390147741288168,0.7635418422780834,1.4810688018846683
2018-07-03,0.8423546434107342,0.7665812761749788,1.4751731057082131
2018-07-05,0.8495819623759546,0.7600040851557078,1.4878299440687155
2018-07-06,0.8561915231020936,0.7540914206037179,1.4994049336529909
2018-07-09,0.8642219089267854,0.7470186513796109,1.5134681424091982
2018-07-10,0.8673722497300845,0.7442955506181534,1.5189851750072794
2018-07-11,0.8609170814353792,0.749834756007461,1.5076805650835865
2018-07-12,0.8535043595930953,0.7433784821178863,1.5206620901305152
2018-07-13,0.8526240241814551,0.7426117345380945,1.5222305562690115
2018-07-16,0.8523210443689216,0.7428756215008522,1.5216896318808983
2018-07-17,0.8557748478101788,0.7398653164111012,1.527855872784884
2018-07-18,0.8538965024115125,0.7382413815452078,1.5312093728974598
2018-07-19,0.8503674327595026,0.7412924600402143,1.5248810362506826
2018-07-20,0.8512723908624008,0.7420813409315649,1.5232582630863425
2018-07-23,0.8497004915749297,0.7407110661011147,1.5260710038777527
2018-07-24,0.8454541783552026,0.7370094191994477,1.5336974270024437
2018-07-25,0.8532960006545989,0.7301734521579375,1.5479228965683902
2018-07-26,0.8503441705850652,0.7326993610458282,1.5425681247800482
2018-07-27,0.8448876526458032,0.7374009716947042,1.5326697201851127
2018-07-30,0.8496285064822019,0.7415386936920317,1.5240695671350386
2018-07-31,0.8450753340651094,0.7375647762674565,1.5322370797147906
2018-08-01,0.8462685880087417,0.7386062243401768,1.5300735472292852
2018-08-02,0.8422298870072389,0.7350813272327728,1.5373756138014456
2018-08-03,0.838318533970129,0.7316675768706108,1.544515254496919
2018-08-06,0.8415479352780569,0.7288490202790914,1.5504650926322698
2018-08-07,0.8439553153070214,0.7267640331951762,1.554900441521072
2018-08-08,0.8436617170801917,0.7270168624950215,1.5543595171329587
2018-08-09,0.8428983796091541,0.7276746607594008,1.5529531467372537
2018-08-10,0.8488873533872024,0.7328449453010071,1.5419190815410915
2018-08-13,0.8517461266380653,0.735312925909149,1.536726405495541
2018-08-14,0.8462898446740998,0.7306025145200831,1.5465706681315807
2018-08-15,0.8530381392294606,0.7364283211298355,1.534238351390557
2018-08-16,0.8456700662552087,0.7300674594510227,1.5474902560980683
2018-08-17,0.8484485769505787,0.7276687695536624,1.5525746482258274
2018-08-20,0.8505176211626333,0.7258942614728674,1.556360788808725
2018-08-21,0.8519660513371531,0.724658064684386,1.559011268790396
2018-08-22,0.8519364639237358,0.724683230895777,1.5589571268315003
2018-08-23,0.8533848038927269,0.7259152332018292,1.556306811916777
2018-08-24,0.8480758684688526,0.7213992902430423,1.56598864867613
2018-08-27,0.8413678653629116,0.7156932574935069,1.5783751073760495
2018-08-28,0.8415985764716387,0.7154970075631941,1.5788079129133195
2018-08-29,0.8463559592006802,0.7114524509282095,1.5877325875828718
2018-08-30,0.8427518680437538,0.7144820739362233,1.5809714453988248
2018-08-31,0.8431843413844836,0.7141154245568229,1.581782749447521
2018-09-04,0.8445971169610366,0.7153119420692295,1.5791324345327977
2018-09-05,0.84688257307173,0.7172475561226332,1.5748593464537346
2018-09-06,0.8493549434076892,0.7193414728445997,1.5702617367551932
2018-09-07,0.8514321531394212,0.7211007174565592,1.5664214542133998
2018-09-10,0.8495211528246859,0.7194822400559415,1.5699372151357147
2018-09-11,0.8523602107239212,0.7170777658057143,1.575183868073213
2018-09-12,0.8523017056767606,0.7170285463935708,1.5752919869240567
2018-09-13,0.8572182236045507,0.7128923541513155,1.584379087470296
2018-09-14,0.8571889304422046,0.7129167153593374,1.5843249455114006
2018-09-17,0.8528870330731518,0.716494566674538,1.5763738357002832
2018-09-18,0.8481168916486705,0.7124872593989251,1.5851903915189922
2018-09-19,0.8475091962322078,0.7119767457585433,1.5863262171871668
2018-09-20,0.8546758360522376,0.7059561846604778,1.5997403827044172
2018-09-21,0.8535198609736558,0.7069110118845722,1.597576685151964
2018-09-24,0.8509480192574,0.7090410891249207,1.5927628377517353
2018-09-25,0.8518438382113391,0.7097875183219873,1.5910860876954476
2018-09-26,0.8580410039349549,0.7149512240181292,1.579510933044224
2018-09-27,0.8556903137761526,0.712992542791223,1.583838163082183
2018-09-28,0.8559533046670826,0.7132116764439433,1.5833513806529653
2018-10-01,0.8526199491946139,0.710434202448878,1.5895174564900032
2018-10-02,0.8522718012638284,0.7107242920694359,1.5888684132510464
2018-10-03,0.8528521068432711,0.7102403651443379,1.589950262027273
2018-10-04,0.8464400577965702,0.7155802077966691,1.5779964437976755
2018-10-05,0.8516914956843858,0.7200197720403282,1.5682063231205312
2018-10-08,0.8516620912334082,0.7199949135250123,1.568260465079427
2018-10-09,0.852690189900562,0.7208640678745744,1.566367312254504
2018-10-10,0.8251888143291004,0.7441137237301227,1.5158480776633387
2018-10-11,0.842620139436128,0.7598324150280487,1.483827235650235
2018-10-12,0.8312553417311467,0.7495842126859352,1.5038402825417934
2018-10-15,0.8357400484824729,0.7536282954250839,1.4957269119209369
2018-10-16,0.8541454795646497,0.7370312044059191,1.5286671768335802
2018-10-17,0.8539641525377473,0.7371876691771163,1.5283426552141017
2018-10-18,0.8417241170645957,0.7477539244400373,1.5064366205645685
2018-10-19,0.840998716725538,0.7483983409885522,1.505138369019707
2018-10-22,0.8441720319277779,0.7455744320032486,1.4994590756118866
2018-10-23,0.8391475795284911,0.7411368255651736,1.4905344009423342
2018-10-24,0.8648180362592989,0.7184646266857235,1.4449372976691888
2018-10-25,0.8490199917278882,0.7315891635139785,1.471332658099472
2018-10-26,0.8643760832593538,0.7183570249685889,1.4447208949005537
2018-10-29,0.8691980161388658,0.7143496612469284,1.4366615011716453
2018-10-30,0.8831059705544375,0.7257799019296385,1.459649384597405
2018-10-31,0.8736157570591844,0.7335794259386901,1.4753353665179523
2018-11-01,0.8821354118100795,0.726425430156384,1.4897230968936381
2018-11-02,0.8772350195457458,0.7304608305165728,1.4814474654630425
2018-11-05,0.8826158232587521,0.7259803135952527,1.4905344009423342
2018-11-06,0.8877083801025548,0.7217915194256498,1.4991345539924081
2018-11-07,0.9068295377112172,0.7062441958756126,1.5314257756660947
2018-11-08,0.9048757341613665,0.7077658296111501,1.5281262524454668
2018-11-09,0.8966763862908987,0.7141791060741226,1.5142794464578944
2018-11-12,0.8792207853628835,0.7280820320988882,1.4848009655756182
2018-11-13,0.8805020128845925,0.7270210486086015,1.4826372680231648
2018-11-14,0.8866052142990805,0.7219817007964437,1.4723603649168029
2018-11-15,0.8955621387906815,0.7292755171129469,1.4872348777217064
2018-11-16,0.8930216332744259,0.7272067288135695,1.4914538238418737
2018-11-19,0.8780915658419715,0.739364603935487,1.4665188106992435
2018-11-20,0.8618012275365338,0.7530812822384223,1.4393119811533162
2018-11-21,0.8590160474739986,0.7506474646645549,1.4439635677438056
2018-11-23,0.864325349544278,0.7552869753581128,1.435038893074253
2018-11-26,0.8507729140821954,0.7434442381361982,1.4575399940707952
2018-11-27,0.8534565603745459,0.7410991454090796,1.4621376037693368
2018-11-28,0.8733785367966246,0.723799893886796,1.4962678363090502
2018-11-29,0.8716105078782088,0.7252651224098506,1.493238857815953
2018-11-30,0.8777038966988326,0.7201948274226566,1.503678021732054
2018-12-03,0.8883436731240539,0.7114644207613686,1.5219060346495332
2018-12-04,0.8604339636543776,0.7338169920490446,1.4740912569319864
2018-12-06,0.8581923727668058,0.7357287221201545,1.4702509743901933
2018-12-07,0.8778302120073908,0.7525642508758994,1.4366075242796974
2018-12-10,0.876508198758582,0.7514308883000516,1.4387710567652028
2018-12-11,0.8763434818022853,0.7512896763764626,1.4390414364257855
2018-12-12,0.8810867135677675,0.7472233015678785,1.4468302854271635
2018-12-13,0.8802632372268436,0.7479216672346771,1.4454780569903543
2018-12-14,0.8643207473292008,0.7614673125824041,1.419298934261758
2018-12-17,0.886554608534143,0.781055363190206,1.3827887664679042
2018-12-18,0.8866586396574405,0.7811470146981988,1.3826265056581648
2018-12-19,0.9001170012396182,0.7930038426841176,1.3616399764416451
2018-12-20,0.9155278049570762,0.8065807738496934,1.338327488862933
2018-12-21,0.9343245114736222,0.8231406882573743,1.310850279656423
2018-12-24,0.9584585342455856,0.844402782819788,1.2769904267772922
2018-12-26,0.911447005787306,0.802985586314747,1.3396256578743206
2018-12-27,0.9026516014039192,0.7952368275818479,1.3525529584288796
2018-12-28,0.9000165065510259,0.7975583483855918,1.3486044745027688
2018-12-31,0.9082467095799973,0.7902650742213003,1.3609367912437926
2019-01-02,0.9086437831945644,0.7899195806387997,1.3615317750573277
2019-01-03,0.9313490792889055,0.809658182608942,1.3275096613684578
2019-01-04,0.9640979174167866,0.7811883367146191,1.37418861341783
2019-01-07,0.9705869905784436,0.7759303767310971,1.3834378922403348
2019-01-08,0.9801498139048535,0.7682854307568553,1.3970683779927462
2019-01-09,0.984703462093696,0.7647160768574323,1.4035589754492628
2019-01-10,0.9885741962322956,0.7617100829323836,1.4090761731142918
2019-01-11,0.9891055188815265,0.762119474377914,1.4083188459575435
2019-01-14,0.9938921019609762,0.7658076028039909,1.4015035618146008
2019-01-15,0.9831518131202248,0.7575320617927179,1.4166486193470347
2019-01-16,0.9857419285867617,0.7555363420234386,1.4203807830379847
2019-01-17,0.9929866911844937,0.7499834875965541,1.4308199469540857
2019-01-18,1.006275094722875,0.7399470154879325,1.4499675478380523
2019-01-22,0.9928740824492611,0.7498012184671968,1.4306576861443465
2019-01-23,0.9943005361329992,0.7487239854836191,1.4327130997790083
2019-01-24,0.9952765548758075,0.7479890279768433,1.4341194701747135
2019-01-25,1.004135414197268,0.7413312507586612,1.4468844273860593
2019-01-28,0.9960648160224347,0.747289597167649,1.435255295842888
2019-01-29,0.9974536952756985,0.7483315926291799,1.4332540241671217
2019-01-30,0.9814555896482501,0.7363291428714202,1.4562419075928814
2019-01-31,0.9899128719415208,0.7299841350201148,1.4687904620355925
2019-02-01,0.9904597734523365,0.7295808374798667,1.4696019311512363
2019-02-04,0.9975682693507476,0.7243446607770937,1.4801492139181809
2019-02-05,1.0018334558892263,0.721247664620253,1.486477715631906
2019-02-06,1.0003388216748632,0.7223236932058766,1.4842600411875049
2019-02-07,0.9909335841794646,0.7291150180409761,1.4703049512821411
2019-02-08,0.9898398924071234,0.7283102949908616,1.471927724446481
2019-02-11,0.989294307797952,0.7279088614957114,1.4727390284951771
2019-02-12,1.0021564729174914,0.7184450609919225,1.4918866293791435
2019-02-13,1.0052084914255417,0.7162570717083916,1.4964300971187894
2019-02-14,1.0029194498240817,0.7178881186488679,1.4930224550473181
2019-02-15,1.0142919194429616,0.7097477233055319,1.5099523814868834
2019-02-19,1.0157088765552005,0.7087562118233293,1.5120617720134932
2019-02-20,1.017670928053836,0.707387102800386,1.5149826316557469
2019-02-21,1.014473543650634,0.7096096173944164,1.5102227611474661
2019-02-22,1.020323328952331,0.7055177769164097,1.5189311981153317
2019-02-25,1.0219220211539322,0.7044123373601022,1.521311133369472
2019-02-26,1.0211589333656523,0.7049383348838136,1.5201751426343497
2019-02-27,1.0206503190551555,0.7052894474417364,1.5194179805445494
2019-02-28,1.0227939947614637,0.7067707695225408,1.5162267412417127
2019-03-01,1.0155331856569654,0.7017534076056483,1.5269904267772922
2019-03-04,1.0113963963994739,0.7046120103563925,1.5207702089813586
2019-03-05,1.0101013375434744,0.7055142421888414,1.5188229141975402
2019-03-06,1.0036623800000488,0.7100115892201639,1.5091410774381875
2019-03-07,0.9955686189306983,0.715737283710793,1.4969710215069028
2019-03-08,0.9975830573478882,0.7171855100344299,1.4939420430138055
2019-03-11,0.9830997583566858,0.7067731317392316,1.5156316748947039
2019-03-12,0.9865731861133448,0.7042760042681118,1.5209866117499935
2019-03-13,0.9934145785909883,0.6993922018035766,1.531533894516938
2019-03-14,0.9929234527588686,0.6997379683994082,1.5307767324271377
2019-03-15,0.9973791321797668,0.6965979397726741,1.5376459934620283
2019-03-18,1.0013436857685454,0.6938289828404935,1.5437580924071186
2019-03-19,1.0017998000142028,0.6935129422166586,1.544461277604971
2019-03-20,0.9942566768403063,0.6987347974673359,1.5328321460617997
2019-03-21,0.9830998654257576,0.6908941135215161,1.5500324521619477
2019-03-22,1.0016592880318897,0.7039371382231641,1.5207702089813586
2019-03-25,1.0007686392242843,0.7045630604107568,1.5194179805445494
2019-03-26,0.9934653624906318,0.6994213934911405,1.5305061876996071
2019-03-27,0.9886202003032424,0.7028324938845137,1.5230418603177076
2019-03-28,0.9925174379025772,0.7000618593978213,1.5290458404119542
2019-03-29,0.9990829433911768,0.695430948338013,1.539160482708577
2019-04-01,1.0106340800549514,0.6873905569194544,1.556955855155734
2019-04-02,1.0108798739969653,0.6872233782758457,1.557334518734108
2019-04-03,1.0127055422524036,0.6859822397999628,1.5601470944585705
2019-04-04,1.0151281233460983,0.6843412419625722,1.5638792581495202
2019-04-05,1.019762635625031,0.6812169192136355,1.5710190639119415
2019-04-08,1.020886066087985,0.6804664506122289,1.572749790860177
2019-04-09,1.0156196040836825,0.6839767842590425,1.5646364202393206
2019-04-10,1.018955072878318,0.6817304873079221,1.5697749543259756
2019-04-11,1.019025253798989,0.681777441756182,1.569666835475132
2019-04-12,1.0259076821447533,0.6771727625559834,1.5802682602009723
2019-04-15,1.0250649664341873,0.6777290154583695,1.5789701737230586
2019-04-16,1.025837491555941,0.6772182549628624,1.5801601413501287
2019-04-17,1.0231336000492017,0.6790032596082137,1.5759951721219092
2019-04-18,1.0253458359506413,0.677535107855571,1.5794028141933805
2019-04-22,1.0263992305888485,0.6768390384663093,1.5810254222907727
2019-04-23,1.0174800963942776,0.6709574886440809,1.5947641094275016
2019-04-24,1.0153405200157832,0.6723683907332363,1.5914106093149258
2019-04-25,1.0147193730636095,0.6727797203004198,1.5904370444564906
2019-04-26,1.0196542160417297,0.6695078183670583,1.598171751498973
2019-04-29,1.0207585474999348,0.6687827112339685,1.5999026435141566
2019-04-30,1.0212761699600794,0.668443574272403,1.6007139475628525
2019-05-01,1.0138910718125338,0.6732772534938528,1.5891387929116292
2019-05-02,1.0120276309560128,0.6745146767011444,1.5862180983363232
2019-05-03,1.0025374996989305,0.6681895205286046,1.6010926111412267
2019-05-06,1.0062969419385883,0.6706951823201349,1.59508863104698
2019-05-07,1.0233244496262204,0.6820439869294515,1.5680982042696876
2019-05-08,1.0247011234919612,0.682961537694934,1.56598864867613
2019-05-09,1.0275325286499526,0.6848486643665135,1.561661583705119
2019-05-10,1.0229771103318626,0.68181248588672,1.5685849866989054
2019-05-13,1.0483752057867002,0.6987402728566879,1.5296407416920155
2019-05-14,1.039033175699362,0.6925138258592471,1.5432713099779007
2019-05-15,1.0328059998743957,0.6883634238743028,1.5525205062669318
2019-05-16,1.0419095706859676,0.68229590957433,1.566205051444765
2019-05-17,1.0359364607346335,0.6862074088079437,1.5572262348163168
2019-05-20,1.0290278801761588,0.6907836732249815,1.5468412128591114
2019-05-21,1.0200322525042533,0.6847449323454833,1.5603634972272054
2019-05-22,1.0229670977951821,0.6867150861668432,1.5558740063795073
2019-05-23,1.0357341696282825,0.6952855874594676,1.5364560258349582
2019-05-24,1.0331817984101928,0.6935721874637707,1.5402423314848037
2019-05-28,1.042905604730382,0.7000997527289982,1.5257463171913264
2019-05-29,1.0361027736724688,0.7046664750861317,1.515793935704443
2019-05-30,1.0337735207847447,0.7030823210198714,1.5192015777759142
2019-05-31,1.0469133331710594,0.7120188720192845,1.4998917160822087
2019-06-03,1.0503866199266694,0.7143810978498012,1.4949156078722408
2019-06-04,1.0273555024801155,0.6987173463757721,1.527693611975145
2019-06-05,1.0361580188983508,0.6927306446952626,1.540783090805969
2019-06-06,1.0430692231178686,0.6881101110823514,1.5510601589792787
2019-06-07,1.0536541553111245,0.6811272582612041,1.566800117791774
2019-06-10,1.0584918872592584,0.6779999407429981,1.573993900446143
2019-06-11,1.0583100602031779,0.6781164071370553,1.5737235207855602
2019-06-12,1.0559093436330604,0.679654675888625,1.5701536179043496
2019-06-13,1.0607470755811943,0.6765407843797839,1.5773474005587187
2019-06-14,1.0594012445507184,0.6773991507160776,1.5753461288829524
2019-06-17,1.0539086909885318,0.6809111827600515,1.5671786163032002
2019-06-18,1.0440511780251263,0.6745424234278846,1.5818368914064167
2019-06-19,1.0468714121015,0.6727203216300499,1.586109814418532
2019-06-20,1.0567960517981418,0.666342741029788,1.6011465880331746
2019-06-21,1.0551896100359488,0.6673556524664868,1.5987126758870862
2019-06-24,1.0541185399129158,0.6680330517642012,1.5970899027227463
2019-06-25,1.0439083468857409,0.6745036204419979,1.5816204886377818
2019-06-26,1.0427301806452283,0.6752648725165492,1.5798354546637026
2019-06-27,1.0384461180495714,0.672490543129901,1.5863262171871668
2019-06-28,1.0332411362317828,0.6691198328072506,1.594277326998284
2019-07-01,1.0422502534083724,0.6632855906661322,1.6081782749447522
2019-07-02,1.0454402558437004,0.6612554806780333,1.613100406262772
2019-07-03,1.0533275927615002,0.6562666305398299,1.6252704621940566
2019-07-05,1.0519954920765442,0.6570965843301451,1.6232150485593948
2019-07-08,1.0465619291236365,0.6604904920835432,1.6148311332110077
2019-07-09,1.044879258735452,0.6594285503467201,1.617427471233783
2019-07-10,1.0400921822268687,0.6564074023087407,1.6248376566567868
2019-07-11,1.0419272274936353,0.6552492960204132,1.627704374340145
2019-07-12,1.0473284967944112,0.6518525348901146,1.6361422665804797
2019-07-15,1.0472246302948873,0.6519171809311725,1.6359800057707405
2019-07-16,1.0436930636483082,0.6541156481042183,1.6304629731726594
2019-07-17,1.0369068724662913,0.6583687700207972,1.619861548446819
2019-07-18,1.0328559733220926,0.6557967111813173,1.6261898850935963
2019-07-19,1.0388679406928152,0.65961392145195,1.6167242860359305
2019-07-22,1.041231348538918,0.658113310396113,1.6204023077679846
2019-07-23,1.0337934339980275,0.6534121548192879,1.631977462419208
2019-07-24,1.0387616598126277,0.6502719732042894,1.6398204533794816
2019-07-25,1.0337591371998798,0.6534035869095713,1.6319233204603123
2019-07-26,1.0408173764333086,0.6489423167099382,1.643065669574266
2019-07-29,1.0389329346765481,0.6501172528966569,1.6400908330400643
2019-07-30,1.0363974811354355,0.6517038250766104,1.6360882896885318
2019-07-31,1.0475330659388968,0.6587060644133271,1.6185093200100096
2019-08-01,1.0570202080087079,0.6646717357783013,1.6038510449067933
2019-08-02,1.064506100066253,0.669378988137375,1.5924924580911526
2019-08-05,1.0965042151846343,0.6894999305339589,1.5446235384147102
2019-08-06,1.081874953442528,0.6803008095317228,1.5652314865863297
2019-08-07,1.080828151102337,0.6796425629597085,1.5667459758328783
2019-08-08,1.0598578795601203,0.6664561104395949,1.597144044681642
2019-08-09,1.0529663143723051,0.6707896402632523,1.5867588576574887
2019-08-12,1.0402242304171625,0.6789069539852677,1.5675572798815745
2019-08-13,1.024179913040466,0.668435559145121,1.5917351309344043
2019-08-14,1.054388809943924,0.6881515295871448,1.5447857992244494
2019-08-15,1.0516568862537334,0.6863685274835659,1.5487883425759819
2019-08-16,1.0360844374702696,0.6762050997719914,1.571722084042846
2019-08-19,1.0236405103085906,0.6680835155616698,1.59059930526623
2019-08-20,1.0157039677989383,0.6732633352032887,1.578266988525206
2019-08-21,1.0240233628899345,0.6677487917305721,1.591194206546291
2019-08-22,1.0236405103085904,0.6679984436016797,1.59059930526623
2019-08-23,0.9971853331997808,0.6852623335668826,1.5494915277738346
2019-08-26,0.9860811211221222,0.6776315571932059,1.5667459758328783
2019-08-27,0.989859915843061,0.6802283319374068,1.5607419957386317
2019-08-28,0.9965493596164214,0.675631369168522,1.5712894435725242
2019-08-29,0.9835822155101938,0.6668400240714077,1.5917351309344043
2019-08-30,0.9835487595244284,0.6668627062529288,1.5916809889755086
2019-09-03,0.9773320661694771,0.6710777295697514,1.5816204886377818
2019-09-04,0.9661352249334549,0.6633895025534492,1.5997403827044172
2019-09-05,0.9787770239582733,0.6547091061140868,1.6206728524955152
2019-09-06,0.9794302879160188,0.6542721344122967,1.621754536204794
2019-09-09,0.9798876624068071,0.6539666023208289,1.622511863361542
2019-09-10,0.9798223659178215,0.6540101805029855,1.6224037445106987
2019-09-11,0.9727338588249697,0.649278755742182,1.6341409949047134
2019-09-12,0.9758247373091127,0.6472156613838146,1.639333505883316
2019-09-13,0.975148629134481,0.6476640900643765,1.6381976802151417
2019-09-16,0.9722831527943002,0.6495672523834493,1.633383832814913
2019-09-17,0.9699328392443525,0.6479970444553457,1.6373322342075498
2019-09-18,0.969227918975259,0.6475260981872462,1.6385222018346202
2019-09-19,0.9691000088270928,0.6476115529678391,1.638305964132933
2019-09-20,0.9637567820804559,0.6511822219800465,1.629273005545589
2019-09-23,0.9632448485637879,0.6515281204588829,1.630138451553181
2019-09-24,0.9756137940817474,0.6598943378722333,1.609205981762083
2019-09-25,0.9701046549783617,0.6561680173518306,1.6182929172413747
2019-09-26,0.972050136810262,0.657483919661835,1.6150475359796426
2019-09-27,0.9668739548325329,0.6609850316793363,1.6064473829295687
2019-09-30,0.971822230216206,0.6576022371124873,1.6146688724012686
2019-10-01,0.9835744215083027,0.6655545837910947,1.5951427730058758
2019-10-02,0.9659647382814779,0.6774705152492851,1.566583715023139
2019-10-03,0.9579269710699323,0.6718333008889066,1.5796192169620153
2019-10-04,0.9448721480189983,0.662677420401448,1.6011465880331746
2019-10-07,0.9406269371683385,0.6656547601203439,1.5939528053788055
2019-10-08,0.9260717893808325,0.6759550216014528,1.569288171896758
2019-10-09,0.9172940091514972,0.6695479755251436,1.5841626847016612
2019-10-10,0.9108107897928888,0.6648157671457855,1.5953591757745107
2019-10-11,0.9198895686870244,0.6581890171962991,1.611261395396745
2019-10-14,0.9192719274979592,0.6586309448591936,1.6101795466205184
2019-10-15,0.9283197960609973,0.6521484166296466,1.626027624283857
2019-10-16,0.9266214241492895,0.6533415297763965,1.6230527877496554
2019-10-17,0.9292153475134975,0.651512608261388,1.6275962554893013
2019-10-18,0.925170052169919,0.6543489377812728,1.6205105916857758
2019-10-21,0.9318092708777056,0.6496531894710585,1.6321397232289472
2019-10-22,0.9350516515232622,0.6519137625236114,1.626460429821127
2019-10-23,0.9377569735655615,0.6500276242888302,1.631166158370512
2019-10-24,0.9360778670615472,0.6488637133369527,1.6340868529458177
2019-10-25,0.9397960654716343,0.6462863593451676,1.640577615469282
2019-10-28,0.9345286334836297,0.6426640102338024,1.6497728348663652
2019-10-29,0.9342222220077234,0.6428747256905921,1.6492319104782518
2019-10-30,0.9371635664683838,0.6408506719175563,1.6544244214568544
2019-10-31,0.9399210827442315,0.6427363151728313,1.6495564320977303
2019-11-01,0.9307366543032446,0.6364558243938678,1.6656750544885994
2019-11-04,0.9342425139584695,0.6340584493826239,1.671949249176481
2019-11-05,0.9331242544883315,0.6348173977874004,1.6699479775007147
2019-11-06,0.9335474295501092,0.6345295059120858,1.670705304657463
2019-11-07,0.9302228120475421,0.6322697729467589,1.6766551427928138
2019-11-08,0.9322934488260951,0.6308623670770306,1.6803873064837638
2019-11-11,0.9338239433790885,0.6318980189071659,1.6776287076512493
2019-11-12,0.9322282329579334,0.6308182369407401,1.6804954253346072
2019-11-13,0.9327382682558922,0.6304731073297059,1.6814148482341469
2019-11-14,0.9314180368508708,0.6295807129414338,1.6837947834882872
2019-11-15,0.924506461278993,0.6249089173524162,1.6962893610390501
2019-11-18,0.9249192174194236,0.6246299198508841,1.6970466881957984
2019-11-19,0.9247128393492083,0.6247692940957152,1.6966680246174244
2019-11-20,0.9212932069050271,0.6270797209193782,1.690393664862595
2019-11-21,0.9226197302900854,0.6279826212206729,1.6879597527165067
2019-11-22,0.9206389585486181,0.6266344057106324,1.6915836324896651
2019-11-25,0.9275863353464991,0.6219056623845285,1.7043487547679588
2019-11-26,0.9294409335984156,0.6206622361821745,1.70775639683943
2019-11-27,0.9339154528356371,0.617674240909724,1.7159778863111301
2019-11-29,0.9304123427680518,0.619991132492628,1.7095412657465614
2019-12-02,0.9226113333122697,0.6251894262649215,1.6952076773297715
2019-12-03,0.9289699173886308,0.6294981957185609,1.6835244038277044
2019-12-04,0.9232095796004182,0.6255948160971815,1.6939635677438056
2019-12-05,0.9251551754803616,0.6242764213105508,1.697533470625016
2019-12-06,0.9334092267857066,0.6187067506793089,1.7126785281574501
2019-12-09,0.9306382347713718,0.6205434921814809,1.707594136029691
2019-12-10,0.9296653918506843,0.6211921774823763,1.7058091020556116
2019-12-11,0.9320237307785393,0.6196163613804998,1.7101363320935705
2019-12-12,0.9402776921224528,0.6141290660188046,1.7252812245590567
2019-12-13,0.9406019131217277,0.6139173056621179,1.7258761258391178
2019-12-16,0.9413094597808,0.6134555001602279,1.7271743773839794
2019-12-17,0.9413978918680052,0.6133978685814491,1.7273366381937185
2019-12-18,0.9414568166056647,0.6133594742863276,1.7274447570445621
2019-12-19,0.9454953651904163,0.610728358346508,1.7348549424675659
2019-12-20,0.9406608378593873,0.6076055689083323,1.7437256402451706
2019-12-23,0.941331889466649,0.6071721133235064,1.7449695847641886
2019-12-24,0.9414486289381352,0.6070968147466669,1.7451859875328235
2019-12-26,0.9463215001037649,0.6039545247986096,1.7542189461201674
2019-12-27,0.9464965647879311,0.6040662533265179,1.7538944245006889
2019-12-30,0.9413884141110218,0.6073263406375787,1.7444288254430231
2019-12-31,0.9435191856684937,0.6059516968950636,1.74837722683566
2020-01-02,0.9345287905928493,0.600177839580245,1.7650367736146426
2020-01-03,0.9273405203734411,0.6047943270914179,1.7514603472876529
2020-01-06,0.9236748067048698,0.602403616470253,1.7583837502814392
2020-01-07,0.9262035093081559,0.6040527895148567,1.7535699028812106
2020-01-08,0.930917359029682,0.600978503955554,1.762494577550763
2020-01-09,0.9372024629299373,0.5969209876760019,1.774394088754517
2020-01-10,0.9346027704928414,0.5985767782213592,1.7694721225034449
2020-01-13,0.9411449839576881,0.5943867445708498,1.7818584161364166
2020-01-14,0.939688029758335,0.5953068942590527,1.77909998237085
2020-01-15,0.9418020998574261,0.5939675981681367,1.7831025257223825
2020-01-16,0.9496299483305705,0.5890307984337535,1.7979228965683902
2020-01-17,0.9527725438733675,0.587081528020597,1.803872734703741
2020-01-21,0.9507155801712948,0.5883489925388192,1.7999783102030522
2020-01-22,0.9505155770037216,0.5882252208613581,1.8003569737814262
2020-01-23,0.9516864193060118,0.5875006467580809,1.8025746482258274
2020-01-24,0.9603391487192967,0.5928422004709463,1.7861856461743755
2020-01-27,0.9759265662938476,0.6024647165860915,1.7571937826543689
2020-01-28,0.9655325698309165,0.5960482336769142,1.7759085780010657
2020-01-29,0.9662088822059186,0.596465738802199,1.7746646334820477
2020-01-30,0.9691242657473881,0.5946659971210997,1.7800194052703895
2020-01-31,0.9863517200388467,0.6052369647938448,1.74837722683566
2020-02-03,0.9792723261399462,0.6008929658035232,1.7609259463453186
2020-02-04,0.9944625010081249,0.5915720966397912,1.7882408947420896
2020-02-05,1.0055318734735224,0.5849873014653089,1.8081458227828042
2020-02-06,1.009382062045393,0.5827473809991274,1.8150692257765906
2020-02-07,1.0039075479179052,0.5859079867697229,1.8052249631405506
2020-02-10,1.0113372194349997,0.5815718266422595,1.8185849866989054
2020-02-11,1.0094722972542753,0.580499398792926,1.821938486811481
2020-02-12,1.015945589863743,0.5767769167810594,1.833621760313548
2020-02-13,1.0146868559711464,0.5774915304974465,1.8313499439102512
2020-02-14,1.013218317853481,0.5766557373459203,1.834000423891922
2020-02-18,1.01079786087983,0.578033298702896,1.8296192169620153
2020-02-19,1.0059569469325282,0.5752649811529755,1.8383816308218288
2020-02-20,1.0018428629268634,0.5776176548585424,1.8308631614810336
2020-02-21,1.0121427054519794,0.5835560820360229,1.8120402472834933
2020-02-24,1.0459201407287917,0.6030306360541343,1.7515684661384965
2020-02-25,1.0772818924203829,0.621112415277904,1.6990479598715647
2020-02-26,1.0814315865016297,0.6235049427413303,1.6925032204561525
2020-02-27,1.13050749187273,0.6517999083686735,1.6156965792185995
2020-02-28,1.141104416206208,0.6579096195905858,1.6005516867531133
2020-03-02,1.085227319647788,0.6256933922072949,1.678926794129163
2020-03-03,1.0541109642641457,0.6436336869277021,1.6307874947921377
2020-03-04,1.100435907138109,0.6153479610511116,1.7024556019430361
2020-03-05,1.062012460361291,0.6368338008690442,1.6430116926823182
2020-03-06,1.0443215850522911,0.6474421014156292,1.6156426023266517
2020-03-09,1.1278813786875945,0.6992461904620012,1.4863694317141145
2020-03-10,1.067341891516381,0.6617138696196696,1.5661509094858692
2020-03-11,1.1192436706016302,0.6938911198069104,1.4899934765542209
2020-03-12,1.011532691446089,0.7606680817007957,1.3466032028270025
2020-03-13,0.9197488557116925,0.8296891176491383,1.4687904620355925
2020-03-16,1.026203288037486,0.9257197715365882,1.2987883425759819
2020-03-17,0.9609437140270074,0.8668502681469746,1.381382478605673
2020-03-18,1.0144486312874634,0.9151161043217503,1.3044677185172762
2020-03-19,1.0107049705107067,0.9117390143831697,1.3092816484509788
2020-03-20,0.965192791212901,0.9527947435089935,1.2503245216194785
2020-03-23,0.9380106905165737,0.9796276860017022,1.2151124403035383
2020-03-24,0.8493662311085927,0.8870503118580353,1.3299437385814938
2020-03-25,0.8548587037382166,0.8813141530839567,1.338543891631568
2020-03-26,0.9063291421963159,0.8282508507157436,1.4191366734520188
2020-03-27,0.8782449608526566,0.8539156406983023,1.3751622608097391
2020-03-30,0.9062945645294282,0.8266430728355391,1.419082531493123
2020-03-31,0.8926151967458422,0.8391202023049655,1.3976632792728074
2020-04-01,0.8525442665806366,0.8767896562301931,1.3349199293249356
2020-04-02,0.8325433528099926,0.8562199392117583,1.3662375036067127
2020-04-03,0.8443101417040468,0.8683213622038222,1.346927724446481
2020-04-06,0.7874170808217156,0.8098103273540153,1.4376892079889763
2020-04-07,0.7877429964669421,0.8094751430383851,1.4382842743359852
2020-04-08,0.8146715845398542,0.7818036527428099,1.4874512804903413
2020-04-09,0.8268768316322747,0.7700908264449927,1.5097359787182485
2020-04-13,0.8189375084332423,0.7774849143307151,1.4952401294917192
2020-04-14,0.8437923508556112,0.7538881626464147,1.5406208299962298
2020-04-15,0.8252475246258186,0.7704570791088581,1.506761142184047
2020-04-16,0.8208631681401292,0.7663638120696532,1.514766228887112
2020-04-17,0.7987917561655126,0.7457577816432284,1.5554953428011333
2020-04-20,0.7845702870710722,0.7590350484173487,1.5278017308259884
2020-04-21,0.7606826234671409,0.7821452454245226,1.4812850395863555
2020-04-22,0.7434612629053982,0.7644379850407965,1.5148203708460077
2020-04-23,0.7436735992567175,0.7646563124515875,1.5143877303756859
2020-04-24,0.7540857275709888,0.7539504064606783,1.5355905798273664
2020-04-27,0.7426907494644984,0.742557473189454,1.5587948660217612
2020-04-28,0.7386962958544887,0.7465512099925042,1.550411115740322
2020-04-29,0.7579986533739198,0.7270436011920971,1.5909238268857082
2020-04-30,0.7503447014192092,0.734384982034576,1.5748593464537346
2020-05-01,0.770007888888684,0.7536299364524591,1.5335893081516
2020-05-04,0.7670205034932075,0.7507060922967826,1.539539146286951
2020-05-05,0.7602565330010762,0.7440859904436598,1.5531155726139407
2020-05-06,0.755252368096712,0.7489837175102181,1.5428926463995267
2020-05-07,0.7642015589535835,0.7401088056002036,1.5611748012759015
2020-05-08,0.7769898457075851,0.7277236913272925,1.587299782045602
2020-05-11,0.776963423794459,0.7277484379211616,1.5872458051536542
2020-05-12,0.7927966138336131,0.7425787104480592,1.554900441521072
2020-05-13,0.8063927507626388,0.7553136309202979,1.5282345363632581
2020-05-14,0.7967459349043142,0.746277870732871,1.5465166912396329
2020-05-15,0.7932905728024617,0.7430413807063593,1.5532236914647843
2020-05-18,0.7687592172162434,0.7200639082009331,1.6012548719509658
2020-05-19,0.7608389036733683,0.7274825274462556,1.5847575859817224
2020-05-20,0.7738229462863043,0.7150677257176316,1.6118021547179104
2020-05-21,0.7681619227266578,0.7202989162134128,1.600010762365
2020-05-22,0.7697200236898716,0.7188378981624656,1.603256143626732
2020-05-26,0.7599559982854855,0.7097193209093399,1.6235937121377688
2020-05-27,0.7710450066550637,0.6993633483170181,1.6472846156944334
2020-05-28,0.7695260173324749,0.7007411219223645,1.6440393994996492
2020-05-29,0.7726400227067179,0.6979054652058009,1.6506922577659047
2020-06-01,0.768842394874374,0.6944751676013283,1.6588056283867612
2020-06-02,0.7624495351128079,0.6887006650713386,1.6725984574823858
2020-06-03,0.7727066018448694,0.6794357257478375,1.695099558478928
2020-06-04,0.7701176358833095,0.6817121861311565,1.6894201000041598
2020-06-05,0.7901879724095628,0.6639458185631589,1.7334487371388088
2020-06-08,0.7998532346458046,0.6558246997014016,1.7546515865904895
2020-06-09,0.7939603968721084,0.6606564218173155,1.7417243685694044
2020-06-10,0.7892756228212838,0.6645546339619434,1.7314473003960946
2020-06-11,0.7436120180219659,0.7030024958942823,1.6312742772213555
2020-06-12,0.7343165865672822,0.6942146988244617,1.65166582262434
2020-06-15,0.7306372377837941,0.6907362835818758,1.6599416191218834
2020-06-16,0.7165906574530303,0.6774568034336477,1.6918541772171958
2020-06-17,0.7133603897857783,0.6805106624050578,1.684227589025557
2020-06-18,0.7139101987794642,0.679986171715854,1.6855256755034707
2020-06-19,0.7182630164470495,0.6841321494971194,1.6752487723971088
2020-06-22,0.7234113593600475,0.6792284487318478,1.6872565675186542
2020-06-23,0.7263565554604589,0.6764631327707284,1.6941258285535448
2020-06-24,0.7080126865851474,0.6935469615229343,1.6513413010048617
2020-06-25,0.7154337456431054,0.686277525454277,1.668649891022801
2020-06-26,0.7325020823949587,0.7026502727296419,1.6288403650752672
2020-06-29,0.743496640420674,0.6921037782131317,1.65328859578868
2020-06-30,0.7336939494653376,0.6829786805623808,1.6750865115873697
2020-07-01,0.7387164803126833,0.678303323087096,1.6865533823208017
2020-07-02,0.7426018780171855,0.6747356780639834,1.6954240800984064
2020-07-06,0.7539973576189236,0.6643816284937436,1.7214409420172634
2020-07-07,0.7462266345098393,0.671228768767671,1.703699711529002
2020-07-08,0.7517940175548242,0.6662209233039428,1.716410526781452
2020-07-09,0.7556082721379785,0.669601019647846,1.7077022548805345
2020-07-10,0.7632189042229532,0.6628566691792568,1.7249025609806825
2020-07-13,0.7564459368601776,0.6687390006593976,1.7095954077054571
2020-07-14,0.7662584242403071,0.6600642326623508,1.731771987082521
2020-07-15,0.7591025223463178,0.6539000526112851,1.747944586365338
2020-07-16,0.7564716549467694,0.6561663134658277,1.7418866293791435
2020-07-17,0.7542401489173268,0.6542306968763084,1.7470249983988506
2020-07-20,0.7604751140439066,0.6488224650477362,1.761466870733432
2020-07-21,0.76185286239279,0.6476469971547968,1.7646581100362686
2020-07-22,0.7663364416288115,0.6438355306997192,1.7750432970604217
2020-07-23,0.7570657694642274,0.651624261352201,1.7535699028812106
2020-07-24,0.7618996116255458,0.6557848626564857,1.7423734118083611
2020-07-27,0.7562941159189396,0.6509600810501067,1.7551925109786026
2020-07-28,0.7609554047689794,0.6549721616729118,1.7443746834841274
2020-07-29,0.7701104766638823,0.6470921766019129,1.765361295234121
2020-07-30,0.772753162982452,0.6493127172824751,1.7593033382479266
2020-07-31,0.7666711173843591,0.6442022243811043,1.773150144235499
2020-08-03,0.7720266782829741,0.6397021667090913,1.7855364378684706
2020-08-04,0.7748097314251233,0.6373961257714142,1.7919730584330393
2020-08-05,0.779837983463147,0.6332596413695681,1.8036023550431584
2020-08-06,0.7851233863569732,0.6289676827678925,1.815826387866391
2020-08-07,0.7856847217666004,0.6285179931547897,1.8171246394112524
2020-08-10,0.7880467555086998,0.6266284557026548,1.822587530050438
2020-08-11,0.7814516889446054,0.6318726323297725,1.807334518734108
2020-08-12,0.7923499463354834,0.6230604297549955,1.8325399115373213
2020-08-13,0.7909935344524618,0.6241270374763299,1.8294028141933805
2020-08-14,0.790923376447673,0.6241823950813885,1.8292405533836413
2020-08-17,0.7883742071119253,0.6221706368392672,1.8351362495600967
2020-08-18,0.7900472511862408,0.620850300775775,1.8390306740607856
2020-08-19,0.7868405774677419,0.6233702315009696,1.831566346678886
2020-08-20,0.7892572124445824,0.6214556653892237,1.8371916631947585
2020-08-21,0.786492041392412,0.6192783888448397,1.8436282837593272
2020-08-24,0.7784159900631437,0.6129193619352181,1.8625594818746587
2020-08-25,0.7809929665700424,0.6108902684729908,1.8687255577116968
2020-08-26,0.788927474130408,0.6046839213466648,1.887710897785924
2020-08-27,0.7906455044590871,0.6033671142253471,1.8918217250552478
2020-08-28,0.7957090856558844,0.5995029319121276,1.9039376390276368
2020-08-31,0.792928600095436,0.601597804618343,1.8972846156944334
2020-09-01,0.8003657867178218,0.5959551841553836,1.9150799881415905
2020-09-02,0.8120753527284754,0.5872362000557809,1.9430981217362138
2020-09-03,0.7839995196452307,0.6075386824274108,1.8759195054330136
2020-09-04,0.7775796023461142,0.6125136192729883,1.8605582101988924
2020-09-08,0.7987156387310727,0.6291628602049462,1.8099848336488313
2020-09-09,0.7830817218455445,0.6168477390442634,1.8454131526664586
2020-09-10,0.7967611886109432,0.627623304237741,1.8131760729516677
2020-09-11,0.79714149022642,0.6273237337266214,1.8140415189592596
2020-09-14,0.7865408456348011,0.618981380422148,1.8381652280531937
2020-09-15,0.7905448602263946,0.6158303546453052,1.847522708260016
2020-09-16,0.7873971788371591,0.6182823821566703,1.8401664997289602
2020-09-17,0.780639040147945,0.623589028154416,1.824372564024517
2020-09-18,0.7897811245849313,0.630891895749003,1.8030072886961495
2020-09-21,0.7985711925509189,0.6379135660196605,1.7829402649126433
2020-09-22,0.7904796207305281,0.6314498675006076,1.8010060170203832
2020-09-23,0.8123681483497041,0.648934831695053,1.7511358256681746
2020-09-24,0.8145010221239093,0.6472310523352857,1.755733435366716
2020-09-25,0.8012522102887707,0.6367030822120703,1.7842924933494526
2020-09-28,0.7879417749852274,0.6261261439215712,1.813933235041468
2020-09-29,0.783595182933302,0.6295800982708291,1.8039268766626368
2020-09-30,0.7895864818226913,0.6247663849840378,1.8177195406913136
2020-10-01,0.7947084623016956,0.6207135784815262,1.829510933044224
2020-10-02,0.7872134232520789,0.6265676403545709,1.8122564849851803
2020-10-05,0.7734685986032873,0.615627707049441,1.84389866341991
2020-10-06,0.7844500748477546,0.6243682054389131,1.8177195406913136
2020-10-07,0.7980821214990975,0.6135180356485535,1.8493075771671474
2020-10-08,0.790892573042831,0.6079911386948874,1.8659671239461302
2020-10-09,0.7978390727081976,0.6026510831861588,1.882356125997582
2020-10-12,0.8108608823178887,0.5928150047904415,1.9130787164658243
2020-10-13,0.8055879876410424,0.5966699830626435,1.9006382808739568
2020-10-14,0.8005442945001853,0.6004056647598603,1.888738604603255
2020-10-15,0.7995585040111483,0.6011450044790371,1.8864128113080103
2020-10-16,0.8002691966859273,0.6016793360495476,1.8847360612517225
2020-10-19,0.7882576697981033,0.6107101566193459,1.8564473829295687
2020-10-20,0.7913581670348193,0.6083080167790603,1.8637494495017288
2020-10-21,0.7928969562120263,0.6094908665070604,1.8601254046616227
2020-10-22,0.7974159189526909,0.6060171912773319,1.870726829387463
2020-10-23,0.794879741265073,0.6040897563687724,1.876676667522814
2020-10-26,0.7802861852490752,0.6151805129204836,1.842221913363622
2020-10-27,0.7829437349191023,0.6172757349044498,1.8359475536087926
2020-10-28,0.8095854306325825,0.638280146290842,1.7734746658549774
2020-10-29,0.8015113321075946,0.6319144971663646,1.7911617543843432
2020-10-30,0.8100552973078985,0.638650590914609,1.7720682954592724
2020-11-02,0.8008080018241426,0.6313599889709025,1.7922975800525176
2020-11-03,0.8151150827434219,0.6200802334854102,1.8243184220656214
2020-11-04,0.8331197593876113,0.6063835858172275,1.8646148955093207
2020-11-05,0.8494085038060949,0.5945278746332787,1.901070921344279
2020-11-06,0.8493360048214019,0.5945786189654692,1.9009086605345396
2020-11-09,0.8599454162629896,0.5871514886340498,1.9246537060500999
2020-11-10,0.8588337405801021,0.587910515916179,1.9221656519451158
2020-11-11,0.8526469147103547,0.5836753539551341,1.9360124579326883
2020-11-12,0.8445237365438292,0.5892360365891621,1.9175680422465744
2020-11-13,0.8330417024646144,0.5812248606327513,1.9436390461243271
2020-11-16,0.8227023054796423,0.5740109185769844,1.9677627552182615
2020-11-17,0.8185187451973425,0.5769298471670351,1.95775639683943
2020-11-18,0.8283785451638865,0.5838794899469623,1.9341734470666614
2020-11-19,0.8317375848876808,0.5815118834799785,1.942016438026935
2020-11-20,0.8373205020495228,0.5854151971369342,1.9289809360880585
2020-11-23,0.8423449042655337,0.5819023709173664,1.9405559256723341
2020-11-24,0.8558217205513069,0.5725924180591045,1.9716032028270025
2020-11-25,0.8546007828595249,0.5734092934064451,1.9687904620355925
2020-11-27,0.8569252218066551,0.5718496705732193,1.9741453988908821
2020-11-30,0.8530277508122608,0.5744505597144144,1.965166582262434
2020-12-01,0.8436362751586666,0.5681261014062123,1.9868022372513845
2020-12-02,0.8454277247167449,0.5669196937596166,1.9910211833715519
2020-12-03,0.8452669365291698,0.5670275137274213,1.9906425197931776
2020-12-04,0.8525246237387767,0.5621588643623191,2.0077347070424825
2020-12-07,0.8509398718115435,0.5632038574556592,2.0040025433515325
2020-12-08,0.8533055048188875,0.5616381373863619,2.009573717908509
2020-12-09,0.8607698896593396,0.5665511294798752,1.9919947482299871
2020-12-10,0.8603024070755787,0.5668588223825006,1.9909128994537604
2020-12-11,0.8613775314248353,0.5675672287725351,1.9884248453487765
2020-12-14,0.869039506023048,0.5726157534100884,1.9707377568194109
2020-12-15,0.8808699669858372,0.5648205861358212,1.997565922786964
2020-12-16,0.8822772130883395,0.5639182491300853,2.0007571620898004
2020-12-17,0.8871906733071939,0.5607777510613572,2.011899511203754
2020-12-18,0.8836844591908418,0.5629939678522506,2.0039484013926367
2020-12-21,0.8807745394970676,0.5648478730754221,1.997349520018329
2020-12-22,0.8824679952760319,0.5659339000346498,1.9935092374765357
2020-12-23,0.8832342103393801,0.565442520085023,1.9952401294917192
2020-12-24,0.8866581379989614,0.5632505371865362,2.0029748365342015
2020-12-28,0.8943680035319634,0.5583528368023726,2.0203915454029846
2020-12-29,0.8926440561745751,0.5594290950022348,2.0164971209022955
2020-12-30,0.8938172727545026,0.5586938282573206,2.0191474358170187
2020-12-31,0.898821564651171,0.5555658209087373,2.0304522108076593
2021-01-04,0.8864426537130744,0.5632172837660496,2.002488054104984
2021-01-05,0.880576424672857,0.5594900696342145,2.015739958812495
2021-01-06,0.8752599331813886,0.5561121411416633,2.02791001474378
2021-01-07,0.8882165153078524,0.5478799436480162,2.0579294200141693
2021-01-08,0.8932824646830184,0.5447551063922851,2.069666835475132
2021-01-11,0.887446153591092,0.5483142944380831,2.056144551107038
2021-01-12,0.8873060878244082,0.5482277539063298,2.0564690727265162
2021-01-13,0.8850656716355566,0.5468434984032023,2.0616615837051193
2021-01-14,0.8881307706956595,0.5487372895044679,2.054521777942698
2021-01-15,0.8817242056629732,0.5526956267753595,2.03970140709669
2021-01-19,0.8748266447514007,0.548371993912886,2.0556576036108725
2021-01-20,0.8868654636177093,0.5408256404202466,2.0839462819330263
2021-01-21,0.8876480918641458,0.5403483804073654,2.0857852927990534
2021-01-22,0.8846326444082144,0.542184008922709,2.078699628995528
2021-01-25,0.8811107821754621,0.5400254887773164,2.0869752604261236
2021-01-26,0.8824124606018954,0.540823276686267,2.0838921399741306
2021-01-27,0.8608829566686284,0.5540185310400838,2.0330483837634867
2021-01-28,0.853599583341482,0.5493313389421743,2.050248689863635
2021-01-29,0.8705567236331745,0.560244053478188,2.009519575949614
2021-02-01,0.8848036010930392,0.5510755201008214,2.042405863970309
2021-02-02,0.8722439234865502,0.5432530712989129,2.0713975624233676
2021-02-03,0.8729272563519885,0.5428274762699615,2.0730203355877075
2021-02-04,0.882812193468515,0.5366805546003651,2.096495001442685
2021-02-05,0.8862741769929666,0.5345759402195644,2.104716490914385
2021-02-08,0.8929476373134556,0.5305506945134926,2.120564568577724
2021-02-09,0.8921960476202418,0.530997256458517,2.1187796996705925
2021-02-10,0.8925604779135481,0.5312141499164428,2.1179142536630007
2021-02-11,0.8940649553569796,0.5303187487352823,2.121484156544211
2021-02-12,0.898532753193221,0.5276686538580351,2.1320855812700517
2021-02-16,0.8992393922032722,0.5280836317805117,2.1304088312137637
2021-02-17,0.8993535883485303,0.5280165694213156,2.1306793759412943
2021-02-18,0.9031663739842585,0.5302550816343072,2.12164641735395
2021-02-19,0.9048702217771564,0.5312554221878754,2.1176438740024177
2021-02-22,0.8979827268604584,0.5352991169981663,2.1015252516115486
2021-02-23,0.897035113528977,0.5347342324358862,2.1037429260559497
2021-02-24,0.8871869877111045,0.5288636372710717,2.1268389283325533
2021-02-25,0.9084635752291506,0.541546886258459,2.07583291131217
2021-02-26,0.9037055871533434,0.5443831844850097,2.064960941858799
2021-03-01,0.8817857851701913,0.5311789155543979,2.1150475359796426
2021-03-02,0.8749981120176523,0.5352677418032895,2.0987666527790343
2021-03-03,0.863317054495087,0.5424134638295465,2.0707485191844106
2021-03-04,0.87400589172897,0.5491291532719745,2.045110320843928
2021-03-05,0.8578942227686028,0.5390063529364953,2.082810456264852
2021-03-08,0.8620826697965835,0.5416379122792472,2.0726416720093335
2021-03-09,0.8742313196191435,0.5340050371995804,2.101849773231027
2021-03-10,0.8795857415780453,0.5307344059225046,2.1147230143601643
2021-03-11,0.8886297219516959,0.5252773466230067,2.136466788199958
2021-03-12,0.8900245575227717,0.5244528462606501,2.1398202883125337
2021-03-15,0.8846250965731913,0.5212711782500928,2.152801813359462
2021-03-16,0.8858697584716283,0.5220046034907225,2.149772834866365
2021-03-17,0.8887672797618614,0.520297219941674,2.1568043567109947
2021-03-18,0.9017393978251591,0.527891285473539,2.1253244390860044
2021-03-19,0.903414638098451,0.5288719953587653,2.1213760376933677
2021-03-22,0.8962739873209967,0.5246917551173836,2.138143538256246
2021-03-23,0.9032573213236919,0.5287798998435261,2.121484156544211
2021-03-24,0.9078862439464096,0.5314897380956393,2.1106121870908403
2021-03-25,0.9057689742073924,0.5302502577680417,2.1155343184088604
2021-03-26,0.8911097055487672,0.5216685098761701,2.149772834866365
2021-03-29,0.8915581463927468,0.5219310336321001,2.1486909860901386
2021-03-30,0.8893586831368243,0.5232186312332708,2.1433901911937445
2021-03-31,0.8858799381353744,0.5211720506661948,2.151774106542131
2021-04-01,0.8763936627262994,0.5155911797204793,2.174815966859839
2021-04-05,0.8889702860845117,0.5081922260881708,2.2060255048242468
2021-04-06,0.8884253735720801,0.5085037329034724,2.204673276387437
2021-04-07,0.8895369498654448,0.5078675053582028,2.2074317101530037
2021-04-08,0.8853955615568518,0.5055030430957607,2.2177087783263136
2021-04-09,0.8918091266796452,0.5018413162615262,2.233773258758287
2021-04-12,0.8921761960452905,0.5016347579654695,2.234692681657827
2021-04-13,0.8947891104579418,0.5001656213814799,2.241237421073239
2021-04-14,0.8977690942362384,0.5018313607392327,2.233773258758287
2021-04-15,0.9074211279041826,0.49643610574484465,2.2577888490013778
2021-04-16,0.9042255212662612,0.4946878386326537,2.265739958812495
2021-04-19,0.8998003050743323,0.4971088061700463,2.2546515865904895
2021-04-20,0.9063409294144597,0.5007222767801267,2.2382625845390374
2021-04-21,0.8978647326284106,0.4960394687821597,2.259195054330135
2021-04-22,0.9058399063122816,0.5004454787008388,2.2391280305466292
2021-04-23,0.9153365893195474,0.49519888706745707,2.2626026964016064
2021-04-26,0.9132796969820691,0.4940861042854489,2.2676870885293656
2021-04-27,0.9129964988425792,0.49423931503342,2.2669839033315133
2021-04-28,0.9126479524000096,0.49442799632108236,2.2661184573239215
2021-04-29,0.9068752973665317,0.49130065433324394,2.2804520457407116
2021-04-30,0.9010031597620628,0.49448189110944474,2.2656858168535994
2021-05-03,0.8990672895007791,0.49341946110865,2.2705538062127237
2021-05-04,0.8936058320231687,0.4964167778133503,2.256761142184047
2021-05-05,0.8934773317550796,0.4963453932198898,2.2570856638035255
2021-05-06,0.8862188929860951,0.4923131782806734,2.275421795571848
2021-05-07,0.8797936198620573,0.48874380432797193,2.2919190815410913
2021-05-10,0.8712391814858435,0.4934959742249705,2.269634218246236
2021-05-11,0.8634738133003559,0.4978945114112541,2.249404933652991
2021-05-12,0.8819321502512812,0.5085379200660207,2.2013197762748615
2021-05-13,0.8714654926062546,0.5025026572543312,2.2274447570445624
2021-05-14,0.8580065324177139,0.4947419790450361,2.261845534311806
2021-05-17,0.8559547197461532,0.49592509108836413,2.2564366205645685
2021-05-18,0.8485886571528595,0.5001928580370938,2.2370184749530715
2021-05-19,0.846290636979328,0.5015474051062028,2.230960517966877
2021-05-20,0.8373447011708198,0.4962456675057269,2.2545434677396456
2021-05-21,0.8378268759735821,0.49653142456195076,2.2532452161947845
2021-05-24,0.8462538210236561,0.4915372627005802,2.2759085780010655
2021-05-25,0.8444236190218195,0.4926003154866624,2.270986446683046
2021-05-26,0.8459722845340883,0.49169689082782747,2.275151415911265
2021-05-27,0.845529817441589,0.491439719644264,2.2763413835383353
2021-05-28,0.8471370730498448,0.49050554886846814,2.2806684485093465
2021-06-01,0.8464740969724789,0.49088942233482974,2.278883579602215
2021-06-02,0.847880430301485,0.4900738579153689,2.2826697201851127
2021-06-03,0.8446458084631869,0.4919434654054584,2.273961448284195
2021-06-04,0.836950981802177,0.48746180024429575,2.294677515306658
2021-06-07,0.8376611696683849,0.48787543194232896,2.2927303855897874
2021-06-08,0.8377006714622417,0.4878524250805593,2.292838504440631
2021-06-09,0.8390444561503597,0.48863500606827676,2.289160482708577
2021-06-10,0.8406701416033249,0.48768825430160706,2.2935958315973792
2021-06-11,0.8392824100352316,0.48688320562390347,2.297381972180277
2021-06-14,0.8412979594776049,0.4857139482179786,2.302899169845306
2021-06-15,0.8429380658004169,0.48666084522227526,2.298409678997608
2021-06-16,0.8382763341418845,0.4893522437498605,2.28569869867821
2021-06-17,0.8385341656480683,0.4895027554855754,2.2849956785473053
2021-06-18,0.8498086203093954,0.49608433182367434,2.2542729230121155
2021-06-21,0.8378190841897217,0.48908531949000483,2.286077362256584
2021-06-22,0.8338346418251945,0.4867593611732055,2.2969493317099547
2021-06-23,0.83334375815671,0.4870459194533447,2.2955971032731455
2021-06-24,0.838174036676347,0.48422287383767215,2.3089029848726046
2021-06-25,0.8412568004957871,0.4824419253822281,2.317395019071835
2021-06-28,0.8430436242397494,0.4814172220017052,2.322317150389855
2021-06-29,0.8434167006215835,0.48120417799049053,2.323344857207186
2021-06-30,0.8441628533852515,0.4807784669190455,2.325400270841848
2021-07-01,0.8393914785089397,0.4780610122372504,2.3385438916315677
2021-07-02,0.8457789079014302,0.4744231614380116,2.356339264078725
2021-07-06,0.8436238533196956,0.47563199722025495,2.3503352839844784
2021-07-07,0.8470796548369978,0.4736836291517097,2.3599631438518833
2021-07-08,0.8402845348339744,0.47748343367442947,2.341031945736552
2021-07-09,0.8313537938373947,0.47240862782054527,2.3659129819872344
2021-07-12,0.8282747854118987,0.470659011524669,2.3746753958470475
2021-07-13,0.8253694025209248,0.47230996681589693,2.3663456224575565
2021-07-14,0.8264636638059425,0.4716837859693135,2.369482884868445
2021-07-15,0.8236337611077844,0.4732988832531372,2.3613695142475883
2021-07-16,0.8298595815884428,0.4768765339274694,2.343519999841536
2021-07-19,0.8422518373228227,0.4839977097182488,2.3085243212942306
2021-07-20,0.830036417738893,0.4769781523366205,2.342005510594987
2021-07-21,0.8233077727406314,0.4731115549314817,2.3609908506692143
2021-07-22,0.8250996454422289,0.4720818601950042,2.3661293847558693
2021-07-23,0.8332289798992356,0.46743065066678513,2.3894417898011073
2021-07-26,0.8354546319994595,0.4661820887054725,2.3958242684067805
2021-07-27,0.8316446144603833,0.468308071214086,2.3848983220614617
2021-07-28,0.8320973314150271,0.4685630010244266,2.3836000705166
2021-07-29,0.8283963940453516,0.466478963190067,2.3942016603093883
2021-07-30,0.8325885706495806,0.46883962314695155,2.3820855812700517
2021-08-02,0.8342711106715661,0.46978707961902627,2.377271733869823
2021-08-03,0.8409336990555343,0.4660353040875824,2.396256908877102
2021-08-04,0.8449388406533048,0.46825490521015267,2.384844180102566
2021-08-05,0.8396880544320686,0.4653449828749424,2.399664550948574
2021-08-06,0.8382306528520725,0.4645373085133679,2.403829520176793
2021-08-09,0.8376459018758785,0.4648613704451374,2.4021526050535575
2021-08-10,0.8386267224915243,0.4643170525961169,2.404965345844968
2021-08-11,0.8366463167343698,0.46322057410402395,2.410644639252788
2021-08-12,0.8385986577251717,0.4621396340502435,2.4162699557686604
2021-08-13,0.8364773724114181,0.4609706242866534,2.4223820547137507
2021-08-16,0.8386252876949071,0.459786939130544,2.4286022725096843
2021-08-17,0.8329286353778818,0.4629102009383717,2.412105151607389
2021-08-18,0.8419125676415509,0.46790313035963604,2.386088289688532
2021-08-19,0.8406720589319145,0.46721370258437045,2.389604050610847
2021-08-20,0.8339739526952265,0.4634911487277304,2.408643367577022
2021-08-23,0.8412404030923348,0.45945273070418857,2.4296299793270153
2021-08-24,0.8427011802332794,0.45865491114643775,2.4338489254471827
2021-08-25,0.8444616112945641,0.4576967656365793,2.438933317574942
2021-08-26,0.8394799720310503,0.4603968056952187,2.424545587199256
2021-08-27,0.8468587855041434,0.45635003594964185,2.4458567205687283
2021-08-30,0.8506231200090603,0.45432153460319524,2.456728690022099
2021-08-31,0.8497054120176621,0.4548116864614768,2.454078210040428
2021-09-01,0.8500799937063727,0.45461118858638916,2.455160058816655
2021-09-02,0.8526269662995513,0.4532491023751451,2.462516102280763
2021-09-03,0.8522524417639822,0.45344819637084743,2.4614344185714843
2021-09-07,0.8494994320960704,0.4549129586963414,2.453483308760367
2021-09-08,0.8483757441830804,0.45551470152727924,2.450237927498635
2021-09-09,0.8521587677652338,0.45754590393931266,2.4393119811533164
2021-09-10,0.8456586387791023,0.46103598994814543,2.420705304657463
2021-09-13,0.8476237511403929,0.4599646504249604,2.4263304561063874
2021-09-14,0.8431077063439123,0.4624152907749058,2.4134032380853028
2021-09-15,0.8501179987510291,0.45857038889883195,2.4334702618688087
2021-09-16,0.8485307659983875,0.4594265735011121,2.428926794129163
2021-09-17,0.840348948773735,0.46385651806312417,2.405506270233081
2021-09-20,0.8261771659839363,0.4716790706220528,2.364939417128799
2021-09-21,0.8266495587435962,0.4719487679545609,2.36358718869199
2021-09-22,0.8184961936229455,0.46729386844766074,2.386899593737228
2021-09-23,0.8283079428035054,0.46169216832181487,2.4155126286119124
2021-09-24,0.826749933802831,0.462560589975906,2.4109691608722668
2021-09-27,0.8293466154706217,0.4640134145303732,2.4033967146395234
2021-09-28,0.8127910488092618,0.4732761339684499,2.3554196761122377
2021-09-29,0.8113911974190439,0.4724610213327199,2.359476361422666
2021-09-30,0.8214354583457848,0.47830964501889667,2.330268260200972
2021-10-01,0.831216730897173,0.4726141555506077,2.358016014135013
2021-10-04,0.8420085409881205,0.4787501752232274,2.3274015425176144
2021-10-05,0.8508338471098597,0.4737322726171292,2.3517956312721315
2021-10-06,0.8544540123684208,0.47171661571653306,2.3618021547179104
2021-10-07,0.861537762273083,0.4678059049196496,2.381382396072199
2021-10-08,0.860265828457374,0.4684965515467757,2.3778666351498843
2021-10-11,0.8538473968606518,0.47199199791920154,2.3601254046616225
2021-10-12,0.8559999323969318,0.4731818821445284,2.354175566526272
2021-10-13,0.8529514635089337,0.4714967415370486,2.362559481874659
2021-10-14,0.8383447642643873,0.4634224121137975,2.4030180510611494
2021-10-15,0.84477949716768,0.45986540362461287,2.4214624667472635
2021-10-18,0.8472326530662236,0.45853000008887346,2.428494153658841
2021-10-19,0.8538938187259913,0.45492491678677066,2.447587612583912
2021-10-20,0.8571772088692191,0.4531756407586165,2.456999069682682
2021-10-21,0.8594038744241169,0.45199843891615604,2.4633815482883548
2021-10-22,0.8583660384278833,0.45254428268543495,2.4604067117541533
2021-10-25,0.8628571467218719,0.45017649867444576,2.4732799528832903
2021-10-26,0.8638383745289866,0.44966456492007273,2.4760925286077526
2021-10-27,0.8599888449074005,0.4516684085943958,2.4650582983446427
2021-10-28,0.86825398604176,0.4473275346806578,2.4887493669682548
2021-10-29,0.8698956811133739,0.4464817275540699,2.49345509551764
2021-11-01,0.8716883697474185,0.4455616141017645,2.498593629604295
2021-11-02,0.8751227534530769,0.44380613634108107,2.5084378922403348
2021-11-03,0.8805007041808683,0.44107878463583045,2.523853164366404
2021-11-04,0.8845389469619073,0.4390558638028686,2.535428319017627
2021-11-05,0.887652512537779,0.4375103928791557,2.5443529936871796
2021-11-08,0.8885771897429462,0.4370546335796496,2.5470034736688505
2021-11-09,0.8854824551720001,0.4385768064415507,2.538132775891246
2021-11-10,0.8784816403775201,0.44204428902928355,2.5180657521077396
2021-11-11,0.8781231026507113,0.4418638759765198,2.5190934589250706
2021-11-12,0.8845902740579124,0.43860965180685113,2.537645993462028
2021-11-15,0.8848165220602356,0.438497470427029,2.538295036700985
2021-11-16,0.8883423543568676,0.43675013806526086,2.548409678997608
2021-11-17,0.8862495027951942,0.4377790805715232,2.542405863970309
2021-11-18,0.8891719687255085,0.4363354753069341,2.550789614251748
2021-11-19,0.8877201723504788,0.4370479024679651,2.5466248100904765
2021-11-22,0.8850616432428138,0.43835676601116763,2.538998221898838
2021-11-23,0.8862871916155204,0.43774977165619644,2.5425139828211525
2021-11-24,0.8839869076915948,0.4366136289115322,2.5491128641954606
2021-11-26,0.903982035211662,0.4464895050259001,2.4914538238418737
2021-11-29,0.8924423303847644,0.4407898816975448,2.5232582630863427
2021-11-30,0.8754735005607895,0.44917102660293146,2.4752812245590565
2021-12-01,0.8652577689937302,0.4544123167533893,2.4463976449568414
2021-12-02,0.8785917971441888,0.4474096097675261,2.4840977803777657
2021-12-03,0.8864735935933993,0.45142329562832134,2.4618130821498583
2021-12-06,0.8971469200920742,0.445988065229841,2.4914538238418737
2021-12-07,0.9157863684164942,0.43672205616378246,2.543217168019005
2021-12-08,0.918201490277261,0.43557032796461315,2.5499241682441567
2021-12-09,0.9120078367988298,0.43850843218843094,2.5327238621440085
2021-12-10,0.9207529650014997,0.43430363009933937,2.5570098320476817
2021-12-13,0.909709571838493,0.4395126122276785,2.5263413835383353
2021-12-14,0.9032821451202904,0.4426179275879535,2.508491869132283
2021-12-15,0.8890834373289414,0.43566040866545014,2.54792289656839
2021-12-16,0.8809298115041867,0.43965577266591965,2.5245563495642562
2021-12-17,0.8721910931298915,0.44401710534962163,2.4995130525038345
2021-12-20,0.8819866990008907,0.4490038755634503,2.471440942017263
2021-12-21,0.8662741945744857,0.441004916633281,2.5154694140849645
2021-12-22,0.8750103320810656,0.4365575030811798,2.540837232764865
2021-12-23,0.8803749601362116,0.4338809991099138,2.556414930767621
2021-12-27,0.8929855196573148,0.42766605387396034,2.593033217412318
2021-12-28,0.8922963242334541,0.42799612136193443,2.591031945736552
2021-12-29,0.8932276816917628,0.4275493892966644,2.593736402610171
2021-12-30,0.8907130051852196,0.428753055983992,2.5864343360380104
2021-12-31,0.8884963698868009,0.4298200541670951,2.579997715473442
2022-01-03,0.8938051187682704,0.4272518875328483,2.5954131526664583
2022-01-04,0.8935070775601458,0.4273943555788014,2.594547706658867
2022-01-05,0.8760906817206627,0.4357252009221279,2.5439743301088056
2022-01-06,0.875438776976285,0.436049426863178,2.542081342350831
2022-01-07,0.8789406901148136,0.43779370328448775,2.5319125580953123
2022-01-10,0.8772883250455583,0.43861673381542454,2.5271526875870314
2022-01-11,0.86863226084242,0.4342889723485431,2.552087700729662
2022-01-12,0.8709334929746569,0.4331384282312023,2.558848842913709
2022-01-13,0.8589855137224588,0.43908047661443833,2.52374504551556
2022-01-14,0.8592800781772761,0.43892990655342023,2.524610491523152
2022-01-18,0.87446821025004,0.4466881748535074,2.4799869531084417
2022-01-19,0.8835084954776443,0.451306053995528,2.4543487547679588
2022-01-20,0.8933218114836503,0.45631880593390906,2.427087783263136
2022-01-21,0.8759220435052197,0.4652068026730212,2.3798139299337024
2022-01-24,0.8728562208155931,0.4635785281232723,2.388143538256246
2022-01-25,0.8828990229346256,0.4689123131310989,2.360666329049736
2022-01-26,0.8849422284846129,0.4699974703413337,2.355203273343603
2022-01-27,0.8803288367335075,0.47244766695634455,2.3429250985614747
2022-01-28,0.9018513205231686,0.46089715670467446,2.400205475336687
2022-01-31,0.9181506730472505,0.4525672634467497,2.4435849041654314
2022-02-01,0.924491629078303,0.4494417316545818,2.460460853713049
2022-02-02,0.9333729493422249,0.44512407659611947,2.4840977803777657
2022-02-03,0.9117081867969739,0.4554559674329229,2.426438740024179
2022-02-04,0.9162809540559647,0.4531715806456262,2.4386087959554636
2022-02-07,0.9195327120667831,0.45156333558594586,2.429954500946494
2022-02-08,0.9268398651373165,0.45515172604869597,2.4492643626401995
2022-02-09,0.9131671399692645,0.461866116197534,2.4853958668556793
2022-02-10,0.8970302243702949,0.45370430856245597,2.4414755136388218
2022-02-11,0.8790848529683004,0.4446278113579678,2.392633029103944
2022-02-14,0.8819465785634423,0.4431803938717278,2.384844180102566
2022-02-15,0.8677645505752047,0.45030689892599607,2.423193358762447
2022-02-16,0.866776674693382,0.450819534899167,2.4259519575949615
2022-02-17,0.8485911905224537,0.4413610760420984,2.375054059425422
2022-02-18,0.8427355079087783,0.4383154748053691,2.35866505737397
2022-02-22,0.8518765819198915,0.44306984216951933,2.3330808359254345
2022-02-23,0.8673996901687829,0.4511435717070963,2.290566853104282
2022-02-24,0.8810411489464515,0.44404850756768555,2.3265902384689183
2022-02-25,0.8616441303370813,0.4342723272212249,2.3778124931909885
2022-02-28,0.8598997441129266,0.43515150533950436,2.37299864579076
2022-03-01,0.8465716356453956,0.44189618284717974,2.336218098336323
2022-03-02,0.8620165388215166,0.43383420265483724,2.3788402000083195
2022-03-03,0.8661521511912338,0.4359155665430041,2.367427471233783
2022-03-04,0.858751021238827,0.439640394509805,2.347198186640538
2022-03-07,0.8839822119584884,0.45255758513618927,2.278234536363258
2022-03-08,0.8905722333593982,0.4491838021224066,2.261250467964797
2022-03-09,0.8666069229163941,0.4612713441101301,2.3221007476212203
2022-03-10,0.8626302703675979,0.4591546798904754,2.3114451809364844
2022-03-11,0.8733894031360967,0.4534278855361409,2.2826157432931646
2022-03-14,0.8667873930798664,0.4500003932293464,2.265361295234121
2022-03-15,0.8477057334587209,0.4599068067299784,2.3152314865863297
2022-03-16,0.8289312412710528,0.47009255445965076,2.3665078832672957
2022-03-17,0.8392379428835625,0.47593755516399,2.395932387257624
2022-03-18,0.8482184497957719,0.4810304618183824,2.4215707506650546
2022-03-21,0.8480478837075351,0.4811271910090936,2.421083803168889
2022-03-22,0.8583925145925476,0.47525832051799244,2.450616591077009
2022-03-23,0.8476311242621078,0.4812164809258928,2.419894000608767
2022-03-24,0.8570472974369829,0.47587073843331174,2.4467761434682678
2022-03-25,0.8527275233405954,0.4734722079259985,2.4591086252762397
2022-03-28,0.8587106677416343,0.4701501003214473,2.4763629082683356
2022-03-29,0.8696642826374927,0.4641529195065004,2.5079511098111174
2022-03-30,0.8642625156310655,0.4670359238756383,2.4923734118083614
2022-03-31,0.8509456705992094,0.47423216912528937,2.4539700911895848
2022-04-01,0.8530088534473707,0.47308235696783796,2.4599199293249354
2022-04-04,0.8454876948105129,0.4689110902328284,2.481609561205834
2022-04-05,0.8345966536088802,0.47495130824543086,2.4496430262185735
2022-04-06,0.826488182384085,0.4795656677680029,2.42584367367717
2022-04-07,0.8223971105346765,0.4771918436224609,2.437851468798715
2022-04-08,0.8245866814179726,0.4784623312654232,2.431360871342199
2022-04-11,0.8103332621822877,0.4867328070682605,2.3893335058833163
2022-04-12,0.8072331009523431,0.4885949423750989,2.380192428445129
2022-04-13,0.7977858329303751,0.4828767831849592,2.4080484662969606
2022-04-14,0.7879299884541701,0.4888422419331549,2.378299440687154
2022-04-18,0.7882166558056009,0.48866438969651466,2.379164721627798
2022-04-19,0.7754936456353542,0.4807766066178994,2.4175680422465744
2022-04-20,0.7747996400622675,0.481206863714499,2.415404509761069
2022-04-21,0.7635739265088598,0.48817884735088596,2.3804088312137637
2022-04-22,0.7422155833305406,0.5018339644156978,2.3138251161906247
2022-04-25,0.737635051239553,0.49873693084488696,2.3281047277154667
2022-04-26,0.7591084167970539,0.5132557100366587,2.2603310450652576
2022-04-27,0.756819630708239,0.5117081938938483,2.2671461641412525
2022-04-28,0.7378066045754657,0.4988529231422778,2.3241020192969866
2022-04-29,0.7101268450662546,0.5175680293197163,2.236910356102228
2022-05-02,0.7146943564783582,0.5142390495791501,2.2512980864779135
2022-05-03,0.7113803521792375,0.5118545471612516,2.261737250394015
2022-05-04,0.7327991639920176,0.49644321876628295,2.3298354546637023
2022-05-05,0.7067869910572566,0.5140654643874292,2.247133282316642
2022-05-06,0.7029761414227408,0.5168371993116213,2.2350172032773052
2022-05-09,0.7255858015627493,0.5334601154187021,2.16313285842472
2022-05-10,0.7241525228546539,0.5324063502769353,2.1674057814368353
2022-05-11,0.7127312275375772,0.5408034350944113,2.1332215720051737
2022-05-12,0.7137794191171881,0.541598777833706,2.1300843095942854
2022-05-13,0.6963794373428064,0.5283960871831554,2.182009914581156
2022-05-16,0.693444821112516,0.5306228038986668,2.1728146951840728
2022-05-17,0.7078070877061337,0.51963282180028,2.217816897177157
2022-05-18,0.6793760372141009,0.5405053268239298,2.1287320811574757
2022-05-19,0.6751295201475824,0.5438838167458206,2.1154261995580166
2022-05-20,0.6747843052666523,0.5436057119060312,2.1165078832672957
2022-05-23,0.6873901620976175,0.5334504434397997,2.1560470295542467
2022-05-24,0.6824582088936016,0.5372778951095736,2.140577615469282
2022-05-25,0.6764225709122305,0.5325262270542772,2.1595088135846137
2022-05-26,0.689654527399149,0.5221091236524462,2.2017524167451836
2022-05-27,0.7069187669708907,0.5090390767880818,2.2568692610348906
2022-05-31,0.7028864838860674,0.5119426489589577,2.2439960199057536
2022-06-01,0.697193885439652,0.5160888147978643,2.22582214894717
2022-06-02,0.7103241920760197,0.5063692740339313,2.2677412304882614
2022-06-03,0.6986678599765314,0.5146787311648587,2.230527877496555
2022-06-06,0.7007686924931049,0.5131311377002671,2.2372348777217064
2022-06-07,0.7072745414478188,0.5083672923521514,2.258005086703065
2022-06-08,0.7149324565113704,0.5138715673087352,2.233556855989652
2022-06-09,0.6959744503126051,0.527498001903614,2.174329184430621
2022-06-10,0.7165079137974962,0.5430608734365788,2.110179546620518
2022-06-13,0.7440567271993027,0.5639408698469949,2.0290458404119542
2022-06-14,0.7460401908452773,0.5654441909956809,2.0236369266647167
2022-06-15,0.7354118420155134,0.5573886757842864,2.052466364308036
2022-06-16,0.711244375683984,0.5757058571049922,1.9850172032773052
2022-06-17,0.7099458572099393,0.574654791231399,1.9886412481174114
2022-06-21,0.6918911380891206,0.560040675603075,2.0392146246674727
2022-06-22,0.6906982092013412,0.5610062736046676,2.03569869867821
2022-06-23,0.6976169727262576,0.5553866416274059,2.0560904091481422
2022-06-24,0.7194008623260291,0.5380440571442346,2.120294188917141
2022-06-27,0.7167948447637161,0.5399931127204017,2.1126134587666066
2022-06-28,0.7021682484603659,0.5510119716366575,2.0695044095984447
2022-06-29,0.7016727629265544,0.551400793634094,2.068044062310792
2022-06-30,0.7075270754448446,0.5560013321462396,2.050789614251748
2022-07-01,0.7001746860224811,0.5502235485741808,2.0721007476212203
2022-07-05,0.6986759562820559,0.5490457904909588,2.0765360965100226
2022-07-06,0.6961827088035526,0.54708650304101,2.0839462819330263
2022-07-07,0.7065003929061177,0.5389784796101279,2.1148311332110077
2022-07-08,0.7059402420009369,0.5394058102758401,2.1131543831547197
2022-07-11,0.6978993358638281,0.5455498310189348,2.0890848160196813
2022-07-12,0.704169463711198,0.5504512072086196,2.070315878714089
2022-07-13,0.7077753462123315,0.5532699354808461,2.0597142889213007
2022-07-14,0.7094852759487245,0.5546065922604213,2.054738180711333
2022-07-15,0.6959447679343186,0.5440219398907119,2.0939528053788057
2022-07-18,0.6903179487926154,0.5484204398952014,2.07702287893924
2022-07-19,0.7088702568331869,0.5336816301127281,2.1328429084267997
2022-07-20,0.7132566565217301,0.5303792755372017,2.1460406711754154
2022-07-21,0.7205373316932857,0.524965348884568,2.1679467058249484
2022-07-22,0.7141195188463344,0.5296412056543457,2.148636844131243
2022-07-25,0.7148565836562948,0.5290945466087793,2.150854518575644
2022-07-26,0.7063714233412572,0.5353747602242507,2.1253244390860044
2022-07-27,0.7246360923197802,0.5215315575523499,2.1802790225659723
2022-07-28,0.7338403228591684,0.5149071335964428,2.2079726345411173
2022-07-29,0.7447523931852383,0.5072505594369472,2.2408047806029168
2022-08-01,0.7423614723454255,0.5088790146720857,2.233610997948548
2022-08-02,0.7376335046995461,0.5121199742405225,2.2193855283826016
2022-08-03,0.7491387928737814,0.5041321485169348,2.2540025433515325
2022-08-04,0.7484197226494307,0.5046160460544602,2.251839010866027
2022-08-05,0.7471073797153731,0.5055008828411063,2.2478904444064423
2022-08-08,0.7477545264588262,0.5059387492831001,2.2459433146895718
2022-08-09,0.7446210622125531,0.5080588848698288,2.2365316925238536
2022-08-10,0.7290259540407944,0.49741826016922586,2.283372905382965
2022-08-11,0.7292849838763169,0.49724152274389366,2.284184209431661
2022-08-12,0.7412872090405521,0.4890581584227773,2.3217762260017416
2022-08-15,0.7445511430738334,0.4869048047049976,2.331999152216156
2022-08-16,0.7461053747888675,0.48588840321704774,2.33686714157528
2022-08-17,0.7404928333109834,0.48954347515303304,2.319288171896758
2022-08-18,0.7383169299906952,0.4881049747042872,2.326103290972753
2022-08-19,0.7480856202672336,0.4945631041696157,2.295326558545615
2022-08-22,0.7637750294581361,0.5049354501976924,2.24718725920859
2022-08-23,0.7654663113836101,0.5060535650450138,2.2422111509986222
2022-08-24,0.7630843103656076,0.5044788123887902,2.249188530884356
2022-08-25,0.7523306699052471,0.4973695274846104,2.2808848512779814
2022-08-26,0.7266220032409048,0.5143656541913865,2.2029423843722538
2022-08-29,0.7222509740148847,0.5174598452526308,2.1896904796647423
2022-08-30,0.7305290985834276,0.5233907435308406,2.164593205712373
2022-08-31,0.7360237378982399,0.5273274017173385,2.148312322511764
2022-09-01,0.7335034599837809,0.5255217376662953,2.1556685310428203
2022-09-02,0.7413439072052758,0.5311390601094805,2.132626505658165
2022-09-06,0.7383919051567804,0.5332540347902461,2.1241344714589343
2022-09-07,0.7250233169427212,0.5235994684890585,2.1625919340366067
2022-09-08,0.7204536336855498,0.5202993212128195,2.176222337255544
2022-09-09,0.7319496868853834,0.5119970677480108,2.2109476361422664
2022-09-12,0.7398464985169694,0.5064732667650022,2.234800965575618
2022-09-13,0.7075609234955353,0.5285748522739822,2.137278257315602
2022-09-14,0.704857065947325,0.5265549681104326,2.1454456048284065
2022-09-15,0.7129958178623137,0.5326349245471265,2.120672852495515
2022-09-16,0.7183968901449385,0.5366697304403147,2.1046083720635416
2022-09-19,0.7128025913373185,0.5324905770026067,2.1209973741149937
2022-09-20,0.7211825449667574,0.5387507202703565,2.0960621959054153
2022-09-21,0.7334838615263649,0.547940270409937,2.0603093552683096
2022-09-22,0.7272833970944147,0.5525722525648543,2.0428926463995265
2022-09-23,0.7393569465135984,0.5617454420335881,2.0089788166284483
2022-09-26,0.7504049365056048,0.5701394363700275,1.9789592462911108
2022-09-27,0.752332895840266,0.5716042530242551,1.9738748541633515
2022-09-28,0.7377162910573285,0.5604989118848513,2.0122240328232324
2022-09-29,0.7225463397359272,0.5720246722781933,1.9708458756702543
2022-09-30,0.7338891121943862,0.5810045056002298,1.9399068824333774
2022-10-03,0.7144701158947032,0.5656308964856124,1.9912375861401868
2022-10-04,0.692597811781227,0.5483150554046752,2.052195984647453
2022-10-05,0.690973125578936,0.5496012851470612,2.047381972180277
2022-10-06,0.6841459227445107,0.5550316547415602,2.0271526875870314
2022-10-07,0.6650698427312842,0.5705076342127957,1.9706294729016194
2022-10-10,0.670016823922124,0.5747512344399398,1.955971362865351
2022-10-11,0.6746117817770466,0.5786928633737577,1.9425573624150483
2022-10-12,0.6767907429215728,0.5805620113755676,1.936283002660219
2022-10-13,0.6587734940363317,0.5651065247843718,1.9878299440687155
2022-10-14,0.6738666384901626,0.5780536674481028,1.9422868176875177
2022-10-17,0.6912063617417713,0.5631793732693833,1.9922651278905699
2022-10-18,0.6991255966578668,0.5567269590503054,2.0150907505065905
2022-10-19,0.6945279722676826,0.5603881344640492,2.001839010866027
2022-10-20,0.6886167081836475,0.5651577080228519,1.9848009655756182
2022-10-21,0.6719901003504637,0.5515120101135137,2.0327238621440085
2022-10-24,0.6637290349115821,0.5447320340342519,2.0577130172455345
2022-10-25,0.6743890643892666,0.5359831934158544,2.0907615660759693
2022-10-26,0.6692945720210722,0.5400321355362465,2.0749674653045784
2022-10-27,0.6657354075787294,0.5429039101701256,2.063933235041468
2022-10-28,0.650120490040715,0.5301700226648715,2.112343079106024
2022-10-31,0.654681788275029,0.5338897386641565,2.097522708260016
2022-11-01,0.6572816890613626,0.5360099448104519,2.0891929348705247
2022-11-02,0.6404348678057551,0.5497484436637294,2.035644721786262
2022-11-03,0.6468672923554151,0.5552700283914249,2.015199034424382
2022-11-04,0.6377173783607276,0.5474157543175122,2.0437039504482226
2022-11-07,0.6314894016883641,0.5420696673773422,2.0636628553808856
2022-11-08,0.6349155744423908,0.5391286452157873,2.0748593464537346
2022-11-09,0.6219557211593063,0.5501333022504505,2.0325074593753736
2022-11-10,0.6560187377514027,0.5200038265258883,2.1438229967310143
2022-11-11,0.6623414231164703,0.5149920480589747,2.1644850868615295
2022-11-14,0.6567800926374626,0.5193161637995257,2.146311050835998
2022-11-15,0.6623579402695081,0.5149057584492358,2.164539063753477
2022-11-16,0.6574917950420658,0.5186886166996266,2.148636844131243
2022-11-17,0.6552739000183807,0.5204382916164773,2.1413889195179783
2022-11-18,0.6521622098173037,0.5179668934236866,2.1515577037734963
2022-11-21,0.649670180562197,0.5199461382068981,2.1433362143017964
2022-11-22,0.6407184984669315,0.5127818990665678,2.1728688371429685
2022-11-23,0.6445463399510811,0.5097183886009505,2.185850197122949
2022-11-25,0.6444984937577909,0.509756226197773,2.18568793631321
2022-11-28,0.6342909002421767,0.5178297661664109,2.151070921344279
2022-11-29,0.6353754464058508,0.5187151805498075,2.1473928996122247
2022-11-30,0.6156745068787496,0.5026314989067596,2.2139766146353637
2022-12-01,0.615418782918498,0.5028402698011388,2.2130570266688765
2022-12-02,0.6147569577418859,0.5033810273464167,2.210677091414736
2022-12-05,0.6258274045093921,0.512445833847315,2.1708675654672023
2022-12-06,0.6347778523339733,0.5197747230358126,2.1398202883125337
2022-12-07,0.6359972805909848,0.5207732266575438,2.135709626110158
2022-12-08,0.6310040035967468,0.5166845850056991,2.152477291739984
2022-12-09,0.6263422288657375,0.5205017828817063,2.1365750721177497
2022-12-12,0.6351266193868095,0.5132017946052857,2.1665403354292434
2022-12-13,0.6374416832938964,0.5113311519405365,2.1744374683484127
2022-12-14,0.6336202938911423,0.5143965232467032,2.1614019664095365
2022-12-15,0.617922503734988,0.5271405732034891,2.1078537533252737
2022-12-16,0.625470148230866,0.5335793573905748,2.082107271066999
2022-12-19,0.6306696912681659,0.5380150108592725,2.06479868104906
2022-12-20,0.6299427666310364,0.537394882173918,2.0671786163032
2022-12-21,0.6205475038534424,0.5293799220841938,2.098009490689234
2022-12-22,0.6121003294139356,0.5365860819975755,2.069450432706497
2022-12-23,0.6089166554501095,0.533795174924804,2.080214118242077
2022-12-27,0.6112599388126663,0.5358493696018896,2.0722088664720637
2022-12-28,0.6038407769705754,0.542353236359101,2.0470574505607986
2022-12-29,0.6142914672287597,0.5329667127921625,2.0824859346453737
2022-12-30,0.6130150213979231,0.5340741726460121,2.078158704607415
2023-01-03,0.6156954846055355,0.5364094599064272,2.069071769128123
2023-01-04,0.6204919170793601,0.532230686767608,2.085190391518992
2023-01-05,0.6134421451987141,0.5382776711461512,2.0614993228953797
2023-01-06,0.5994392187368927,0.5259905097502572,2.1085567734561783
2023-01-09,0.5990240582592545,0.5263548010152184,2.107096426168525
2023-01-10,0.6033295825978212,0.5225715916845647,2.1222413186340114
2023-01-11,0.6108489286241381,0.5160587391165202,2.1486909860901386
2023-01-12,0.6132323355032204,0.5140451840602951,2.1570747363715777
2023-01-13,0.6156465262947398,0.5120214761148149,2.165566770570808
2023-01-17,0.6145086477752677,0.5129678279811786,2.1615642272192757
2023-01-18,0.6048211476234489,0.5210545748958667,2.12748797157151
2023-01-19,0.6005156232848822,0.5247637923442825,2.112343079106024
2023-01-20,0.5894903368895337,0.5151292868024338,2.1511250633031747
2023-01-23,0.5824941210879037,0.509015606169048,2.176655142792814
2023-01-24,0.5821032737535669,0.5093571502046091,2.175194630438213
2023-01-25,0.5822046078160633,0.5092684799778312,2.175573294016587
2023-01-26,0.5758067355659864,0.5036721060705357,2.1994807654088344
2023-01-27,0.5772368772954225,0.5024211264408229,2.20494365604802
2023-01-30,0.569901950663876,0.5088053722254117,2.1769255224533968
2023-01-31,0.5781714497439046,0.5014224082741033,2.2085135589292304
2023-02-01,0.5719976192939026,0.4960681194487261,2.2320965087019995
2023-02-02,0.5803002825409772,0.48886758852959983,2.2644958492265292
2023-02-03,0.5743262396920658,0.4939003552009027,2.2411834441812912
2023-02-06,0.5707916857983307,0.49693994716613915,2.2273906150856666
2023-02-07,0.5634176789040495,0.49052002429826896,2.256166075837038
2023-02-08,0.569563496873375,0.49587066715617567,2.231555584313886
2023-02-09,0.5647316569342923,0.5000773407006313,2.2126243861985544
2023-02-10,0.5659603028967598,0.49898935847397735,2.217438233598783
2023-02-13,0.5593061589265222,0.4931226094919237,2.2435092374765357
2023-02-14,0.5590095003651819,0.49338416399398216,2.2423192698494656
2023-02-15,0.5607894517332239,0.4918131713416254,2.249459075611887
2023-02-16,0.5532381765682202,0.49843565073223356,2.2191691256139667
2023-02-17,0.5547753773670643,0.4998205798873956,2.2130030497769284
2023-02-21,0.5657721925236592,0.5097280753400049,2.1691366734520185
2023-02-22,0.5667315246141458,0.5105923781575655,2.1654586517199648
2023-02-23,0.5637446501368781,0.5079013767285475,2.176871380494501
2023-02-24,0.569837908401019,0.5133910505735557,2.1533425726806277
2023-02-27,0.5678482998278682,0.5115985281377173,2.160861042021423
2023-02-28,0.565673563393419,0.5135578400865053,2.1525854105908273
2023-03-01,0.5636551598623258,0.5153902873227397,2.144904680440293
2023-03-02,0.5592203632362407,0.5113352351027011,2.1617806299879105
2023-03-03,0.5502514954458443,0.5031343568412812,2.1964516218487895
2023-03-06,0.5508748400743957,0.502564388197175,2.1989398410207213
2023-03-07,0.5421890781124199,0.5104884288846334,2.164268684092894
2023-03-08,0.543137575906309,0.5095953877516607,2.168054824675792
2023-03-09,0.5531918923648954,0.5190287864365918,2.1279207771087796
2023-03-10,0.5609678778787824,0.5263245555545512,2.098009490689234
2023-03-13,0.5621393293736039,0.5274236624939664,2.093628283759327
2023-03-14,0.5526849275871387,0.5185531299474119,2.1288402000083195
2023-03-15,0.5492866651624911,0.5217415281264193,2.1157507211774953
2023-03-16,0.5398360432773855,0.5127648275858713,2.1521527701205057
2023-03-17,0.5462398902940043,0.5188475402025159,2.126622690630866
2023-03-20,0.551658239011879,0.5137009059962231,2.147717421231703
2023-03-21,0.5444893305548628,0.5070252606256952,2.175627435975483
2023-03-22,0.5353655225670954,0.5155212969358695,2.139171245073577
2023-03-23,0.5344856410766673,0.5163685641355208,2.135655484151262
2023-03-24,0.5309525238191033,0.5129552064229811,2.149772834866365
2023-03-27,0.5300307512025381,0.5120646784725642,2.153504998557315
2023-03-28,0.5290455858319848,0.5130164503981933,2.1495022901388343
2023-03-29,0.5367003723575384,0.5055935902192926,2.1806035441854505
2023-03-30,0.5396824385608447,0.5027843625092793,2.1927196232247876
2023-03-31,0.547257311676201,0.49572738329656085,2.2234961905849775
2023-04-03,0.5492009910715577,0.4939667213920603,2.2313933235041468
2023-04-04,0.5463919961074183,0.4964932099734729,2.2199804296626624
2023-04-05,0.5451006652771558,0.4976666111096942,2.214733776725164
2023-04-06,0.5430371767070801,0.4957826850220035,2.223117692073551
2023-04-10,0.5424161987993034,0.4952157439217205,2.225659888137431
2023-04-11,0.5424293937513696,0.4952277906637204,2.2256057461785352
2023-04-12,0.540399243560795,0.4970812794406479,2.217275972789044
2023-04-13,0.5474388113727943,0.4906059976626043,2.246159552391259
2023-04-14,0.5460941883852674,0.4918110275007729,2.2406425197931776
2023-04-17,0.5481111429817925,0.4899945633566065,2.2489181512237733
2023-04-18,0.5484275153952177,0.48971173611516233,2.250216237701687
2023-04-19,0.5483879688435396,0.4897470487315721,2.2500539768919476
2023-04-20,0.5514595249717954,0.4924901533113442,2.2374512804903413
2023-04-21,0.5511528921135642,0.49221630970810193,2.238695390076307
2023-04-24,0.5504604534496453,0.49159791577652634,2.2415079658007695
2023-04-25,0.5417202223766159,0.4994035253384484,2.2059172209064553
2023-04-26,0.5439251632848424,0.5014362263845721,2.196938569344955
2023-04-27,0.5331315661624554,0.49148577552203154,2.2405344009423342
2023-04-28,0.5375461119912591,0.4874160737486685,2.2590869354792917
2023-05-01,0.5371599757202573,0.4877662000372699,2.257464162314952
2023-05-02,0.5311495099480763,0.4932239820438682,2.232204627552843
2023-05-03,0.5349720272942425,0.4967735611954938,2.2161401471208695
2023-05-04,0.5387063543543064,0.5002412470886785,2.200670567968957
2023-05-05,0.528855357117176,0.4910936380004661,2.2409128994537606
2023-05-08,0.5291361894308841,0.4908328578821389,2.2421028670808307
2023-05-09,0.5269788955109881,0.49283398870846395,2.2329617896426432
2023-05-10,0.5247577530459169,0.49075676225807763,2.2423734118083614
2023-05-11,0.5239729706476565,0.4914906957094882,2.2390199116957854
2023-05-12,0.5246565070001481,0.4921318580904667,2.236099052053532
2023-05-15,0.5263951607492682,0.490500987437546,2.2435092374765357
2023-05-16,0.5228797819546861,0.4937766573116861,2.2285266058207887
2023-05-17,0.5292252562096943,0.48778436773609324,2.2555711745569766
2023-05-18,0.5343523715223559,0.4830587302655607,2.2774230672476143
2023-05-19,0.5335782422535016,0.4837585491895581,2.274123709093934
2023-05-22,0.5337305274388696,0.4836204827271297,2.274772752332891
2023-05-23,0.5278926833783218,0.4889102325493772,2.2498917160822085
2023-05-24,0.5318522531166947,0.49257740624308033,2.233015931601539
2023-05-25,0.5271629061316104,0.48823434600153653,2.252704456873619
2023-05-26,0.5340866039417893,0.4818219314842279,2.2822912216736864
2023-05-30,0.5341878475856011,0.4817305953457592,2.2827238621440085
2023-05-31,0.5308968690576203,0.4846983997477496,2.268660653387801
2023-06-01,0.5363649528923082,0.4797061467531814,2.292027200391935
2023-06-02,0.5440101420337033,0.4728685556606958,2.3246970856439955
2023-06-05,0.5430734548460675,0.4736827498885229,2.3206943772255153
2023-06-06,0.5442252992622543,0.472678081319963,2.325616508543535
2023-06-07,0.5407444647597083,0.47570130382778486,2.3107419957386317
2023-06-08,0.5438708885671099,0.47295094024864026,2.3241020192969866
2023-06-09,0.5427823165998219,0.4720043164335404,2.3287537709544237
2023-06-12,0.5477116630101732,0.4677177494033964,2.3499026435141563
2023-06-13,0.5512920498750897,0.46466028212718624,2.3652639387482775
2023-06-14,0.5519349813383194,0.4641183829375273,2.368022372513844
2023-06-15,0.5587553795876191,0.45838315630126775,2.397284615694433
2023-06-16,0.5567634885789546,0.4600172332532133,2.388738604603255
2023-06-20,0.5541286276335123,0.4621942464140852,2.377433994679562
2023-06-21,0.5570534637114041,0.46463382874116893,2.3648852751699034
2023-06-22,0.5550404336802053,0.46295477652859457,2.3734312862610816
2023-06-23,0.5592652127764794,0.466478630906968,2.355365534153342
2023-06-26,0.5616283367456409,0.4684496936668441,2.3454131526664583
2023-06-27,0.555411311861047,0.4632641230462752,2.3713760376933677
2023-06-28,0.5552339733103898,0.46311620638271783,2.372133199783168
2023-06-29,0.5574495412114804,0.4612682189564103,2.381598798840834
2023-06-30,0.564286143007558,0.45561119190542815,2.410806900062527
2023-07-03,0.5650964263854471,0.45495695968626787,2.414268684092894
2023-07-05,0.5641215517816469,0.45574182748070297,2.410103714864675
2023-07-06,0.5687425856766339,0.45947506267708993,2.3903612127006473
2023-07-07,0.5701968474591094,0.4606499299025797,2.384249113755557
2023-07-10,0.5686833765279524,0.4594272288626603,2.390577615469282
2023-07-11,0.5648618720868893,0.45633991654106004,2.4066420959012556
2023-07-12,0.5691020765500354,0.45291434535906416,2.4247078480089956
2023-07-13,0.5739516663300148,0.44905484656093203,2.4453699381395104
2023-07-14,0.5733803651740593,0.4495018276709758,2.4429358609264744
2023-07-17,0.5755131556687936,0.4478298254824612,2.452022796405766
2023-07-18,0.5796898994447394,0.4445797339461641,2.4698181688529233
2023-07-19,0.5807562946921064,0.44376188682512574,2.4743616365925694
2023-07-20,0.5771381444375608,0.4465265528277994,2.4589461993995525
2023-07-21,0.5771254755457937,0.44653635463456515,2.4588922225076044
2023-07-24,0.5745737592814035,0.4445620282063565,2.4697640268940275
2023-07-25,0.5761215397922214,0.44336447187526334,2.4764170502272314
2023-07-26,0.5761718844206715,0.4433257282802702,2.4766334529958662
2023-07-27,0.5724471883510583,0.446191632782612,2.460623114522788
2023-07-28,0.5778580646576024,0.4419741472518401,2.483881377609131
2023-07-31,0.5790660669285066,0.4410502079556436,2.4890738885877335
2023-08-01,0.5774553844334009,0.44227699690078925,2.482150485593947
2023-08-02,0.5855213926664667,0.44845480733336096,2.4474793286661205
2023-08-03,0.5872035749896475,0.4497432021880837,2.4404478068214908
2023-08-04,0.5899366388536781,0.4518364743450445,2.429089054938902
2023-08-07,0.5951517387122474,0.44784219397955977,2.4505624491181135
2023-08-08,0.5976476215470348,0.44972030601711455,2.4402855460117516
2023-08-09,0.6016879535227798,0.45276059140775887,2.423788260042508
2023-08-10,0.6019565146784386,0.45255850342020104,2.4248701088187348
2023-08-11,0.6015939939973107,0.452831051042678,2.4234097615310817
2023-08-14,0.5983714650128027,0.45040539320428413,2.4363911215110625
2023-08-15,0.6051463919890804,0.4555050074524592,2.408805628386761
2023-08-16,0.6006214686133463,0.4589110019081325,2.390794018237917
2023-08-17,0.6052415623030306,0.46244103194341807,2.3724035794437506
2023-08-18,0.6051311460560563,0.4623566672758631,2.372836384981021
2023-08-21,0.6010481192910077,0.4592369887404086,2.3888467234540984
2023-08-22,0.5993333945817353,0.46054714176598305,2.3820316043781036
2023-08-23,0.6059474217428522,0.45546470963029206,2.4083188459575435
2023-08-24,0.5978091348497372,0.46158191112939123,2.3759734823249614
2023-08-25,0.6020824280119057,0.458282405133877,2.3929575507234224
2023-08-28,0.5984488081118347,0.4555166308982038,2.407399257991056
2023-08-29,0.6070945343459722,0.448935830615105,2.442178698836674
2023-08-30,0.6097567905411646,0.446967138543801,2.452888242413358
2023-08-31,0.6086811372751232,0.44775561957401816,2.4485611774423472
2023-09-01,0.6099719294010814,0.4468060921569423,2.45375368842095
2023-09-05,0.607350009177527,0.44872665582973925,2.443206405654005
2023-09-06,0.6031279859895533,0.45184600104641354,2.426222337255544
2023-09-07,0.6047952608619801,0.45309507504273155,2.4195153370303926
2023-09-08,0.604051654483385,0.4525379867027344,2.4224901735645945
2023-09-11,0.5999650315890829,0.44947640731084865,2.438879175616046
2023-09-12,0.5967183778706271,0.45190870614881395,2.425681412867431
2023-09-13,0.5972772454085502,0.4514854627640993,2.4279532292707278
2023-09-14,0.5919415486503504,0.4474521774873482,2.4496430262185735
2023-09-15,0.5843084491578184,0.4532220833111553,2.418054824675792
2023-09-18,0.5853148889976832,0.45244143267772996,2.4222197939040115
2023-09-19,0.586621920571585,0.4534517525055133,2.416810880156774
2023-09-20,0.5921754256254403,0.4577445457185,2.3939311155818577
2023-09-21,0.5824750892615186,0.4652427901070278,2.354716490914385
2023-09-22,0.5838665972211178,0.4663542351413569,2.3490911743985126
2023-09-25,0.5814466787420601,0.4644213634258373,2.358827318183709
2023-09-26,0.5925662914536372,0.4733029786883931,2.313716997339781
2023-09-27,0.5924139312273381,0.4731812833608305,2.314311898619842
2023-09-28,0.588952518076218,0.4704165342036055,2.327834182987936
2023-09-29,0.5902388921523504,0.47144400520680324,2.322749790860177
2023-10-02,0.5900327299540864,0.47160867401084866,2.321938486811481
2023-10-03,0.5978947033634913,0.47789268956877623,2.290999493574604
2023-10-04,0.5936599217022642,0.47450786079134194,2.3072262348163166
2023-10-05,0.593938286368068,0.4747303555518299,2.3061443860400903
2023-10-06,0.5869591215376044,0.4691519621775264,2.333243096735174
2023-10-09,0.5908234648496733,0.46606322195548944,2.3486043919692947
2023-10-10,0.5939122486895734,0.4636266759582614,2.360882731818371
2023-10-11,0.5964294846055599,0.4616616420279011,2.370889090197202
2023-10-12,0.5928509152554478,0.46443160603022754,2.3566637856982036
2023-10-13,0.5897349326441031,0.4668726258065493,2.344277326998284
2023-10-16,0.583598225408733,0.46201440822066253,2.3686715808197487
2023-10-17,0.5834250138482343,0.46187728265527084,2.3693746009506538
2023-10-18,0.5910699264730502,0.46792949396859224,2.338327488862933
2023-10-19,0.5964294694481526,0.472172457651768,2.3171246394112526
2023-10-20,0.603766696847312,0.47798108527812666,2.288619558320464
2023-10-23,0.6048226182517923,0.4788170215123001,2.284617014968931
2023-10-24,0.6002690610901052,0.47521212875258967,2.301817321069079
2023-10-25,0.591735316111897,0.48196799771235493,2.2690934589250706
2023-10-26,0.584597991172898,0.48778134384230154,2.2417243685694044
2023-10-27,0.5872780501014173,0.49001755191258045,2.231447300396095
2023-10-30,0.5803027092494281,0.4841974136536121,2.2579511098111174
2023-10-31,0.5768413413328886,0.481309291013172,2.2714192522203156
2023-11-01,0.5831462887750682,0.4760485207357526,2.2962461465121025
2023-11-02,0.5943825556697641,0.46687585113847546,2.3404910213484387
2023-11-03,0.5997122389768265,0.46268948933066734,2.361477633098432
2023-11-06,0.6011545735178528,0.4615767005815665,2.3671570915732003
2023-11-07,0.6027479450964389,0.46035328279778354,2.3734312862610816
2023-11-08,0.6032424729710135,0.45997558340893036,2.3753785810449
2023-11-09,0.5986957676788112,0.46344247029617003,2.3574750897468997
2023-11-10,0.6080639206290683,0.4561907070805852,2.3943639211191274
2023-11-13,0.6073633569400041,0.4567162943319033,2.391605322286613
2023-11-14,0.6192726881352992,0.4477608880675379,2.438500512037672
2023-11-15,0.620522694636269,0.44685707940345853,2.4434226433556923
2023-11-16,0.6212919229568965,0.4463031349245196,2.4464516218487895
2023-11-17,0.6219512794830628,0.4458294881993853,2.4490479598715647
2023-11-20,0.6269513054869419,0.4422453504898435,2.4687364851436446
2023-11-21,0.6255089709459155,0.4432627592407901,2.4630570266688765
2023-11-22,0.6278853624591613,0.44157874524878493,2.472414506875699
2023-11-24,0.628352390945271,0.4412502938064961,2.4742535177417255
2023-11-27,0.627184798770097,0.44207021650873424,2.469655908043184
2023-11-28,0.6277205338075695,0.44169260451228404,2.471765463636742
2023-11-29,0.6274320417474846,0.4418956005949949,2.4706294729016194
2023-11-30,0.629698561466269,0.44029930804735395,2.4795543126381197
2023-12-01,0.6334210815807134,0.43769643878437564,2.4942124226743885
2023-12-04,0.6302892114410725,0.4398605732704509,2.4818801059333646
2023-12-05,0.6304265826239989,0.4399564406376468,2.481339181545251
2023-12-06,0.6330376053142814,0.4417785976990757,2.471062278438889
2023-12-07,0.6379012341381869,0.43838441210328155,2.4900474534461687
2023-12-08,0.6406587211788168,0.4364893862426997,2.500811304048696
2023-12-11,0.6431528876379011,0.43479007715515666,2.510547282766945
2023-12-12,0.6463399250988522,0.4326355470423673,2.5229878834257597
2023-12-13,0.6551942540868197,0.42670879346170837,2.5575507564357953
2023-12-14,0.6572450423063819,0.4253731752670181,2.565556008205808
2023-12-15,0.6561364909903041,0.42609063673559255,2.561228778167849
2023-12-18,0.6597807767968873,0.4237240619739452,2.575454247733796
2023-12-19,0.6635913347291549,0.4212768474714461,2.590328760538699
2023-12-20,0.6514530043981931,0.42898279127717975,2.5429467883584222
2023-12-21,0.6580625751156028,0.4246303789368335,2.5687472475086444
2023-12-22,0.6568016217799507,0.42381671909202984,2.5736693788266645
2023-12-26,0.6596313373999867,0.4219907784270281,2.5847575859817224
2023-12-27,0.6608874676002704,0.42118718506969494,2.5896797172997426
2023-12-28,0.6611911478918243,0.4209936479647697,2.5908696849268127
2023-12-29,0.6593000651274414,0.42219773824050805,2.583459499503809
2024-01-02,0.6555178995986757,0.42461973365103095,2.568639128657801
2024-01-03,0.6608736926723555,0.42808901409299643,2.5476525169078075
2024-01-04,0.6629082034084598,0.42940689329569043,2.539809525947534
2024-01-05,0.6621176186537733,0.42991900423601576,2.542838504440631
2024-01-08,0.6530052604358015,0.43583574147565846,2.577834182987936
2024-01-09,0.6523887128528255,0.4354242387064433,2.575400270841848
2024-01-10,0.6560470206205145,0.4329825718852407,2.5898419781094817
2024-01-11,0.6556907652521214,0.43274744793709924,2.5884356077137767
2024-01-12,0.6562525364815065,0.43237668617145597,2.590653282158178
2024-01-16,0.6539780633871707,0.43387523906785724,2.5816744655297295
2024-01-17,0.6576500861502625,0.4363114060333781,2.5671786163032
2024-01-18,0.6520105414725382,0.4325699062304514,2.5891929348705247
2024-01-19,0.6438517398342941,0.42715703046369236,2.621592275395055
2024-01-22,0.6452465903053671,0.426231630797431,2.627271733869823
2024-01-23,0.647252455578661,0.4249066129834022,2.635439081382627
2024-01-24,0.6477439592584728,0.42458395192270215,2.6374403530583934
2024-01-25,0.6513572248043288,0.4222155244864017,2.6521526050535575
2024-01-26,0.6506797653855448,0.42265465968430493,2.649394171287991
2024-01-29,0.6557941360333536,0.4193325760716876,2.6702185222282453
2024-01-30,0.6553025918138122,0.4196468827915985,2.6682170854855314
2024-01-31,0.644542536824066,0.4265374759183782,2.624405016186465
2024-02-01,0.6359875998778443,0.4208760943908494,2.6592384339240307
2024-02-02,0.6294290564627045,0.4165358617542586,2.686661501171645
2024-02-05,0.6273255059870935,0.41792792365719394,2.677682684543197
2024-02-06,0.6290235830416773,0.41679665478503886,2.6849307742234094
2024-02-07,0.6341303825279689,0.4134128437484926,2.706728690022099
2024-02-08,0.6345485402868214,0.4131402313757286,2.7085135589292304
2024-02-09,0.6382234017822879,0.41074761200601967,2.72419937578283
2024-02-12,0.6378812727068631,0.4109677993265349,2.722739028495177
2024-02-13,0.6293150134375631,0.41648678361247515,2.6861747187424276
2024-02-14,0.6237013431711661,0.4127716021475654,2.7101361670266226
2024-02-15,0.6195935177986047,0.4100530034481407,2.7279856814326755
2024-02-16,0.6166451275080874,0.4120042767575508,2.7150043214526947
2024-02-20,0.6132176045813176,0.4142943363745307,2.6999134058791565
2024-02-21,0.61266480249043,0.41392085920479565,2.702347318025245
2024-02-22,0.5998623721521674,0.40527144284534034,2.758816390751761
2024-02-23,0.6002034469837815,0.40504101017354177,2.7603850219572053
2024-02-26,0.5979453830085982,0.40656484099814116,2.75
2024-02-27,0.5990038527401703,0.4058451488818601,2.7548679893591244
2024-02-28,0.599756564659418,0.4063551363878415,2.7514062053287573
2024-02-29,0.597669632111003,0.4049411697715278,2.7609800883042146
2024-03-01,0.6034537233465328,0.4010222544625672,2.787700135420924
2024-03-04,0.602739510961494,0.40149688085019636,2.784400777267244
2024-03-05,0.5966509468555963,0.40555259555433926,2.7562741946878817
2024-03-06,0.5934193037539707,0.4033559992786163,2.7712030145186284
2024-03-07,0.5875238362618838,0.39934876161977667,2.798734200617086
2024-03-08,0.5839584583783399,0.4017722024312319,2.781750132218625
2024-03-11,0.5836745920367197,0.40196750674377774,2.780397903781816
2024-03-12,0.5775884450018688,0.39777607305340884,2.80938993236877
2024-03-13,0.5766654410401562,0.39841173135731,2.804900441521072
2024-03-14,0.5754088416323212,0.39927990189445034,2.798788342575982
2024-03-15,0.5800905126571799,0.4025285435771274,2.7760166968519093
2024-03-18,0.5759989262275877,0.39968936539633027,2.795596938206198
2024-03-19,0.5793311626636308,0.3973771050676602,2.8117698676229104
2024-03-20,0.5847138648647338,0.3936849808458574,2.837894683325663
2024-03-21,0.5846581564068938,0.39372248907761914,2.8376243036650806
2024-03-22,0.5838780339368499,0.3942478418112211,2.833837998015235
2024-03-25,0.5820504020031496,0.39548190081602436,2.824967630371526
2024-03-26,0.5832763281761029,0.39631487268834176,2.8190176271692273
2024-03-27,0.5781954314590323,0.39286258971662397,2.8435739767334836
2024-03-28,0.5782064403631578,0.39285510957003444,2.8436281186923793
2024-04-01,0.5772716232969858,0.39349025929394327,2.8390306740607856
2024-04-02,0.5810439854015149,0.3960616445530766,2.820478139523828
2024-04-03,0.5803976809934329,0.39562109892627695,2.823615401934717
2024-04-04,0.5875355435848898,0.4004865371161461,2.7888899379810463
2024-04-05,0.5936660379180384,0.3963077593841431,2.8179899203518963
2024-04-08,0.5935064917786759,0.39620125274746415,2.8187472475086444
2024-04-09,0.5942467940179367,0.39570705651091104,2.822263173497907
2024-04-10,0.5884839755349625,0.39954449907191464,2.794893753008345
2024-04-11,0.5840764314894407,0.39655204719384174,2.8158265529333386
2024-04-12,0.5922442666639662,0.4020975059471428,2.776449502389179
2024-04-15,0.5995822590631884,0.40707955239059185,2.7420488901888826
2024-04-16,0.6007295033855059,0.40785846086920713,2.7368022372513843
2024-04-17,0.6042200487988224,0.4102283269600952,2.72090001762915
2024-04-18,0.6056133723067356,0.4111743081017367,2.7146256578743206
2024-04-19,0.6108624793448215,0.4147381295978112,2.6910968500604473
2024-04-22,0.6052269266142789,0.41091193519605007,2.715923744352234
2024-04-23,0.5979345781245562,0.40596087816559234,2.7486477715631907
2024-04-24,0.5976992352049213,0.40612066156300797,2.747565922786964
2024-04-25,0.5951694604061422,0.4078395759506655,2.735936791243793
2024-04-26,0.5893451001822024,0.4038484360116395,2.76271081525245
2024-04-29,0.5872450739330477,0.4024093940716245,2.7725552429554376
2024-04-30,0.577908057138256,0.4088075801741734,2.728472463861893
2024-05-01,0.5797181923420811,0.4100880554735285,2.719926287703767
2024-05-02,0.5744151113637284,0.40633669801199124,2.7448073239544493
2024-05-03,0.5671932834231421,0.4012280341538596,2.779316385139485
2024-05-06,0.5730987599532433,0.3970505468525042,2.8082539416336476
2024-05-07,0.5738383088143441,0.39653817743165926,2.811877821406806
2024-05-08,0.5737831306675607,0.3965763070605521,2.8116074417462236
2024-05-09,0.5706372352024759,0.3944019879855204,2.8270227138722923
2024-05-10,0.5698401799719677,0.39385109479444574,2.830971445398825
2024-05-13,0.57003614675752,0.393715650268514,2.83194501025726
2024-05-14,0.5726382720164745,0.3919184003147401,2.844872393345293
2024-05-15,0.5655396759048934,0.38706006204347054,2.880138286486233
2024-05-16,0.5642120680683343,0.3879686878985279,2.8733771443021863
2024-05-17,0.5651679716404974,0.38731138069856086,2.8782452987282583
2024-05-20,0.5658264599414625,0.3868601166039584,2.881598798840834
2024-05-21,0.5672071591265637,0.38591612142953957,2.8886303206854635
2024-05-22,0.5688214861750905,0.3870144764542639,2.8804089962807113
2024-05-23,0.5729766019278841,0.3898415320187214,2.859368242571822
2024-05-24,0.5691722106360538,0.3872531021864811,2.87835358264605
2024-05-28,0.5687337152677013,0.38695475892847286,2.880571092023503
2024-05-29,0.5646649266305647,0.3897230792934314,2.8599631438518833
2024-05-30,0.5683278988530013,0.392251206589052,2.841410609314926
2024-05-31,0.5633080067129212,0.3887865539600552,2.8665080483342433
2024-06-03,0.5629572880176185,0.38854449329105845,2.868292752174427
2024-06-04,0.5637853692481494,0.38797296431547057,2.872511863361542
2024-06-05,0.5705371470559563,0.38332667976575346,2.9069124755618385
2024-06-06,0.570515894266941,0.3833409588728914,2.906804191644047
2024-06-07,0.5697940121863977,0.38382600577820886,2.903126169911993
2024-06-10,0.5680954089423942,0.38268178859690494,2.9117806299879105
2024-06-11,0.5683909216444056,0.3828808525702776,2.910265975674414
2024-06-12,0.5636582481434627,0.37969281772317737,2.9344981337530878
2024-06-13,0.564842595961886,0.37889501451206026,2.9406640445231775
2024-06-14,0.5650399978336401,0.3787625978253626,2.9416917513405085
2024-06-17,0.5604166849304207,0.37566345791934397,2.965761483542495
2024-06-18,0.5617760688039775,0.3747522237246599,2.972955431263812
2024-06-20,0.5600385203192739,0.3759113157448279,2.9637602118667288
2024-06-21,0.5590879934007579,0.3765493322590965,2.9587299616978653
2024-06-24,0.5605189303605872,0.37751307743532736,2.9511573503981743
2024-06-25,0.558392359508952,0.37608081839267815,2.9623538414710238
2024-06-26,0.5575359021175027,0.37550398887270053,2.9668974742776175
2024-06-27,0.5567227651307853,0.3749563359218275,2.9712245392486283
2024-06-28,0.5546045726115615,0.3763829521041182,2.9599197642579878
2024-07-01,0.5558004671293945,0.37557135708443135,2.9663022428636605
2024-07-02,0.5593476339028188,0.37317442811857343,2.9852334409789925
2024-07-03,0.5568949769105218,0.3715381132135023,2.998323249943712
2024-07-05,0.5603408406254448,0.36923917040361043,3.0168757844806695
2024-07-08,0.5609938114726468,0.368808892264952,3.0203913803360365
2024-07-09,0.5615162372044677,0.3684654388230365,3.023204121127447
2024-07-10,0.5668608609207484,0.36495831117029465,3.0519795818788182
2024-07-11,0.5620487190184505,0.36805648093795473,3.0260710038777527
2024-07-12,0.5656452400130781,0.3657013063487949,3.0454346773964582
2024-07-15,0.5640679680530276,0.36468156751700614,3.053926711595689
2024-07-16,0.5674147886881373,0.3625177789941037,3.0720467707292722
2024-07-17,0.5594924086889276,0.3675793382958993,3.0291541243297457
2024-07-18,0.5639182096133274,0.370487032752438,3.005192345911655
2024-07-19,0.567592401936933,0.3729009299959192,2.9856121045573665
2024-07-22,0.5617002896584433,0.36902988778183865,3.016605404820087
2024-07-23,0.5626369361858249,0.36964525253997516,3.0115751546512235
2024-07-24,0.5499347018444404,0.3779904576251107,2.943585069232379
2024-07-25,0.5528348871503713,0.3799838622371669,2.928061513188519
2024-07-26,0.5466564334006729,0.3757371824905873,2.9607853753325273
2024-07-29,0.546276937778988,0.37547634111573625,2.9628407889671893
2024-07-30,0.5433349665549208,0.37749846673460585,2.9468844273860593
2024-07-31,0.5518117977168288,0.37160893088036423,2.9928601942375788
2024-08-01,0.5445615944097489,0.37649146566986474,2.953537285652315
2024-08-02,0.5343096467268829,0.3835793155085532,2.8979338240003383
2024-08-05,0.5498571791343438,0.3947408430520552,2.81360871342199
2024-08-06,0.5446353408368424,0.39099210077850277,2.840328760538699
2024-08-07,0.5484002497433271,0.3936949177501748,2.8206943772255153
2024-08-08,0.561103627589557,0.3845752003564251,2.886034147729636
2024-08-09,0.5635012482295457,0.38293189350067824,2.8983662994037123
2024-08-12,0.5637746751851435,0.3827460839711162,2.8997726697994173
2024-08-13,0.5731550169346223,0.37637777899227914,2.9480204181211818
2024-08-14,0.575026836255302,0.37514859809395923,2.9576481129216385
2024-08-15,0.5848698215484307,0.36872701582864525,3.008275466363648
2024-08-16,0.5861948511426464,0.3678916603526758,3.0150907505065905
2024-08-19,0.5916421451085196,0.3644729779510343,3.0431088841012137
2024-08-20,0.5907588348355302,0.36501712905371175,3.0385655814285157
2024-08-21,0.5930618471814928,0.363594147449158,3.0504111157403218
2024-08-22,0.588045682056171,0.3666694561895084,3.024610491523152
2024-08-23,0.5943973388869203,0.3627089500126928,3.0572802117082647
2024-08-26,0.592714800339024,0.36373565681324166,3.0486260817662427
2024-08-27,0.5937979176807402,0.36307097221709256,3.0541970912562717
2024-08-28,0.5972681935512332,0.3651928328647058,3.036347741917167
2024-08-29,0.597172407996972,0.36513426587874226,3.0368346894133325
2024-08-30,0.5915352071707751,0.3616874636525837,3.0655018662469122
2024-09-03,0.579542734733755,0.36902012430589476,3.0033535001125755
2024-09-04,0.5807534997250327,0.36979107115900606,2.9970789752907985
2024-09-05,0.5823675543510662,0.37081881010393314,2.9887493669682548
2024-09-06,0.5920533066131355,0.3769861508184827,2.9390414364257857
2024-09-09,0.5986998103736805,0.3727540321205532,2.9720356782303767
2024-09-10,0.5964879003150892,0.37137688387573703,2.983015931601539
2024-09-11,0.6029232770843027,0.3673701803535795,3.015199034424382
2024-09-12,0.6080282733023549,0.3642596297203387,3.0407289488470735
2024-09-13,0.6111432108643604,0.36239352241454587,3.0563066468498294
2024-09-16,0.612159892791043,0.36179065399019633,3.0613910389775887
2024-09-17,0.6123870470349048,0.36165640428940543,3.0625270297127107
2024-09-18,0.610559184826742,0.3627358818468447,3.0533859522745237
2024-09-19,0.621028810404697,0.3565158315044631,3.105744197731716
2024-09-20,0.6197309087515247,0.3572609217149965,3.0992534352082517
2024-09-23,0.6214506399944316,0.35626953535639017,3.1078537533252737
2024-09-24,0.6232568496039351,0.35523405897754246,3.1168865468456697
2024-09-25,0.6193739709437478,0.35744716060306364,3.0974684012341727
2024-09-26,0.6167241021547751,0.3559178937642494,3.1107203059416837
2024-09-27,0.6156088728394952,0.35656150420135047,3.105095154492759
2024-09-30,0.6185578588145672,0.354853447476485,3.1199696672976627
2024-10-01,0.6244022259282059,0.35820623620762715,3.0904910213484387
2024-10-02,0.6241508996110477,0.35806205566119276,3.0917349658674564
2024-10-03,0.6253410731176088,0.3587448328111068,3.085839434757949
2024-10-04,0.6196632372809595,0.35548757952084586,3.1138575683525724
2024-10-07,0.6141091271705472,0.35867385400149165,3.0859477186757407
2024-10-08,0.6199323331635754,0.35527277812791325,3.1152097967893817
2024-10-09,0.624140963860907,0.35286088276455124,3.1363585042821667
2024-10-10,0.6230430973339545,0.35348156651115514,3.1308416367510334
2024-10-11,0.6268319226870682,0.3513319882126607,3.1498807886502607
2024-10-14,0.6319986161910871,0.3484361167109813,3.1758438387441177
2024-10-15,0.6269826321486701,0.35120154998322056,3.150638115807009
2024-10-16,0.6297704943993573,0.3496399412665235,3.1646473476712687
2024-10-17,0.6295875275944047,0.3495383606057808,3.165566770570808
2024-10-18,0.6319649770086617,0.3482184332974083,3.1775205888004057
2024-10-21,0.6310290725663733,0.34873412513234564,3.1728148602510204
2024-10-22,0.6315239450079004,0.34900761317822315,3.1703266410790887
2024-10-23,0.6372775402821912,0.35218730029816064,3.141442896409926
2024-10-24,0.6359168817777955,0.3514353411987098,3.148150226768973
2024-10-25,0.6360589230738328,0.35151383939991754,3.1474470415711204
2024-10-28,0.637971799974809,0.35045670038438087,3.156912640628786
2024-10-29,0.6389555252086573,0.34991631113903665,3.1617804649209624
2024-10-30,0.6369005435434831,0.35104169714066996,3.1516116806654444
2024-10-31,0.624406732704723,0.35792793488226704,3.089787836150586
2024-11-01,0.6216959342169834,0.3563740270626064,3.1032018366008884
2024-11-04,0.6229420605393569,0.3570883425845379,3.096981783871903
2024-11-05,0.6154132896330791,0.3527726341183385,3.134411374565296
2024-11-06,0.6001312202239399,0.3440125114965869,3.2122457226201804
2024-11-07,0.6048099608064139,0.34133052255120716,3.237289019680602
2024-11-08,0.6074575341440089,0.33983633818028675,3.251460347287653
2024-11-11,0.6079223983346034,0.339576274331535,3.253948566459585
2024-11-12,0.6060630032498417,0.34061490435589903,3.2439960199057536
2024-11-13,0.6065177523114381,0.34035932975838856,3.2464300971187896
2024-11-14,0.6105295728338223,0.3426106415112694,3.2249565378726306
2024-11-15,0.6027780113736444,0.3469605822230004,3.184011021189974
2024-11-18,0.6002692396660888,0.3455165267400632,3.1972629258974856
2024-11-19,0.5981773224275809,0.34431241376755944,3.2084052750114394
2024-11-20,0.597905023483164,0.34415567779094625,3.20986578736604
2024-11-21,0.5948421727714668,0.3423926930002919,3.22630876630944
2024-11-22,0.5968067952198297,0.3412618512381994,3.236964498061124
2024-11-25,0.5985718937847544,0.3402525450293748,3.2465380509026853
2024-11-26,0.6021022126497371,0.33824576858188676,3.2656858168535994
2024-11-27,0.6001675370441599,0.33933262032137,3.2551925109786026
2024-11-29,0.6034086132324806,0.33750012721276135,3.272771480657125
2024-12-02,0.6017731017169274,0.3365853485164479,3.2816421784347294
2024-12-03,0.6020210674171479,0.3364466556745932,3.282994406871539
2024-12-04,0.5983115102280097,0.3343735253841969,3.303223691464784
2024-12-05,0.5973611563018607,0.3349046420136063,3.297976873460338
2024-12-06,0.5984388778655039,0.3343004280458004,3.303926876662637
2024-12-09,0.5953527540293152,0.3360244011324422,3.28688866630528
2024-12-10,0.5936284473650963,0.3369976209761255,3.2773689252887186
2024-12-11,0.5890531387194435,0.3344002587107889,3.3026287901847233
2024-12-12,0.5921789060690322,0.3361747291985355,3.285103632331201
2024-12-13,0.5920716680550535,0.33623560727092144,3.28450873105114
2024-12-16,0.5945969983120956,0.33480148029212936,3.2985179629153993
2024-12-17,0.5899363699531819,0.3374257540070746,3.2726631967393334
2024-12-18,0.6072819699378713,0.34734691237539733,3.176438740024179
2024-12-19,0.6077266227234602,0.3476012403149692,3.1741129467289344
2024-12-20,0.6009951622789313,0.3437510486133723,3.209270886085979
2024-12-23,0.5966294844815165,0.3412540130048345,3.232583291131217
2024-12-24,0.5899208763594602,0.337416892140253,3.268931033048384
2024-12-26,0.5896378263625017,0.33757878817431686,3.2673625669098874
2024-12-27,0.5832540986790451,0.34123359280025223,3.2319883898511557
2024-12-30,0.5896476565560396,0.34497415241240803,3.196559740699633
2024-12-31,0.5919424591839658,0.34631672976808925,3.1841193051077656
2025-01-02,0.593179256208629,0.3470403195263889,3.17746644684151
2025-01-03,0.5859494537469857,0.3428105138982587,3.216194124012817
2025-01-06,0.5823131964217935,0.3406831166725353,3.2361530289454796
2025-01-07,0.5757630434574411,0.3445152924506041,3.1997511450694174
2025-01-08,0.5763664720815785,0.3441542230987586,3.203104645181993
2025-01-10,0.5849897154303715,0.34930324851756417,3.155181748613603
2025-01-13,0.5841373214825665,0.3487942755097807,3.159779193245196
2025-01-14,0.5833273830899195,0.34831065314140697,3.164160400175103
2025-01-15,0.5939371576237107,0.3419754499524659,3.221711321677846
2025-01-16,0.5929300184190873,0.3425553377036277,3.216248265971713
2025-01-17,0.5985540035135054,0.33930617498052057,3.246754618738268
2025-01-21,0.603978544858011,0.33623113018285206,3.276179122728596
2025-01-22,0.6075682889096847,0.3342327418132036,3.2956510801650936
2025-01-23,0.6109586500731335,0.3323676515376232,3.3140415189592596
2025-01-24,0.6091537967305479,0.33334950991179174,3.304251398282115
2025-01-27,0.6006579920501159,0.33799870087428535,3.258167347512804
2025-01-28,0.5955525485331328,0.33512579599502523,3.285860959487949
2025-01-29,0.5980818671685274,0.3365490791681045,3.2719058695825853
2025-01-30,0.5950860402522842,0.33486328522356984,3.288295036700985
2025-01-31,0.5982967183428034,0.3366699789459277,3.270553641145776
2025-02-03,0.5943586219592474,0.33888600117351275,3.249026270074617
2025-02-04,0.5903908122978618,0.33662367149596534,3.270716067022463
2025-02-05,0.5879694762785516,0.33524309611476444,3.284130067472766
2025-02-06,0.5858099552679004,0.3340118000374276,3.2961921696201544
2025-02-07,0.5804266978490058,0.3370811768624211,3.2659020545552866
2025-02-10,0.5842238038247292,0.3348760182167016,3.287267329883654
2025-02-11,0.5837624035528827,0.33461154442287716,3.2898635028394816
2025-02-12,0.585701104150719,0.33572280406766997,3.278937721561111
2025-02-13,0.5794596925660802,0.3321452383371533,3.3138790930825723
2025-02-14,0.5794502253881972,0.33213981176806723,3.313933235041468
2025-02-18,0.5811525877058838,0.33116402079416835,3.323669213759717
2025-02-19,0.5798568966617418,0.3304256841422076,3.3310793991827206
2025-02-20,0.5821071704951446,0.33170798030043225,3.3181523462285836
2025-02-21,0.5921559598987013,0.33743418297662137,3.260871804386423
2025-02-24,0.594974950273554,0.33904055659839505,3.245348248342563
2025-02-25,0.5978704780848371,0.3406905443169237,3.2295543126381197
2025-02-26,0.5976702010860799,0.34057641846153897,3.2306361614143464
2025-02-27,0.6071764069389723,0.34599343529900706,3.1792514808155894
2025-02-28,0.5976108856242539,0.34054261813568804,3.229337744802537
2025-03-03,0.607870686982762,0.34638906387525786,3.1738963788933514
2025-03-04,0.6152049938249454,0.35056844566754003,3.1356015072593144
2025-03-05,0.6084662166034616,0.34672842050528063,3.1699479775007147
2025-03-06,0.6193884370406861,0.35295233916710733,3.1130460992369287
2025-03-07,0.6161921285537579,0.3511309545727306,3.12911074473585
2025-03-10,0.6322437434500899,0.3602778076398275,3.0475983749489117
2025-03-11,0.6376298754918185,0.36334704140252705,3.0216356549889505
2025-03-12,0.6343883478444543,0.3614998891194164,3.0369967851561235
2025-03-13,0.6427718180716178,0.36627712622954467,2.9968627375891113
2025-03-14,0.6294305266223251,0.3586747240164264,3.0590652456823437
2025-03-17,0.6249231605420744,0.356106246294905,3.080971280331877
2025-03-18,0.6164973860308937,0.3609075900804372,3.0394308623691595
2025-03-19,0.6098269560987535,0.35700261197970523,3.072317150389855
2025-03-20,0.6111904745783798,0.3578008378597537,3.065447724288017
2025-03-21,0.6113629947177924,0.35790183395343805,3.0645824433473727
2025-03-24,0.6004215703464276,0.35149654628897625,3.1194285778426014
2025-03-25,0.6017125843018735,0.3507407657358421,3.126135908201648
2025-03-26,0.5949037676776706,0.3547096532393312,3.090761401009021
2025-03-27,0.5967777300028196,0.35582699786320543,3.0810254222907725
2025-03-28,0.6088260147432816,0.3630107528410921,3.0188229141975405
2025-03-31,0.6047025642441715,0.36055215739060675,3.0392687666263685
2025-04-01,0.6026793506402679,0.35934582212285204,3.0494375508818865
2025-04-02,0.5990233980126725,0.35716597092800056,3.0679359434599487
2025-04-03,0.6276755619112001,0.3742497408975157,2.9211920870866805
2025-04-04,0.6654009720525295,0.3967434077333809,2.7456186280031454
2025-04-07,0.667013292974359,0.39770474942621503,2.73896576973689
2025-04-08,0.6769978344474542,0.4036580034415674,2.697966111095338
2025-04-09,0.6125961578339444,0.36525868976973525,2.9546191344285417
2025-04-10,0.591075385725149,0.37809038798195693,2.8508220664136963
2025-04-11,0.6022002249316297,0.3709742148619159,2.9044783983488025
2025-04-14,0.5971087640875042,0.3678377153872369,2.929035078046954
2025-04-15,0.5956422165323108,0.36874115465099233,2.9218411303256375
2025-04-16,0.5823552593399297,0.3769666427056173,2.8566637856982036
2025-04-17,0.5817708881581691,0.376588371128347,2.8595303383146136
2025-04-21,0.5952953016174959,0.38534291168509177,2.793054907209266
2025-04-22,0.5803085886389721,0.375641804352241,2.8633707859233546
2025-04-23,0.5710237711180837,0.3696316130938144,2.9091841268981873
2025-04-24,0.5830950508133883,0.3618177061926263,2.9706834497935675
2025-04-25,0.5873099482709594,0.3592023100787198,2.9921570090397265
2025-04-28,0.587564740750061,0.3590464774602643,2.99345509551764
2025-04-29,0.591301869909459,0.3567628090107536,3.012494577550763
2025-04-30,0.5902295642268103,0.35611583187956586,3.0179576332568963
2025-05-01,0.5868974231427787,0.3541053799029109,3.0349955134803572
2025-05-02,0.5955057000886512,0.3489115639854638,3.0795110981111717
2025-05-05,0.5921899675739508,0.35085427824880233,3.062364603836024
2025-05-06,0.5970327577680312,0.35372348196938425,3.037321306775602
2025-05-07,0.594661763927679,0.3523187412980806,3.049383408922991
2025-05-08,0.5909066965164467,0.3500939797545156,3.068639128657801
2025-05-09,0.5904484087804227,0.35036550109337194,3.0662591934036607
2025-05-12,0.610050523989159,0.338733824531173,3.16805498974274
2025-05-13,0.6144562908441187,0.33628749886126885,3.190934589250708
2025-05-14,0.6148104482830685,0.3360936710477657,3.1927737651836834
2025-05-15,0.6178309261859269,0.33444248976168756,3.2084594169703347
2025-05-16,0.6138105304303954,0.33226618050082246,3.229337744802537
2025-05-19,0.6130394633079829,0.3318487886266653,3.2333944301129653
2025-05-20,0.6153160649547588,0.33308115219195916,3.221386800058368
2025-05-21,0.6255443235817933,0.33861788422683703,3.167838421907157
2025-05-22,0.6254481674016037,0.33856583323530265,3.1683253694033224
2025-05-23,0.6294629365529891,0.3407390967187232,3.147987800892286
2025-05-27,0.6165492097502101,0.33374867464534846,3.2125702442396586
2025-05-28,0.6201824424424947,0.33571540589169846,3.193639046124327
2025-05-29,0.6226403442862127,0.3343849014165056,3.2062960495517774
2025-05-30,0.6233020846245328,0.3347402847125337,3.2028884074803057
2025-06-02,0.6196811091885128,0.3327956636719662,3.221495083976159
2025-06-03,0.6162060447467685,0.3309294031711296,3.239560671016951
2025-06-04,0.6160414571992041,0.33101779383095725,3.238695390076307
2025-06-05,0.613170939849236,0.33256021002589964,3.223604309435821
2025-06-06,0.6069772736945708,0.3292010049765993,3.256166075837038
2025-06-09,0.6064025536087896,0.3288892990231494,3.259249196289031
2025-06-10,0.6098845824755738,0.327000781195578,3.2779641567026756
2025-06-11,0.6116155541895719,0.3279288733608321,3.268660653387801
2025-06-12,0.6093889458417648,0.3267350365430623,3.280560329658503
2025-06-13,0.6161408757210374,0.330355207323799,3.2442122576074404
2025-06-16,0.6120626167946213,0.32816857415881107,3.2656858168535994
2025-06-17,0.617131374305012,0.3308862812680166,3.2386412481174114
2025-06-18,0.6172756849319807,0.3309636560518848,3.2378839209606634
2025-06-20,0.6192967899995057,0.33204730852474507,3.227282331167875
2025-06-23,0.6127888907877099,0.3285579792527028,3.2611963260059014
2025-06-24,0.6061012795843679,0.32497229410724704,3.2967870709002156
2025-06-25,0.6065487750645736,0.3247323612153304,3.2992211481132516
2025-06-26,0.6113219185678713,0.32217692919738516,3.3251838680732133
2025-06-27,0.6140068307552927,0.32076193533337566,3.3397880012175336
2025-06-30,0.6174275947265218,0.3189749016771208,3.358394677713387
2025-07-01,0.6171988397468805,0.31909308087377874,3.3571504030604733
2025-07-02,0.6144642193269502,0.31767927644217325,3.3720249158653766
2025-07-03,0.6097824556334311,0.3152587948976832,3.3977172561647553
2025-07-07,0.6055695274654613,0.31743688750260246,3.374242755376726
2025-07-08,0.6050841632549586,0.3176913132907229,3.371538298503107
2025-07-09,0.601492456247526,0.31580553576514925,3.391551345394665
2025-07-10,0.6032382800717443,0.3148889144136557,3.4013952778968095
2025-07-11,0.6009264599060974,0.31609567891506224,3.388359941024881
2025-07-14,0.5996794177962301,0.31543971741452226,3.3953914628695108
2025-07-15,0.6023064901902063,0.3168215940455874,3.380516950064607
2025-07-16,0.6044844747515571,0.3156759438628774,3.3927411479547875
2025-07-17,0.6080309051058165,0.31382391490897427,3.4126459109285543
2025-07-18,0.6077803321817765,0.31395324349298553,3.4112395405328493
2025-07-21,0.6088018579967537,0.3134255670843518,3.4169729758995655
2025-07-22,0.6088115044661299,0.3134206008542149,3.4170271178584612
2025-07-23,0.6141986458731846,0.31064726118454766,3.4472630909644333
2025-07-24,0.6144395723278485,0.31052540623779534,3.4486153194012426
2025-07-25,0.6168295439357345,0.3093175626387512,3.4620293198515455
2025-07-28,0.6166946110043383,0.3093852265920581,3.461271992694797
2025-07-29,0.6152298181575382,0.31012008831896637,3.4530506682900453
2025-07-30,0.6143721058621505,0.3105524370201306,3.4482366558228685
2025-07-31,0.6168873639320565,0.3118238481338362,3.4341194701747133
2025-08-01,0.606928165259574,0.3168580177990863,3.378678104265528
2025-08-04,0.5976782961848048,0.3120289534259097,3.430170738648181
2025-08-05,0.6005527802452467,0.3135296307279709,3.4136736177458853
2025-08-06,0.6049965805401041,0.31120966300605557,3.4389331525079943
2025-08-07,0.60532960565859,0.311380970808827,3.4370401647500195
2025-08-08,0.6099116809358398,0.3090239556640004,3.4630570266688765
2025-08-11,0.6087018414245146,0.30963694505770195,3.4561876005670378
2025-08-12,0.615141527358595,0.3063611792491193,3.4927519103197877
2025-08-13,0.6173992199876205,0.3052367723517663,3.505571009490029
2025-08-14,0.6174182908911053,0.30522734386394657,3.5056792934078205
2025-08-15,0.6188091295565423,0.3059149198523124,3.497782160488651
2025-08-18,0.6185220663095222,0.3060568326425578,3.496159552391259
2025-08-19,0.6217947041366378,0.3076761979365552,3.4776611598131972
2025-08-20,0.6234581408043485,0.30849929897943096,3.4683576564983225
2025-08-21,0.6259179904008881,0.30971648073785385,3.454673276387437
2025-08-22,0.6163141254437978,0.3049643002579694,3.5076805650835867
2025-08-25,0.613596084779603,0.30630924001353965,3.4922111509986222
2025-08-26,0.6160860462280479,0.305066242840228,3.5063824786056728
2025-08-27,0.6146224992563823,0.30434154086296406,3.5147120869282165
2025-08-28,0.6168358467190688,0.30324556149664716,3.5273690903556663
2025-08-29,0.6132226388198759,0.30502186756579475,3.5067070002251515
2025-09-02,0.6178573961426905,0.3073272330967213,3.480203190810129
2025-09-03,0.614534838212561,0.3056745660867525,3.4989181512237733
2025-09-04,0.6094713315880663,0.3031559372083284,3.5277477539340407
2025-09-05,0.6078453041911472,0.30396473630008386,3.518335966701375
2025-09-08,0.6093872041051502,0.30319367958955334,3.527260806437875
2025-09-09,0.6107889105594868,0.3024962764692847,3.5353741770587317
2025-09-10,0.6090414544092604,0.30163084003191937,3.545488819355354
2025-09-11,0.6141145749341735,0.29911835160533606,3.5750216072634737
2025-09-12,0.6139008343520123,0.2992224587755886,3.57377733261056
2025-09-15,0.6171063759828597,0.29766004023041415,3.592438151065309
2025-09-16,0.614439750975063,0.2989462815301187,3.576914595021449
2025-09-17,0.6137614974959841,0.2992762754069532,3.572966193628812
2025-09-18,0.6108532872188834,0.2978582028439433,3.5898961200683774
2025-09-19,0.613770862095306,0.2964355640081757,3.60704228420963
2025-09-22,0.6167252879473131,0.2950086521949133,3.624405016186465
2025-09-23,0.6134303276227551,0.29658478637228564,3.6050410125338637
2025-09-24,0.6113686952996576,0.29758155610242537,3.5929250985614747
2025-09-25,0.6141666730312335,0.2989434618946318,3.576481789484179
2025-09-26,0.6107577943227244,0.2972842022065881,3.596332740632946
2025-09-29,0.6090400454198903,0.29644809398673877,3.6064473829295687
2025-09-30,0.6113601430719416,0.29531879463772875,3.6201859049993494
2025-10-01,0.6136802964754684,0.2941980396878538,3.6339247572030264
2025-10-02,0.614283137179821,0.29390903814342884,3.637494495017289
2025-10-03,0.6142100469954682,0.29394400876931887,3.6370616894800194
2025-10-06,0.6164662534566208,0.29286425050901915,3.650421878105322
2025-10-07,0.6142100469954681,0.29393610514912977,3.6370616894800194
2025-10-08,0.6178637756924484,0.2921875782604611,3.65869734446897
2025-10-09,0.6195992633726287,0.29300828981909627,3.6484206064295557
2025-10-10,0.6027709073351676,0.30096641390750073,3.5493292669640955
2025-10-13,0.5935575989578558,0.29636616471033495,3.603580500179263
2025-10-14,0.594225788940698,0.29669979518336825,3.5995238148688347
2025-10-15,0.5917255466001349,0.29545141215429055,3.614669037468216
2025-10-16,0.5879180877031412,0.2973524946988918,3.591410444247978
2025-10-17,0.5912031099743863,0.2956910224837533,3.611477633098432
2025-10-20,0.5850935143872471,0.2926353001175403,3.6487992700079297
2025-10-21,0.5849547116227711,0.292704722504972,3.64793365893339
2025-10-22,0.5821185190561948,0.2941239211910845,3.6302464053370764
2025-10-23,0.5788139862694359,0.29245425752444515,3.650854353508696
2025-10-24,0.5740545954437216,0.29004950549145786,3.680874088912981
2025-10-27,0.580870465324187,0.2866056872483603,3.724577874294256
2025-10-28,0.5823382905150905,0.28588145168688345,3.733989661526922
2025-10-29,0.5826504009471385,0.28572823046675455,3.735990933202688
2025-10-30,0.5763405906899988,0.28882252323034446,3.695532033882302
2025-10-31,0.5746534850091427,0.2879770611414818,3.7063498613767774
2025-11-03,0.57342906877125,0.2873634673862875,3.7142469942959466
2025-11-04,0.5668487722097756,0.2906610623972751,3.6716247275570026
2025-11-05,0.565095161351302,0.28976186949055277,3.682983314372643
2025-11-06,0.5712281704041586,0.2929066710926558,3.643011692682318
2025-11-07,0.5705327029051265,0.2925500586555441,3.6474470415711204
2025-11-10,0.5616660016192626,0.28800351124809076,3.704132351999324
2025-11-11,0.5627649958608912,0.28743998381449504,3.711380111545641
2025-11-12,0.5631587095217462,0.28723888913174817,3.7139766146353637
2025-11-13,0.5539810513602508,0.2919199502439479,3.653450856598419
2025-11-14,0.5540958865971232,0.29198046259640426,3.652693529441671
2025-11-17,0.5592814903558021,0.29471301308256515,3.618509154943062
2025-11-18,0.5639129605016943,0.29715356322633885,3.5885438916315677
2025-11-19,0.561788034169167,0.2960338346945771,3.6020661759996617
2025-11-20,0.5703757629301145,0.30055913271054496,3.5470034736688505
2025-11-21,0.5760380403690939,0.29757539934241684,3.5822155549847907
2025-11-24,0.567531617854235,0.2931810678930345,3.635114559763149
2025-11-25,0.5728686472780875,0.29042401271472107,3.6692989342617577
2025-11-26,0.5768207405799962,0.288420442086765,3.6946126109827624
2025-11-28,0.5800466057479939,0.28680745317632694,3.7152747011132776
2025-12-01,0.5773273993845629,0.28815198074364334,3.697857827177547
2025-12-02,0.5763393374025136,0.28765882552958544,3.7041864939582196
