Date,MLP,LSTM,BuyAndHold
2013-12-30,1.0,1.0,1.0
2013-12-31,1.0041648041612716,0.9958351958387284,1.0041648041612716
2014-01-02,0.9952941889171408,1.0046322287881428,0.995294188917141
2014-01-03,0.9957269119209367,1.0050690116816754,0.9948614659133451
2014-01-06,0.9984337214451346,1.0078012170089852,0.9921570090397264
2014-01-07,1.0045844875436312,1.0015927432500757,0.9982691079848165
2014-01-08,1.0040401410894675,1.0010500179093358,0.9988100323729299
2014-01-09,1.004529472476889,1.000562143795448,0.9992968148021475
2014-01-10,1.0071393228421175,0.9979626008771305,1.0018930702914488
2014-01-13,0.993818109624322,1.011162435585356,0.9886412481174115
2014-01-14,0.9832155147352868,1.000374801945258,0.99918861341783
2014-01-15,0.9776269296928752,0.9946886837227827,1.0048679893591244
2014-01-16,0.9759430408861811,0.9964019601166646,1.0031371798774147
2014-01-17,0.9722067846244727,1.000216540380779,0.9992968148021475
2014-01-21,0.969523049200023,0.9974554852184481,1.002055331101188
2014-01-22,0.970203405100555,0.9967555279297107,1.0027585162990407
2014-01-23,0.9622487509888763,1.0049278817030545,0.9945369442938667
2014-01-24,0.9830249995204062,1.0266256302374852,0.9730635501146555
2014-01-27,0.9881613582257499,1.0319898045927374,0.9679792405203702
2014-01-28,0.9817562639412832,1.0253006217543261,0.9742535177417256
2014-01-29,0.9912401988630165,1.0352052026865566,0.9648420606429555
2014-01-30,0.9805709572736786,1.0240627425495776,0.9752271651336349
2014-01-31,0.9744253668637589,1.030480911600053,0.9691150661885447
2014-02-03,0.9961795751982355,1.0534865692912112,0.9474794111995943
2014-02-04,0.989355276159389,1.0462696903657212,0.9539700911895846
2014-02-05,0.9906454473496966,1.0476340809383797,0.9527260641370927
2014-02-06,0.9774285581947136,1.0336568668303565,0.9654370444564907
2014-02-07,0.9646692424894651,1.0201635488950325,0.9780398233915711
2014-02-10,0.9660029848899393,1.0187530806011866,0.9793920518283805
2014-02-11,0.9766729240937329,1.0075004927689342,0.9902098793228558
2014-02-12,0.977473136971947,1.0066750220824514,0.9910211833715519
2014-02-13,0.9822212566614282,1.001785052923743,0.9958351133052543
2014-02-14,0.9769930092450186,0.9964526697369356,1.0011358256681746
2014-02-18,0.9755150425510715,0.9949452650328794,1.002650314914723
2014-02-19,0.9690421539170216,1.001547080091201,0.9959973741149936
2014-02-20,0.974515149123896,0.9958905022564378,1.0016226080973922
2014-02-21,0.9750413538804236,0.9964282489705234,1.0010817662427527
2014-02-24,0.9791505556216519,0.9922289145736964,1.00530071236292
2014-02-25,0.9796246757333495,0.9917484617147296,1.0057874947921377
2014-02-26,0.9796246757333495,0.9917484617147296,1.0057874947921377
2014-02-27,0.9848402381217967,0.9864683517870705,1.0111423491139537
2014-02-28,0.982732984034302,0.984357614038934,1.0133058815994591
2014-03-03,0.9761758352457044,0.9909256029446741,1.0065447394154121
2014-03-04,0.9618549646602167,0.9763883476600816,1.021311133369472
2014-03-05,0.961447432855339,0.9768020371665075,1.020878410365676
2014-03-06,0.9641981753773334,0.9740073644601434,1.0237991874744559
2014-03-07,0.9648094342202779,0.9733898870267451,1.0244482307134128
2014-03-10,0.9644019801441441,0.9738009647619634,1.0240155902430907
2014-03-11,0.969190381690527,0.9786360336871002,1.0189311981153317
2014-03-12,0.969087540840712,0.9785321905585826,1.0190393169661751
2014-03-13,0.9800437323143447,0.9895951601986342,1.0075183868073214
2014-03-14,0.9827271051750054,0.9923046849967241,1.004759787974807
2014-03-17,0.9737335213874235,0.9832234504603684,1.01395500737189
2014-03-18,0.9665653676055372,0.9759854364246447,1.0214192522203156
2014-03-19,0.9612422289039265,0.9813604540105848,1.015794018237917
2014-03-20,0.9668724612477859,0.9756123842701873,1.0217437738397939
2014-03-21,0.9705065068158998,0.9792792793399657,1.0179034912980007
2014-03-24,0.9664323879820602,0.9833902256628684,1.0136304032189376
2014-03-25,0.965968193077266,0.9829178856028148,1.014117268181629
2014-03-26,0.9731811872336953,0.9902574450374968,1.0065447394154121
2014-03-27,0.9715077482296192,0.9919602476135649,1.0048139299337024
2014-03-28,0.9673763783589389,0.9877419027909207,1.0090869354792917
2014-03-31,0.9591835370793065,0.9793765831326755,1.017633029103944
2014-04-01,0.9655053870781872,0.9729216434765654,1.0243401118625692
2014-04-02,0.9686153187511739,0.9697878237435255,1.027639552549723
2014-04-03,0.9676975944610515,0.9707066589352523,1.026665905157814
2014-04-04,0.9562265464891699,0.9822133762351672,1.0144958492265292
2014-04-07,0.9452653539888033,0.9934724548843404,1.002866717683358
2014-04-08,0.9410338025129019,0.9890251006943306,1.007356125997582
2014-04-09,0.930928199261645,0.9784041269881133,1.0181739534920573
2014-04-10,0.9507594309934698,0.9992467214922481,0.9964841565442112
2014-04-11,0.942347510875132,1.0080876367918425,0.9876676832589761
2014-04-14,0.934967719015606,1.0001930152750134,0.9954023903014585
2014-04-15,0.9282106207896852,0.9929645277971688,1.0025962554893013
2014-04-16,0.9187462406592303,0.9828398927879994,1.0128190991702415
2014-04-17,0.9201690990915451,0.9813177727866536,1.0143876478422118
2014-04-21,0.923505572968741,0.9777595777577581,1.0180657521077399
2014-04-22,0.9273816923908001,0.9736557444941776,1.022338757653329
2014-04-23,0.925468151813503,0.975664766012173,1.0202292845932452
2014-04-24,0.9274308055258488,0.9735956596131398,1.0223928996122247
2014-04-25,0.9197275300816115,0.9816823820862643,1.0139008654129942
2014-04-28,0.9166854355443715,0.9784353654273368,1.0172544480590437
2014-04-29,0.9127861579888413,0.9742734240328145,1.0215815130300547
2014-04-30,0.9160241792219742,0.9708172826285165,1.025205475336687
2014-05-01,0.9154442571336243,0.9714318934638183,1.0245564320977303
2014-05-02,0.9146709785198861,0.9722524650082517,1.0236909860901384
2014-05-05,0.9163142140100566,0.9705057825470976,1.0255300794896394
2014-05-06,0.9242401354411045,0.97890044942363,1.0166594642455087
2014-05-07,0.9191754079603766,0.9735361898367786,1.0222306388024855
2014-05-08,0.9197590927219591,0.9741543941903065,1.0215815130300547
2014-05-09,0.9214148811783681,0.9724006810567001,1.0234206064295557
2014-05-12,0.929547438177501,0.96381811512877,1.0324534824834257
2014-05-13,0.9308135594138134,0.9625053143685423,1.0338597703456567
2014-05-14,0.9261872643230462,0.9672891226464371,1.0287213187924757
2014-05-15,0.9182007953778244,0.975630010970693,1.019850703548345
2014-05-16,0.9148406215233699,0.972059673773222,1.0235828672392948
2014-05-19,0.9117950704640528,0.9688236375724576,1.0269904267772922
2014-05-20,0.9175097088367179,0.9748957001608183,1.0205538062127237
2014-05-21,0.9251929136080024,0.96673194644482,1.0290998998373762
2014-05-22,0.9228587247305354,0.9642929578580143,1.0316962378601513
2014-05-23,0.9267777416773262,0.960197986068459,1.036077444790058
2014-05-27,0.9324869086302541,0.9542829426186578,1.0424599233957308
2014-05-28,0.9316644052807665,0.9551246712363985,1.0415404179627172
2014-05-29,0.9363575690835599,0.950313328752137,1.0467870709002156
2014-05-30,0.9380025757825351,0.9486438043700651,1.0486260817662427
2014-06-02,0.9391637960665392,0.947469410550293,1.0499242507776303
2014-06-03,0.938583222837891,0.9480551181521326,1.0492752075386735
2014-06-04,0.9368898596454311,0.9463446660553565,1.0511682778301223
2014-06-05,0.9306708828657262,0.9400629292607847,1.0581458227828042
2014-06-06,0.9353805647266767,0.9353057187284657,1.0635005945711462
2014-06-09,0.936427176827034,0.934259190374479,1.0646905621982163
2014-06-10,0.9362369167136315,0.9344490100037108,1.0644742419630553
2014-06-11,0.9332397936452758,0.9374404095459498,1.061066599891584
2014-06-12,0.9400903191782847,0.94432177005479,1.053277750890206
2014-06-13,0.9370488694563026,0.9412666304300088,1.0566853929616773
2014-06-16,0.9361855303243192,0.9403994053127618,1.0576589578201128
2014-06-17,0.9339831592280682,0.9381871210997437,1.0601470944585705
2014-06-18,0.9266923781387683,0.9308635233954852,1.068422725889166
2014-06-19,0.9274430194341025,0.9301095033803596,1.069288171896758
2014-06-20,0.9291788147926054,0.9283687174506189,1.0712894435725242
2014-06-23,0.9293665109089859,0.9281811849756415,1.071505846341159
2014-06-24,0.9195145407667333,0.9380205897891813,1.0601470944585705
2014-06-25,0.9157614058751564,0.9341919197154925,1.0644742419630553
2014-06-26,0.9164128593095977,0.934856484230465,1.063716997339781
2014-06-27,0.9136169714049063,0.9320043265917655,1.0669622960680394
2014-06-30,0.9148211455939567,0.9332327358587686,1.0655560082058082
2014-07-01,0.9208580505740822,0.9270743327896483,1.0725876125839118
2014-07-02,0.9217403767218635,0.9261860504705144,1.0736153194012428
2014-07-03,0.9264769631075517,0.9214266189124926,1.079132351999324
2014-07-07,0.9234121339339262,0.9244747413110528,1.0755625316515873
2014-07-08,0.9174681240373006,0.9304255912182585,1.068639128657801
2014-07-09,0.9133816615197375,0.9262814153016462,1.073398916632608
2014-07-10,0.9174779534510529,0.9304355594535162,1.0685849866989054
2014-07-11,0.9158989944101356,0.9288343006624313,1.0704239975649323
2014-07-14,0.9115022523589337,0.9243754631123897,1.0755625316515873
2014-07-15,0.9098520569497607,0.9260489643479956,1.0736153194012428
2014-07-16,0.9135190956863403,0.9223166461119761,1.0779423843722538
2014-07-17,0.9030220679059624,0.932914764424181,1.0655560082058082
2014-07-18,0.894129352086768,0.9237276734566335,1.076049314080805
2014-07-21,0.8957922830727247,0.925445652367841,1.0740480424050387
2014-07-22,0.9000327687116305,0.9210647941347332,1.079132351999324
2014-07-23,0.9017921403728286,0.919264309359887,1.0812418250594076
2014-07-24,0.9017470529892031,0.9193102703088838,1.0811877656339859
2014-07-25,0.8977771604877507,0.9233574839221799,1.0764278951257051
2014-07-28,0.8974613422952715,0.9230326671364354,1.0768065587040792
2014-07-29,0.901473498411051,0.9271591414323023,1.0719926287703767
2014-07-30,0.901746399205114,0.9268784648884375,1.0723171503898552
2014-07-31,0.8835522726133337,0.9455796697285574,1.0506814954009047
2014-08-01,0.8858719987679551,0.9480622459825462,1.047922979101864
2014-08-04,0.8795620259598051,0.9413092986031242,1.0553872239502897
2014-08-05,0.888216994807577,0.9505718661254517,1.0450021194596104
2014-08-06,0.8878951433784138,0.9502274199873759,1.0453807830379847
2014-08-07,0.8925811102626828,0.9552423525002882,1.0398636679064295
2014-08-08,0.902888164381589,0.9442117195295835,1.0518714630279749
2014-08-11,0.9000560446310115,0.9412499787901443,1.0551709037151287
2014-08-12,0.8987641921016389,0.942600957068803,1.0536564144685803
2014-08-13,0.9048082315213499,0.9362621227097491,1.0607420782721055
2014-08-14,0.9009326739332321,0.932251838930573,1.0652855460117514
2014-08-15,0.9012529170750478,0.9319204631613279,1.0656642095901256
2014-08-18,0.9085719526289657,0.9243523778058457,1.0743184220656214
2014-08-19,0.9135581271790112,0.9192796014691413,1.0802142007755506
2014-08-20,0.9159825659950156,0.9168399787650612,1.0830809184589085
2014-08-21,0.9183154967990497,0.9145048642025831,1.0858394347579492
2014-08-22,0.9169889447262056,0.9158259116285087,1.0842708860859787
2014-08-25,0.9217463143462441,0.911074575863467,1.0898961200683774
2014-08-26,0.9224324499356183,0.9103963841730371,1.0907074241170733
2014-08-27,0.9222495037118391,0.9105769432813364,1.0904911038819125
2014-08-28,0.921380352098524,0.9114350943739803,1.0894633970645815
2014-08-29,0.9189101243764535,0.9089915299634057,1.0923842567068351
2014-09-02,0.9185461191770035,0.9093516061388501,1.0919515337030392
2014-09-03,0.9184096259055713,0.9094867331324901,1.0917892728933
2014-09-04,0.9168625864511856,0.9110187421834721,1.0899501794937991
2014-09-05,0.9210485421045214,0.9068594667255235,1.0949263702372407
2014-09-08,0.9233235225309142,0.9090994002816591,1.092221913363622
2014-09-09,0.9175622061905067,0.9147719615260004,1.0854067117541533
2014-09-10,0.9140871364603622,0.9113074592480764,1.0895174564900032
2014-09-11,0.9132249074284371,0.910447852196372,1.0905451633073342
2014-09-12,0.9183884619482905,0.9155957046958592,1.0843790049368223
2014-09-15,0.9173806477672543,0.9166004541820743,1.0831890373097521
2014-09-16,0.9103259485000009,0.9095517546392833,1.0915188106992435
2014-09-17,0.9114537061000175,0.9084249561495851,1.0928710391360528
2014-09-18,0.9162353873108302,0.903659164409223,1.0986044745027688
2014-09-19,0.9151527152349841,0.9047269757565448,1.0973063054913812
2014-09-22,0.9084764095160869,0.9113272226680486,1.0893011362548422
2014-09-23,0.9134836560134753,0.9163501819830956,1.0832972386940696
2014-09-24,0.9107014231838834,0.9135592184634612,1.0865966793812234
2014-09-25,0.9256614385399383,0.9285661785811895,1.0687472475086446
2014-09-26,0.917697363182943,0.920577111831426,1.0779423843722538
2014-09-29,0.9200458032949821,0.9229329213851895,1.075183868073213
2014-09-30,0.9224526236567447,0.9253472943868114,1.072371209815277
2014-10-01,0.9103555367877202,0.9374823421032343,1.0583080835925434
2014-10-02,0.9102625330622244,0.937386567049556,1.058416202443387
2014-10-03,0.9003076310406133,0.9271350285181829,1.0699913570946105
2014-10-06,0.9014909733086864,0.9283536320594954,1.0685849866989054
2014-10-07,0.887801598165199,0.9424509236701237,1.0523582454571925
2014-10-08,0.8723782132226525,0.926078140139137,1.0706404003335672
2014-10-09,0.890183686559789,0.9449796433890169,1.0487883425759819
2014-10-10,0.8805427497328467,0.955214035663569,1.0374296732268673
2014-10-13,0.8954174280472694,0.9713501079964886,1.019904762973767
2014-10-14,0.8933279824622053,0.9690834744341612,1.0222846982279072
2014-10-15,0.9004651271517331,0.976825859212262,1.014117268181629
2014-10-16,0.9007533529112514,0.9771385269288665,1.0137926640286767
2014-10-17,0.8895076965385997,0.9649392227943819,1.026449584922653
2014-10-20,0.897991686225261,0.9557357786349898,1.0362397055997972
2014-10-21,0.9156628025283556,0.9369283460514202,1.0566313335362556
2014-10-22,0.9093349277725162,0.9434031806877498,1.0493292669640952
2014-10-23,0.9200219510987706,0.932315767799333,1.061661583705119
2014-10-24,0.9265841333087789,0.9256658982627896,1.0692340299378622
2014-10-27,0.9254123099482473,0.9268365603588026,1.0678818015010527
2014-10-28,0.9149127468898123,0.9163208380091674,1.0799977980069158
2014-10-29,0.9138588778820226,0.9173763289678982,1.0787537709544237
2014-10-30,0.9201363657739747,0.9110746789682767,1.0861639563774275
2014-10-31,0.9101472984831958,0.9011839860083437,1.097955431263812
2014-11-03,0.9106853211876833,0.9006512618589657,1.0986044745027688
2014-11-04,0.9076363662251339,0.9036666230056568,1.0949263702372407
2014-11-05,0.9134651963820803,0.8978632864933616,1.1019579746153445
2014-11-06,0.9169176683729955,0.8944697824380711,1.1061228613100902
2014-11-07,0.9180834070380214,0.8933325832695399,1.1075291491723214
2014-11-10,0.9205046460400325,0.8909766190120463,1.110450008814575
2014-11-11,0.9214910666088654,0.8900218409268692,1.1116399764416451
2014-11-12,0.9207736573922762,0.8907147503806703,1.1107745304340535
2014-11-13,0.9201907538518089,0.8901508758851577,1.111477715631906
2014-11-14,0.9205937603036737,0.8897610256887575,1.1119644980611236
2014-11-17,0.9209520110373337,0.8894147735697664,1.1123972210649196
2014-11-18,0.9265495506332583,0.8840089170728036,1.1191583632489666
2014-11-19,0.9251613717461635,0.8853333605565279,1.1174816131926786
2014-11-20,0.9265943063514631,0.8839621134981113,1.1192124226743883
2014-11-21,0.9215789327389036,0.879177494999863,1.1252703796605827
2014-11-24,0.9244140124038723,0.8764728560921955,1.128732081157476
2014-11-25,0.9237938408394614,0.8770608648577841,1.1279748365342015
2014-11-26,0.9260087489400192,0.8749580047515829,1.1306792934078203
2014-11-28,0.9280464265400991,0.8768833454455383,1.1281912393028364
2014-12-01,0.9218172891239084,0.8827690713106905,1.1206187105366194
2014-12-02,0.9160331143416477,0.8772299144071702,1.127650314914723
2014-12-03,0.9124301122389005,0.873779535619856,1.1320856638035255
2014-12-04,0.9113402530667374,0.874823228313214,1.130733435366716
2014-12-05,0.9130404307145229,0.8731911760763721,1.1328429084267997
2014-12-08,0.9066756238804113,0.8792781936694785,1.1249458580411043
2014-12-09,0.9072859423560338,0.8798700698737947,1.12418861341783
2014-12-10,0.921429503002755,0.893586248107725,1.1066637856982036
2014-12-11,0.9171962092751403,0.8894808737444453,1.1117480952924887
2014-12-12,0.9318773879710105,0.9037184245781117,1.0939528053788055
2014-12-15,0.9384661535558051,0.9101080944328226,1.0862180983363232
2014-12-16,0.9457563595852441,0.9171780089868383,1.0777801235625144
2014-12-17,0.9273879613836917,0.8993646570383879,1.0987126758870862
2014-12-18,0.9046518417832106,0.8773155651175036,1.1256490432389568
2014-12-19,0.9085641051711323,0.8735215203739507,1.1305170325980811
2014-12-22,0.9128242019523989,0.8694257320898524,1.1358178274944752
2014-12-23,0.9142587162159128,0.8680594190461345,1.1376027789350804
2014-12-24,0.9097812567286984,0.8723106236694393,1.1320315218446297
2014-12-26,0.9122156261736156,0.869976517187214,1.1350605828712008
2014-12-29,0.91065070755249,0.8684840603462816,1.1370077951215454
2014-12-30,0.915849280077594,0.8734419188722375,1.1305170325980811
2014-12-31,0.9064721356735645,0.8823848652499469,1.1189419604803317
2015-01-02,0.9070855912191875,0.8829820197212855,1.1181847158570573
2015-01-05,0.9230131844677573,0.8984863763024749,1.098550415077347
2015-01-06,0.9313298549104095,0.9065820516564834,1.0886520930158854
2015-01-07,0.9198080076679881,0.8953663692032329,1.1021202354250836
2015-01-08,0.9033764181667777,0.8793714088318428,1.1218086781636896
2015-01-09,0.8957539071816477,0.8867913703108378,1.1123430791060238
2015-01-12,0.888958993737558,0.8935182967087217,1.103905186865689
2015-01-13,0.8866504671562461,0.8958386632873513,1.101038469182331
2015-01-14,0.8920079848390059,0.9012516999429968,1.0943855283826014
2015-01-15,0.9003845148762384,0.9097150344242928,1.0841085427427657
2015-01-16,0.8888393625417361,0.8980502417941584,1.0980094906892337
2015-01-20,0.8866501030280864,0.8958382953857983,1.1007139475628525
2015-01-21,0.8910071059913693,0.8914361416001187,1.1061228613100902
2015-01-22,0.9040781148812183,0.878358838789359,1.122349602551803
2015-01-23,0.8992418389326706,0.883057532028703,1.1163457049910304
2015-01-26,0.9016382038589941,0.8807042962181996,1.1193206240587057
2015-01-27,0.9137506667783135,0.8925355363821273,1.104283850444063
2015-01-28,0.9255664052153976,0.9040769413048472,1.0900043214526949
2015-01-29,0.9167020922680849,0.895418436749131,1.1004434853687959
2015-01-30,0.928327027692316,0.9067734686539023,1.086488477996906
2015-02-02,0.9170504793324118,0.8957587350894037,1.0996862407455215
2015-02-03,0.9040148423378087,0.8830257547698572,1.1153179981736994
2015-02-04,0.9008144205031559,0.886151870375236,1.1113695142475886
2015-02-05,0.9102403488354701,0.8768793678135677,1.12299864579076
2015-02-06,0.9073029662068091,0.8797090931995517,1.1193746834841274
2015-02-09,0.9034010618914772,0.8834923286069509,1.114560753550425
2015-02-10,0.8936243923188232,0.8739311127404564,1.1266226080973922
2015-02-11,0.8940534474648356,0.873511512912604,1.1271635324855054
2015-02-12,0.9023766197663352,0.865379575331097,1.1376568383605024
2015-02-13,0.9064523817949578,0.8614709177526312,1.1427952899136833
2015-02-17,0.9080827127922564,0.8599214897090949,1.144850703548345
2015-02-18,0.9079110645480019,0.86008403438903,1.1446343007797102
2015-02-19,0.9086404059245238,0.8607749554473366,1.1437147953466966
2015-02-20,0.9030969965851005,0.8555235623813268,1.1506923402993787
2015-02-23,0.9027998103361186,0.8558050934232648,1.1503136767210045
2015-02-24,0.9055166548960684,0.8532296726203088,1.1537753782178977
2015-02-25,0.9048374275624099,0.853869679529512,1.1529099322103058
2015-02-26,0.903818651336606,0.8548310700544186,1.151611845732392
2015-02-27,0.9008471127202052,0.8576415492710285,1.1478256226160206
2015-03-02,0.8951163021260073,0.8521855943068778,1.155127606654707
2015-03-03,0.8991400144839657,0.8560163252397661,1.1499350956761043
2015-03-04,0.9029040504252891,0.8595998341067487,1.1451211657424019
2015-03-05,0.9019658509554958,0.8587066316582564,1.1463110508359982
2015-03-06,0.9145209238554792,0.8706595502180309,1.130354771788342
2015-03-09,0.9107136566094828,0.8670348834646621,1.1350605828712008
2015-03-10,0.9255993129232176,0.8812066082363357,1.1165079658007695
2015-03-11,0.9275723095372223,0.8830849778829141,1.114128030546629
2015-03-12,0.9159990127186008,0.8720667484036364,1.1280289784930972
2015-03-13,0.9216210582758284,0.8774191548149899,1.1211055754993111
2015-03-16,0.9343824221134622,0.8652698392452581,1.1366291315431714
2015-03-17,0.9312253944416866,0.8681933540304266,1.1327887664679042
2015-03-18,0.9422081950980451,0.8579539484091825,1.1461487900262588
2015-03-19,0.9381619536834681,0.8616383663710661,1.1412267412417127
2015-03-20,0.9464324013872879,0.8540425189582632,1.1512873241129138
2015-03-23,0.9448761077177947,0.8554468886351513,1.149394171287991
2015-03-24,0.9389622867606912,0.8608009871210563,1.142200306100148
2015-03-25,0.9212653320700062,0.8770248081217189,1.1206728524955152
2015-03-26,0.9235330781511442,0.8791836536816728,1.1179142536630007
2015-03-27,0.9216562816177282,0.877396983693881,1.1201860700662976
2015-03-30,0.9104415851637964,0.8667208335520395,1.133816473285235
2015-03-31,0.9026671153478408,0.874121961827719,1.1241345539924081
2015-04-01,0.8998439334974296,0.8768558658502742,1.1206187105366194
2015-04-02,0.8973248141444875,0.8744011017526613,1.1237558904140341
2015-04-06,0.8907598469354613,0.8680038479711356,1.131977462419208
2015-04-07,0.888120957605817,0.8705753223145085,1.1286239623066323
2015-04-08,0.8913131875804843,0.8674461577392351,1.1326806476170606
2015-04-09,0.8952289818892126,0.8636352181335682,1.1376568383605024
2015-04-10,0.8999108802177402,0.8591185499223758,1.1436065939623792
2015-04-13,0.8957823225342355,0.8630599629759277,1.1383600235583549
2015-04-14,0.8973571352056574,0.8615426772116291,1.140361295234121
2015-04-15,0.8927603162486063,0.8571293220874096,1.1462029319851545
2015-04-16,0.8923389983350652,0.8575338247641573,1.1456620075970412
2015-04-17,0.8820173522941902,0.8674528808894728,1.1324101854230038
2015-04-20,0.873928549770089,0.8594976461832318,1.1427952899136833
2015-04-21,0.8748385523679096,0.8603926221982083,1.141605322286613
2015-04-22,0.8790664452488478,0.8562345431648168,1.147122437418168
2015-04-23,0.8812632772880793,0.8540947692174803,1.149989155101526
2015-04-24,0.883211420907369,0.8522066850117704,1.1525313511654056
2015-04-27,0.8797296565335654,0.8555662236281788,1.1479878834257597
2015-04-28,0.8821337500051848,0.8532281631143759,1.1511250633031744
2015-04-29,0.8855740873914345,0.8565557681952906,1.1466356549889505
2015-04-30,0.8945137918935282,0.8652025382016099,1.1350605828712008
2015-05-01,0.8848376593173174,0.8558434712528586,1.147338757653329
2015-05-04,0.8820010732198588,0.8530998338561077,1.151016861918857
2015-05-05,0.8718049805006721,0.8629618229951519,1.137710897785924
2015-05-06,0.8681990753500562,0.8665311516316274,1.133005169236539
2015-05-07,0.8648004199394882,0.8631390254816069,1.1374404355918672
2015-05-08,0.8535323711650482,0.8518926240992742,1.152260888971349
2015-05-11,0.8494055472180548,0.8560115198789401,1.1466897144143722
2015-05-12,0.8468012622117732,0.858636058856495,1.1431739534920573
2015-05-13,0.8464807856165592,0.8583111033173976,1.1436065939623792
2015-05-14,0.8555289571540805,0.8491364755794291,1.1558307918525597
2015-05-15,0.8564097536947254,0.8482622603188332,1.1570207594796298
2015-05-18,0.8589319791610592,0.845764030159875,1.1604283190176272
2015-05-19,0.8587718621036984,0.8459216925254829,1.1602119987824662
2015-05-20,0.8579310795548778,0.846749894086491,1.1590760905808177
2015-05-21,0.8604133521194514,0.8442999723139438,1.1624296732268673
2015-05-22,0.8622149591925653,0.8460678398141445,1.1599956785473051
2015-05-26,0.8715824979913577,0.8552599481525238,1.1473928996122247
2015-05-27,0.8632418042363351,0.8470754546307787,1.158372987916439
2015-05-28,0.864370430717896,0.8481829447746583,1.1568584986698904
2015-05-29,0.8591166240406511,0.8533383608560267,1.1498268942917869
2015-06-01,0.8606119150052371,0.8518531269482932,1.151828165967553
2015-06-02,0.8599248877602498,0.8525331620451087,1.1509086605345396
2015-06-03,0.8575000349348848,0.8501291527227517,1.1541540417962717
2015-06-04,0.8505879481737518,0.8569818247022163,1.144850703548345
2015-06-05,0.8524767196328851,0.8588847940717785,1.1423085074844654
2015-06-08,0.8577242328876034,0.8641717529263365,1.1352769031063619
2015-06-09,0.8580102583809736,0.8644599284756681,1.1348983220614617
2015-06-10,0.8478280207974006,0.8542011509293169,1.14836646447066
2015-06-11,0.8507032373059966,0.8513043213948275,1.152260888971349
2015-06-12,0.8442340306284944,0.8577780990402427,1.1434984751115358
2015-06-15,0.840719863577171,0.8613486439645572,1.138738604603255
2015-06-16,0.8360476519841219,0.8565617901094991,1.145067023783506
2015-06-17,0.8349023474657824,0.8553883832036592,1.1466356549889505
2015-06-18,0.8432911077426545,0.8467937875457392,1.1581565851478042
2015-06-19,0.8382893775605936,0.8518162928304049,1.1512873241129138
2015-06-22,0.8442757088156195,0.8457333641499178,1.1595088135846137
2015-06-23,0.8446695732829177,0.8453388196694016,1.160049737972727
2015-06-24,0.8340752561225685,0.8559415308914067,1.145499746787302
2015-06-25,0.8367139797866813,0.8586494318344939,1.1418757844806697
2015-06-26,0.8364761852914735,0.8584054032737956,1.142200306100148
2015-06-29,0.8540637040539684,0.8764539997567237,1.1181847158570573
2015-06-30,0.8520393441877299,0.8743765688891082,1.1208351133052543
2015-07-01,0.8453783096876593,0.8675409074479384,1.1295975271650676
2015-07-02,0.8443663168647904,0.868579430866178,1.1282452987282583
2015-07-06,0.8421399203010508,0.8708696717504849,1.1252703796605827
2015-07-07,0.8369584602221932,0.8655114452500123,1.132193865187843
2015-07-08,0.8510730933700075,0.8801076015893547,1.1131003237292982
2015-07-09,0.8495428640802698,0.8785251682583467,1.1151016779385383
2015-07-10,0.8603805090065679,0.8673177951698704,1.129327064971011
2015-07-13,0.8698583473131007,0.8577635366331562,1.1417675830963523
2015-07-14,0.8734846659746703,0.854187639557828,1.146527453604633
2015-07-15,0.8731549949255892,0.854510027512894,1.146094730600837
2015-07-16,0.8799955277177961,0.8478155644468381,1.1550735472292852
2015-07-17,0.8809432926849524,0.8469024576579021,1.1563175742817773
2015-07-20,0.8812729637340336,0.8465855255420622,1.156750297285573
2015-07-21,0.8778526973379303,0.849871168179016,1.152260888971349
2015-07-22,0.8761631567907605,0.851506854670455,1.150043214526948
2015-07-23,0.8809020445048652,0.8561123842921912,1.143822996731014
2015-07-24,0.8901497089623865,0.8650998081689432,1.1318152016094687
2015-07-27,0.8955097268527293,0.8703089886045833,1.125
2015-07-28,0.8843583885583984,0.85947146259955,1.1390090667973116
2015-07-29,0.8784368929004922,0.8537166050669904,1.1466356549889505
2015-07-30,0.8787269236136889,0.8534347361725525,1.1470142360338507
2015-07-31,0.877483781287079,0.8546420974301,1.1453915454029846
2015-08-03,0.8745002649947535,0.8575479501377703,1.1414971209022955
2015-08-04,0.8763234687477566,0.8593358108207864,1.139117268181629
2015-08-05,0.8730362435021358,0.8561123089147691,1.1433902737272184
2015-08-06,0.8660152919247495,0.8629971583244378,1.1341951368636092
2015-08-07,0.8639089623385994,0.8650961471809766,1.1314365380310947
2015-08-10,0.8529644803628855,0.8541366252836093,1.1457702089813586
2015-08-11,0.845273571298731,0.8618381032052049,1.135439163916101
2015-08-12,0.8460788882583543,0.8610170047294838,1.136520930158854
2015-08-13,0.8469244495613478,0.8618774950106174,1.1353851044906793
2015-08-14,0.8498294403997505,0.8589212145205122,1.1392795289913684
2015-08-17,0.8548324322933621,0.8538646988607631,1.1459865292165197
2015-08-18,0.8524116476378112,0.8562827430093377,1.1427412304882614
2015-08-19,0.8455526654334015,0.8631728742182669,1.1335460936246522
2015-08-20,0.8635071415099579,0.8815014980327761,1.1094763614226657
2015-08-21,0.8900707534661847,0.9086186608296344,1.0753461288829524
2015-08-24,0.9271849864576277,0.9465063057691837,1.0305062702330812
2015-08-25,0.9380862011136708,0.9576346874440306,1.0183902737272184
2015-08-26,0.9012164740708389,0.9199966436364438,1.058416202443387
2015-08-27,0.9233692896563324,0.8973821924228622,1.084433146895718
2015-08-28,0.9233231890532023,0.8974269955810051,1.0843790049368223
2015-08-31,0.9153555852710741,0.9051711341545281,1.075021607263474
2015-09-01,0.8876300781809968,0.9325881610472002,1.0424599233957308
2015-09-02,0.870082895564001,0.9141522211544483,1.0630678715673503
2015-09-03,0.8693302458207373,0.9133614500244057,1.0639874595338377
2015-09-04,0.8558512167310001,0.9275231861580662,1.0474902560980683
2015-09-08,0.8337103006233437,0.9035281124219188,1.074588884259678
2015-09-09,0.8221280996306392,0.9160802473695201,1.0596603120293528
2015-09-10,0.826534393323721,0.9111704059249146,1.0653396879706472
2015-09-11,0.8225058295144617,0.9067293225882415,1.0705321989492498
2015-09-14,0.8257057739804553,0.9102569370729718,1.066367312254504
2015-09-15,0.8360506602742089,0.8988527483064013,1.079727335812859
2015-09-16,0.843547593760255,0.890792663447916,1.0894093376391596
2015-09-17,0.8414115652474461,0.8930483257747373,1.086650738806645
2015-09-18,0.8273810967264845,0.9079398330227925,1.0685309272734835
2015-09-21,0.8230253854008648,0.9031600237797177,1.074156161255882
2015-09-22,0.8333862469822373,0.9145296803640685,1.060633876887788
2015-09-23,0.8347887610962468,0.9160687515798891,1.058848925447183
2015-09-24,0.8377737917541518,0.9193444225467859,1.0550627023308112
2015-09-25,0.8429706498593428,0.9250472776143462,1.0485179629153993
2015-09-28,0.8640177872981785,0.9481436893252624,1.022338757653329
2015-09-29,0.8638806544498476,0.9479932044085679,1.0225010184630683
2015-09-30,0.8471093165616153,0.9295889094808046,1.0423518045448874
2015-10-01,0.8447795625889777,0.9270323168280721,1.0452185222282453
2015-10-02,0.8571513678104847,0.9134559191904561,1.0605257580369447
2015-10-05,0.8416320289070999,0.8969171460920341,1.079727335812859
2015-10-06,0.8384699006778623,0.9002869881721028,1.0756706505024307
2015-10-07,0.8453844184991152,0.8928626901514757,1.0845412657465614
2015-10-08,0.8531422219817623,0.8846691948189259,1.0944937297669188
2015-10-09,0.8537746218941444,0.8840134252334152,1.095305033815615
2015-10-12,0.8545335017890029,0.8832276674959618,1.0962785986740502
2015-10-13,0.8490103281086542,0.888936302437315,1.0891929348705247
2015-10-14,0.8532686376305753,0.893394865302484,1.0837299616978655
2015-10-15,0.8401945313257936,0.8797059296894916,1.1003352839844784
2015-10-16,0.8364773667107948,0.8758139598759217,1.1052033558770766
2015-10-19,0.8371323828158501,0.8751281406636138,1.1060688018846683
2015-10-20,0.8359042432353148,0.8764120230335374,1.1044461112538022
2015-10-21,0.831032662460848,0.8815196797974232,1.0980094906892337
2015-10-22,0.8447057957085659,0.8670158743673645,1.1160752427969736
2015-10-23,0.8542033418345469,0.8572674823229433,1.1286239623066323
2015-10-26,0.8522382935193809,0.8592395795265991,1.126027624283857
2015-10-27,0.8506008157225163,0.8608905094887482,1.1238640917983516
2015-10-28,0.8410623545146345,0.8512366617881474,1.136466870733432
2015-10-29,0.8406220262481475,0.8516823166930939,1.135871886919897
2015-10-30,0.8368192245359527,0.8555351528918095,1.130733435366716
2015-11-02,0.8470267899278937,0.8450992896107166,1.1445261819288668
2015-11-03,0.8491483549172347,0.8429825524700795,1.1473928996122247
2015-11-04,0.8469467135847999,0.845168207331556,1.1444179805445494
2015-11-05,0.8459059654459913,0.8462067699998466,1.1430116926823182
2015-11-06,0.8455857211539687,0.846527128170888,1.1425789696785222
2015-11-09,0.8537117291879392,0.854662183047528,1.1315988813743079
2015-11-10,0.8516306227478312,0.8525787596711748,1.1343573976733483
2015-11-11,0.854919859450264,0.8558716583447533,1.1299761907434418
2015-11-12,0.8428885233249929,0.8679163891903562,1.1140739711212073
2015-11-13,0.8523007977554901,0.8776081420280397,1.101633452995866
2015-11-16,0.8391189087187472,0.8640348435207273,1.118671580819749
2015-11-17,0.840214381508774,0.8651628441543411,1.117211150998622
2015-11-18,0.8537196104540867,0.8512566048153989,1.1351687017220444
2015-11-19,0.8529060529150493,0.8520678152175292,1.1340869354792917
2015-11-20,0.856770497778323,0.8482071683380467,1.1392253870324727
2015-11-23,0.8551433827002483,0.8498180205750374,1.137061854546967
2015-11-24,0.8563637500440352,0.8486052530071043,1.1386845451778331
2015-11-25,0.8563230938917449,0.8485649651920271,1.138738604603255
2015-11-27,0.8570552696023328,0.8478394228578294,1.1397122519951641
2015-11-30,0.853638553060536,0.8512193997200099,1.1351687017220444
2015-12-01,0.8620175180204595,0.8428641801743492,1.1463110508359982
2015-12-02,0.8531098250043778,0.8515739513962679,1.1344655990576658
2015-12-03,0.8409887389717927,0.8636732155536461,1.1183469766667966
2015-12-04,0.8245561515182426,0.8467973823965624,1.1401990344243818
2015-12-07,0.8296411870865591,0.8520195795758756,1.1331674300462782
2015-12-08,0.8242158678725914,0.8575912390687973,1.1257572446232742
2015-12-09,0.8307104313114895,0.8643487900016028,1.1168866293791435
2015-12-10,0.8286185126406902,0.8621721622577662,1.1196992051036059
2015-12-11,0.845110007335059,0.8793314550114292,1.0974145068756986
2015-12-14,0.8397367201410847,0.873740584704058,1.1043919692949067
2015-12-15,0.831470097217272,0.8651392174257919,1.1152639387482775
2015-12-16,0.8434870587961346,0.8526356472180754,1.131382478605673
2015-12-17,0.8310265150013546,0.8652313399585366,1.1146689549347424
2015-12-18,0.8154608956951529,0.8814376359147703,1.0937905445690663
2015-12-21,0.8084442483338394,0.8738532905527141,1.1032020842013104
2015-12-22,0.8009527839015045,0.8657557119519059,1.1134249278822506
2015-12-23,0.8110303389931716,0.8548628090761308,1.1274339946795622
2015-12-24,0.804765901622712,0.8614658105550158,1.1187256402451706
2015-12-28,0.8028593130764895,0.8635067280989309,1.1160752427969736
2015-12-29,0.7944159512939113,0.8544255608405086,1.1278125757244624
2015-12-30,0.7885486295174037,0.8607360958837172,1.119482884868445
2015-12-31,0.7805476780503378,0.8694694922416973,1.1081241329858564
2016-01-04,0.7914822613379251,0.8816497687914663,1.0926005769419962
2016-01-05,0.7898366123254765,0.8798166436006571,1.094872310811819
2016-01-06,0.8001768070731095,0.8913348174800045,1.080538722395029
2016-01-07,0.8193230456436135,0.9126622402580926,1.054684121285911
2016-01-08,0.8283991045655301,0.922772265006492,1.0430008477838442
2016-01-11,0.8275399162065276,0.9218151959032851,1.0440826140265969
2016-01-12,0.8211521058726009,0.9146996712995243,1.0521419252220316
2016-01-13,0.8411195045818027,0.9369418026968555,1.0265577037734965
2016-01-14,0.8544593961061779,0.9220821995791715,1.042838586974105
2016-01-15,0.872452668965086,0.9414994787278093,1.020878410365676
2016-01-19,0.8719904602291807,0.9410006903128062,1.0214192522203156
2016-01-20,0.882103049054738,0.9519135999141314,1.0095737179085094
2016-01-21,0.8775188483456634,0.9469666008028821,1.0148203708460077
2016-01-22,0.8594183945742433,0.9274336583330702,1.0357529231705795
2016-01-25,0.8463132712439069,0.9415759347259105,1.0199589049326625
2016-01-26,0.8578026906851693,0.9287932439452681,1.033805710920235
2016-01-27,0.8670032248178863,0.9387552014396304,1.0227174212317032
2016-01-28,0.8717261582564357,0.9336414046225278,1.02828859578868
2016-01-29,0.8924061865168094,0.9114925560996536,1.052682767076671
2016-02-01,0.8923145293391777,0.9115861735984864,1.0525746482258274
2016-02-02,0.8762198088162835,0.9280284977052872,1.0335893081516
2016-02-03,0.880896913666017,0.923074847327111,1.0391064232831553
2016-02-04,0.8789710634260823,0.9210567860890436,1.041378157152978
2016-02-05,0.895771598906995,0.9386617424505288,1.0214733941792111
2016-02-08,0.8837235849171254,0.9512866234119239,1.0077347070424822
2016-02-09,0.8840555780457166,0.9516439983057071,1.007356125997582
2016-02-10,0.884482850660549,0.9521039370580247,1.0068692610348906
2016-02-11,0.8734595186013377,0.9639700324212471,0.9943206240587057
2016-02-12,0.8557841095654509,0.9444630441080779,1.0144417898011076
2016-02-16,0.8415476808810215,0.9287513936786825,1.0313175742817773
2016-02-17,0.8554947820451353,0.9133590517612438,1.0484097615310817
2016-02-18,0.8520521525275869,0.9170345351162635,1.0441908154109143
2016-02-19,0.8515224705925442,0.9176046136327258,1.0435416896384835
2016-02-22,0.8392083926402445,0.9043349053961359,1.0586326052120218
2016-02-23,0.8290034056193792,0.9153318473393025,1.0457593640828848
2016-02-24,0.8327766913265864,0.9111656297417566,1.0505192345911656
2016-02-25,0.823000510563958,0.9004692209759687,1.0628515513321892
2016-02-26,0.8215345807833276,0.9020731381432437,1.0609583985072666
2016-02-29,0.8146657750072195,0.9096153224002257,1.052087783263136
2016-03-01,0.834267041773605,0.8877295219454311,1.0774015425176142
2016-03-02,0.8379527642563198,0.8838076066667836,1.082161413025895
2016-03-03,0.8409264198798584,0.8806712252717973,1.0860016955676883
2016-03-04,0.843858215532767,0.8776008638122746,1.0897879186840598
2016-03-07,0.8446958623038334,0.876729722764731,1.0908696849268127
2016-03-08,0.8350628285740413,0.8867280752702937,1.0784292493349452
2016-03-09,0.8307488869901146,0.8821472305881326,1.084000423891922
2016-03-10,0.8302929073336706,0.8816630395197653,1.0845954077054571
2016-03-11,0.8440399939364855,0.8670654221588013,1.1025529584288796
2016-03-14,0.8428806033741535,0.8682564409192832,1.101038469182331
2016-03-15,0.8414727810030427,0.8697066473144643,1.0991994583163038
2016-03-16,0.8360898601453313,0.8641431137604273,1.1062310626944076
2016-03-17,0.8308162913811024,0.8586926013815804,1.1132085251136157
2016-03-18,0.8338843080099361,0.8555216438456903,1.1173193523829394
2016-03-21,0.8350953023667236,0.854279227034563,1.1189419604803317
2016-03-22,0.8346109046240086,0.8547747524291511,1.1182929172413747
2016-03-23,0.8445010819845816,0.8649038723076802,1.1050410950673375
2016-03-24,0.8449971607454612,0.8654119361224073,1.1043919692949067
2016-03-28,0.8444591366451565,0.8648609135865275,1.1050951544927592
2016-03-29,0.8525189122755733,0.8566064171727433,1.1156425197931776
2016-03-30,0.8489229638650763,0.8529932275532524,1.1203483308760367
2016-03-31,0.8469556373571084,0.8549699866457879,1.1177519928532613
2016-04-01,0.852365691446729,0.8495087397176851,1.1248917986156826
2016-04-04,0.8551527060639197,0.8522864128441173,1.1212136943501545
2016-04-05,0.8467781631257763,0.8606328860638672,1.1102336060459401
2016-04-06,0.8376197854286486,0.8513246618176885,1.1222414011674855
2016-04-07,0.847752912012109,0.8616235834906116,1.1086650573739698
2016-04-08,0.8502758655695805,0.859059350145769,1.1119644980611236
2016-04-11,0.847876986522302,0.8614830099941556,1.108827318183709
2016-04-12,0.8562316944993574,0.8529942326242009,1.1197533470625016
2016-04-13,0.847628837501916,0.844423903529809,1.1310038975607728
2016-04-14,0.8477098669802848,0.8443431804286143,1.1311120164116162
2016-04-15,0.8463721383324344,0.8456755962763854,1.129327064971011
2016-04-18,0.8525337806894708,0.839519024789291,1.1375486369761847
2016-04-19,0.8499394147267023,0.8369642643418533,1.1410103384730779
2016-04-20,0.8505840860748641,0.8363294345277424,1.1418757844806697
2016-04-21,0.8463535148865117,0.8404891070017615,1.1361964085393754
2016-04-22,0.8462326466936367,0.8406091376954462,1.1360341477296363
2016-04-25,0.8477233953919231,0.8420899798523676,1.1340328760538698
2016-04-26,0.8463082688915637,0.840684257357679,1.1359259463453186
2016-04-27,0.8478799069895371,0.8391230633391445,1.1380354194054025
2016-04-28,0.8405456163625258,0.84638160593182,1.1281912393028364
2016-04-29,0.8450590259791482,0.8509263525882553,1.122133282316642
2016-05-02,0.8384602047532836,0.8442817151079317,1.1308956961764554
2016-05-03,0.8457989444535293,0.8516714083882195,1.1209973741149935
2016-05-04,0.8506145611465988,0.8565204603740839,1.1146148955093207
2016-05-05,0.8508622817003276,0.8567699008755937,1.1142902913563684
2016-05-06,0.8475581098633477,0.8534427878537447,1.1186174388608532
2016-05-09,0.8467384733011328,0.8526174604755473,1.1196992051036059
2016-05-10,0.8570052328456633,0.8422794178257981,1.1332756314305956
2016-05-11,0.8490291085873636,0.8501184893265399,1.1227282661301772
2016-05-12,0.8494381037926897,0.8497089693435653,1.1232691079848165
2016-05-13,0.8572915232480487,0.8575648930670724,1.1128840034941372
2016-05-16,0.8486248504018586,0.8488954566256254,1.1241345539924081
2016-05-17,0.8560972317540773,0.8563702207420292,1.1142362319309465
2016-05-18,0.8561803657457134,0.8562870602409459,1.1143444333152641
2016-05-19,0.8592141540202064,0.8593212265765595,1.1103958668556793
2016-05-20,0.8539824441091038,0.8540888647062781,1.1171570090397263
2016-05-23,0.8551401571412731,0.8552467220089919,1.1156425197931776
2016-05-24,0.8662512909885707,0.844134203527259,1.130138451553181
2016-05-25,0.8720970719703306,0.8384376767522151,1.1377650397448198
2016-05-26,0.8724286909550977,0.8381188569096868,1.1381976802151417
2016-05-27,0.8760356958491199,0.8346537039980649,1.1429034912980007
2016-05-31,0.877403861393484,0.8359572404232322,1.1411185398573953
2016-06-01,0.8790673973809635,0.8343722862024593,1.143282072342901
2016-06-02,0.8761977438617058,0.8316485367213551,1.1470142360338507
2016-06-03,0.8791313141638023,0.8344329532143206,1.1431739534920573
2016-06-06,0.8742645907281268,0.8298136724044104,1.1495023726723084
2016-06-07,0.8752930404895046,0.8288375129185714,1.1508546011091179
2016-06-08,0.8780903937100883,0.8261886271410647,1.1545326228411719
2016-06-09,0.8770619439487105,0.8271562877629354,1.1531803944043626
2016-06-10,0.8853306574324152,0.834954503609542,1.1423085074844654
2016-06-13,0.8923314650451405,0.8415569586313768,1.1332756314305956
2016-06-14,0.8939498800264778,0.8430832842657965,1.1312202177959336
2016-06-15,0.895531390457698,0.8445748052539913,1.1292189461201674
2016-06-16,0.898448259615054,0.8418239087172812,1.1328969678522216
2016-06-17,0.9018369829541572,0.8449990590905564,1.1286239623066323
2016-06-20,0.8958726119333811,0.8394105902254699,1.136088207155058
2016-06-21,0.8940812156819647,0.8410890844273229,1.133816473285235
2016-06-22,0.8925884180137093,0.8424934040819647,1.1319234029937861
2016-06-23,0.8809443098382456,0.8315028017659774,1.1466897144143722
2016-06-24,0.8485737897481661,0.8620565812148339,1.1045543126381199
2016-06-27,0.8634501210796666,0.8771692791128662,1.0851903915189922
2016-06-28,0.8473112690872139,0.8607740006569116,1.1054738180711332
2016-06-29,0.8331327637560954,0.8463702163541844,1.123972293182669
2016-06-30,0.8439578642690234,0.8353731183384053,1.1385763437935157
2016-07-01,0.8464837434869689,0.8328729323834243,1.1419839858649872
2016-07-05,0.840509862946542,0.8387507574942975,1.1339246746695524
2016-07-06,0.8453210119326124,0.8339496777754493,1.1404153546595428
2016-07-07,0.8460426567508377,0.8346616149627805,1.1394417898011076
2016-07-08,0.8588943318321116,0.8219828217687014,1.156750297285573
2016-07-11,0.8621474053843817,0.8188695510451511,1.1611315042154797
2016-07-12,0.8682117732854273,0.8131096007286646,1.169298934261758
2016-07-13,0.8681314943623342,0.8131847846470491,1.1691908154109143
2016-07-14,0.8729107253960627,0.8087080458302001,1.175627435975483
2016-07-15,0.8716255272471249,0.809898717514364,1.1738965439602995
2016-07-18,0.8740352431355729,0.8076596529773353,1.1771419252220316
2016-07-19,0.8749991417472761,0.8085503516354817,1.1758437562106439
2016-07-20,0.8712961305209255,0.8051285528172599,1.1808199469540857
2016-07-21,0.8681431915761101,0.8080420526950142,1.1765469414084964
2016-07-22,0.8719347204766037,0.8045130095310113,1.1816853929616773
2016-07-25,0.8741697244221877,0.806575193440367,1.1786564144685803
2016-07-26,0.8745307545381562,0.806242079712575,1.179143196897798
2016-07-27,0.8754133134076095,0.8070557230232126,1.1779532292707275
2016-07-28,0.8764584169707136,0.8060922274962006,1.1793595171329587
2016-07-29,0.8751319039852539,0.8048722131902765,1.1811444685735641
2016-08-01,0.8741300127873405,0.8057936678671865,1.1797922401367547
2016-08-02,0.8689602811123649,0.81055924848715,1.1728147777175466
2016-08-03,0.8663954420917299,0.8081667870199871,1.1762764792144398
2016-08-04,0.8655986588875332,0.807423553975579,1.1773582454571925
2016-08-05,0.8724782564169855,0.8010063200414472,1.1867156431305408
2016-08-08,0.8720010771392518,0.8014444096035038,1.186066599891584
2016-08-09,0.8725578065229251,0.800932727148167,1.1868238445148582
2016-08-10,0.8704104390941716,0.8029038250376631,1.1839030674060786
2016-08-11,0.8744268395993179,0.799198925390755,1.1893660405787378
2016-08-12,0.8737110706827174,0.7998531159108417,1.1883924757203026
2016-08-15,0.8763356173892046,0.7974504316236929,1.1919622960680394
2016-08-16,0.8718817823198184,0.8015033454023706,1.185904339081845
2016-08-17,0.8734724203648986,0.8000411039146955,1.1880678715673503
2016-08-18,0.8714442870766266,0.7981834722860318,1.1908264703998648
2016-08-19,0.8727900713305936,0.7994161187841605,1.1889874595338377
2016-08-22,0.8730680337337539,0.7996707133685874,1.1886087959554636
2016-08-23,0.8712404243722961,0.7979967479668468,1.1910969325939214
2016-08-24,0.8671257272268303,0.8017655296361728,1.185471616078049
2016-08-25,0.8662553128449041,0.8025703359359003,1.1842816484509788
2016-08-26,0.8677983091819584,0.8039998949472161,1.1821721753908951
2016-08-29,0.8636689274703027,0.8001740953031746,1.1877974919067675
2016-08-30,0.8650061653704391,0.8014130227357973,1.1859583985072666
2016-08-31,0.8625996420554101,0.8036426243287011,1.1826589578201128
2016-09-01,0.8625207228752315,0.8035690991219001,1.1827671592044302
2016-09-02,0.8587340777398982,0.8000412638602141,1.1879597527165067
2016-09-06,0.8616273747272182,0.7973457181278837,1.1919622960680394
2016-09-07,0.8614710044821718,0.7974904223805424,1.1917459758328783
2016-09-08,0.8594378333333991,0.7993725919599832,1.1889333175749421
2016-09-09,0.8388325783227654,0.8185377665275974,1.1604283190176272
2016-09-12,0.8267509036895742,0.8067483973188585,1.1771419252220316
2016-09-13,0.8387553875598845,0.8184624433269041,1.160049737972727
2016-09-14,0.8392246678809039,0.818920369825909,1.15940069473377
2016-09-15,0.8307286756216089,0.8106299305796602,1.1711380276612589
2016-09-16,0.8341817672475762,0.8139994777100136,1.1662699557686607
2016-09-19,0.8346073330838591,0.8135842080624779,1.1668649395821957
2016-09-20,0.8346847247902494,0.8135087657944099,1.1669731409665132
2016-09-21,0.8440084478189922,0.8044215857029957,1.1800086429053895
2016-09-22,0.8491925705282026,0.7994806159520432,1.1872565675186542
2016-09-23,0.8447435214482604,0.8036692165383869,1.1810363497227205
2016-09-26,0.8335240853246978,0.8143431254947614,1.165350450335647
2016-09-27,0.8284560206587848,0.8093916865466697,1.1724361141391726
2016-09-28,0.824098946559155,0.8051348769321971,1.1786022725096845
2016-09-29,0.8166862483552159,0.8123769949825635,1.1680008477838442
2016-09-30,0.8228130785842218,0.8062824930361522,1.1767632616436574
2016-10-03,0.8202791419128573,0.8087655220858347,1.173139299337025
2016-10-04,0.8166862483552159,0.8123079849932402,1.1680008477838442
2016-10-05,0.8130933547975743,0.8087343529748477,1.173139299337025
2016-10-06,0.8123060660152938,0.8079512848558118,1.1742752075386735
2016-10-07,0.8154864671881366,0.8111146358653152,1.169677597840132
2016-10-10,0.8195968822763883,0.8070262567545513,1.1755732940165873
2016-10-11,0.8297032302961013,0.8169775979421295,1.161077444790058
2016-10-12,0.8286596695350541,0.8159500428685369,1.162537792077711
2016-10-13,0.8312042458660894,0.8184555915789689,1.1589679717299743
2016-10-14,0.8311267037337171,0.8183792387545713,1.1590760905808177
2016-10-17,0.8283729920522283,0.8210907151871326,1.1552358080390244
2016-10-18,0.8334925995405273,0.8160161144766114,1.1623755312679718
2016-10-19,0.83554820713874,0.8140036083954455,1.1652422489513297
2016-10-20,0.8341131759577226,0.8154016373176883,1.1632409772755634
2016-10-21,0.8345010510138258,0.815022463405877,1.1637819016636768
2016-10-24,0.8308164747065441,0.8114238909955496,1.1689203532168577
2016-10-25,0.8281638191409109,0.814014629342785,1.165188189525908
2016-10-26,0.8264338442340977,0.8157150476054454,1.1627541948463458
2016-10-27,0.8287020348599441,0.8179538199370109,1.1595629555435094
2016-10-28,0.8262667035955205,0.8203575651032504,1.156155313472038
2016-10-31,0.8264986286713708,0.820587831541052,1.1558307918525597
2016-11-01,0.8321455636382655,0.8261943818226738,1.1479337414668642
2016-11-02,0.8373604491192217,0.8313719724684464,1.1407398762790213
2016-11-03,0.840854372913047,0.8348409090765491,1.1359800883042144
2016-11-04,0.8422556878197239,0.8362322023233687,1.1340869354792917
2016-11-07,0.8235763503196251,0.8176864521888887,1.159238433924031
2016-11-08,0.8273806267110737,0.8139093825043812,1.164593205712373
2016-11-09,0.836526369843512,0.8049125485138918,1.17746644684151
2016-11-10,0.838178720470994,0.8033226431593794,1.1797922401367547
2016-11-11,0.8366800536971186,0.8047589871330467,1.177682767076671
2016-11-14,0.836910608795318,0.8045372281864991,1.1780072886961495
2016-11-15,0.8435585935164904,0.7981464008455753,1.1873647689029716
2016-11-16,0.842482630634507,0.7991644402660719,1.185850279656423
2016-11-17,0.8462869070259557,0.7955557695321723,1.191205051444765
2016-11-18,0.8445960914583875,0.7971452282238124,1.1888251161906247
2016-11-21,0.850744501043075,0.7913422468802258,1.1974794111995943
2016-11-22,0.8521662965723574,0.790019726584923,1.1994806828753606
2016-11-23,0.8530885756007343,0.7891647072902572,1.2007788518867482
2016-11-25,0.8562011866975847,0.7862853312261425,1.2051600588166549
2016-11-28,0.8524353166106429,0.7897436871063611,1.1998593464537346
2016-11-29,0.8538187058354185,0.7884620380641539,1.2018065587040792
2016-11-30,0.8563549291867707,0.790804122887227,1.1982366558228685
2016-12-01,0.8532624064561595,0.7936599244271473,1.1939095083183837
2016-12-02,0.8539582520884055,0.7930126853272846,1.194883155710293
2016-12-05,0.8490102393134135,0.7884178039169415,1.2018065587040792
2016-12-06,0.8520671310500408,0.7855790774114135,1.206133706208564
2016-12-07,0.8630718596743951,0.7754330639755597,1.2217113216778461
2016-12-08,0.8651352863763969,0.773579163547818,1.2246321813200998
2016-12-09,0.8706376798412542,0.7686590811039684,1.2324210303214778
2016-12-12,0.8695677764792387,0.7696036656931248,1.2309065410749291
2016-12-13,0.8752229882935151,0.764598567918964,1.2389117103114682
2016-12-14,0.8686125014556275,0.7703735176598875,1.2295543126381199
2016-12-15,0.8715165165374753,0.7677979430392237,1.2336650573739698
2016-12-16,0.872853924892675,0.7689761873577656,1.231771904549047
2016-12-19,0.8744637130500957,0.7675579789675138,1.23404363841887
2016-12-20,0.8710141168688371,0.764530105959604,1.2389117103114682
2016-12-21,0.8639029821189339,0.7707718837890846,1.2287969854813716
2016-12-22,0.862648134011573,0.7718914558470574,1.2270121165742403
2016-12-23,0.8620777485082272,0.7713810789283428,1.2278234206229361
2016-12-27,0.8596472232532723,0.7692062621014684,1.2312851221198293
2016-12-28,0.8525854761337082,0.7755250635339779,1.2211704798232066
2016-12-29,0.8525099330950491,0.7755937786616638,1.2210622784388891
2016-12-30,0.8553799347170882,0.7782048396198875,1.2169515337030392
2017-01-03,0.8493349952508921,0.7727052937960087,1.2255516867531133
2017-01-04,0.8544704210914206,0.7680332023891299,1.232961872176117
2017-01-05,0.8536832682533052,0.7687407277757374,1.2318260465079427
2017-01-06,0.8570568948117795,0.7657027812301627,1.236694035867067
2017-01-09,0.8542829846831584,0.7681810189215286,1.2326914099820605
2017-01-10,0.8539081690641953,0.7685180574078909,1.2321505681274212
2017-01-11,0.8516215821575437,0.7664601273033926,1.235450008814575
2017-01-12,0.8532621214040553,0.7679366139801886,1.2330700735604347
2017-01-13,0.851690122778354,0.7665218139187302,1.2353418074302576
2017-01-17,0.8488932945731312,0.7690389616133553,1.2312851221198293
2017-01-18,0.850534109557787,0.7675524960468746,1.2336650573739698
2017-01-19,0.8532563397450849,0.7700091342364481,1.229716573447859
2017-01-20,0.8560711285624534,0.7674689678182673,1.2337732587582873
2017-01-23,0.8540820157128751,0.7692522102786261,1.2309065410749291
2017-01-24,0.8592987553637169,0.7645536117447269,1.2384249278822506
2017-01-25,0.8662794339214717,0.7583426135669147,1.2484855107534514
2017-01-26,0.8660166928103452,0.7585726176199962,1.2481068471750774
2017-01-27,0.8647031017887633,0.7597232353713582,1.2462136943501545
2017-01-30,0.8595614392078184,0.7642406709201641,1.2388035089271507
2017-01-31,0.8599367672902773,0.7645743771248282,1.2382625845390374
2017-02-01,0.859485968626667,0.7641735696229875,1.2389117103114682
2017-02-02,0.8597861670564413,0.7639066615941777,1.2393444333152641
2017-02-03,0.8535572357238607,0.758372352806841,1.2483231674102382
2017-02-06,0.8520409283518029,0.7597195683668505,1.2461055754993111
2017-02-07,0.8520039080817493,0.7597525773722282,1.2460514335404154
2017-02-08,0.8530394598431569,0.7588291507162366,1.247565922786964
2017-02-09,0.8480465766530331,0.7543876852399694,1.2548679893591244
2017-02-10,0.8513729796288674,0.7514286526700618,1.2597901206771442
2017-02-13,0.8560883864832223,0.7472667965809671,1.2667675830963523
2017-02-14,0.8595244461921882,0.7442675112593572,1.2718519752241113
2017-02-15,0.8639108828471488,0.7404692687463637,1.2783426552141017
2017-02-16,0.8634722559146232,0.7408452216026458,1.277693611975145
2017-02-17,0.8644592222893741,0.7399984204256442,1.2791540417962717
2017-02-21,0.85923206542155,0.7355238451932082,1.286888748838754
2017-02-22,0.8587264670454102,0.7359566498762589,1.2861315042154797
2017-02-23,0.8594126480786191,0.735368570302857,1.2871592110328107
2017-02-24,0.8604599393198763,0.7344724407607844,1.288727759704781
2017-02-27,0.8591236717424363,0.7333318278580064,1.2907291139140213
2017-02-28,0.8569635098341576,0.7351757014850181,1.2874837326522892
2017-03-01,0.8684482626072808,0.7253231102375836,1.304738180711333
2017-03-02,0.8634439406237945,0.7295026918453529,1.2972197939040115
2017-03-03,0.8639479710776996,0.7290768488281094,1.297977038527286
2017-03-06,0.8664681233472252,0.7312035795303539,1.2941908154109143
2017-03-07,0.8690030212920656,0.7333427539570496,1.2904045922945429
2017-03-08,0.8707514849906296,0.7348182645737934,1.2878082542717675
2017-03-09,0.8715926896232894,0.7341083805954397,1.2890523638577334
2017-03-10,0.8685572322271838,0.7315517337350987,1.2935416896384835
2017-03-13,0.8690656892018437,0.7311234803425292,1.294298934261758
2017-03-14,0.8659786487905706,0.7337205311264817,1.2897014070966903
2017-03-15,0.8588965497086455,0.7277200581273637,1.3002487723971088
2017-03-16,0.8577889502487249,0.7286584975047586,1.298572022340821
2017-03-17,0.8560381951071405,0.7301456962039209,1.295921624892624
2017-03-20,0.85493059564722,0.7310904075303561,1.2942448748363362
2017-03-21,0.8657208583715759,0.7403176566341702,1.2779099322103058
2017-03-22,0.8638154213294246,0.7386882299289355,1.2807225904682422
2017-03-23,0.8647639273925365,0.7394993410153279,1.279316302606011
2017-03-24,0.8688954487978379,0.7430323946729006,1.2732042036609208
2017-03-27,0.8701504777768392,0.7441056275790476,1.2713651927948937
2017-03-28,0.8637460676967487,0.7386289224531768,1.2807225904682422
2017-03-29,0.862469285886038,0.737537087701827,1.2826157432931649
2017-03-30,0.8646515220633838,0.7356709573465139,1.2858610420214232
2017-03-31,0.8629784798772169,0.7370944308677786,1.283372987916439
2017-04-03,0.8615236002610036,0.7383370848709775,1.2812093728974598
2017-04-04,0.8611235153037928,0.7379942067874076,1.281804356710995
2017-04-05,0.8636671216994367,0.7401741110066883,1.2780181335946232
2017-04-06,0.865933371069233,0.7382319054155946,1.281371633707199
2017-04-07,0.865129207271888,0.7389174770683503,1.2801816660801288
2017-04-10,0.8645077623398573,0.7383866933224621,1.2811012540466162
2017-04-11,0.8634127445636833,0.7393219614485573,1.2794785634157502
2017-04-12,0.8669167903084567,0.7423224012606201,1.2742859699036735
2017-04-13,0.8726572211306786,0.7472378100286358,1.2658480776633387
2017-04-17,0.8650877082354087,0.7407561972007303,1.276828165967553
2017-04-18,0.8676896098159075,0.7429841501607743,1.2729878834257597
2017-04-19,0.8661780062111797,0.7442785041635575,1.2707702089813586
2017-04-20,0.8727773626409158,0.7386078924685653,1.2804521282741854
2017-04-21,0.8705653133167066,0.7404798900241009,1.2772068295459273
2017-04-24,0.8798191739404393,0.7326088002940796,1.290783173339443
2017-04-25,0.8850175826750308,0.7282801835745432,1.2984097615310817
2017-04-26,0.8846488796595717,0.7285835889588423,1.2978688371429685
2017-04-27,0.8851650301275054,0.7281584951515517,1.2986260817662427
2017-04-28,0.883211027909172,0.7297659053704342,1.2957593640828848
2017-05-01,0.8856443327963658,0.7277553519602837,1.2993292669640952
2017-05-02,0.8859761317565699,0.7274827047359731,1.2998160493933129
2017-05-03,0.885091334529359,0.7282092194319368,1.2985179629153993
2017-05-04,0.8845014884632789,0.7277239233651829,1.2993833263895171
2017-05-05,0.8882938352542963,0.7246037686548552,1.3049545009464938
2017-05-08,0.8879624782371202,0.7248740649620983,1.3044677185172762
2017-05-09,0.887299764202768,0.7254150610376779,1.303494153658841
2017-05-10,0.8887357007917818,0.7242411059997189,1.3056036267189246
2017-05-11,0.8903557433396436,0.7255612975995216,1.3032236914647843
2017-05-12,0.8917230018864083,0.7266754925634622,1.301222419789018
2017-05-15,0.8872008689891384,0.7229903536317431,1.307821218629852
2017-05-16,0.8864670194866667,0.7235883761651396,1.3067394523870992
2017-05-17,0.8708724796053503,0.7363175894824028,1.2837515689613392
2017-05-18,0.8677535492334357,0.7336805520894514,1.2883491786598809
2017-05-19,0.8616695540049957,0.7285365696971526,1.297382054713751
2017-05-22,0.8657648711197491,0.7250740030221008,1.3035482130842626
2017-05-23,0.8676329268538938,0.7235095151406823,1.306360871342199
2017-05-24,0.8697883251790297,0.7217121522826258,1.309606170070457
2017-05-25,0.8739196012292448,0.7182842008563282,1.3158264703998648
2017-05-26,0.8737758751182989,0.7184023309390015,1.31561006763123
2017-05-30,0.8732370392408776,0.7188453518112369,1.3147987635825338
2017-05-31,0.8738836971092337,0.7193776780662983,1.3138251161906247
2017-06-01,0.8810431594448936,0.7134840363743119,1.324588884259678
2017-06-02,0.8838493687249281,0.7112115194123828,1.3288078303798454
2017-06-05,0.8832737219760248,0.7116747279787057,1.3279423843722538
2017-06-06,0.8808992752060155,0.7135878764366558,1.324372564024517
2017-06-07,0.8823383371815785,0.7124221390951617,1.3265360965100226
2017-06-08,0.8820864711426725,0.7122187761280985,1.3269147600883966
2017-06-09,0.880720104127796,0.7133220151810865,1.3248593464537346
2017-06-12,0.8806122388229756,0.7134093785741124,1.3246970856439955
2017-06-13,0.8762974620340689,0.7099138534247297,1.3311877656339859
2017-06-14,0.8753360868030376,0.7106926912331426,1.329727335812859
2017-06-15,0.8736982446038476,0.7120224690155357,1.327239281707875
2017-06-16,0.874410406600364,0.7126028471337594,1.3261574329316483
2017-06-19,0.8665286343228945,0.706179578010944,1.338111168627772
2017-06-20,0.8608893132768177,0.7107753561524229,1.3294028141933805
2017-06-21,0.8605390236429717,0.7110645655030486,1.3288618898052673
2017-06-22,0.8608191912140154,0.7112960683480083,1.3284292493349452
2017-06-23,0.8599429502023893,0.7105720292084813,1.3297814777717547
2017-06-26,0.8594182961830569,0.7101385068788179,1.3305927818204508
2017-06-27,0.8490773046110156,0.7186832822777484,1.314582360813899
2017-06-28,0.841880504994632,0.7125917055248314,1.3257247924613265
2017-06-29,0.8489906590870796,0.718609943031488,1.3145283013884772
2017-06-30,0.8503181519790508,0.7174863151313884,1.316583715023139
2017-07-03,0.8487112373982058,0.7161304235528562,1.319071769128123
2017-07-05,0.8505209453506769,0.7146034178229885,1.3218844273860593
2017-07-06,0.8428645621563537,0.7210362724501841,1.3099848336488313
2017-07-07,0.8375746751970705,0.7165109898056673,1.318206405654005
2017-07-10,0.8367842333133426,0.7158347989975338,1.319450432706497
2017-07-11,0.8363726156158261,0.716186921157626,1.3188013894675403
2017-07-12,0.8426499948710584,0.7108115934175693,1.328699628995528
2017-07-13,0.8439535207025626,0.709712013189726,1.33075504263019
2017-07-14,0.8476239529788395,0.7066254097024811,1.3365426199558017
2017-07-17,0.8477954254581203,0.7064824609213635,1.3368129996163844
2017-07-18,0.8485158087708006,0.705882153158115,1.3379489078180329
2017-07-19,0.8441936659207979,0.7022865530883454,1.3447641094275016
2017-07-20,0.8446011633113294,0.7019475551198204,1.3454132351999324
2017-07-21,0.843956006603523,0.7024837444993595,1.3443855283826014
2017-07-24,0.8441597293930423,0.7026533172577754,1.344061006763123
2017-07-25,0.8461300870650899,0.7010132504478555,1.3471981866405376
2017-07-26,0.8463678611473734,0.7008162561737574,1.3475767676854378
2017-07-27,0.845586529396281,0.7014632207121887,1.346332740632946
2017-07-28,0.8443975034753258,0.7024495868888341,1.344439587808023
2017-07-31,0.8447371881409469,0.7027321686729534,1.3438987459533838
2017-08-01,0.8465391267485434,0.7012331459670648,1.3467654636367419
2017-08-02,0.8469810774308176,0.7008670548349468,1.3474685663011203
2017-08-03,0.8454851166520807,0.7021049450937497,1.34508863104698
2017-08-04,0.846777092211578,0.7010320670366464,1.347144044681642
2017-08-07,0.8483410653561398,0.6997372807978519,1.3496321813200998
2017-08-08,0.8464711143827187,0.7012796727234599,1.3466572622524244
2017-08-09,0.8463011094072741,0.7014205174983322,1.3463868000583676
2017-08-10,0.8580307264176656,0.7111421094258771,1.3277260641370927
2017-08-11,0.8571568612588368,0.7104178436236512,1.3290782925739022
2017-08-14,0.8486104194396266,0.703334490456599,1.3423301147479394
2017-08-15,0.8485420153852731,0.7033911842345822,1.342221913363622
2017-08-16,0.8500808196346963,0.7021156064509464,1.3446559905766582
2017-08-17,0.8370868146888253,0.7128478726685483,1.3241021018304604
2017-08-18,0.838967534856005,0.7144494596804728,1.3211271827627848
2017-08-21,0.8377996908868743,0.7134549450442423,1.322966193628812
2017-08-22,0.8295446503971472,0.7064251030390469,1.3360016955676883
2017-08-23,0.832399379206768,0.7088561380562933,1.3314040858691467
2017-08-24,0.8308438374186643,0.7101808090880655,1.3289160317641628
2017-08-25,0.8325008253407629,0.7087644646799259,1.331566346678886
2017-08-28,0.832669919430845,0.708620503402544,1.3318368088729426
2017-08-29,0.833718230548974,0.7077283674733887,1.3335135589292306
2017-08-30,0.8296940285662688,0.7043122949980061,1.3399501794937991
2017-08-31,0.8344163942017786,0.7003035639910914,1.3475767676854378
2017-09-01,0.8358565710947758,0.6990948616957483,1.3499026435141566
2017-09-05,0.8298614981265524,0.7041090290212341,1.3402206416878557
2017-09-06,0.832641329292749,0.701750437584359,1.3447100500020799
2017-09-07,0.832641329292749,0.701750437584359,1.3447100500020799
2017-09-08,0.8312346769745294,0.702935964707638,1.3424383161322568
2017-09-11,0.8221584093988545,0.6952605932620274,1.3570964261685254
2017-09-12,0.8251075927928139,0.692766607951311,1.3619644980611236
2017-09-13,0.8254680468742789,0.69246396796409,1.3625594818746587
2017-09-14,0.8251731435350528,0.6927113548099161,1.362072699445441
2017-09-15,0.8241245816620602,0.6918311144369308,1.3638035089271507
2017-09-18,0.8222615014338011,0.6902671071262856,1.3668866293791435
2017-09-19,0.8230423756580263,0.6896115835600654,1.3681847158570573
2017-09-20,0.8235304716968334,0.689202617154196,1.3689961024392272
2017-09-21,0.8211226603252508,0.6912176851522133,1.3649934765542209
2017-09-22,0.8211551802017047,0.6911903100536927,1.3650475359796426
2017-09-25,0.8227169782988216,0.6925049211491525,1.3624512804903413
2017-09-26,0.8264404165273606,0.6956390479082597,1.3562851221198293
2017-09-27,0.8232104740457556,0.6929203109397275,1.3615858344827496
2017-09-28,0.8223275028111018,0.6921770882503219,1.3630462643038763
2017-09-29,0.8253622589805772,0.689622645304225,1.3680765144727398
2017-10-02,0.8287560194156877,0.6867870249165416,1.3737018309886124
2017-10-03,0.8307139619584473,0.6851644852276625,1.3769472122503446
2017-10-04,0.831790775585163,0.6842763402246635,1.378732081157476
2017-10-05,0.836620353912624,0.6803032663703418,1.3867373329274888
2017-10-06,0.8357392249965802,0.6810197620626526,1.385276820572888
2017-10-09,0.834336071015222,0.6821631517252901,1.3829510272776433
2017-10-10,0.8364897978537482,0.6804022388999142,1.386520930158854
2017-10-11,0.8376971675393398,0.679420162323052,1.3885222018346202
2017-10-12,0.8364897978537481,0.6803994079735753,1.386520930158854
2017-10-13,0.8374361550066827,0.6796296426420192,1.388089561364298
2017-10-16,0.8388066450770484,0.6785174077913999,1.390361212700647
2017-10-17,0.8393287697274573,0.6780950569833577,1.391226658708239
2017-10-18,0.8400466786736327,0.6775150571962377,1.392416626335309
2017-10-19,0.840373019028275,0.6772518569364736,1.3929575507234224
2017-10-20,0.8360655653512228,0.6737805044115858,1.4000973564858434
2017-10-23,0.8328678746416459,0.6763575052456601,1.3947424196305538
2017-10-24,0.834127591890448,0.6753345107928108,1.3968519752241113
2017-10-25,0.8302194127669927,0.6784986888659131,1.3903072358086992
2017-10-26,0.8292181445499871,0.6776804001557308,1.3919839858649872
2017-10-27,0.8358557482523454,0.6722558035490919,1.4031263349789407
2017-10-30,0.8329879950839123,0.6745622585978923,1.3983123225117644
2017-10-31,0.8339224436629694,0.6738055325132999,1.3998809537172086
2017-11-01,0.8352757863751196,0.672712037771957,1.4021527701205054
2017-11-02,0.8357268350578656,0.6723487734663781,1.4029099322103058
2017-11-03,0.8383367618373386,0.6702490669649179,1.4072911391402125
2017-11-06,0.8397545119807508,0.6691155777108755,1.4096710743943528
2017-11-07,0.8393356178476578,0.6694493521483634,1.4089678891965003
2017-11-08,0.8407856208726788,0.6682928379184505,1.4114019664095363
2017-11-09,0.8377245470785036,0.6707259119889417,1.4062634323228815
2017-11-10,0.8383045089557296,0.6711902596798119,1.4052898674644463
2017-11-13,0.8373687656312686,0.6704410548285569,1.4068584986698904
2017-11-14,0.8390429221201912,0.6717814717254483,1.4040457578784804
2017-11-15,0.8435681360450701,0.675404593725746,1.3964733116457373
2017-11-16,0.8365106168151261,0.6697539761827935,1.4081565851478042
2017-11-17,0.8342293100686589,0.671580509204163,1.404316302606011
2017-11-20,0.8355467120088603,0.6705199597183696,1.4065339770504122
2017-11-21,0.8409769378848911,0.6661622442449836,1.4156750544885994
2017-11-22,0.8403664321551038,0.6666458435552126,1.4146473476712684
2017-11-24,0.8421336236524101,0.6652439659678081,1.4176221842054701
2017-11-27,0.8418766150565583,0.6654469900637356,1.417189543735148
2017-11-28,0.850359271524069,0.6587420191533957,1.4314689901930424
2017-11-29,0.8498130914863375,0.6591651247193897,1.430549567293503
2017-11-30,0.8575567869548636,0.6531586580734449,1.4435850692323793
2017-12-01,0.8555324888042481,0.6547004660139915,1.440177427160908
2017-12-04,0.854632811632581,0.6553889484167765,1.4386629379143594
2017-12-05,0.8514517296569892,0.6578284124093045,1.4333080010590695
2017-12-06,0.8516445106182424,0.6576794705617907,1.433632522678548
2017-12-07,0.849073934372438,0.6556943521194114,1.4379597527165067
2017-12-08,0.8444429709360386,0.6521181069336928,1.4458025786098325
2017-12-11,0.8473494389782997,0.6498735972358008,1.4507788518867482
2017-12-12,0.8486447054442093,0.6488801942324371,1.4529965263311493
2017-12-13,0.8484551636599161,0.6490251193218395,1.452672004711671
2017-12-14,0.8451696120490687,0.6515383994780588,1.4470466881957984
2017-12-15,0.852309340623643,0.6460344068334252,1.4592708860859787
2017-12-18,0.8576167034035708,0.6420115259356616,1.4683578215652704
2017-12-19,0.8502242845865589,0.6475454877466083,1.4557009832047683
2017-12-20,0.8497819561499683,0.6478823727173257,1.45494365604802
2017-12-21,0.8514879286184663,0.646581722023719,1.4578645156902736
2017-12-22,0.8512667644001711,0.6467496642062316,1.4574858521118996
2017-12-26,0.8501926621525567,0.6475657130607375,1.4556468412458725
2017-12-27,0.8496555628238196,0.6471566209510532,1.45656642921236
2017-12-28,0.8512331474646587,0.6459550230446773,1.4592708860859787
2017-12-29,0.8482672806368311,0.6482056597601565,1.4541864939582196
2018-01-02,0.8545776192001876,0.6433835980525546,1.4650043214526949
2018-01-03,0.8595312580815724,0.6396541650141125,1.4734963556519254
2018-01-04,0.8632543347248027,0.6368834903479876,1.4798788342575981
2018-01-05,0.868712715957706,0.6328564582771095,1.4892361493974726
2018-01-08,0.8706374192893549,0.6314543135734273,1.4925356726181005
2018-01-09,0.8726251913429122,0.6300126258974669,1.4959433146895718
2018-01-10,0.8712369091559237,0.6310149294234116,1.4935633794354315
2018-01-11,0.8774210139873381,0.6265359381952708,1.5041648041612716
2018-01-12,0.8831634451891426,0.6224354670836952,1.5140090667973116
2018-01-16,0.8799766934024476,0.6246814243270983,1.5085460110911784
2018-01-17,0.8887480601539881,0.6184547709205611,1.523582784705821
2018-01-18,0.8874229429770332,0.6193768826830042,1.521311133369472
2018-01-19,0.8913037395690974,0.6166682805282572,1.5279639916357277
2018-01-22,0.8983713842359818,0.6117783736529429,1.5400800706750644
2018-01-23,0.9004538075164645,0.6103602724643412,1.543649973556275
2018-01-24,0.8999804550937127,0.6106811279166817,1.542838504440631
2018-01-25,0.9003275737845224,0.6104455907642637,1.54343357078764
2018-01-26,0.9107711764038277,0.6033645556429571,1.5613370620856406
2018-01-29,0.9047447915212472,0.6073568943675627,1.5510060170203832
2018-01-30,0.8949637474904196,0.6139229277748922,1.534238351390557
2018-01-31,0.8933861628495805,0.6128407438493059,1.5369428082641758
2018-02-01,0.8945179803361986,0.6136171425660581,1.5349956785473051
2018-02-02,0.9142497930280656,0.6271526765494908,1.5011358256681746
2018-02-05,0.9520676783535252,0.6530948076652653,1.4390414364257855
2018-02-06,0.9334234620360353,0.6403053378126617,1.467221995897096
2018-02-07,0.9391700876323013,0.6442473804046422,1.4581890373097521
2018-02-08,0.9044376159258729,0.6680729943232633,1.4042621606471153
2018-02-09,0.9185466559618444,0.6576511935734028,1.4261683603635962
2018-02-12,0.9063189488408275,0.6488965308345983,1.4451535353708758
2018-02-13,0.9089648343604343,0.6470021580678651,1.4493724814910431
2018-02-14,0.9214819360356847,0.6380924714765899,1.4693313864237056
2018-02-15,0.9329135196719431,0.6301765187377518,1.4875593993411849
2018-02-16,0.9331509961531035,0.630016105045567,1.4879380629195589
2018-02-20,0.9274521817294425,0.6338636547790758,1.4788511274402671
2018-02-21,0.9226692149207886,0.6371325551943695,1.4712245392486285
2018-02-22,0.9239242998630676,0.6362658789648729,1.4732258109243948
2018-02-23,0.909168356052658,0.6261041118591933,1.4967546187382679
2018-02-26,0.9198134000755653,0.6187733399627742,1.5142794464578944
2018-02-27,0.9083798639816371,0.6264648644783376,1.4954565322603541
2018-02-28,0.8980632914776341,0.6335796965567068,1.4784724638618931
2018-03-01,0.8861040605810148,0.6420168812790269,1.458784103656761
2018-03-02,0.8811757846050714,0.6384461535136188,1.4668974742776175
2018-03-05,0.8714282653026122,0.6313836963811363,1.4831242155193303
2018-03-06,0.8690447088843744,0.6296567169821409,1.4871809008297585
2018-03-07,0.8687286158810725,0.629885738666164,1.4866399764416451
2018-03-08,0.8727743555324271,0.6269523096733135,1.4935633794354315
2018-03-09,0.8875982203274936,0.6163036738459212,1.5189311981153317
2018-03-12,0.8868712160657035,0.6168084691318756,1.5176870885293658
2018-03-13,0.8811186513629525,0.6208093100246789,1.5078428258933259
2018-03-14,0.8765988204356662,0.6239938449508848,1.5001081188508436
2018-03-15,0.8756821796635035,0.6246463420641896,1.4985394876453992
2018-03-16,0.8748919953842699,0.6240826835462446,1.4998917160822087
2018-03-19,0.8631552502198859,0.6324548019985,1.4797705503398069
2018-03-20,0.8616407973236655,0.6313451256032384,1.482366888362582
2018-03-21,0.8632127903270213,0.6324969630315888,1.4796624314889633
2018-03-22,0.8376849778731182,0.6512018108175173,1.435904339081845
2018-03-23,0.8554819248888098,0.6650368495609209,1.4053979863152897
2018-03-26,0.8318748848794734,0.6466851450321452,1.4441799705124405
2018-03-27,0.8464560398173098,0.6580202826437069,1.418866293791436
2018-03-28,0.8441972355170525,0.6597762380320256,1.4150799881415905
2018-03-29,0.8320967092106785,0.6503191592964653,1.4353634146937315
2018-04-02,0.812781342476382,0.6654149443381656,1.4020444862027142
2018-04-03,0.8233483315808942,0.6567638691973687,1.4202724991201932
2018-04-04,0.8137846648290535,0.6491351772589362,1.4367697850894365
2018-04-05,0.8081169820778321,0.6446142119392784,1.4467763085352157
2018-04-06,0.7902615382041706,0.658857042045202,1.4148096084810078
2018-04-09,0.793675535879228,0.6560107230723098,1.4209217074260978
2018-04-10,0.7807749433358459,0.6453477674186872,1.4440177097027012
2018-04-11,0.7765342676284461,0.648852888354593,1.4361747187424276
2018-04-12,0.7831731197945281,0.6433056271674247,1.4484530585915036
2018-04-13,0.7807749433358459,0.6452755114392643,1.4440177097027012
2018-04-16,0.7872675129855237,0.6399096934951697,1.4560255048242465
2018-04-17,0.7956903156933304,0.6330634398263459,1.4716032028270025
2018-04-18,0.796041250930976,0.6327842303596496,1.4722522460659595
2018-04-19,0.7917421157676612,0.6362016725240459,1.4643011362548422
2018-04-20,0.7850740784991606,0.6415597510930502,1.4519688195138185
2018-04-23,0.7850740784991606,0.6415597510930502,1.4519688195138185
2018-04-24,0.7954562993675147,0.6500440651450794,1.432767241737904
2018-04-25,0.7938647298694786,0.6487434401990114,1.4356339594212622
2018-04-26,0.7856994254548467,0.6420707824061763,1.4504001883083741
2018-04-27,0.7864027041093284,0.641496065585337,1.4516984398532358
2018-04-30,0.7803080993372792,0.6464676468911201,1.4404478068214908
2018-05-01,0.7818317058209047,0.6452053733108587,1.443260382545953
2018-05-02,0.78728160123519,0.6497028908444908,1.433199882208226
2018-05-03,0.7889752128774866,0.6511005411620413,1.4301167617562331
2018-05-04,0.7787698199709837,0.6426785568769315,1.4486153194012428
2018-05-07,0.7759492402705876,0.6403508779595918,1.4538619723387411
2018-05-08,0.775631643904043,0.6406129738565899,1.453266905991732
2018-05-09,0.7835993042064838,0.6340322900988535,1.4681955607555313
2018-05-10,0.7907008646810466,0.6282862172950726,1.4815014423549904
2018-05-11,0.792346375065047,0.6269787045037462,1.4845845628069834
2018-05-14,0.7933567808148115,0.6261791767871482,1.486477715631906
2018-05-15,0.7875542379337858,0.6307589971307535,1.475605746178535
2018-05-16,0.7838302113012727,0.627776392008629,1.482583291131217
2018-05-17,0.7844593378954733,0.6282802649363747,1.4813933235041468
2018-05-18,0.7825402555216925,0.6298172745989384,1.4777692786640406
2018-05-21,0.7768117662277688,0.6252067750250054,1.4885871061585159
2018-05-22,0.7747230589177002,0.6268878437447039,1.4845845628069834
2018-05-23,0.7769246949346107,0.6251063311906826,1.4888035089271507
2018-05-24,0.7783360022823576,0.6262418558613287,1.4860990520535318
2018-05-25,0.7805172949873719,0.6279969035370874,1.4819342478922601
2018-05-29,0.7892062209890895,0.6349879319988332,1.4654369619230168
2018-05-30,0.7786613468752319,0.6265036250728756,1.4850172032773052
2018-05-31,0.783823050224529,0.6306566832320648,1.4751731057082131
2018-06-01,0.7918701843281032,0.624182034519157,1.4903179981736994
2018-06-04,0.7955488867336205,0.6212823421234714,1.4972414011674855
2018-06-05,0.7962673839824105,0.6207212331068147,1.498593629604295
2018-06-06,0.8031074918240403,0.615389104403005,1.511466870733432
2018-06-07,0.8025901948546356,0.6157854883515465,1.5104933058749968
2018-06-08,0.8048319027625729,0.6140655430947013,1.5147122519951641
2018-06-11,0.8061826810985854,0.6130349348028867,1.5172544480590437
2018-06-12,0.8072748109498954,0.6122044608074868,1.5193098616937057
2018-06-13,0.8044870381163031,0.6143185946083853,1.5140632087562074
2018-06-14,0.8067574262733072,0.6125848915208973,1.5183361317683226
2018-06-15,0.80560784821668,0.6134577860567021,1.5161725992828172
2018-06-18,0.8073609394042792,0.6147927375980516,1.5128732411291372
2018-06-19,0.8103340561212813,0.6170567195129966,1.5073020665721604
2018-06-20,0.8086475349709826,0.6157724600146683,1.510439163916101
2018-06-21,0.8030586940765062,0.6200282750111809,1.5
2018-06-22,0.8047093118657449,0.6187538604408469,1.503083120451993
2018-06-25,0.7937342677569892,0.6271927473912866,1.482583291131217
2018-06-26,0.7955586254848531,0.6286343179294932,1.4791756490597456
2018-06-27,0.8023950887797251,0.6340363528050533,1.4664646687403478
2018-06-28,0.8074263718660125,0.6300607347802586,1.4756598881374308
2018-06-29,0.8067457315518946,0.629529609279065,1.4769038326564488
2018-07-02,0.809020809368483,0.6277542929768625,1.4810688018846683
2018-07-03,0.8122412815615351,0.6302531968631286,1.4751731057082131
2018-07-05,0.8192102308805481,0.6248456871898441,1.4878299440687155
2018-07-06,0.8255835062186175,0.619984525233913,1.4994049336529909
2018-07-09,0.8333268135354395,0.6141695705086804,1.5134681424091982
2018-07-10,0.8363645327092384,0.6119307433762822,1.5189851750072794
2018-07-11,0.8301401304228604,0.6164848617890253,1.5076805650835865
2018-07-12,0.8372878546458276,0.6111767654590028,1.5206620901305152
2018-07-13,0.836424245526675,0.6105463755337986,1.5222305562690115
2018-07-16,0.8361270223029319,0.610763333092061,1.5216896318808983
2018-07-17,0.8395152037939757,0.6082883777737995,1.527855872784884
2018-07-18,0.8376725467864791,0.6069532419277562,1.5312093728974598
2018-07-19,0.8342105291358184,0.6094617195479679,1.5248810362506826
2018-07-20,0.833322765154295,0.6101103066178201,1.5232582630863425
2018-07-23,0.8317840103739921,0.6089837201496747,1.5260710038777527
2018-07-24,0.8276272333987758,0.6059403705846097,1.5336974270024437
2018-07-25,0.8353037058328944,0.6003201053688189,1.5479228965683902
2018-07-26,0.8324141169983295,0.6023968090414178,1.5425681247800482
2018-07-27,0.8270726532482209,0.6062622897594512,1.5326697201851127
2018-07-30,0.8224317633632127,0.6096641632431851,1.5240695671350386
2018-07-31,0.8180243387166567,0.606396963484008,1.5322370797147906
2018-08-01,0.8191793964124783,0.6072532014298054,1.5300735472292852
2018-08-02,0.8230888179549772,0.6043551686450237,1.5373756138014456
2018-08-03,0.8192663568934742,0.6015485163748551,1.544515254496919
2018-08-06,0.8224223647082642,0.5992312091857094,1.5504650926322698
2018-08-07,0.8247750330390566,0.5975170142061338,1.554900441521072
2018-08-08,0.8244881073181781,0.5977248805856562,1.5543595171329587
2018-08-09,0.8237421179553813,0.5982656966372621,1.5529531467372537
2018-08-10,0.8178892535251563,0.6025165027322125,1.5419190815410915
2018-08-13,0.820643635376666,0.6045455800348031,1.536726405495541
2018-08-14,0.8153865958357612,0.6006728636917787,1.5465706681315807
2018-08-15,0.8218884686395305,0.6054626144386581,1.534238351390557
2018-08-16,0.8147894493399922,0.6002329623032976,1.5474902560980683
2018-08-17,0.8174664995157077,0.5982608531179051,1.5525746482258274
2018-08-20,0.8194599901942476,0.5968019218531592,1.556360788808725
2018-08-21,0.8208555292719525,0.5957855691165258,1.559011268790396
2018-08-22,0.820827022277029,0.5958062597930074,1.5589571268315003
2018-08-23,0.8194315701108941,0.5968191639899458,1.556306811916777
2018-08-24,0.8245292813311532,0.5931063319979767,1.56598864867613
2018-08-27,0.8310510386240407,0.5884150546428284,1.5783751073760495
2018-08-28,0.8312789207602893,0.5882537056119977,1.5788079129133195
2018-08-29,0.8359779686094684,0.5849284290518758,1.5877325875828718
2018-08-30,0.8324180707068222,0.5874192668083343,1.5809714453988248
2018-08-31,0.8328452410728258,0.5871178220030973,1.581782749447521
2018-09-04,0.8342406932389608,0.5881015519880766,1.5791324345327977
2018-09-05,0.8364981251575213,0.5896929382936983,1.5748593464537346
2018-09-06,0.8389401793648993,0.5914144748730541,1.5702617367551932
2018-09-07,0.8409919184151555,0.5928608571096308,1.5664214542133998
2018-09-10,0.839104350727166,0.5915302081784701,1.5699372151357147
2018-09-11,0.8419085961862621,0.5895533433239796,1.575183868073213
2018-09-12,0.8419663838463443,0.5895128770449101,1.5752919869240567
2018-09-13,0.846823282281729,0.5861122612660726,1.584379087470296
2018-09-14,0.8467943443389704,0.5861322901002126,1.5843249455114006
2018-09-17,0.8425446133489058,0.5890738597672383,1.5763738357002832
2018-09-18,0.8472569102959325,0.5857792081761244,1.5851903915189922
2018-09-19,0.8466498310760477,0.5853594837921708,1.5863262171871668
2018-09-20,0.8538092040008327,0.5804096135084887,1.5997403827044172
2018-09-21,0.8526544010684747,0.5811946351743454,1.597576685151964
2018-09-24,0.8500851671718955,0.5829459015201577,1.5927628377517353
2018-09-25,0.8491902565686842,0.5835595864643432,1.5910860876954476
2018-09-26,0.8430123956571279,0.5878049836894,1.579510933044224
2018-09-27,0.8407028778915064,0.5861946324542995,1.583838163082183
2018-09-28,0.840961262490823,0.586374795588281,1.5833513806529653
2018-10-01,0.8376862908175163,0.5840912649060177,1.5895174564900032
2018-10-02,0.8373442407058915,0.5843297652665348,1.5888684132510464
2018-10-03,0.8379143822195204,0.5839318994419049,1.589950262027273
2018-10-04,0.8316146403620321,0.588322109595707,1.5779964437976755
2018-10-05,0.8367740991922626,0.5919721459900302,1.5682063231205312
2018-10-08,0.8367452097609325,0.5919517082892488,1.568260465079427
2018-10-09,0.8377553012558547,0.5926662930624541,1.566367312254504
2018-10-10,0.8647749895901453,0.6117812524077202,1.5158480776633387
2018-10-11,0.8830425348188429,0.6247045467131256,1.483827235650235
2018-10-12,0.8711325420434199,0.6162788748516297,1.5038402825417934
2018-10-15,0.8758323903288648,0.619603761793097,1.4957269119209369
2018-10-16,0.8951207716012555,0.6059582815308459,1.5286671768335802
2018-10-17,0.8949307459064338,0.6060869207571201,1.5283426552141017
2018-10-18,0.8821035282259768,0.6147740833128721,1.5064366205645685
2018-10-19,0.8813433287906909,0.6153038974401354,1.505138369019707
2018-10-22,0.8846688751060687,0.6176256051584854,1.4994590756118866
2018-10-23,0.8899343618599361,0.6213016692026979,1.4905344009423342
2018-10-24,0.9171584426851719,0.6403079775150071,1.4449372976691888
2018-10-25,0.9004042709260214,0.6286111655632655,1.471332658099472
2018-10-26,0.9166897418623688,0.6399807571984935,1.4447208949005537
2018-10-29,0.9218035071460287,0.6435508979221402,1.4366615011716453
2018-10-30,0.907053817294628,0.6332535014874808,1.459649384597405
2018-10-31,0.897306250564436,0.6264483035541459,1.4753353665179523
2018-11-01,0.9060569391810921,0.6203390693485595,1.4897230968936381
2018-11-02,0.9010236593055022,0.6237851443343285,1.4814474654630425
2018-11-05,0.9065503783072221,0.6199589571142944,1.4905344009423342
2018-11-06,0.911781033833264,0.616381889780205,1.4991345539924081
2018-11-07,0.892141353457034,0.6031050800465277,1.5314257756660947
2018-11-08,0.8902191962368884,0.6044044960859545,1.5281262524454668
2018-11-09,0.8821526556110871,0.6098811847966717,1.5142794464578944
2018-11-12,0.8993255230461624,0.6217537429883202,1.4848009655756182
2018-11-13,0.9006360478088664,0.6226597816312913,1.4826372680231648
2018-11-14,0.9068788083255835,0.6269757491184604,1.4723603649168029
2018-11-15,0.8977170699574791,0.6206417299266619,1.4872348777217064
2018-11-16,0.8951704513930281,0.6188811109029209,1.4914538238418737
2018-11-19,0.8802044587397106,0.629227933839979,1.4665188106992435
2018-11-20,0.8638749220847541,0.6409013586993285,1.4393119811533162
2018-11-21,0.8610830402300574,0.6388300856153906,1.4439635677438056
2018-11-23,0.866405117718155,0.6427784890312385,1.435038893074253
2018-11-26,0.8528200719387105,0.6326998606610259,1.4575399940707952
2018-11-27,0.8501299681681063,0.6307040958604205,1.4621376037693368
2018-11-28,0.8699742929619949,0.6159817623399827,1.4962678363090502
2018-11-29,0.8682131554443766,0.6172287286016317,1.493238857815953
2018-11-30,0.8742827935309823,0.6129137110557963,1.503678021732054
2018-12-03,0.8848810983699767,0.6054837966186908,1.5219060346495332
2018-12-04,0.8570801750135211,0.6245067011132944,1.4740912569319864
2018-12-06,0.8548473213706116,0.6261336574976025,1.4702509743901933
2018-12-07,0.8744086164893253,0.6404613449710014,1.4366075242796974
2018-12-10,0.8730917561670678,0.639496809492705,1.4387710567652028
2018-12-11,0.8729276812424438,0.639376632672716,1.4390414364257855
2018-12-12,0.8776524248990321,0.6359159901082695,1.4468302854271635
2018-12-13,0.8768321582937938,0.6365103263575914,1.4454780569903543
2018-12-14,0.8609518088320057,0.6480381955432565,1.419298934261758
2018-12-17,0.883099007173438,0.6647083857934994,1.3827887664679042
2018-12-18,0.8832026328055365,0.6647863847789807,1.3826265056581648
2018-12-19,0.8966085365558463,0.674877004935483,1.3616399764416451
2018-12-20,0.9119592722371302,0.6864314995646961,1.338327488862933
2018-12-21,0.9306827131883177,0.7005246285457815,1.310850279656423
2018-12-24,0.9547226666710041,0.7186194950830834,1.2769904267772922
2018-12-26,0.9078943791548452,0.683371855632135,1.3396256578743206
2018-12-27,0.8991332573876251,0.6767773616282645,1.3525529584288796
2018-12-28,0.8965084335741823,0.6787530658084903,1.3486044745027688
2018-12-31,0.9047065570216908,0.6725462068259279,1.3609367912437926
2019-01-02,0.905102082927736,0.6722521783967677,1.3615317750573277
2019-01-03,0.927718878605607,0.6890504936913501,1.3275096613684578
2019-01-04,0.8950976884855383,0.6648215514164905,1.37418861341783
2019-01-07,0.8890730365466817,0.6603468236853622,1.3834378922403348
2019-01-08,0.897832733982667,0.6538406783626275,1.3970683779927462
2019-01-09,0.9020039477552798,0.6508030198551429,1.4035589754492628
2019-01-10,0.9055496014552318,0.6482448025202501,1.4090761731142918
2019-01-11,0.9060363014066254,0.6485932105073673,1.4083188459575435
2019-01-14,0.910420887223702,0.6517319507404328,1.4015035618146008
2019-01-15,0.9005826127509065,0.6446891446009254,1.4166486193470347
2019-01-16,0.8982100260119599,0.6429907097282481,1.4203807830379847
2019-01-17,0.9048114682481532,0.63826501539646,1.4308199469540857
2019-01-18,0.9169198882531528,0.6297235886438999,1.4499675478380523
2019-01-22,0.9047088589423409,0.6381098973030892,1.4306576861443465
2019-01-23,0.9060086464051834,0.6371931302832549,1.4327130997790083
2019-01-24,0.90511929616559,0.6365676529599057,1.4341194701747135
2019-01-25,0.8970629177905655,0.6309016265087273,1.4468844273860593
2019-01-28,0.8898528998540713,0.6359724102331228,1.435255295842888
2019-01-29,0.8910936807863798,0.6368591887559786,1.4332540241671217
2019-01-30,0.8768014776528479,0.6266446388277104,1.4562419075928814
2019-01-31,0.884356946988271,0.6212447912298888,1.4687904620355925
2019-02-01,0.8848455315537588,0.6209015693923512,1.4696019311512363
2019-02-04,0.8911960376524095,0.6164453800774048,1.4801492139181809
2019-02-05,0.8950064208208864,0.613809716316242,1.486477715631906
2019-02-06,0.8936711617408768,0.614725458346738,1.4842600411875049
2019-02-07,0.8852688191177155,0.620505138995879,1.4703049512821411
2019-02-08,0.8842917493733482,0.6198202884912136,1.471927724446481
2019-02-11,0.8838043412862665,0.6194786530282999,1.4727390284951771
2019-02-12,0.895294994048934,0.6114245920067467,1.4918866293791435
2019-02-13,0.8980215711512575,0.6095625283255641,1.4964300971187894
2019-02-14,0.8959766135599635,0.610950612487139,1.4930224550473181
2019-02-15,0.9061364193337221,0.6040228205489482,1.5099523814868834
2019-02-19,0.9074022841399199,0.6031790058491313,1.5120617720134932
2019-02-20,0.9091551190836297,0.6020138410074243,1.5149826316557469
2019-02-21,0.9062986766740893,0.6039052870659551,1.5102227611474661
2019-02-22,0.9115246904138633,0.6004229722298453,1.5189311981153317
2019-02-25,0.9129529116186336,0.599482200323403,1.521311133369472
2019-02-26,0.9122711930493987,0.5999298446024072,1.5201751426343497
2019-02-27,0.9118168130614476,0.6002286549974288,1.5194179805445494
2019-02-28,0.9137319053455246,0.6014893175004683,1.5162267412417127
2019-03-01,0.907245327431122,0.5972193480490106,1.5269904267772922
2019-03-04,0.9035496503450025,0.5996521297820634,1.5207702089813586
2019-03-05,0.9023926855973722,0.6004199640396876,1.5188229141975402
2019-03-06,0.9081450472407991,0.6042473806690714,1.5091410774381875
2019-03-07,0.9008215596067596,0.6091201685939472,1.4969710215069028
2019-03-08,0.9026442863602946,0.6103526653249298,1.4939420430138055
2019-03-11,0.8895393453874473,0.6014913278384256,1.5156316748947039
2019-03-12,0.8863964795423028,0.5993661755781953,1.5209866117499935
2019-03-13,0.8925431965752687,0.5952098703971183,1.531533894516938
2019-03-14,0.8921019396926261,0.5955041311712044,1.5307767324271377
2019-03-15,0.8961051891304225,0.5928318451103334,1.5376459934620283
2019-03-18,0.8996671816855762,0.5904753554433221,1.5437580924071186
2019-03-19,0.9000769820605616,0.590206392623508,1.544461277604971
2019-03-20,0.8932997881126534,0.5946503938276579,1.5328321460617997
2019-03-21,0.8832758400670625,0.5879776679048047,1.5500324521619477
2019-03-22,0.8999507376742264,0.599077787440359,1.5207702089813586
2019-03-25,0.8991505254054538,0.5996104714811519,1.5194179805445494
2019-03-26,0.8925888238743837,0.5952347136546307,1.5305061876996071
2019-03-27,0.8969420079728009,0.5981376922949636,1.5230418603177076
2019-03-28,0.9004778411641743,0.595779774964045,1.5290458404119542
2019-03-29,0.8945211778525258,0.5918386901698179,1.539160482708577
2019-04-01,0.9048633986284534,0.5849960054475104,1.556955855155734
2019-04-02,0.9050834683313481,0.5848537299423805,1.557334518734108
2019-04-03,0.9067180662684118,0.5837974729960346,1.5601470944585705
2019-04-04,0.908887105493543,0.5824009202355142,1.5638792581495202
2019-04-05,0.9130365801792496,0.5797420004853685,1.5710190639119415
2019-04-08,0.9140424349459679,0.5791033226193179,1.572749790860177
2019-04-09,0.9093271489665937,0.582090752604357,1.5646364202393206
2019-04-10,0.9063407628065613,0.580179066838199,1.5697749543259756
2019-04-11,0.9064031873735204,0.5802190268935031,1.569666835475132
2019-04-12,0.9125249738221035,0.576300266428484,1.5802682602009723
2019-04-15,0.9117753945518559,0.5767736592073618,1.5789701737230586
2019-04-16,0.9124625406555202,0.576338982229908,1.5801601413501287
2019-04-17,0.9100574816337895,0.5778580903653404,1.5759951721219092
2019-04-18,0.9120252225360014,0.576608636322015,1.5794028141933805
2019-04-22,0.912962196623811,0.5760162542938747,1.5810254222907727
2019-04-23,0.9050287998483805,0.5710108274412516,1.5947641094275016
2019-04-24,0.9031256881817495,0.572211559802098,1.5914106093149258
2019-04-25,0.9025731900221813,0.5725616172058586,1.5904370444564906
2019-04-26,0.9069626370823798,0.5697771018499738,1.598171751498973
2019-04-29,0.905980355681696,0.5691600075764067,1.5999026435141566
2019-04-30,0.906439774592955,0.5688713888780287,1.6007139475628525
2019-05-01,0.8998850865495926,0.5729850372365908,1.5891387929116292
2019-05-02,0.8982311784690603,0.574038132345371,1.5862180983363232
2019-05-03,0.889808155695638,0.5686551792955795,1.6010926111412267
2019-05-06,0.8931448711468992,0.5707875945932477,1.59508863104698
2019-05-07,0.9082577374647927,0.5804458671665679,1.5680982042696876
2019-05-08,0.9094796125904984,0.5812267384299267,1.56598864867613
2019-05-09,0.9119926431777992,0.5828327563676693,1.561661583705119
2019-05-10,0.9079494543960737,0.5802488508068122,1.5685849866989054
2019-05-13,0.9304916859651049,0.5946550535962084,1.5296407416920155
2019-05-14,0.9222001112709276,0.5893561058801426,1.5432713099779007
2019-05-15,0.9166731441124225,0.5858239529319339,1.5525205062669318
2019-05-16,0.9085932153750715,0.5806602631012403,1.566205051444765
2019-05-17,0.9033843879209784,0.5839891005488038,1.5572262348163168
2019-05-20,0.8973597869384099,0.5878836789320683,1.5468412128591114
2019-05-21,0.8895151845845297,0.5827444763973832,1.5603634972272054
2019-05-22,0.8920745050807968,0.5844211536575099,1.5558740063795073
2019-05-23,0.8809410294182937,0.5917149824283573,1.5364560258349582
2019-05-24,0.8787701166549071,0.5902568126249949,1.5402423314848037
2019-05-28,0.8870406750672514,0.595812023657525,1.5257463171913264
2019-05-29,0.8812545446383716,0.599698481377985,1.515793935704443
2019-05-30,0.8792734045960153,0.5983503048698164,1.5192015777759142
2019-05-31,0.890449438166596,0.6059556561282964,1.4998917160822087
2019-06-03,0.8934036332676906,0.607966001863929,1.4949156078722408
2019-06-04,0.8738145756629749,0.5946355422723765,1.527693611975145
2019-06-05,0.8813015333229067,0.5895406271129376,1.540783090805969
2019-06-06,0.887179840265167,0.5856083739282235,1.5510601589792787
2019-06-07,0.8961828270701657,0.5796656955398184,1.566800117791774
2019-06-10,0.9002975475142815,0.5770042271249549,1.573993900446143
2019-06-11,0.9001428949802078,0.5771033445402388,1.5737235207855602
2019-06-12,0.8981009716869174,0.5784124708672076,1.5701536179043496
2019-06-13,0.9022156921310331,0.5757624285066717,1.5773474005587187
2019-06-14,0.9010709990155824,0.5764929315269528,1.5753461288829524
2019-06-17,0.8963993217347755,0.5794818069138009,1.5671786163032002
2019-06-18,0.8880150394815376,0.5740617458852193,1.5818368914064167
2019-06-19,0.8904137823088915,0.5725110666352322,1.586109814418532
2019-06-20,0.8988551590321324,0.5670834983656118,1.6011465880331746
2019-06-21,0.8974888041302808,0.5679455252561126,1.5987126758870862
2019-06-24,0.8965778081967368,0.568522018312741,1.5970899027227463
2019-06-25,0.8878935548239365,0.5740287230403247,1.5816204886377818
2019-06-26,0.8868914685636025,0.5746765780599614,1.5798354546637026
2019-06-27,0.8832476701607123,0.5723155162259754,1.5863262171871668
2019-06-28,0.8788205862861774,0.569446911101244,1.594277326998284
2019-07-01,0.8864832676888226,0.564481744918771,1.6081782749447522
2019-07-02,0.8891965160411806,0.5627540426370009,1.613100406262772
2019-07-03,0.8959050701349681,0.5585083378142516,1.6252704621940566
2019-07-05,0.8947720553295232,0.559214660656707,1.6232150485593948
2019-07-08,0.8901505523594498,0.5621030076940782,1.6148311332110077
2019-07-09,0.8887193613961635,0.561199254117882,1.617427471233783
2019-07-10,0.8846477258056441,0.5586281400455503,1.6248376566567868
2019-07-11,0.8862085188293162,0.5576425467089303,1.627704374340145
2019-07-12,0.8908025545167731,0.5547517713372273,1.6361422665804797
2019-07-15,0.8907142111332141,0.5548067876236835,1.6359800057707405
2019-07-16,0.8877104462210135,0.5566777683949395,1.6304629731726594
2019-07-17,0.8819384687957049,0.5602973399861324,1.619861548446819
2019-07-18,0.8784929869657091,0.5581084182272785,1.6261898850935963
2019-07-19,0.8836064503231017,0.5613570121129449,1.6167242860359305
2019-07-22,0.8856166407773071,0.5600799339445611,1.6204023077679846
2019-07-23,0.8792903417282674,0.556079068343854,1.631977462419208
2019-07-24,0.88351605339429,0.5534066520840405,1.6398204533794816
2019-07-25,0.8792611706749682,0.5560717767206148,1.6319233204603123
2019-07-26,0.8852645378694762,0.5522750628732449,1.643065669574266
2019-07-29,0.8836617307885094,0.5532749791056798,1.6400908330400643
2019-07-30,0.8815052073116876,0.5546252135223212,1.6360882896885318
2019-07-31,0.8909765502755453,0.5605843905868481,1.6185093200100096
2019-08-01,0.8990458145194935,0.5656614081326847,1.6038510449067933
2019-08-02,0.9054129207217102,0.5696674623313811,1.5924924580911526
2019-08-05,0.9326288350928161,0.5867911641474075,1.5446235384147102
2019-08-06,0.9201859542102186,0.5789623556399799,1.5652314865863297
2019-08-07,0.9192955991768453,0.5784021622952334,1.5667459758328783
2019-08-08,0.9014593887463141,0.5671799801272674,1.597144044681642
2019-08-09,0.8955977857318688,0.5708679819637901,1.5867588576574887
2019-08-12,0.884760039053678,0.5777761305476521,1.5675572798815745
2019-08-13,0.8711135862469569,0.5688645676940657,1.5917351309344043
2019-08-14,0.8968076856752633,0.5856436226810787,1.5447857992244494
2019-08-15,0.8944840550193465,0.5841262187863081,1.5487883425759819
2019-08-16,0.8812389488288345,0.575476747895159,1.571722084042846
2019-08-19,0.8706547986431261,0.5685649649602351,1.59059930526623
2019-08-20,0.8639043928599661,0.572973192231883,1.578266988525206
2019-08-21,0.8709804329197721,0.5682801020069269,1.591194206546291
2019-08-22,0.870654798643126,0.5684925654251108,1.59059930526623
2019-08-23,0.8481534159147353,0.583184804889949,1.5494915277738346
2019-08-26,0.8387087569419776,0.5766907184464729,1.5667459758328783
2019-08-27,0.8419228010558442,0.57890067439817,1.5607419957386317
2019-08-28,0.8476124902219889,0.5749884809152681,1.5712894435725242
2019-08-29,0.836583319212158,0.5675067055074559,1.5917351309344043
2019-08-30,0.8365548633096643,0.567526008923034,1.5916809889755086
2019-09-03,0.8312672707938605,0.5711131571292295,1.5816204886377818
2019-09-04,0.8217438263291148,0.5645701779622383,1.5997403827044172
2019-09-05,0.8324962759182015,0.5571828241622605,1.6206728524955152
2019-09-06,0.8330519078943338,0.5568109443081257,1.621754536204794
2019-09-09,0.8334409265890529,0.5565509246566401,1.622511863361542
2019-09-10,0.8333853888285818,0.5565880113786349,1.6224037445106987
2019-09-11,0.8273562773842265,0.5525613855292055,1.6341409949047134
2019-09-12,0.8299852161152959,0.5508056122699467,1.639333505883316
2019-09-13,0.829410154049349,0.5511872424570596,1.6381976802151417
2019-09-16,0.8269729305310802,0.5528069073523197,1.633383832814913
2019-09-17,0.8249738773967322,0.5514705995482394,1.6373322342075498
2019-09-18,0.824374309278075,0.5510698060214076,1.6385222018346202
2019-09-19,0.8244831029250385,0.5511425313517021,1.638305964132933
2019-09-20,0.8199372354938421,0.5541813090711366,1.629273005545589
2019-09-23,0.8203727741693856,0.5538869360595019,1.630138451553181
2019-09-24,0.8309071114806601,0.5609993512937431,1.609205981762083
2019-09-25,0.8262151084699321,0.5578314753556058,1.6182929172413747
2019-09-26,0.8278720291686639,0.5589501701221933,1.6150475359796426
2019-09-27,0.8234635978388658,0.5619265884029716,1.6064473829295687
2019-09-30,0.8276779265320435,0.5590507559421547,1.6146688724012686
2019-10-01,0.8376869889082834,0.5658113251301653,1.5951427730058758
2019-10-02,0.8226892396832818,0.5759414769354683,1.566583715023139
2019-10-03,0.8158436641317539,0.5711490830357521,1.5796192169620153
2019-10-04,0.8047251812054723,0.5633653474902263,1.6011465880331746
2019-10-07,0.8083407265236564,0.5658964885457283,1.5939528053788055
2019-10-08,0.7958325596061422,0.5746531025631937,1.569288171896758
2019-10-09,0.7882892531501248,0.5692062476862323,1.5841626847016612
2019-10-10,0.7827178092126099,0.5651832311536663,1.5953591757745107
2019-10-11,0.7905197830209784,0.5595495982983901,1.611261395396745
2019-10-14,0.7899890045499696,0.5599252965245667,1.6101795466205184
2019-10-15,0.7977644151391604,0.5544142716182985,1.626027624283857
2019-10-16,0.7992239344562981,0.5554285790050006,1.6230527877496554
2019-10-17,0.8014612296264629,0.5538737485956426,1.6275962554893013
2019-10-18,0.7979721058308408,0.5562850119288624,1.6205105916857758
2019-10-21,0.8036985247966277,0.5522929913815078,1.6321397232289472
2019-10-22,0.8009019261544953,0.5542147839219975,1.626460429821127
2019-10-23,0.8032191218206556,0.5526113115697806,1.631166158370512
2019-10-24,0.8017809128927392,0.5516218299944843,1.6340868529458177
2019-10-25,0.8049656698669793,0.5494307308526006,1.640577615469282
2019-10-28,0.809477395415197,0.5463512446606327,1.6497728348663652
2019-10-29,0.8092119855020546,0.5465303812705145,1.6492319104782518
2019-10-30,0.8117597424864061,0.5448096620758052,1.6544244214568544
2019-10-31,0.8093712152515932,0.5464127136285607,1.6495564320977303
2019-11-01,0.8172799771095243,0.5410734478543376,1.6656750544885994
2019-11-04,0.8203584729284262,0.53903535516445,1.671949249176481
2019-11-05,0.8193765291423603,0.5396805638566747,1.6699479775007147
2019-11-06,0.8197481192191064,0.5394358168630651,1.670705304657463
2019-11-07,0.8168287721580089,0.5375147385102289,1.6766551427928138
2019-11-08,0.8186469985823726,0.5363182533540288,1.6803873064837638
2019-11-11,0.817303071116474,0.5371986973456312,1.6776287076512493
2019-11-12,0.8159064705719395,0.5362807367753727,1.6804954253346072
2019-11-13,0.8163528645826683,0.5359873299725096,1.6814148482341469
2019-11-14,0.8151973692780567,0.5352286741632584,1.6837947834882872
2019-11-15,0.8091482076762363,0.5312570166653828,1.6962893610390501
2019-11-18,0.809509460847766,0.5310198310912851,1.6970466881957984
2019-11-19,0.8093288342620012,0.5311383180314663,1.6966680246174244
2019-11-20,0.806335897404326,0.5331024930135791,1.690393664862595
2019-11-21,0.807496899587021,0.5338700802684456,1.6879597527165067
2019-11-22,0.8057632849812272,0.532723914915708,1.6915836324896651
2019-11-25,0.8118437805964552,0.5287038441466018,1.7043487547679588
2019-11-26,0.8134669654138135,0.5276467638643987,1.70775639683943
2019-11-27,0.8173831621876054,0.5251065641486101,1.7159778863111301
2019-11-29,0.8143171638942481,0.5270762350495882,1.7095412657465614
2019-12-02,0.807489550368996,0.531495487143028,1.6952076773297715
2019-12-03,0.8130547217596084,0.535158523374192,1.6835244038277044
2019-12-04,0.8080131485611974,0.531840123276219,1.6939635677438056
2019-12-05,0.8063103206361869,0.5307193095677187,1.697533470625016
2019-12-06,0.8135040616765531,0.5259843369641933,1.7126785281574501
2019-12-09,0.8110890295621853,0.5275458154192673,1.707594136029691
2019-12-10,0.8102411574342465,0.5280972855745796,1.7058091020556116
2019-12-11,0.8081857692491237,0.5267576289656724,1.7101363320935705
2019-12-12,0.8010285114693125,0.5220926864717056,1.7252812245590567
2019-12-13,0.8013047173887042,0.5219126615557259,1.7258761258391178
2019-12-16,0.8019074808615166,0.5215200644805342,1.7271743773839794
2019-12-17,0.8019828167157792,0.521471069851465,1.7273366381937185
2019-12-18,0.8020330150723834,0.5214384295128224,1.7274447570445621
2019-12-19,0.8054734801482248,0.5192016254508617,1.7348549424675659
2019-12-20,0.8013549157453085,0.5165468324809867,1.7437256402451706
2019-12-23,0.8019265888527185,0.5161783366659051,1.7449695847641886
2019-12-24,0.8020260399466429,0.5161143227013414,1.7451859875328235
2019-12-26,0.8061772697047107,0.5134429516631823,1.7542189461201674
2019-12-27,0.8063264084161184,0.5135379360085242,1.7538944245006889
2019-12-30,0.8019747425546755,0.5163094507218694,1.7444288254430231
2019-12-31,0.8037899603177494,0.5151408178005784,1.74837722683566
2020-01-02,0.796130985904873,0.5102322589265621,1.7650367736146426
2020-01-03,0.7900072530521935,0.5141568970851109,1.7514603472876529
2020-01-06,0.7868844083989505,0.5121244700272746,1.7583837502814392
2020-01-07,0.7890386261361453,0.5135264899493988,1.7535699028812106
2020-01-08,0.7930543845204592,0.5109129318303495,1.762494577550763
2020-01-09,0.7984087042749639,0.507463494746176,1.774394088754517
2020-01-10,0.7961940098494646,0.5088711404380893,1.7694721225034449
2020-01-13,0.8017673628677964,0.5053090456830198,1.7818584161364166
2020-01-14,0.800526174372776,0.5060912972474739,1.77909998237085
2020-01-15,0.8023271640578489,0.504952714606173,1.7831025257223825
2020-01-16,0.8089957576690578,0.5007557677777061,1.7979228965683902
2020-01-17,0.811672954683181,0.4990986245435289,1.803872734703741
2020-01-21,0.8099206142988223,0.5001761406422474,1.7999783102030522
2020-01-22,0.810090998261935,0.5000709179925302,1.8003569737814262
2020-01-23,0.8110888659796419,0.4994549321011928,1.8025746482258274
2020-01-24,0.8184632829567883,0.5039959745012237,1.7861856461743755
2020-01-27,0.831747890772578,0.5121764133815089,1.7571937826543689
2020-01-28,0.8228894531264227,0.5067215359215165,1.7759085780010657
2020-01-29,0.8234658503788795,0.507076471690782,1.7746646334820477
2020-01-30,0.8259505292421868,0.5055464480829895,1.7800194052703895
2020-01-31,0.8406328826744914,0.5145331989408296,1.74837722683566
2020-02-03,0.8345993642247171,0.5108402128433146,1.7609259463453186
2020-02-04,0.8216533123972172,0.5029162146298916,1.7882408947420896
2020-02-05,0.8307991439827543,0.49731824900224586,1.8081458227828042
2020-02-06,0.8339802797120799,0.4954140139507236,1.8150692257765906
2020-02-07,0.8294570798306808,0.49810095591285125,1.8052249631405506
2020-02-10,0.8355956865713629,0.494414633907943,1.8185849866989054
2020-02-11,0.8340548346180696,0.49350292533089213,1.821938486811481
2020-02-12,0.8394032537985754,0.490338312643665,1.833621760313548
2020-02-13,0.8383632519169255,0.49094583086031085,1.8313499439102512
2020-02-14,0.8371499037941577,0.49023529375018227,1.834000423891922
2020-02-18,0.8351500531332235,0.4914064070379891,1.8296192169620153
2020-02-19,0.8311503518113554,0.4890529630689318,1.8383816308218288
2020-02-20,0.8277511781398413,0.49105305360900914,1.8308631614810336
2020-02-21,0.8362612021169668,0.49610151910276323,1.8120402472834933
2020-02-24,0.8641690835618084,0.5126575213956799,1.7515684661384965
2020-02-25,0.8900810582555274,0.5280294769234078,1.6990479598715647
2020-02-26,0.8935096539882325,0.530063448542656,1.6925032204561525
2020-02-27,0.9340575682295232,0.5541179925064681,1.6156965792185995
2020-02-28,0.9428130496790482,0.5593120725816763,1.6005516867531133
2020-03-02,0.8966457970900138,0.5319239262892963,1.678926794129163
2020-03-03,0.9223550183475077,0.547175600871956,1.6307874947921377
2020-03-04,0.9628896916248028,0.5231289119447474,1.7024556019430361
2020-03-05,0.9292688868345346,0.5413947789299484,1.6430116926823182
2020-03-06,0.9137892379423452,0.5504132677749239,1.6156426023266517
2020-03-09,0.986904685560715,0.5944537431684329,1.4863694317141145
2020-03-10,0.9339321791609421,0.5625461991319308,1.5661509094858692
2020-03-11,0.9793466260487625,0.5899012095411179,1.4899934765542209
2020-03-12,1.0735945425616034,0.6466706499709733,1.3466032028270025
2020-03-13,0.9761793764744374,0.5879934433783335,1.4687904620355925
2020-03-16,1.0891652429154695,0.6560495304692973,1.2987883425759819
2020-03-17,1.019901715300377,0.6143292267173208,1.381382478605673
2020-03-18,1.0766893877669148,0.6485348039705858,1.3044677185172762
2020-03-19,1.0727160374114437,0.6461414897769386,1.3092816484509788
2020-03-20,1.1210205833024485,0.6752373270316221,1.2503245216194785
2020-03-23,1.0894500052216791,0.694253599412011,1.2151124403035383
2020-03-24,0.9864941351646827,0.6286448215653204,1.3299437385814938
2020-03-25,0.9928733527956974,0.6245796558573599,1.338543891631568
2020-03-26,1.052653555744192,0.5869741561433024,1.4191366734520188
2020-03-27,1.0200352585106642,0.605162569025208,1.3751622608097391
2020-03-30,1.0526133956055579,0.5858347379782823,1.419082531493123
2020-03-31,1.0685012606948672,0.5946771708415609,1.3976632792728074
2020-04-01,1.020534522558625,0.6213731843874957,1.3349199293249356
2020-04-02,0.9965925129929203,0.6067956052898485,1.3662375036067127
2020-04-03,1.0106778980653046,0.6153717782485137,1.346927724446481
2020-04-06,0.942574299225423,0.5739055180251074,1.4376892079889763
2020-04-07,0.9429644351754655,0.5736679758231894,1.4382842743359852
2020-04-08,0.9751991880785488,0.5540574319264501,1.4874512804903413
2020-04-09,0.9898094276900719,0.5457566540567104,1.5097359787182485
2020-04-13,0.980305694302878,0.5509967796701289,1.4952401294917192
2020-04-14,1.010058078711627,0.5342739674983744,1.5406208299962298
2020-04-15,0.987859072602231,0.5460162141261288,1.506761142184047
2020-04-16,0.9931073480622206,0.5431153514658246,1.514766228887112
2020-04-17,0.9664046255320285,0.528512037372562,1.5554953428011333
2020-04-20,0.9491990229345473,0.5379215205670483,1.5278017308259884
2020-04-21,0.9202989392496462,0.5542995156815345,1.4812850395863555
2020-04-22,0.8994639689631294,0.5417505346423174,1.5148203708460077
2020-04-23,0.8997208604877349,0.541905261374685,1.5143877303756859
2020-04-24,0.9123177969068682,0.5343180791468214,1.5355905798273664
2020-04-27,0.9261038174371887,0.5262440066757881,1.5587948660217612
2020-04-28,0.9211229034572138,0.5290743331255624,1.550411115740322
2020-04-29,0.9451921233810807,0.5152494608612024,1.5909238268857082
2020-04-30,0.9356479704091347,0.5204522334526424,1.5748593464537346
2020-05-01,0.9111288108644738,0.5340909648462672,1.5335893081516
2020-05-04,0.9075939212324952,0.5320188619869829,1.539539146286951
2020-05-05,0.8995903040226604,0.5273272535262592,1.5531155726139407
2020-05-06,0.8936690155729232,0.5307982299936289,1.5428926463995267
2020-05-07,0.9042583429568136,0.5245086573059279,1.5611748012759015
2020-05-08,0.9193903652013957,0.5157314348101126,1.587299782045602
2020-05-11,0.9193591008901663,0.515748972505415,1.5872458051536542
2020-05-12,0.9006241297025515,0.5262590573357878,1.554900441521072
2020-05-13,0.8851787950790733,0.535284184435005,1.5282345363632581
2020-05-14,0.8745894676951829,0.5288806199755846,1.5465166912396329
2020-05-15,0.8707965104060864,0.5265869477136892,1.5532236914647843
2020-05-18,0.8438683965819869,0.5103030132963284,1.6012548719509658
2020-05-19,0.8351742539425594,0.5155605240703997,1.5847575859817224
2020-05-20,0.8494268612291508,0.5067622623335741,1.6118021547179104
2020-05-21,0.8432127453300396,0.5104695614256699,1.600010762365
2020-05-22,0.8449230756026329,0.5094341506720029,1.603256143626732
2020-05-26,0.8342050870859926,0.5029718944802276,1.6235937121377688
2020-05-27,0.8463775118230972,0.4956327070007722,1.6472846156944334
2020-05-28,0.8447101144698403,0.49660912314167427,1.6440393994996492
2020-05-29,0.8481283638556828,0.49459951795155743,1.6506922577659047
2020-06-01,0.8522970268621567,0.49216849594902556,1.6588056283867612
2020-06-02,0.8452102488641513,0.48807615635558116,1.6725984574823858
2020-06-03,0.8565806773659396,0.481510174640704,1.695099558478928
2020-06-04,0.8537106899583833,0.48312348226524504,1.6894201000041598
2020-06-05,0.8759595777193707,0.47053261247990735,1.7334487371388088
2020-06-08,0.8866739638181471,0.4647772463529663,1.7546515865904895
2020-06-09,0.8801414831071648,0.46820144568733063,1.7417243685694044
2020-06-10,0.8749481963924134,0.4709640746445881,1.7314473003960946
2020-06-11,0.8243279979411737,0.49821173915799793,1.6312742772213555
2020-06-12,0.8140235862112217,0.49198390399796277,1.65166582262434
2020-06-15,0.8099448594788488,0.4895187814448516,1.6599416191218834
2020-06-16,0.7943735814987283,0.48010772965143417,1.6918541772171958
2020-06-17,0.7907926817628107,0.48227197287699203,1.684227589025557
2020-06-18,0.7914021702272666,0.4819002708987395,1.6855256755034707
2020-06-19,0.7962274680793214,0.4848384892023418,1.6752487723971088
2020-06-22,0.8019346421207998,0.48136327922678046,1.6872565675186542
2020-06-23,0.7986697572801079,0.4794035239167255,1.6941258285535448
2020-06-24,0.778499644968069,0.4915106843945652,1.6513413010048617
2020-06-25,0.7703397744581604,0.48635889843702534,1.668649891022801
2020-06-26,0.7887180222887537,0.497962121672353,1.6288403650752672
2020-06-29,0.7768796858930007,0.4904879129664412,1.65328859578868
2020-06-30,0.7666368535030939,0.48402103582572203,1.6750865115873697
2020-07-01,0.7718848962983729,0.480707650748783,1.6865533823208017
2020-07-02,0.7759447486018549,0.4781792918282329,1.6954240800984064
2020-07-06,0.7878518859476127,0.47084146717775965,1.7214409420172634
2020-07-07,0.7797322568868396,0.47569397578769373,1.703699711529002
2020-07-08,0.7855496157773743,0.4721449593724039,1.716410526781452
2020-07-09,0.789535130628928,0.4745404041792896,1.7077022548805345
2020-07-10,0.7974874805686358,0.46976074180814464,1.7249025609806825
2020-07-13,0.804564554587934,0.4739294988383693,1.7095954077054571
2020-07-14,0.8150012284514527,0.4677817663966758,1.731771987082521
2020-07-15,0.807390129310766,0.46341326574175595,1.747944586365338
2020-07-16,0.8045919086391295,0.4650193450491858,1.7418866293791435
2020-07-17,0.8069653639875592,0.4636475904493949,1.7470249983988506
2020-07-20,0.81363618482631,0.4598148237084248,1.761466870733432
2020-07-21,0.815110244778483,0.4589817798619435,1.7646581100362686
2020-07-22,0.8199072489625705,0.4562806268185095,1.7750432970604217
2020-07-23,0.8099885097540549,0.46180043231972595,1.7535699028812106
2020-07-24,0.8048167574881937,0.46474901418658526,1.7423734118083611
2020-07-27,0.7988955090587851,0.4613297335308121,1.7551925109786026
2020-07-28,0.8038193642764049,0.4641730600857016,1.7443746834841274
2020-07-29,0.8134901334494024,0.45858858337375574,1.765361295234121
2020-07-30,0.8106985868971843,0.4601622611925332,1.7593033382479266
2020-07-31,0.8043178873309891,0.4565404994331988,1.773150144235499
2020-08-03,0.8099364287495605,0.4533513477983488,1.7855364378684706
2020-08-04,0.812856141482786,0.4517170766928556,1.7919730584330393
2020-08-05,0.8181313018018402,0.4487855862644723,1.8036023550431584
2020-08-06,0.8236762401631013,0.44574391262629437,1.815826387866391
2020-08-07,0.8242651394975327,0.44542522151846237,1.8171246394112524
2020-08-10,0.8267431590109474,0.44408612280155835,1.822587530050438
2020-08-11,0.8198242469959272,0.44780262505170254,1.807334518734108
2020-08-12,0.8312576545698632,0.4415574939231034,1.8325399115373213
2020-08-13,0.8298346371698798,0.4423133895151516,1.8294028141933805
2020-08-14,0.8297610341125694,0.44235262096717765,1.8292405533836413
2020-08-17,0.8270866898623612,0.4409269054420888,1.8351362495600967
2020-08-18,0.8288418874232867,0.4399911947862842,1.8390306740607856
2020-08-19,0.8254777525652759,0.4417770477192241,1.831566346678886
2020-08-20,0.8280130544632447,0.44042021140948595,1.8371916631947585
2020-08-21,0.8251121019056756,0.4388771945067855,1.8436282837593272
2020-08-24,0.8166394825571145,0.43437060758213325,1.8625594818746587
2020-08-25,0.819342999427297,0.432932606737706,1.8687255577116968
2020-08-26,0.8276671246137759,0.42853422264421615,1.887710897785924
2020-08-27,0.8294695174429829,0.42760101291896074,1.8918217250552478
2020-08-28,0.8347817417307999,0.4248625006065063,1.9039376390276368
2020-08-31,0.831864722658314,0.4263471186275996,1.8972846156944334
2020-09-01,0.839667106361266,0.42234824270514165,1.9150799881415905
2020-09-02,0.8519516612136565,0.4161691746970997,1.9430981217362138
2020-09-03,0.8224971868784093,0.43055736693065244,1.8759195054330136
2020-09-04,0.8157620246924621,0.43408306129519864,1.8605582101988924
2020-09-08,0.8379359291819121,0.44588223317412556,1.8099848336488313
2020-09-09,0.8215343213543249,0.4371546141866563,1.8454131526664586
2020-09-10,0.8358855073571283,0.4447911632840015,1.8131760729516677
2020-09-11,0.8362844833782316,0.444578860274813,1.8140415189592596
2020-09-14,0.8251633026412207,0.43866670722732626,1.8381652280531937
2020-09-15,0.8293639311560137,0.43643360273398374,1.847522708260016
2020-09-16,0.826061685398252,0.43817133325135044,1.8401664997289602
2020-09-17,0.8189716937322774,0.4419321069997701,1.824372564024517
2020-09-18,0.8285626928887931,0.44710758558823716,1.8030072886961495
2020-09-21,0.8377843900880036,0.4520837820850763,1.7829402649126433
2020-09-22,0.829295488127059,0.44750301530348213,1.8010060170203832
2020-09-23,0.8522588343288899,0.4598944569716209,1.7511358256681746
2020-09-24,0.8544964411580935,0.45868700339509927,1.755733435366716
2020-09-25,0.8405970570502895,0.45122592276519585,1.7842924933494526
2020-09-28,0.8266330235031193,0.4437301388221061,1.813933235041468
2020-09-29,0.8220729955367316,0.4461779261533973,1.8039268766626368
2020-09-30,0.828358492349919,0.44276648951920805,1.8177195406913136
2020-10-01,0.8337319835698287,0.43989430088847126,1.829510933044224
2020-10-02,0.8258689066426347,0.44404302349463787,1.8122564849851803
2020-10-05,0.8114491534100259,0.4362899881497379,1.84389866341991
2020-10-06,0.8229698662325715,0.442484303147421,1.8177195406913136
2020-10-07,0.837271303594674,0.4347948824227646,1.8493075771671474
2020-10-08,0.829728718131253,0.430878018742316,1.8659671239461302
2020-10-09,0.8370163200879498,0.42709356796476994,1.882356125997582
2020-10-12,0.8506775552082005,0.4201228249693401,1.9130787164658243
2020-10-13,0.8451457392698762,0.4228548144581782,1.9006382808739568
2020-10-14,0.8398543796250257,0.42550225950450554,1.888738604603255
2020-10-15,0.8388201826851458,0.426026223116969,1.8864128113080103
2020-10-16,0.8395657733533715,0.42640489924199815,1.8847360612517225
2020-10-19,0.8269644300772682,0.43280496303747523,1.8564473829295687
2020-10-20,0.8302171747425674,0.43110258747761754,1.8637494495017288
2020-10-21,0.8318315249274048,0.43194086276624205,1.8601254046616227
2020-10-22,0.827090662147939,0.4294790994189134,1.870726829387463
2020-10-23,0.8244601040751434,0.42811314310508025,1.876676667522814
2020-10-26,0.8093234688243481,0.4359730655697609,1.842221913363622
2020-10-27,0.8120799155719383,0.43745793112095066,1.8359475536087926
2020-10-28,0.839713045566818,0.45234357432694317,1.7734746658549774
2020-10-29,0.8313384805041457,0.4478322942963636,1.7911617543843432
2020-10-30,0.8402003976880533,0.4526061052017929,1.7720682954592724
2020-11-02,0.8306089767457896,0.4474393191731571,1.7922975800525176
2020-11-03,0.8454484761208114,0.4394454548120422,1.8243184220656214
2020-11-04,0.8641231721902858,0.42973876003463735,1.8646148955093207
2020-11-05,0.8810180799623006,0.42133672089195084,1.901070921344279
2020-11-06,0.8809428830270131,0.42137268295771974,1.9009086605345396
2020-11-09,0.8919471092101917,0.4161091404511423,1.9246537060500999
2020-11-10,0.8907940640366506,0.41664705646780875,1.9221656519451158
2020-11-11,0.8972111241725004,0.41364563411361943,1.9360124579326883
2020-11-12,0.8886633822069792,0.4175864414111533,1.9175680422465744
2020-11-13,0.9007455331258022,0.4119089908626073,1.9436390461243271
2020-11-16,0.8895658219278221,0.4067965330281345,1.9677627552182615
2020-11-17,0.8850422509881017,0.40886515226892,1.95775639683943
2020-11-18,0.8743811151156684,0.4137903035111071,1.9341734470666614
2020-11-19,0.8779266933015786,0.41211240145180195,1.942016438026935
2020-11-20,0.8838196481132028,0.41487864580636463,1.9289809360880585
2020-11-23,0.8891230718173453,0.4123891364939057,1.9405559256723341
2020-11-24,0.9033482997894581,0.4057912540794297,1.9716032028270025
2020-11-25,0.9020595594343879,0.4063701665155173,1.9687904620355925
2020-11-27,0.9045130820786855,0.4052648754124132,1.9741453988908821
2020-11-30,0.900399171772697,0.4071081028688727,1.965166582262434
2020-12-01,0.910312186785594,0.40262601441063284,1.9868022372513845
2020-12-02,0.9122452216878968,0.401771043830508,1.9910211833715519
2020-12-03,0.9120717257738985,0.4018474549015777,1.9906425197931776
2020-12-04,0.9199030167097233,0.398397085547693,2.0077347070424825
2020-12-07,0.9181930155695743,0.3991376630413458,2.0040025433515325
2020-12-08,0.9207456139101832,0.39802805088020143,2.009573717908509
2020-12-09,0.9287999386081619,0.40150984553907393,1.9919947482299871
2020-12-10,0.928295509026791,0.4017279048163011,1.9909128994537604
2020-12-11,0.9294556047057662,0.40222994624811814,1.9884248453487765
2020-12-14,0.9377231354615801,0.40580779163920433,1.9707377568194109
2020-12-15,0.9504886045468122,0.40028342456025134,1.997565922786964
2020-12-16,0.9520070708748201,0.39964394619202387,2.0007571620898004
2020-12-17,0.9573088612887851,0.3974183025936281,2.011899511203754
2020-12-18,0.9535255372028278,0.3989889161094985,2.0039484013926367
2020-12-21,0.9503856350461647,0.4003027625764237,1.997349520018329
2020-12-22,0.9522129313333991,0.401072420413045,1.9935092374765357
2020-12-23,0.9513861592630144,0.40072418372722857,1.9952401294917192
2020-12-24,0.9550742833726906,0.3991707445596044,2.0029748365342015
2020-12-28,0.9633790560728542,0.39569978700181513,2.0203915454029846
2020-12-29,0.9615220858197578,0.39646252180385066,2.0164971209022955
2020-12-30,0.9627858299126548,0.3959414446727336,2.0191474358170187
2020-12-31,0.9681762620219059,0.3937246531387943,2.0304522108076593
2021-01-04,0.9548421719296195,0.3991471781504518,2.002488054104984
2021-01-05,0.9485232940480834,0.39650573399387934,2.015739958812495
2021-01-06,0.9427965724587113,0.3941118255243447,2.02791001474378
2021-01-07,0.9567529078929283,0.3882777389395101,2.0579294200141693
2021-01-08,0.9622097550832202,0.38606319402273415,2.069666835475132
2021-01-11,0.9559231036729692,0.38858555955720026,2.056144551107038
2021-01-12,0.9560739771675073,0.3885242290369187,2.0564690727265162
2021-01-13,0.9536599245135491,0.3875432192315767,2.0616615837051193
2021-01-14,0.9569625745111279,0.3888853324725307,2.054521777942698
2021-01-15,0.9500594886483891,0.3916905715825231,2.03970140709669
2021-01-19,0.9426273538034096,0.3886264506718947,2.0556576036108725
2021-01-20,0.9296555038501061,0.3832784157505019,2.0839462819330263
2021-01-21,0.9304758928342485,0.3829401857407413,2.0857852927990534
2021-01-22,0.9273149541812288,0.38424107966418886,2.078699628995528
2021-01-25,0.9236231669341257,0.3827113552579111,2.0869752604261236
2021-01-26,0.9249876495563719,0.3832767405928406,2.0838921399741306
2021-01-27,0.9024193766358336,0.3926281023001479,2.0330483837634867
2021-01-28,0.8947845905516442,0.38930633012934424,2.050248689863635
2021-01-29,0.9125598895664738,0.3970400757698998,2.009519575949614
2021-02-01,0.9274941592912339,0.3905424161084569,2.042405863970309
2021-02-02,0.9143284944948781,0.38499871484874004,2.0713975624233676
2021-02-03,0.9150447972323024,0.38469709936260854,2.0730203355877075
2021-02-04,0.9254066689846477,0.38034082957215515,2.096495001442685
2021-02-05,0.9217776495112587,0.37884930771122377,2.104716490914385
2021-02-08,0.9287184435996053,0.3759966511766132,2.120564568577724
2021-02-09,0.9279367457923218,0.3763131257333492,2.1187796996705925
2021-02-10,0.9275577166973816,0.3764668362358243,2.1179142536630007
2021-02-11,0.9291211846043566,0.37583227322599794,2.121484156544211
2021-02-12,0.9337641645056591,0.3739541740934373,2.1320855812700517
2021-02-16,0.9330298182255902,0.3742482653287838,2.1304088312137637
2021-02-17,0.9331483054822384,0.3742007388195577,2.1306793759412943
2021-02-18,0.9371043629230944,0.37578715290666886,2.12164641735395
2021-02-19,0.9388722356500626,0.3764960855347237,2.1176438740024177
2021-02-22,0.9317259315781168,0.37936181678863123,2.1015252516115486
2021-02-23,0.930742710088838,0.37896148802473534,2.1037429260559497
2021-02-24,0.9205245244517533,0.37480104841885004,2.1268389283325533
2021-02-25,0.9426006153754213,0.3837895563872918,2.07583291131217
2021-02-26,0.9376638379299705,0.38579961620994285,2.064960941858799
2021-03-01,0.9149203626805475,0.37644186595066176,2.1150475359796426
2021-03-02,0.9078776313427097,0.37933958146159147,2.0987666527790343
2021-03-03,0.8957576385227132,0.38440369235598076,2.0707485191844106
2021-03-04,0.9068481267151148,0.3891630429077891,2.045110320843928
2021-03-05,0.8901310348130685,0.38198910257366164,2.082810456264852
2021-03-08,0.894476869752071,0.38385406573454217,2.0726416720093335
2021-03-09,0.9070820254357614,0.3784447137188298,2.101849773231027
2021-03-10,0.9126376487662482,0.37612684585034717,2.1147230143601643
2021-03-11,0.9220214718474279,0.3722594755064728,2.136466788199958
2021-03-12,0.9234687207008692,0.371675159288728,2.1398202883125337
2021-03-15,0.9178663659642071,0.36942033891153053,2.152801813359462
2021-03-16,0.9191577981177803,0.36994011098461776,2.149772834866365
2021-03-17,0.9221641986226637,0.3687301031505785,2.1568043567109947
2021-03-18,0.9356237657452121,0.37411195117815543,2.1253244390860044
2021-03-19,0.9373619559771191,0.37480697172272187,2.1213760376933677
2021-03-22,0.9299529832890159,0.3718444719123795,2.138143538256246
2021-03-23,0.9371987277611068,0.37474170443407934,2.121484156544211
2021-03-24,0.9323958656192775,0.3766621431754877,2.1106121870908403
2021-03-25,0.9302214373093174,0.37578373427470707,2.1155343184088604
2021-03-26,0.9151664217922949,0.36970192437048194,2.149772834866365
2021-03-29,0.9147058746789432,0.36988797266728896,2.1486909860901386
2021-03-30,0.9124493062549174,0.37080048186030234,2.1433901911937445
2021-03-31,0.9160183707093343,0.369350088057144,2.151774106542131
2021-04-01,0.9258273777431892,0.3653949734791449,2.174815966859839
2021-04-05,0.9391133960244896,0.36015139955354664,2.2060255048242468
2021-04-06,0.9385377472676117,0.36037216171743275,2.204673276387437
2021-04-07,0.9397120229482985,0.35992127280355235,2.2074317101530037
2021-04-08,0.9353370361803278,0.3582455990145906,2.2177087783263136
2021-04-09,0.9421123637895547,0.3556505651348249,2.233773258758287
2021-04-12,0.9425001380087201,0.3555041790714511,2.234692681657827
2021-04-13,0.9452604360366713,0.35446301478420483,2.241237421073239
2021-04-14,0.9421123637895548,0.3556435097429806,2.233773258758287
2021-04-15,0.9522411377835173,0.35181993957124796,2.2577888490013778
2021-04-16,0.9555945841682527,0.35058095791248534,2.265739958812495
2021-04-19,0.9509179713904369,0.35229667649711865,2.2546515865904895
2021-04-20,0.9440057741016985,0.35485751161158624,2.2382625845390374
2021-04-21,0.9351773316814472,0.35153884641418565,2.259195054330135
2021-04-22,0.9434839299632903,0.35466134722627746,2.2391280305466292
2021-04-23,0.9533752669897051,0.3509431334822512,2.2626026964016064
2021-04-26,0.9555176376807645,0.35015451402731723,2.2676870885293656
2021-04-27,0.955221342013473,0.3502630931485155,2.2669839033315133
2021-04-28,0.9548566757731891,0.3503968099319151,2.2661184573239215
2021-04-29,0.9608963082307616,0.34818048993333417,2.2804520457407116
2021-04-30,0.954674377429534,0.35043500469850325,2.2656858168535994
2021-05-03,0.9526231906867889,0.34968206982057476,2.2705538062127237
2021-05-04,0.9468364035253849,0.3518062420347238,2.256761142184047
2021-05-05,0.946700248716039,0.3517556523957613,2.2570856638035255
2021-05-06,0.939009437160261,0.34889805682638797,2.275421795571848
2021-05-07,0.9458174528181922,0.3463684726285133,2.2919190815410913
2021-05-10,0.9366210493292134,0.3497362939989711,2.269634218246236
2021-05-11,0.9282729315529731,0.3528534989507712,2.249404933652991
2021-05-12,0.9481164685417062,0.36039638986144296,2.2013197762748615
2021-05-13,0.9368643438958247,0.35611925173000225,2.2274447570445624
2021-05-14,0.9223953603118076,0.3506193267506748,2.261845534311806
2021-05-17,0.9201895700095548,0.35145778793988497,2.2564366205645685
2021-05-18,0.9122707235869348,0.35448231716455414,2.2370184749530715
2021-05-19,0.9098002492188721,0.3554422728617437,2.230960517966877
2021-05-20,0.9001829684970536,0.35168497765167145,2.2545434677396456
2021-05-21,0.9007013279548469,0.3518874911858188,2.2532452161947845
2021-05-24,0.9097606704214921,0.34834817222020853,2.2759085780010655
2021-05-25,0.9077931214913336,0.34910154846064,2.270986446683046
2021-05-26,0.9094580061154244,0.34846129928214487,2.275151415911265
2021-05-27,0.9099336780104413,0.3482790443067034,2.2763413835383353
2021-05-28,0.9116633580015602,0.34761700562320236,2.2806684485093465
2021-06-01,0.9109498831505658,0.34788905340170895,2.278883579602215
2021-06-02,0.9124633366470294,0.3473110700087793,2.2826697201851127
2021-06-03,0.9089823342204074,0.3486360445353568,2.273961448284195
2021-06-04,0.900701393937909,0.3454599275125768,2.294677515306658
2021-06-07,0.9014656766915704,0.3457530646903984,2.2927303855897874
2021-06-08,0.9015081873302618,0.34573675992806574,2.292838504440631
2021-06-09,0.9000620467938901,0.3462913682505109,2.289160482708577
2021-06-10,0.9018059565063175,0.34562041352847483,2.2935958315973792
2021-06-11,0.9032946076813807,0.3450498825500388,2.297381972180277
2021-06-14,0.9054638833876767,0.3442212400215537,2.302899169845306
2021-06-15,0.9036986859050343,0.3448922976722296,2.298409678997608
2021-06-16,0.8987009275349015,0.3467996683416464,2.28569869867821
2021-06-17,0.8989773440390036,0.34690633469639215,2.2849956785473053
2021-06-18,0.9110644833854306,0.3515706404605334,2.2542729230121155
2021-06-21,0.898210718114228,0.3466105014460765,2.286077362256584
2021-06-22,0.8939390693716025,0.3449621150676648,2.2969493317099547
2021-06-23,0.8934128018507255,0.34516519642221477,2.2955971032731455
2021-06-24,0.8985912562684962,0.3431645286093396,2.3089029848726046
2021-06-25,0.9018962317175979,0.34190238596757155,2.317395019071835
2021-06-28,0.9038118532025874,0.34117618761648044,2.322317150389855
2021-06-29,0.9042118216577852,0.341025205183325,2.323344857207186
2021-06-30,0.9050117585681808,0.34072350745889,2.325400270841848
2021-07-01,0.8998964536832497,0.3387976710201759,2.3385438916315677
2021-07-02,0.9067443014463279,0.3362195578782296,2.356339264078725
2021-07-06,0.9044339063264707,0.3370762492569163,2.3503352839844784
2021-07-07,0.908138808758382,0.3356954577951235,2.3599631438518833
2021-07-08,0.9008538832502805,0.3383883461287793,2.341031945736552
2021-07-09,0.8912793970214451,0.334791875468833,2.3659129819872344
2021-07-12,0.8879784476624086,0.33355193765535646,2.3746753958470475
2021-07-13,0.8848636391051146,0.3347219552750926,2.3663456224575565
2021-07-14,0.886036776878135,0.33427818636897094,2.369482884868445
2021-07-15,0.8830028892731944,0.335422791731516,2.3613695142475883
2021-07-16,0.8896774790388245,0.33795824156984333,2.343519999841536
2021-07-19,0.9029629927401478,0.3430049567611754,2.3085243212942306
2021-07-20,0.8898670618839541,0.33803025765036837,2.342005510594987
2021-07-21,0.8826534030286305,0.33529003378332867,2.3609908506692143
2021-07-22,0.8845744374099703,0.33456029810179355,2.3661293847558693
2021-07-23,0.8932897501525543,0.33126402646438713,2.3894417898011073
2021-07-26,0.8956758315977482,0.33037918148897805,2.3958242684067805
2021-07-27,0.8915911805622432,0.3318858467557755,2.3848983220614617
2021-07-28,0.8911058308863923,0.33206651328955705,2.3836000705166
2021-07-29,0.8950692216405182,0.3305895738476756,2.3942016603093883
2021-07-30,0.8905396410229554,0.3322625529758421,2.3820855812700517
2021-08-02,0.8923392917027825,0.3329340071164542,2.377271733869823
2021-08-03,0.899465619491685,0.33027515651013695,2.396256908877102
2021-08-04,0.9037495329231916,0.3318481684723577,2.384844180102566
2021-08-05,0.9093657921914394,0.3297859318858494,2.399664550948574
2021-08-06,0.9077874546941523,0.32921354010814813,2.403829520176793
2021-08-09,0.9071541807873786,0.32944319997360344,2.4021526050535575
2021-08-10,0.9082163903918105,0.32905744666006753,2.404965345844968
2021-08-11,0.910361131216346,0.32828038191323466,2.410644639252788
2021-08-12,0.9124854880889655,0.3275143291221497,2.4162699557686604
2021-08-13,0.9147936745462956,0.326685862095628,2.4223820547137507
2021-08-16,0.917142691243702,0.32584699474638684,2.4286022725096843
2021-08-17,0.9109126823067225,0.3280604231569704,2.412105151607389
2021-08-18,0.9207377471302509,0.3315988687030234,2.386088289688532
2021-08-19,0.919381094149282,0.3311102772500131,2.389604050610847
2021-08-20,0.912055868842712,0.328472135789837,2.408643367577022
2021-08-23,0.9041090874007751,0.3256101441486888,2.4296299793270153
2021-08-24,0.9056790332604135,0.32504473638453046,2.4338489254471827
2021-08-25,0.9075710271713091,0.3243657070160419,2.438933317574942
2021-08-26,0.9022170934898797,0.3262792018631687,2.424545587199256
2021-08-27,0.9101473501569819,0.32341129142943537,2.4458567205687283
2021-08-30,0.9061016944545203,0.32197371021229915,2.456728690022099
2021-08-31,0.9051241325396602,0.3223210765604873,2.454078210040428
2021-09-01,0.905523144857652,0.3221789854646117,2.455160058816655
2021-09-02,0.9082362338016531,0.32121368684312707,2.462516102280763
2021-09-03,0.9078372823643934,0.32135478302192316,2.4614344185714843
2021-09-07,0.9107698463475097,0.322392847310314,2.453483308760367
2021-09-08,0.9119745806053434,0.3228192972078297,2.450237927498635
2021-09-09,0.9160412001054997,0.3242587926465959,2.4393119811533164
2021-09-10,0.9230286139332206,0.3267321861699854,2.420705304657463
2021-09-13,0.9251735159727524,0.3259729371912236,2.4263304561063874
2021-09-14,0.930102737265843,0.32770968463938727,2.4134032380853028
2021-09-15,0.9378363780662197,0.3249848362046263,2.4334702618688087
2021-09-16,0.9395873874767632,0.3255916067669408,2.428926794129163
2021-09-17,0.9305275718767025,0.3287310698520697,2.405506270233081
2021-09-20,0.9148350019653596,0.334274844643482,2.364939417128799
2021-09-21,0.915358087629071,0.3344659767914614,2.36358718869199
2021-09-22,0.9063297773546136,0.3311670900983376,2.386899593737228
2021-09-23,0.9171944344166265,0.32719721406199576,2.4155126286119124
2021-09-24,0.9154692340287696,0.32781265691623035,2.4109691608722668
2021-09-27,0.912593900049008,0.3288422610103834,2.4033967146395234
2021-09-28,0.9308112640138182,0.335406669511816,2.3554196761122377
2021-09-29,0.9292081491125541,0.3348290062940772,2.359476361422666
2021-09-30,0.9407108732419612,0.3389738749046276,2.330268260200972
2021-10-01,0.9519124221278149,0.3349375311790727,2.358016014135013
2021-10-04,0.9642712422778006,0.3392860748193264,2.3274015425176144
2021-10-05,0.9541644696226153,0.3357299309949301,2.3517956312721315
2021-10-06,0.9501046486885814,0.33430145252457366,2.3618021547179104
2021-10-07,0.9422279184993094,0.33152996588144196,2.381382396072199
2021-10-08,0.9408368575335284,0.33201942112413835,2.3778666351498843
2021-10-11,0.9338172865892976,0.33449661349046766,2.3601254046616225
2021-10-12,0.9361714249296691,0.3353398740660118,2.354175566526272
2021-10-13,0.9328374416491568,0.33414562961071964,2.362559481874659
2021-10-14,0.9168627038860407,0.3284234227508773,2.4030180510611494
2021-10-15,0.9239001028893902,0.32590260184917896,2.4214624667472635
2021-10-18,0.9265830171820157,0.3249562130071705,2.428494153658841
2021-10-19,0.9338680562473058,0.3224013219047352,2.447587612583912
2021-10-20,0.9374589631068174,0.3211616252360264,2.456999069682682
2021-10-21,0.9398941743568153,0.3203273525546384,2.4633815482883548
2021-10-22,0.9387591364126923,0.32071418727455653,2.4604067117541533
2021-10-25,0.9436708742434695,0.31903615939136276,2.4732799528832903
2021-10-26,0.9447440021721074,0.3186733564033372,2.4760925286077526
2021-10-27,0.9405339321770573,0.3200934629432369,2.4650582983446427
2021-10-28,0.9495731723220088,0.31701712344990707,2.4887493669682548
2021-10-29,0.9477777188922529,0.31641770731413144,2.49345509551764
2021-11-01,0.9458245302730334,0.3157656309332182,2.498593629604295
2021-11-02,0.9495510046277652,0.31452153915074066,2.5084378922403348
2021-11-03,0.9553863442944156,0.31258868877779866,2.523853164366404
2021-11-04,0.9597680352909483,0.311155062421911,2.535428319017627
2021-11-05,0.9631464062781928,0.31005980065368405,2.5443529936871796
2021-11-08,0.9641497262874811,0.3097368080120213,2.5470034736688505
2021-11-09,0.9607917878619254,0.3108155586469848,2.538132775891246
2021-11-10,0.9531955612810474,0.31327293332292655,2.5180657521077396
2021-11-11,0.9528065303052844,0.3131450761655065,2.5190934589250706
2021-11-12,0.9598237277013947,0.31083883587098493,2.537645993462028
2021-11-15,0.9595782375492379,0.31075933390524696,2.538295036700985
2021-11-16,0.9634019816326083,0.30952101469595855,2.548409678997608
2021-11-17,0.9611322966042064,0.31025021727849905,2.542405863970309
2021-11-18,0.9643016934642231,0.309227146814697,2.550789614251748
2021-11-19,0.9627272289598899,0.309732037731861,2.5466248100904765
2021-11-22,0.9598440700088493,0.31065961791256846,2.538998221898838
2021-11-23,0.9611731699049214,0.3102294463057599,2.5425139828211525
2021-11-24,0.9586785257176228,0.3094242718489738,2.5491128641954606
2021-11-26,0.9803631221813088,0.31642321914060345,2.4914538238418737
2021-11-29,0.9678483811660196,0.3123839457844639,2.5232582630863427
2021-11-30,0.9862509758393752,0.31832359010128264,2.4752812245590565
2021-12-01,0.9747426032610257,0.32203804673058595,2.4463976449568414
2021-12-02,0.9597213624503835,0.3170752893483342,2.4840977803777657
2021-12-03,0.9683309675609483,0.3199197535213908,2.4618130821498583
2021-12-06,0.9799898738727095,0.31606785312933516,2.4914538238418737
2021-12-07,1.0003504973151114,0.30950111329723495,2.543217168019005
2021-12-08,1.0029886326246291,0.3086848935647352,2.5499241682441567
2021-12-09,0.9962230543729464,0.3107671024099736,2.5327238621440085
2021-12-10,1.0057757116829171,0.30778719583232106,2.5570098320476817
2021-12-13,1.0178388567827534,0.31147875604805186,2.5263413835383353
2021-12-14,1.010647457609401,0.3136794659677351,2.508491869132283
2021-12-15,0.9947610725987077,0.30874873297197863,2.54792289656839
2021-12-16,1.0038838491913848,0.311580212602376,2.5245563495642562
2021-12-17,0.9939254414680639,0.3146710510475933,2.4995130525038345
2021-12-20,1.0050882496719882,0.3182051316170405,2.471440942017263
2021-12-21,0.9871827034888221,0.3125363391684681,2.5154694140849645
2021-12-22,0.9772272368527279,0.30938449596238027,2.540837232764865
2021-12-23,0.983218549707977,0.307487680935157,2.556414930767621
2021-12-27,0.9973022488188953,0.3030832034363435,2.593033217412318
2021-12-28,0.996532543005126,0.30331711938711675,2.591031945736552
2021-12-29,0.9975726997234364,0.3030005242676461,2.593736402610171
2021-12-30,0.9947642638867724,0.3038535523538369,2.5864343360380104
2021-12-31,0.9922886858183031,0.304609724662736,2.579997715473442
2022-01-03,0.9863597798267076,0.30278968736163364,2.5954131526664583
2022-01-04,0.9866886835824057,0.30289065322358044,2.594547706658867
2022-01-05,0.9674559756216197,0.30879465067934364,2.5439743301088056
2022-01-06,0.9667360853709374,0.309024426776746,2.542081342350831
2022-01-07,0.9706032042236608,0.31026058026767717,2.5319125580953123
2022-01-10,0.9724278902904269,0.31084385482871063,2.5271526875870314
2022-01-11,0.9628330991471169,0.30777680801213686,2.552087700729662
2022-01-12,0.9653838937303043,0.3069614274281047,2.558848842913709
2022-01-13,0.9521401881824783,0.311172505306864,2.52374504551556
2022-01-14,0.9524666973621572,0.31106579761748443,2.524610491523152
2022-01-18,0.9693019416111937,0.31656401471516893,2.4799869531084417
2022-01-19,0.9793226215182772,0.3198366653984938,2.4543487547679588
2022-01-20,0.9902001653177779,0.32338915898958914,2.427087783263136
2022-01-21,1.0094868914530304,0.32968800478158133,2.3798139299337024
2022-01-24,1.005953577227586,0.32853406080557146,2.388143538256246
2022-01-25,1.0175277545962136,0.33231406773380257,2.360666329049736
2022-01-26,1.0198825180532471,0.33308310918689615,2.355203273343603
2022-01-27,1.0145656539185786,0.33481954216398074,2.3429250985614747
2022-01-28,1.0393699905810385,0.3266337962608649,2.400205475336687
2022-01-31,1.0581547475514053,0.32073047353972445,2.4435849041654314
2022-02-01,1.0654626033589973,0.3185154364110316,2.460460853713049
2022-02-02,1.0756981904773981,0.31545555191798375,2.4840977803777657
2022-02-03,1.0507298797035831,0.32277767286727904,2.426438740024179
2022-02-04,1.0559999247262475,0.3211587478693516,2.4386087959554636
2022-02-07,1.059747526593832,0.3222984971203928,2.429954500946494
2022-02-08,1.0513261433289178,0.3197373218386911,2.4492643626401995
2022-02-09,1.035816998804157,0.31502056256677335,2.4853958668556793
2022-02-10,1.0175126920085322,0.3205874078983421,2.4414755136388218
2022-02-11,0.9971570309970491,0.32700085969209525,2.392633029103944
2022-02-14,1.0004031224162615,0.32806536072024345,2.384844180102566
2022-02-15,0.9843162692819851,0.32278994808098344,2.423193358762447
2022-02-16,0.9831957092154731,0.32242247927346807,2.4259519575949615
2022-02-17,0.9625676852631816,0.3291870924251236,2.375054059425422
2022-02-18,0.9692098598721487,0.3314586398501839,2.35866505737397
2022-02-22,0.9797227894666033,0.3350539410212619,2.3330808359254345
2022-02-23,0.9975755433015786,0.3411593777782731,2.290566853104282
2022-02-24,0.9818868293144767,0.33579401779333723,2.3265902384689183
2022-02-25,0.9602695902975668,0.3284011703425215,2.3778124931909885
2022-02-28,0.9583255382396313,0.32906601381719086,2.37299864579076
2022-03-01,0.9434718686016212,0.33416640785168145,2.336218098336323
2022-03-02,0.9606846253801271,0.3280698560695671,2.3788402000083195
2022-03-03,0.9652936079705896,0.3296438047048769,2.367427471233783
2022-03-04,0.9570453303152234,0.3324605576659718,2.347198186640538
2022-03-07,0.9851645321086722,0.34222866917882233,2.278234536363258
2022-03-08,0.9925088601530451,0.3447799583601925,2.261250467964797
2022-03-09,0.9658004337503089,0.3355019251730815,2.3221007476212203
2022-03-10,0.9613686058304757,0.33704146351576597,2.3114451809364844
2022-03-11,0.9733592498235145,0.34124520407417464,2.2826157432931646
2022-03-14,0.9660015608790584,0.34382469984186825,2.265361295234121
2022-03-15,0.9447357774524056,0.3362556627929866,2.3152314865863297
2022-03-16,0.9238123204400029,0.3288084684836968,2.3665078832672957
2022-03-17,0.9352987471285851,0.32472015499809176,2.395932387257624
2022-03-18,0.9453071802967866,0.32124539361340704,2.4215707506650546
2022-03-21,0.945117090882952,0.3213099920316163,2.421083803168889
2022-03-22,0.9566457883022037,0.31739059864465086,2.450616591077009
2022-03-23,0.9446526283423013,0.3213696222977733,2.419894000608767
2022-03-24,0.9551465949793989,0.31779958819911475,2.4467761434682678
2022-03-25,0.9503323711534984,0.3161977834526899,2.4591086252762397
2022-03-28,0.9570003578783997,0.31397918847844253,2.4763629082683356
2022-03-29,0.9692077448006647,0.30997410592257774,2.5079511098111174
2022-03-30,0.9631876810556526,0.3118994556599974,2.4923734118083614
2022-03-31,0.9483465640880318,0.3167053064766461,2.4539700911895848
2022-04-01,0.9506459028504716,0.3159374302433912,2.4599199293249354
2022-04-04,0.9422638577944077,0.31315174340956947,2.481609561205834
2022-04-05,0.9544015087159248,0.31718556739159803,2.4496430262185735
2022-04-06,0.9451290809667107,0.3202671637950751,2.42584367367717
2022-04-07,0.9404507430792327,0.31868185863764087,2.437851468798715
2022-04-08,0.9429546229419451,0.319530325284434,2.431360871342199
2022-04-11,0.9266551508986828,0.3250535768569212,2.3893335058833163
2022-04-12,0.9302003347217039,0.32629716211209486,2.380192428445129
2022-04-13,0.9193139477959539,0.32247841788363873,2.4080484662969606
2022-04-14,0.9306711503436628,0.3264623155694618,2.378299440687154
2022-04-18,0.9310097502670462,0.3263435409464399,2.379164721627798
2022-04-19,0.9159818433660687,0.32107586211743544,2.4175680422465744
2022-04-20,0.9168015747819481,0.3213631996590739,2.415404509761069
2022-04-21,0.9035184608881573,0.3260192823925266,2.3804088312137637
2022-04-22,0.8782456527347583,0.33513854573343915,2.3138251161906247
2022-04-25,0.8728256204874288,0.33307026139916196,2.3281047277154667
2022-04-26,0.898234531825337,0.34276630210023473,2.2603310450652576
2022-04-27,0.8955262668984252,0.34173282818978634,2.2671461641412525
2022-04-28,0.8730286153784838,0.3331477242506633,2.3241020192969866
2022-04-29,0.8402758289863903,0.34564618771129524,2.236910356102228
2022-05-02,0.8456804541809949,0.3434230033353065,2.2512980864779135
2022-05-03,0.8417590734740757,0.34183056693343233,2.261737250394015
2022-05-04,0.8164147142558179,0.3315384572869202,2.3298354546637023
2022-05-05,0.7874344400180362,0.3433070783624284,2.247133282316642
2022-05-06,0.7831887559775601,0.34515811929931256,2.2350172032773052
2022-05-09,0.8083782760120388,0.3562593605962473,2.16313285842472
2022-05-10,0.8067814540116641,0.35555562720592665,2.1674057814368353
2022-05-11,0.8195059684637903,0.3611634317661579,2.1332215720051737
2022-05-12,0.8207111903235822,0.3616945835572034,2.1300843095942854
2022-05-13,0.8007045056655633,0.3528774630389741,2.182009914581156
2022-05-16,0.7973302526190362,0.35436452580218447,2.1728146951840728
2022-05-17,0.8138441399574681,0.3470251130097915,2.217816897177157
2022-05-18,0.7811538148142669,0.3609643468509776,2.1287320811574757
2022-05-19,0.7762711241915781,0.3632205954899391,2.1154261995580166
2022-05-20,0.7758741924389142,0.36303486941682056,2.1165078832672957
2022-05-23,0.7613798437820338,0.35625290138229704,2.1560470295542467
2022-05-24,0.766842665287298,0.3588089790442914,2.140577615469282
2022-05-25,0.7736245966290682,0.35563568422014724,2.1595088135846137
2022-05-26,0.7584912059942753,0.34867885560271916,2.2017524167451836
2022-05-27,0.7774786458980312,0.3399503182589164,2.2568692610348906
2022-05-31,0.7730438874234482,0.3418894037409293,2.2439960199057536
2022-06-01,0.7667830920696554,0.34465832750486525,2.22582214894717
2022-06-02,0.7812239776435554,0.3381673504331677,2.2677412304882614
2022-06-03,0.7940437664513708,0.34371663481039366,2.230527877496555
2022-06-06,0.7916561470119999,0.3426831092623297,2.2372348777217064
2022-06-07,0.7990057837347927,0.3395016821065862,2.258005086703065
2022-06-08,0.8076569058501205,0.3431775885518869,2.233556855989652
2022-06-09,0.7862401069789412,0.35227769694924643,2.174329184430621
2022-06-10,0.8094366948993134,0.36267101127795476,2.110179546620518
2022-06-13,0.8405585011473019,0.37661524807359276,2.0290458404119542
2022-06-14,0.8427992136741761,0.377619207349501,2.0236369266647167
2022-06-15,0.8307924020488792,0.3722395123816172,2.052466364308036
2022-06-16,0.8580943113436483,0.3844722306610678,1.9850172032773052
2022-06-17,0.8565276890210733,0.3837702999163916,1.9886412481174114
2022-06-21,0.8347452295737378,0.37401059091670397,2.0392146246674727
2022-06-22,0.8333059978167814,0.3746554438620275,2.03569869867821
2022-06-23,0.8416532717288643,0.3709024988205147,2.0560904091481422
2022-06-24,0.8679348598630774,0.3593206431569256,2.120294188917141
2022-06-27,0.8647907803850051,0.3606222761623975,2.1126134587666066
2022-06-28,0.8471442449447002,0.36798097368924904,2.0695044095984447
2022-06-29,0.8465464569938179,0.36824063973023086,2.068044062310792
2022-06-30,0.8536095037334729,0.37131300608221013,2.050789614251748
2022-07-01,0.844739073605929,0.3674544430490027,2.0721007476212203
2022-07-05,0.8429309025912006,0.3666679037566764,2.0765360965100226
2022-07-06,0.8399228767266472,0.36535943762403,2.0839462819330263
2022-07-07,0.8523708430478398,0.3599446762206995,2.1148311332110077
2022-07-08,0.851695038329149,0.36023005941117536,2.1131543831547197
2022-07-11,0.8419939341092867,0.36433320571613764,2.0890848160196813
2022-07-12,0.8495586491652777,0.3676064797565188,2.070315878714089
2022-07-13,0.8539090347252628,0.36948890414577196,2.0597142889213007
2022-07-14,0.8559720119940603,0.3703815603647928,2.054738180711333
2022-07-15,0.839635808437173,0.36331283793105185,2.0939528053788057
2022-07-18,0.8328472254106827,0.3662502774019523,2.07702287893924
2022-07-19,0.8552300104788949,0.3564072942111052,2.1328429084267997
2022-07-20,0.8605220658521254,0.35420189085378817,2.1460406711754154
2022-07-21,0.8693059749571285,0.35058632149473984,2.1679467058249484
2022-07-22,0.8615630825230884,0.35370898745399937,2.148636844131243
2022-07-25,0.862452328388703,0.3533439134842523,2.150854518575644
2022-07-26,0.8522152452621466,0.35753801314116784,2.1253244390860044
2022-07-27,0.8301794878138389,0.34829314105054343,2.1802790225659723
2022-07-28,0.8407243164193919,0.3438691682461331,2.2079726345411173
2022-07-29,0.8532257320268932,0.3387558971025562,2.2408047806029168
2022-08-01,0.8504865730763019,0.3398434243685351,2.233610997948548
2022-08-02,0.8450699759729321,0.34200782644883554,2.2193855283826016
2022-08-03,0.8582510117298734,0.33667333638558866,2.2540025433515325
2022-08-04,0.8574272087798401,0.33699649649134017,2.251839010866027
2022-08-05,0.8559237228282306,0.33758741487254873,2.2478904444064423
2022-08-08,0.8566651266276196,0.3378798341446603,2.2459433146895718
2022-08-09,0.853075272671096,0.33929571909402045,2.2365316925238536
2022-08-10,0.8352087337950298,0.33218961679580816,2.283372905382965
2022-08-11,0.835505491379232,0.3320715866744881,2.284184209431661
2022-08-12,0.8492558431007056,0.3266065105492021,2.3217762260017416
2022-08-15,0.852995169795479,0.3251684416168479,2.331999152216156
2022-08-16,0.8547757756786339,0.32448966070382335,2.33686714157528
2022-08-17,0.8483457663831714,0.3269306184309542,2.319288171896758
2022-08-18,0.8458529422979308,0.32596994820411757,2.326103290972753
2022-08-19,0.85704444431714,0.33028286496671355,2.295326558545615
2022-08-22,0.8750190191751328,0.3372098033769924,2.24718725920859
2022-08-23,0.8769566366599919,0.3379565112733592,2.2422111509986222
2022-08-24,0.8742276967050875,0.33690484806895427,2.249188530884356
2022-08-25,0.8619077863057355,0.3321570717665558,2.2808848512779814
2022-08-26,0.8324546470680037,0.34350755338300504,2.2029423843722538
2022-08-29,0.827446976538566,0.3455739394110895,2.1896904796647423
2022-08-30,0.8369308116486441,0.3495347566629997,2.164593205712373
2022-08-31,0.8432257463067976,0.3521637654452345,2.148312322511764
2022-09-01,0.8403383893971023,0.3509578932503256,2.1556685310428203
2022-09-02,0.8493207993647522,0.35470929592136013,2.132626505658165
2022-09-06,0.8459388376123368,0.35612173427554794,2.1241344714589343
2022-09-07,0.8306231117825444,0.349674148939959,2.1625919340366067
2022-09-08,0.8253878532215675,0.3474702196779118,2.176222337255544
2022-09-09,0.8385583089281912,0.3419257461073633,2.2109476361422664
2022-09-12,0.8476052927938241,0.33823679964372183,2.234800965575618
2022-09-13,0.8106173171476408,0.3529968472911686,2.137278257315602
2022-09-14,0.8075196421928799,0.35164791300388853,2.1454456048284065
2022-09-15,0.8168438049938235,0.3557082754002216,2.120672852495515
2022-09-16,0.8230315445623575,0.35840282992471306,2.1046083720635416
2022-09-19,0.8166224349858253,0.3556118761335699,2.1209973741149937
2022-09-20,0.8262229305804074,0.3597925722593881,2.0960621959054153
2022-09-21,0.8403159364203432,0.3659296069921994,2.0603093552683096
2022-09-22,0.8474194997687345,0.36902297227501696,2.0428926463995265
2022-09-23,0.8614874150409837,0.3751490809011404,2.0089788166284483
2022-09-26,0.87436036414154,0.3807548215530002,1.9789592462911108
2022-09-27,0.8766067928947332,0.38173306646680466,1.9738748541633515
2022-09-28,0.8595757483762425,0.3743166137289614,2.0122240328232324
2022-09-29,0.8772515438249721,0.3820138340261053,1.9708458756702543
2022-09-30,0.8910229299675898,0.388010814090976,1.9399068824333774
2022-10-03,0.8674461106736822,0.3777438944189562,1.9912375861401868
2022-10-04,0.8408907030889329,0.36617989873609424,2.052195984647453
2022-10-05,0.8389181535086362,0.3670388783905388,2.047381972180277
2022-10-06,0.8306291706474196,0.3706654287991276,2.0271526875870314
2022-10-07,0.807468689829196,0.3810007142153496,1.9706294729016194
2022-10-10,0.8134748746899806,0.3838347073478294,1.955971362865351
2022-10-11,0.8190536641050853,0.3864670357320563,1.9425573624150483
2022-10-12,0.8216991650547805,0.38771530425811457,1.936283002660219
2022-10-13,0.7998242228803684,0.37739370455171173,1.9878299440687155
2022-10-14,0.8181489773565112,0.38604016308462175,1.9422868176875177
2022-10-17,0.8392013281268864,0.3761066996816981,1.9922651278905699
2022-10-18,0.8488161592788874,0.3717975997179893,2.0150907505065905
2022-10-19,0.8432341323936768,0.3742426335157032,2.001839010866027
2022-10-20,0.8360572009520587,0.3774278861283416,1.9848009655756182
2022-10-21,0.8158706515390984,0.36831491315892895,2.0327238621440085
2022-10-24,0.8259005029290406,0.3637870583614623,2.0577130172455345
2022-10-25,0.8391651384109445,0.357944341587365,2.0907615660759693
2022-10-26,0.8328258891273564,0.3606483366738016,2.0749674653045784
2022-10-27,0.8283971003471132,0.3625661868846637,2.063933235041468
2022-10-28,0.8478272707472366,0.35406214602124186,2.112343079106024
2022-10-31,0.8418788456594187,0.3565462748346299,2.097522708260016
2022-11-01,0.8385355397785652,0.3579622069056126,2.0891929348705247
2022-11-02,0.8170429916211723,0.3671371549018266,2.035644721786262
2022-11-03,0.8252492396904539,0.3708246212891175,2.015199034424382
2022-11-04,0.8135761196292218,0.3655793206965444,2.0437039504482226
2022-11-07,0.8056306985599897,0.3620090565662972,2.0636628553808856
2022-11-08,0.8100016823672141,0.3600449609488534,2.0748593464537346
2022-11-09,0.7934679834234608,0.36739417406795044,2.0325074593753736
2022-11-10,0.8369243134565241,0.3472728801858242,2.1438229967310143
2022-11-11,0.8449905603544381,0.3439258764633973,2.1644850868615295
2022-11-14,0.8378956217113713,0.3468136400737354,2.146311050835998
2022-11-15,0.8450116323241411,0.3438682498849463,2.164539063753477
2022-11-16,0.8388035851765606,0.34639454683303716,2.148636844131243
2022-11-17,0.8359740771713797,0.3475630279417687,2.1413889195179783
2022-11-18,0.8320042985120807,0.3459125601476558,2.1515577037734963
2022-11-21,0.8288250602473437,0.34723435433723066,2.1433362143017964
2022-11-22,0.8174048370727122,0.34244987808207633,2.1728688371429685
2022-11-23,0.822288254910933,0.34040398140092687,2.185850197122949
2022-11-25,0.8222272145165562,0.3404292503904181,2.18568793631321
2022-11-28,0.8092047462492915,0.345820982787727,2.151070921344279
2022-11-29,0.8105883699191824,0.346412286903957,2.1473928996122247
2022-11-30,0.7854546437931829,0.3356711612366922,2.2139766146353637
2022-12-01,0.7851284006730527,0.33581058419108545,2.2130570266688765
2022-12-02,0.7842840687207933,0.3361717169763679,2.210677091414736
2022-12-05,0.7701608043574768,0.3422254444708855,2.1708675654672023
2022-12-06,0.7811754771670559,0.3471198785639116,2.1398202883125337
2022-12-07,0.7826761398745519,0.3477867067888329,2.135709626110158
2022-12-08,0.7765312727777255,0.34505619926166736,2.152477291739984
2022-12-09,0.7822681838664656,0.3476054291577174,2.1365750721177497
2022-12-12,0.7932394211591146,0.3427302958899257,2.1665403354292434
2022-12-13,0.7961308130446838,0.34148102918678225,2.1744374683484127
2022-12-14,0.7913581006038309,0.34352816858851215,2.1614019664095365
2022-12-15,0.7717523942818898,0.35203899621701756,2.1078537533252737
2022-12-16,0.7811790014626837,0.356338993669888,2.082107271066999
2022-12-19,0.787672954610454,0.3593012452476737,2.06479868104906
2022-12-20,0.7867650643397871,0.3588871062285675,2.0671786163032
2022-12-21,0.7750308800372432,0.35353449508812934,2.098009490689234
2022-12-22,0.764480807723641,0.3583469671903421,2.069450432706497
2022-12-23,0.760504568002083,0.3564831225644909,2.080214118242077
2022-12-27,0.7634312044890261,0.3578549703578809,2.0722088664720637
2022-12-28,0.7541650653201343,0.3621984317439467,2.0470574505607986
2022-12-29,0.7672174225006897,0.3559298527302102,2.0824859346453737
2022-12-30,0.768811635561656,0.3566694449284176,2.078158704607415
2023-01-03,0.7721733334495934,0.3582290140923673,2.069071769128123
2023-01-04,0.7781887702110826,0.35543831427529843,2.085190391518992
2023-01-05,0.7693473120726892,0.359476657022899,2.0614993228953797
2023-01-06,0.7517855682002267,0.35127095216151805,2.1085567734561783
2023-01-09,0.7512648954684139,0.35151423590359127,2.107096426168525
2023-01-10,0.7566646607158225,0.34898770449442945,2.1222413186340114
2023-01-11,0.7660950343854004,0.34463824213635225,2.1486909860901386
2023-01-12,0.7690841796378896,0.34329353460129486,2.1570747363715777
2023-01-13,0.772111932476235,0.3419420466871057,2.165566770570808
2023-01-17,0.7706848642722114,0.34257404653313955,2.1615642272192757
2023-01-18,0.758535304186001,0.3479745988928399,2.12748797157151
2023-01-19,0.7531355389385923,0.35045171648474804,2.112343079106024
2023-01-20,0.7393081967524024,0.3440175282768705,2.1511250633031747
2023-01-23,0.7305339058697293,0.3399346439329675,2.176655142792814
2023-01-24,0.7300437254208372,0.34016273644861694,2.175194630438213
2023-01-25,0.7301708133446345,0.3401035200285271,2.175573294016587
2023-01-26,0.7221469339012248,0.3363661073668406,2.1994807654088344
2023-01-27,0.7239405434600663,0.33553066870869347,2.20494365604802
2023-01-30,0.7147414590274133,0.339794243913977,2.1769255224533968
2023-01-31,0.7251126357377234,0.3348636972047187,2.2085135589292304
2023-02-01,0.7173697378962931,0.33128795562958824,2.2320965087019995
2023-02-02,0.7277825073842982,0.32647924272480433,2.2644958492265292
2023-02-03,0.7202901727868305,0.329840262948296,2.2411834441812912
2023-02-06,0.7158573186720546,0.331870186195995,2.2273906150856666
2023-02-07,0.7066092218014312,0.32758278485167985,2.256166075837038
2023-02-08,0.714316987842933,0.331156091549296,2.231555584313886
2023-02-09,0.7082571448755174,0.32834675907275535,2.2126243861985544
2023-02-10,0.7097980488973744,0.32906111945059224,2.217438233598783
2023-02-13,0.7014527667583577,0.3329299774829041,2.2435092374765357
2023-02-14,0.7018248205348333,0.33275338989027553,2.2423192698494656
2023-02-15,0.704059512518817,0.33381291544604674,2.249459075611887
2023-02-16,0.7135399816951473,0.3293179785844947,2.2191691256139667
2023-02-17,0.7155225893247814,0.32840295160119065,2.2130030497769284
2023-02-21,0.7297057524141675,0.32189331418220873,2.1691366734520185
2023-02-22,0.7309430527872753,0.32134750689424246,2.1654586517199648
2023-02-23,0.7270907257966551,0.32304112128657664,2.176871380494501
2023-02-24,0.7349495171353666,0.3195495174523605,2.1533425726806277
2023-02-27,0.7323834157255311,0.32066523553656695,2.160861042021423
2023-02-28,0.7295785453074152,0.31943715689092517,2.1525854105908273
2023-03-01,0.7269753055462632,0.31829735979388,2.144904680440293
2023-03-02,0.7212555182332698,0.32080169960627614,2.1617806299879105
2023-03-03,0.7096879040843636,0.32594676981447185,2.1964516218487895
2023-03-06,0.7104918639947323,0.32631601400524485,2.1989398410207213
2023-03-07,0.6992893861219993,0.3211709193016139,2.164268684092894
2023-03-08,0.7005127129406358,0.32173277109966086,2.168054824675792
2023-03-09,0.7134802865566122,0.31577699996683845,2.1279207771087796
2023-03-10,0.7235093785394872,0.31133825563372164,2.098009490689234
2023-03-13,0.7250202603144157,0.3106880977916428,2.093628283759327
2023-03-14,0.7128264277783108,0.31591343954111245,2.1288402000083195
2023-03-15,0.7084435124066358,0.3139710005176338,2.1157507211774953
2023-03-16,0.6962545550054388,0.3193729543551672,2.1521527701205057
2023-03-17,0.7045139287734622,0.3155843678641293,2.126622690630866
2023-03-20,0.7115022542519254,0.31871476201033044,2.147717421231703
2023-03-21,0.720748367455689,0.32285652368662543,2.175627435975483
2023-03-22,0.7086710514402195,0.31744653534633405,2.139171245073577
2023-03-23,0.707506339641121,0.3169248070712064,2.135655484151262
2023-03-24,0.7028295014506944,0.3190197791699102,2.149772834866365
2023-03-27,0.7016093377646995,0.3195736209606344,2.153504998557315
2023-03-28,0.7003052601774004,0.31897963115155553,2.1495022901388343
2023-03-29,0.710438011329553,0.32359496307730085,2.1806035441854505
2023-03-30,0.7143854153043702,0.3253929525191828,2.1927196232247876
2023-03-31,0.7244123839246981,0.32082580311455,2.2234961905849775
2023-04-03,0.7269852603291505,0.31968633455066264,2.2313933235041468
2023-04-04,0.7232669532458296,0.32132143229894766,2.2199804296626624
2023-04-05,0.7215576000307566,0.3220808363072562,2.214733776725164
2023-04-06,0.7188261304964868,0.32086159339178016,2.223117692073551
2023-04-10,0.7180041330979335,0.3204946793580882,2.225659888137431
2023-04-11,0.7180215994459899,0.3205024757917879,2.2256057461785352
2023-04-12,0.7153342604047357,0.32170202022983607,2.217275972789044
2023-04-13,0.724652637686659,0.31751133489182026,2.246159552391259
2023-04-14,0.7228727408756125,0.31829120842439884,2.2406425197931776
2023-04-17,0.7255426127190081,0.31711562565952195,2.2489181512237733
2023-04-18,0.725961399438395,0.31693258498043825,2.250216237701687
2023-04-19,0.7259090510984716,0.3169554386675685,2.2500539768919476
2023-04-20,0.7299749141755918,0.31873072637505856,2.2374512804903413
2023-04-21,0.729569019845664,0.31855349974425645,2.238695390076307
2023-04-24,0.7286524288151764,0.31815328636806656,2.2415079658007695
2023-04-25,0.7402219985451323,0.3232049358045959,2.2059172209064553
2023-04-26,0.7432348928369512,0.32188940842485403,2.196938569344955
2023-04-27,0.7284862131617262,0.3282769499967852,2.2405344009423342
2023-04-28,0.7345183747851747,0.3309952164290885,2.2590869354792917
2023-05-01,0.7339907471456198,0.33123298069849766,2.257464162314952
2023-05-02,0.7257778748874049,0.3349392592432391,2.232204627552843
2023-05-03,0.7205546779075338,0.33734971261727026,2.2161401471208695
2023-05-04,0.7255844489884163,0.33970455379822523,2.200670567968957
2023-05-05,0.7123161250777825,0.33349258211113064,2.2409128994537606
2023-05-08,0.7119378715859627,0.33331549116900744,2.2421028670808307
2023-05-09,0.7090352932471647,0.3346744220016905,2.2329617896426432
2023-05-10,0.712023778009042,0.3332638160419199,2.2423734118083614
2023-05-11,0.7109589367086878,0.33376221663779243,2.2390199116957854
2023-05-12,0.7118864011116102,0.3341976181201974,2.236099052053532
2023-05-15,0.7142455140621333,0.33309012410470523,2.2435092374765357
2023-05-16,0.7094756306713258,0.3353145707681124,2.2285266058207887
2023-05-17,0.7180855626372376,0.33124531804584406,2.2555711745569766
2023-05-18,0.7250423498290791,0.3280362252777404,2.2774230672476143
2023-05-19,0.723991963353648,0.32851145933070913,2.274123709093934
2023-05-22,0.7241985933126932,0.3284177009565513,2.274772752332891
2023-05-23,0.7162774453938836,0.3320098719610992,2.2498917160822085
2023-05-24,0.7216500345324758,0.33450018160783485,2.233015931601539
2023-05-25,0.7152872384854723,0.33155088994094656,2.252704456873619
2023-05-26,0.7246817399368212,0.3271963381620817,2.2822912216736864
2023-05-30,0.7248191135751293,0.3271343134842993,2.2827238621440085
2023-05-31,0.7203537103462332,0.3291496944150122,2.268660653387801
2023-06-01,0.7277731447192285,0.3257595479889879,2.292027200391935
2023-06-02,0.7173996792021339,0.32111626668292675,2.3246970856439955
2023-06-05,0.7161644465547965,0.32166917088360747,2.3206943772255153
2023-06-06,0.717683412380643,0.3209869190905296,2.325616508543535
2023-06-07,0.7222736752499105,0.32303993342917,2.3107419957386317
2023-06-08,0.7264496470090743,0.32117221252875694,2.3241020192969866
2023-06-09,0.7249956388280817,0.3205293778512993,2.3287537709544237
2023-06-12,0.7315797786212953,0.3176184496765918,2.3499026435141563
2023-06-13,0.7363621099224376,0.3155421803508168,2.3652639387482775
2023-06-14,0.7372208750160147,0.3151741866607761,2.368022372513844
2023-06-15,0.7463308972746407,0.3112795006133122,2.397284615694433
2023-06-16,0.7436703236889922,0.31238917196701055,2.388738604603255
2023-06-20,0.7401509336205562,0.3138675412313022,2.377433994679562
2023-06-21,0.7440576441671377,0.31552421634695715,2.3648852751699034
2023-06-22,0.7413688351385174,0.3143840031278433,2.3734312862610816
2023-06-23,0.7470118826847201,0.31677698728543136,2.355365534153342
2023-06-26,0.7501683130238376,0.3181154994518088,2.3454131526664583
2023-06-27,0.741864218011952,0.31459407461109135,2.3713760376933677
2023-06-28,0.7416273464855767,0.31449362714802126,2.372133199783168
2023-06-29,0.7445866858315606,0.31323869315820724,2.381598798840834
2023-06-30,0.7537183512063831,0.3093971109988742,2.410806900062527
2023-07-03,0.7548006486527415,0.30895283403174345,2.414268684092894
2023-07-05,0.7534985063121677,0.30948582319537377,2.410103714864675
2023-07-06,0.7596708323410063,0.31202099398345484,2.3903612127006473
2023-07-07,0.7616132932830166,0.31281882452807686,2.384249113755557
2023-07-10,0.7595917465394613,0.3119885109271658,2.390577615469282
2023-07-11,0.7544873539150132,0.30989197438455024,2.4066420959012556
2023-07-12,0.76015100516065,0.3075657325229356,2.4247078480089956
2023-07-13,0.7666286138318671,0.30494481846449967,2.4453699381395104
2023-07-14,0.7658655255110834,0.30524835504695336,2.4429358609264744
2023-07-17,0.7687142988773615,0.30411292936843404,2.452022796405766
2023-07-18,0.7631354122234406,0.3019058524798994,2.4698181688529233
2023-07-19,0.7645392731109119,0.30135046766718265,2.4743616365925694
2023-07-20,0.759776142705097,0.3032279010781722,2.4589461993995525
2023-07-21,0.7597594646847444,0.30323455730336984,2.4588922225076044
2023-07-24,0.7631186831999677,0.3018938288403533,2.4697640268940275
2023-07-25,0.7610630024344989,0.3010805905448912,2.4764170502272314
2023-07-26,0.761129508252175,0.3010542804880411,2.4766334529958662
2023-07-27,0.7562091430547235,0.30300046308666184,2.460623114522788
2023-07-28,0.7633569712181094,0.30013644687704416,2.483881377609131
2023-07-31,0.7649527557388092,0.29950901683568365,2.4890738885877335
2023-08-01,0.762825026134851,0.30034210645722265,2.482150485593947
2023-08-02,0.773480313291329,0.3045373429529344,2.4474793286661205
2023-08-03,0.775702494968452,0.30541226800517013,2.4404478068214908
2023-08-04,0.7793129029232639,0.3068337703067038,2.429089054938902
2023-08-07,0.7862021082076036,0.3041213285854367,2.4505624491181135
2023-08-08,0.7894991973680837,0.30539671964008025,2.4402855460117516
2023-08-09,0.7948365211303606,0.3074613210660099,2.423788260042508
2023-08-10,0.7944817488378048,0.3073240868614319,2.4248701088187348
2023-08-11,0.794003282274674,0.3075091688973919,2.4234097615310817
2023-08-14,0.7897500839109016,0.30586194964377306,2.4363911215110625
2023-08-15,0.7986918524624669,0.30932500310608035,2.408805628386761
2023-08-16,0.8046639932222203,0.31163795077590456,2.390794018237917
2023-08-17,0.8108536205194012,0.3140351287075725,2.3724035794437506
2023-08-18,0.810705693775437,0.3139778382263999,2.372836384981021
2023-08-21,0.805235585241384,0.3118593223881955,2.3888467234540984
2023-08-22,0.8075328345139172,0.3127490230107459,2.3820316043781036
2023-08-23,0.8164444755959167,0.30929763760237994,2.4083188459575435
2023-08-24,0.8054790697929061,0.31345171569537844,2.3759734823249614
2023-08-25,0.8112368409619282,0.311211082363993,2.3929575507234224
2023-08-28,0.8063409559603951,0.30933289637252587,2.407399257991056
2023-08-29,0.8179900779272375,0.30486399694286925,2.442178698836674
2023-08-30,0.8215771620292444,0.3035270946671361,2.452888242413358
2023-08-31,0.8201278429378448,0.30406253751217766,2.4485611774423472
2023-09-01,0.8218670369051202,0.3034177310524661,2.45375368842095
2023-09-05,0.8183343008868413,0.30472195022532633,2.443206405654005
2023-09-06,0.8126456101127402,0.30684023971292856,2.426222337255544
2023-09-07,0.8148920712908033,0.30768846269943684,2.4195153370303926
2023-09-08,0.8138901471996411,0.3073101543390881,2.4224901735645945
2023-09-11,0.8083838927521839,0.305231092551818,2.438879175616046
2023-09-12,0.804009400184855,0.3068828215850868,2.425681412867431
2023-09-13,0.8047624099305105,0.306595404851682,2.4279532292707278
2023-09-14,0.7975731720769069,0.30385647561852985,2.4496430262185735
2023-09-15,0.7872884482069266,0.3077747116591231,2.418054824675792
2023-09-18,0.7886445101650975,0.3072445862913262,2.4222197939040115
2023-09-19,0.790405584921175,0.3079306757497387,2.416810880156774
2023-09-20,0.797888294408366,0.3108458320097486,2.3939311155818577
2023-09-21,0.7848182065565736,0.31593775071717045,2.354716490914385
2023-09-22,0.786693103528814,0.3166925124279557,2.3490911743985126
2023-09-25,0.7834325416339613,0.3153799350915383,2.358827318183709
2023-09-26,0.7984149411679359,0.32141127530455194,2.313716997339781
2023-09-27,0.7982096532822235,0.3213286342644746,2.314311898619842
2023-09-28,0.7935457970736126,0.31945114438477135,2.327834182987936
2023-09-29,0.7952790382267598,0.3201488808883348,2.322749790860177
2023-10-02,0.7950012583702745,0.3202607044193377,2.321938486811481
2023-10-03,0.8055943635260459,0.3245280628460779,2.290999493574604
2023-10-04,0.799888482176276,0.32222948839582294,2.3072262348163166
2023-10-05,0.80026354655553,0.322380580461449,2.3061443860400903
2023-10-06,0.7908599244496447,0.31859239697366715,2.333243096735174
2023-10-09,0.7960666827189844,0.3164948907703458,2.3486043919692947
2023-10-10,0.8002284637777155,0.3148402775699864,2.360882731818371
2023-10-11,0.8036201497287302,0.313505859469927,2.370889090197202
2023-10-12,0.7987984390132487,0.31538689065422804,2.3566637856982036
2023-10-13,0.794600010737462,0.3170445419150027,2.344277326998284
2023-10-16,0.7863315033705081,0.31374541644929355,2.3686715808197487
2023-10-17,0.7860981207095642,0.31365229702086417,2.3693746009506538
2023-10-18,0.7963987614169575,0.3177622414839603,2.338327488862933
2023-10-19,0.8036201293058668,0.3206435594343768,2.3171246394112526
2023-10-20,0.8135061995510453,0.32458809073297723,2.288619558320464
2023-10-23,0.8149289322278703,0.3251557595269568,2.284617014968931
2023-10-24,0.8087935375458094,0.32270774370748,2.301817321069079
2023-10-25,0.8202917776465145,0.3272955290287682,2.2690934589250706
2023-10-26,0.8103976766820469,0.33124326457564934,2.2417243685694044
2023-10-27,0.8141129024642727,0.33276183200513487,2.231447300396095
2023-10-30,0.8044433515833741,0.32880948404939675,2.2579511098111174
2023-10-31,0.7996450379386806,0.32684821352523435,2.2714192522203156
2023-11-01,0.8083852574329238,0.32327572199214627,2.2962461465121025
2023-11-02,0.8239615076485147,0.3170467321780992,2.3404910213484387
2023-11-03,0.8313497693851464,0.31420385151154895,2.361477633098432
2023-11-06,0.8333492024634245,0.3134481773089817,2.3671570915732003
2023-11-07,0.8355580103021012,0.3126173769806051,2.3734312862610816
2023-11-08,0.8348724721260193,0.312360888330165,2.3753785810449
2023-11-09,0.8285799458908651,0.3147151869210005,2.3574750897468997
2023-11-10,0.8415452349135625,0.3097906490070689,2.3943639211191274
2023-11-13,0.8405756723161376,0.3101475655622913,2.391605322286613
2023-11-14,0.8570578883766459,0.3040661152484214,2.438500512037672
2023-11-15,0.8587878660628959,0.303452355546004,2.4434226433556923
2023-11-16,0.8598524587904417,0.30307618212339626,2.4464516218487895
2023-11-17,0.8589399258742799,0.30275453741625513,2.4490479598715647
2023-11-20,0.8520346873020385,0.3003206159664402,2.4687364851436446
2023-11-21,0.8500745365712032,0.30101151938110704,2.4630570266688765
2023-11-22,0.8533040824421109,0.2998679367095992,2.472414506875699
2023-11-24,0.8539387800121472,0.2996448914263554,2.4742535177417255
2023-11-27,0.85235200760229,0.30020168572777267,2.469655908043184
2023-11-28,0.8516239369672427,0.29994525642389275,2.471765463636742
2023-11-29,0.8520153320718494,0.3000831072990483,2.4706294729016194
2023-11-30,0.8550931308171432,0.298999094633592,2.4795543126381197
2023-12-01,0.8601480913553697,0.2972315343879683,2.4942124226743885
2023-12-04,0.8558951982936763,0.29870115798304386,2.4818801059333646
2023-12-05,0.8560817401759049,0.29876625973422216,2.481339181545251
2023-12-06,0.8596273534319833,0.3000036528022777,2.471062278438889
2023-12-07,0.866231871613638,0.2976987243101991,2.4900474534461687
2023-12-08,0.8699763747315576,0.296411847392009,2.500811304048696
2023-12-11,0.8733633041876316,0.29525787810477283,2.510547282766945
2023-12-12,0.8776911111849518,0.2937947766614802,2.5229878834257597
2023-12-13,0.8897147624348074,0.28977002821798997,2.5575507564357953
2023-12-14,0.8924996106568281,0.28886303467135105,2.565556008205808
2023-12-15,0.8909942640139374,0.2893502494491566,2.561228778167849
2023-12-18,0.8959429870230666,0.28774315241724585,2.575454247733796
2023-12-19,0.9011174976728537,0.28608129443280694,2.590328760538699
2023-12-20,0.8846343682506963,0.29131425796261534,2.5429467883584222
2023-12-21,0.8756589649959281,0.2883586154588673,2.5687472475086444
2023-12-22,0.8739810621116753,0.2878060741477876,2.5736693788266645
2023-12-26,0.8777464575995408,0.28656611170471363,2.5847575859817224
2023-12-27,0.8794179425200855,0.28602040635858955,2.5896797172997426
2023-12-28,0.8790138466485873,0.2858889788998291,2.5908696849268127
2023-12-29,0.8764997659015126,0.2867066542759261,2.583459499503809
2024-01-02,0.8815279273956619,0.2883513864426984,2.568639128657801
2024-01-03,0.8887302954327384,0.29070731045215914,2.5476525169078075
2024-01-04,0.8914662665382722,0.2916022577783075,2.539809525947534
2024-01-05,0.8904031032887925,0.2912544927359587,2.542838504440631
2024-01-08,0.878148978331269,0.2872461183993871,2.577834182987936
2024-01-09,0.8773198569399319,0.2875173273937835,2.575400270841848
2024-01-10,0.8822394792205754,0.28590505720665793,2.5898419781094817
2024-01-11,0.8817603938184599,0.28606031316892766,2.5884356077137767
2024-01-12,0.8825158530176878,0.2858152274329018,2.590653282158178
2024-01-16,0.8794571851247217,0.28680582024376233,2.5816744655297295
2024-01-17,0.8843952510687331,0.28841620682931185,2.5671786163032
2024-01-18,0.8768112993044057,0.2859429522545044,2.5891929348705247
2024-01-19,0.8658394989880498,0.282364863130317,2.621592275395055
2024-01-22,0.8677152672097028,0.2817531434781294,2.627271733869823
2024-01-23,0.8704127164450085,0.2808772630711106,2.635439081382627
2024-01-24,0.8710736811882095,0.28066397348497607,2.6374403530583934
2024-01-25,0.8759327315508595,0.27909836495885837,2.6521526050535575
2024-01-26,0.8750216970883362,0.27938864778509925,2.649394171287991
2024-01-29,0.8818994048669587,0.27719264112317943,2.6702185222282453
2024-01-30,0.8812383856067053,0.2774004082149495,2.6682170854855314
2024-01-31,0.8667684695608103,0.2819553171743497,2.624405016186465
2024-02-01,0.8552639540627278,0.27821295755916586,2.6592384339240307
2024-02-02,0.8464441503822757,0.2753439208654368,2.686661501171645
2024-02-05,0.8436153359561969,0.27626411962293956,2.677682684543197
2024-02-06,0.8458988774848138,0.2755163136465217,2.6849307742234094
2024-02-07,0.8390313512593179,0.27327950312474225,2.706728690022099
2024-02-08,0.8395846246540588,0.2730992973694031,2.7085135589292304
2024-02-09,0.8444469117975013,0.2715176971786783,2.72419937578283
2024-02-12,0.8439942335654406,0.2716632482481593,2.722739028495177
2024-02-13,0.8326600343408175,0.2753114785976077,2.6861747187424276
2024-02-14,0.8252324682141754,0.2728556213108746,2.7101361670266226
2024-02-15,0.819797317387089,0.27105853804892754,2.7279856814326755
2024-02-16,0.8158962396944689,0.27234839396056576,2.7150043214526947
2024-02-20,0.8113612114542897,0.27386219877751294,2.6999134058791565
2024-02-21,0.8106297872896764,0.273615318069966,2.702347318025245
2024-02-22,0.7936906203264187,0.2678977690369007,2.758816390751761
2024-02-23,0.7941419036661458,0.2677454454528489,2.7603850219572053
2024-02-26,0.7911542113547079,0.2687527478066336,2.75
2024-02-27,0.7925546950937264,0.2682770076187943,2.7548679893591244
2024-02-28,0.7935506241898812,0.2686141261537937,2.7514062053287573
2024-02-29,0.7907893594968014,0.26767944765944035,2.7609800883042146
2024-03-01,0.798442413220244,0.2650889155929711,2.787700135420924
2024-03-04,0.7974974236739044,0.2654026592643218,2.784400777267244
2024-03-05,0.7894415154415386,0.26808362023571863,2.7562741946878817
2024-03-06,0.785165659950219,0.2666315977650273,2.7712030145186284
2024-03-07,0.7773652419407998,0.2639826817168925,2.798734200617086
2024-03-08,0.7726478148850981,0.2655846558955409,2.781750132218625
2024-03-11,0.772272225311173,0.2657137584773734,2.780397903781816
2024-03-12,0.7642195151567458,0.26294308278694617,2.80938993236877
2024-03-13,0.7629982690493977,0.2633632738576254,2.804900441521072
2024-03-14,0.7613356357358126,0.2639371631709473,2.798788342575982
2024-03-15,0.7551412175619358,0.26608462229878327,2.7760166968519093
2024-03-18,0.7498149357304174,0.2642078320290478,2.795596938206198
2024-03-19,0.7541527227216087,0.2626793518106189,2.8117698676229104
2024-03-20,0.7611597331884672,0.260238736120839,2.837894683325663
2024-03-21,0.7610872138974879,0.2602635302971544,2.8376243036650806
2024-03-22,0.7600716781853489,0.26061080575357753,2.833837998015235
2024-03-25,0.757692531873599,0.2614265593924858,2.824967630371526
2024-03-26,0.7592883990058581,0.2619771812292913,2.8190176271692273
2024-03-27,0.7526742681943401,0.25969510850362876,2.8435739767334836
2024-03-28,0.7526885991945617,0.2596901638804169,2.8436281186923793
2024-04-01,0.7514716875538018,0.260110018762974,2.8390306740607856
2024-04-02,0.7465609606059501,0.26180978909324887,2.820478139523828
2024-04-03,0.7457305490504322,0.261518573927063,2.823615401934717
2024-04-04,0.7549017128294858,0.26473478878617485,2.7888899379810463
2024-04-05,0.7627785480662916,0.2619724791009797,2.8179899203518963
2024-04-08,0.7625735533979773,0.261902074706943,2.8187472475086444
2024-04-09,0.7635247391339407,0.2615753947210316,2.822263173497907
2024-04-10,0.756120316387057,0.2641120706182584,2.794893753008345
2024-04-11,0.7504572333860963,0.26213396138742384,2.8158265529333386
2024-04-12,0.7609517691306684,0.2657996922315841,2.776449502389179
2024-04-15,0.7703800719650861,0.2690929889861437,2.7420488901888826
2024-04-16,0.7718541218560374,0.2696078731394409,2.7368022372513843
2024-04-17,0.7763389887547172,0.2711744326636149,2.72090001762915
2024-04-18,0.7781292162807516,0.27179975734876294,2.7146256578743206
2024-04-19,0.7848735910460611,0.27415556071191394,2.6910968500604473
2024-04-22,0.7776326871458993,0.2716263202183407,2.715923744352234
2024-04-23,0.7682630304067478,0.26835350848622896,2.7486477715631907
2024-04-24,0.7679606473848617,0.26845913057348053,2.747565922786964
2024-04-25,0.764710237516858,0.2695953895864172,2.735936791243793
2024-04-26,0.7572267421654779,0.26695711466116623,2.76271081525245
2024-04-29,0.7599249847310271,0.26600586055213277,2.7725552429554376
2024-04-30,0.7478424102486323,0.27023527225388416,2.728472463861893
2024-05-01,0.7455000032567521,0.2710817085919486,2.719926287703767
2024-05-02,0.738680402045583,0.2686019377801935,2.7448073239544493
2024-05-03,0.7293933504671675,0.2652249427451024,2.779316385139485
2024-05-06,0.736987614077624,0.26246348607705833,2.8082539416336476
2024-05-07,0.737938651470692,0.2621247930178993,2.811877821406806
2024-05-08,0.7378676940483615,0.2621499979581805,2.8116074417462236
2024-05-09,0.7338221679454265,0.2607127014507193,2.8270227138722923
2024-05-10,0.7327971791063854,0.26034854291087656,2.830971445398825
2024-05-13,0.7330491864458089,0.2602590096191385,2.83194501025726
2024-05-14,0.7363954405648798,0.25907096821746134,2.844872393345293
2024-05-15,0.7272668613789787,0.2558594466383393,2.880138286486233
2024-05-16,0.7255595979886753,0.2564600782489707,2.8733771443021863
2024-05-17,0.7267888609746818,0.2560255765451083,2.8782452987282583
2024-05-20,0.725942065002089,0.2557272761187529,2.881598798840834
2024-05-21,0.7241706603603147,0.2551032642233356,2.8886303206854635
2024-05-22,0.7262317208846025,0.2558293130627709,2.8804089962807113
2024-05-23,0.7315366837542666,0.2576980898839163,2.859368242571822
2024-05-24,0.7363938660195896,0.2559870525295514,2.87835358264605
2024-05-28,0.7358265415903593,0.25578983781176506,2.880571092023503
2024-05-29,0.7305623510017687,0.25761978873193103,2.8599631438518833
2024-05-30,0.735301497125906,0.2592909641238683,2.841410609314926
2024-05-31,0.72880677073035,0.2570007146474198,2.8665080483342433
2024-06-03,0.7283530115848873,0.2568407045743179,2.868292752174427
2024-06-04,0.7294243814222295,0.2564629051013894,2.872511863361542
2024-06-05,0.7381598180255731,0.2533915580150001,2.9069124755618385
2024-06-06,0.7381323212097164,0.2534009969750196,2.906804191644047
2024-06-07,0.7371983516199019,0.25372162895170297,2.903126169911993
2024-06-10,0.7393960010945438,0.2529652637165586,2.9117806299879105
2024-06-11,0.7397806211895146,0.2530968515580007,2.910265975674414
2024-06-12,0.7336208814591797,0.2509894555442234,2.9344981337530878
2024-06-13,0.7351623514782344,0.2504620813505517,2.9406640445231775
2024-06-14,0.7354192769035873,0.25037454956025207,2.9416917513405085
2024-06-17,0.729401873807841,0.24832591602978035,2.965761483542495
2024-06-18,0.7311711593613565,0.2477235602207648,2.972955431263812
2024-06-20,0.7289096793686042,0.2484897582142168,2.9637602118667288
2024-06-21,0.7276725354110568,0.24891150813960317,2.9587299616978653
2024-06-24,0.729534949803537,0.24954857543657247,2.9511573503981743
2024-06-25,0.7267671436234616,0.24860180504605403,2.9623538414710238
2024-06-26,0.7256524344383892,0.24822050173874055,2.9668974742776175
2024-06-27,0.7245941082719444,0.24785848510437,2.9712245392486283
2024-06-28,0.7218372067839034,0.24880152537837585,2.9599197642579878
2024-07-01,0.723393705235216,0.2482650343450845,2.9663022428636605
2024-07-02,0.7187769438845686,0.24668058536939313,2.9852334409789925
2024-07-03,0.7156252128492199,0.24559892733439145,2.998323249943712
2024-07-05,0.720053241573992,0.2440792504344119,3.0168757844806695
2024-07-08,0.7208923268968758,0.24379482241598885,3.0203913803360365
2024-07-09,0.721563658190985,0.24356778838119178,3.023204121127447
2024-07-10,0.7284316452318823,0.24124946151537383,3.0519795818788182
2024-07-11,0.7222479118245583,0.24329745375244455,3.0260710038777527
2024-07-12,0.726869539257033,0.24174060579469414,3.0454346773964582
2024-07-15,0.7288963766840719,0.2410665248475677,3.053926711595689
2024-07-16,0.733221184282637,0.2396361893818279,3.0720467707292722
2024-07-17,0.722983776021235,0.2429820467540595,3.0291541243297457
2024-07-18,0.7287028567711222,0.24490412853825505,3.005192345911655
2024-07-19,0.73345069856253,0.24649979410420936,2.9856121045573665
2024-07-22,0.7258368301387814,0.24394090772988472,3.016605404820087
2024-07-23,0.7270471776477858,0.2443476840985607,3.0115751546512235
2024-07-24,0.7106331759465639,0.24986413946182787,2.943585069232379
2024-07-25,0.7143808352375215,0.2511818455518706,2.928061513188519
2024-07-26,0.7063969524313242,0.2483746503990727,2.9607853753325273
2024-07-29,0.7059065629760102,0.24820222566096506,2.9628407889671893
2024-07-30,0.7021049073476413,0.24953891728227495,2.9468844273860593
2024-07-31,0.7130587850177459,0.24564574014416535,2.9928601942375788
2024-08-01,0.7036899727113244,0.24887325641861305,2.953537285652315
2024-08-02,0.6904422650888038,0.25355855856011583,2.8979338240003383
2024-08-05,0.7105330000356801,0.2609366958079683,2.81360871342199
2024-08-06,0.7037852688574383,0.2584586537215875,2.840328760538699
2024-08-07,0.7086503358633782,0.26024530474180835,2.8206943772255153
2024-08-08,0.7250658152172691,0.25421687123837766,2.886034147729636
2024-08-09,0.721967576891163,0.2531305912937391,2.8983662994037123
2024-08-12,0.7223178962510753,0.2530077650761157,2.8997726697994173
2024-08-13,0.7343361528646322,0.24879810578110315,2.9480204181211818
2024-08-14,0.7367343602573844,0.24798557673121313,2.9576481129216385
2024-08-15,0.7493453638066802,0.2437406993954541,3.008275466363648
2024-08-16,0.7510430147141991,0.2431885019181441,3.0150907505065905
2024-08-19,0.7580221822626503,0.2409286402757461,3.0431088841012137
2024-08-20,0.756890469814032,0.24128834207314584,3.0385655814285157
2024-08-21,0.7598411291926741,0.24034770437470834,3.0504111157403218
2024-08-22,0.7534143313955213,0.2423805847199291,3.024610491523152
2024-08-23,0.7615521843386123,0.2397625597202484,3.0572802117082647
2024-08-26,0.7593964867562782,0.24044124672417583,3.0486260817662427
2024-08-27,0.7607841954883254,0.24000186831850442,3.0541970912562717
2024-08-28,0.765230373148509,0.24140448807802126,3.036347741917167
2024-08-29,0.765107651034355,0.2413657733717279,3.0368346894133325
2024-08-30,0.7578851715212656,0.23908732359935722,3.0655018662469122
2024-09-03,0.742520207746132,0.24393445375078107,3.0033535001125755
2024-09-04,0.7440714608616908,0.24444407500744916,2.9970789752907985
2024-09-05,0.7461394156550274,0.24512344429279842,2.9887493669682548
2024-09-06,0.7585489695166822,0.24920025959149883,2.9390414364257857
2024-09-09,0.750033353571065,0.24640268977134416,2.9720356782303767
2024-09-10,0.747262338297138,0.2454923494329549,2.983015931601539
2024-09-11,0.7553243873174874,0.24284378646675567,3.015199034424382
2024-09-12,0.7617197750678251,0.24078761006984253,3.0407289488470735
2024-09-13,0.7656220763969959,0.23955405169105456,3.0563066468498294
2024-09-16,0.7668957453405503,0.23915553581050764,3.0613910389775887
2024-09-17,0.7671803174355292,0.23906679233753247,3.0625270297127107
2024-09-18,0.7648904259104283,0.23978036254947002,3.0533859522745237
2024-09-19,0.7780064621055389,0.23566870445108,3.105744197731716
2024-09-20,0.7763804894349835,0.2361612336155623,3.0992534352082517
2024-09-23,0.7785349176960402,0.23550589458683727,3.1078537533252737
2024-09-24,0.78079768348817,0.23482141060287795,3.1168865468456697
2024-09-25,0.7759333283429894,0.236284343653296,3.0974684012341727
2024-09-26,0.7726136513698566,0.23527344791511098,3.1107203059416837
2024-09-27,0.7712165251826643,0.23569889560769375,3.105095154492759
2024-09-30,0.7749109272890166,0.23456981386739814,3.1199696672976627
2024-10-01,0.7822325769534902,0.23678611762376178,3.0904910213484387
2024-10-02,0.7819177228024906,0.2366908095348002,3.0917349658674564
2024-10-03,0.7834087368482446,0.2371421477142859,3.085839434757949
2024-10-04,0.7762957126250868,0.23498899603026258,3.1138575683525724
2024-10-07,0.7693376883196917,0.2370952283838458,3.0859477186757407
2024-10-08,0.7766328279603074,0.23484700523626867,3.1152097967893817
2024-10-09,0.7819052755895985,0.2332526629789937,3.1363585042821667
2024-10-10,0.780529900988311,0.23366295537419735,3.1308416367510334
2024-10-11,0.7852764289418062,0.2322420133347244,3.1498807886502607
2024-10-14,0.7917491092208836,0.23032774691301278,3.1758438387441177
2024-10-15,0.7854652332823815,0.23215578936982126,3.150638115807009
2024-10-16,0.78895778436883,0.23112351458535937,3.1646473476712687
2024-10-17,0.7887285689858736,0.2310563664236256,3.165566770570808
2024-10-18,0.7917069670515215,0.23018385100847255,3.1775205888004057
2024-10-21,0.7905344937430141,0.23052474029275152,3.1728148602510204
2024-10-22,0.7899145322356322,0.23070552489685403,3.1703266410790887
2024-10-23,0.7971111691259526,0.2328074027880917,3.141442896409926
2024-10-24,0.7954092480277452,0.23231033306184712,3.148150226768973
2024-10-25,0.7955869142663802,0.23236222295773845,3.1474470415711204
2024-10-28,0.7979795539665899,0.2316634192575917,3.156912640628786
2024-10-29,0.7992100043146506,0.23130620417176465,3.1617804649209624
2024-10-30,0.7966396189893903,0.23205012137704867,3.1516116806654444
2024-10-31,0.7810122737041435,0.23660215128342324,3.089787836150586
2024-11-01,0.7776215881468427,0.23557496704548783,3.1032018366008884
2024-11-04,0.7791802515970967,0.23604715312741445,3.096981783871903
2024-11-05,0.7697632127092565,0.23319432771787846,3.134411374565296
2024-11-06,0.7506482942578879,0.22740359819995254,3.2122457226201804
2024-11-07,0.7565004954418201,0.22563071519096378,3.237289019680602
2024-11-08,0.7598120985426332,0.22464301011929863,3.251460347287653
2024-11-11,0.7603935538976822,0.22447109935154602,3.253948566459585
2024-11-12,0.7580678096242764,0.22515766799903902,3.2439960199057536
2024-11-13,0.758636612905791,0.22498872477418494,3.2464300971187896
2024-11-14,0.7636546258511477,0.22647691597702155,3.2249565378726306
2024-11-15,0.7733503327096353,0.22935237002809872,3.184011021189974
2024-11-18,0.7701316362772467,0.2283978018021011,3.1972629258974856
2024-11-19,0.7674477545465339,0.22760184347664547,3.2084052750114394
2024-11-20,0.7670984012601035,0.2274982358348938,3.20986578736604
2024-11-21,0.7631688342018541,0.22633284483436747,3.22630876630944
2024-11-22,0.7656893996428992,0.22558532119176544,3.236964498061124
2024-11-25,0.7679539805278905,0.2249181365519575,3.2465380509026853
2024-11-26,0.7724832984812509,0.22359159123836872,3.2656858168535994
2024-11-27,0.7700011541511205,0.2243100360274642,3.2551925109786026
2024-11-29,0.7741593803990607,0.22309869773990784,3.272771480657125
2024-12-02,0.7762577040784882,0.22249399889859722,3.2816421784347294
2024-12-03,0.776577567636022,0.22240231836306923,3.282994406871539
2024-12-04,0.7813627139620585,0.22103191097433067,3.303223691464784
2024-12-05,0.7801216027511488,0.2213829965556838,3.297976873460338
2024-12-06,0.7815290492593111,0.22098359122660438,3.303926876662637
2024-12-09,0.7774987371977089,0.22212319420614923,3.28688866630528
2024-12-10,0.7752468852580003,0.22276652457029902,3.2773689252887186
2024-12-11,0.7692717777772519,0.22104958258351842,3.3026287901847233
2024-12-12,0.7733538621392222,0.22222256600803908,3.285103632331201
2024-12-13,0.7732138150496878,0.2222628084185602,3.28450873105114
2024-12-16,0.7765117608012929,0.22131480326074146,3.2985179629153993
2024-12-17,0.7704252303551353,0.22304953460188928,3.2726631967393334
2024-12-18,0.7930776527933603,0.22960774698042524,3.176438740024179
2024-12-19,0.7936583454616096,0.2297758661233303,3.1741129467289344
2024-12-20,0.7848674194774832,0.22723076262435069,3.209270886085979
2024-12-23,0.7791660786311873,0.22558013986140346,3.232583291131217
2024-12-24,0.7879271607089167,0.22304367661610489,3.268931033048384
2024-12-26,0.7875491052960985,0.22315069522574865,3.2673625669098874
2024-12-27,0.779022686533966,0.22556664143375096,3.2319883898511557
2024-12-30,0.7875622349831359,0.22803927451149902,3.196559740699633
2024-12-31,0.7906272855542698,0.22892676235377396,3.1841193051077656
2025-01-02,0.792279212121151,0.22940507901133428,3.17746644684151
2025-01-03,0.8019356897173394,0.22660903820648476,3.216194124012817
2025-01-06,0.7969590752544017,0.22520275858652133,3.2361530289454796
2025-01-07,0.7879944770256095,0.2277359529667966,3.1997511450694174
2025-01-08,0.78882033486505,0.22749727423545577,3.203104645181993
2025-01-10,0.8006221832297739,0.2309009495912314,3.155181748613603
2025-01-13,0.7994555892103193,0.2305645016729476,3.159779193245196
2025-01-14,0.7983471002453029,0.23024481136209313,3.164160400175103
2025-01-15,0.8128677330474887,0.22605703344022152,3.221711321677846
2025-01-16,0.8114893532784894,0.22644035833905324,3.216248265971713
2025-01-17,0.8191863898348194,0.2242925547863355,3.246754618738268
2025-01-21,0.8266104658821446,0.2222598489159189,3.276179122728596
2025-01-22,0.8315234218608197,0.22093884839799588,3.2956510801650936
2025-01-23,0.8361635006263427,0.21970596230966843,3.3140415189592596
2025-01-24,0.833693362117177,0.22035500302692995,3.304251398282115
2025-01-27,0.8220659274595659,0.22342827134787074,3.258167347512804
2025-01-28,0.8150785715674778,0.22152918661985374,3.285860959487949
2025-01-29,0.8185402197888719,0.22247002366501709,3.2719058695825853
2025-01-30,0.8226403354370532,0.22135565835561852,3.288295036700985
2025-01-31,0.8182019296894651,0.22254994239930664,3.270553641145776
2025-02-03,0.8128163777358232,0.2240148060638624,3.249026270074617
2025-02-04,0.8073901913268814,0.22251933165000834,3.270716067022463
2025-02-05,0.804078888184665,0.22160672586161545,3.284130067472766
2025-02-06,0.8070321456636862,0.22079279860874382,3.2961921696201544
2025-02-07,0.7996159832267682,0.22282175776257973,3.2659020545552866
2025-02-10,0.804847008331999,0.22136407528336755,3.287267329883654
2025-02-11,0.8042113672882618,0.2211892493967054,3.2898635028394816
2025-02-12,0.8068821885831232,0.2219238286149464,3.278937721561111
2025-02-13,0.7982838031548358,0.21955893986024075,3.3138790930825723
2025-02-14,0.7982968454679812,0.21955535271938156,3.313933235041468
2025-02-18,0.8006421555714371,0.2189103227534937,3.323669213759717
2025-02-19,0.8024272028937447,0.2184222579136181,3.3310793991827206
2025-02-20,0.8055412142097742,0.21926989789935497,3.3181523462285836
2025-02-21,0.8194470968852856,0.22305510642832013,3.260871804386423
2025-02-24,0.8233481189728041,0.22411697228911587,3.245348248342563
2025-02-25,0.8273550563669873,0.2252076685040495,3.2295543126381197
2025-02-26,0.8270779057237133,0.22513222755555248,3.2306361614143464
2025-02-27,0.8402329414171466,0.22871305406384124,3.1792514808155894
2025-02-28,0.8534700600182686,0.225109884427143,3.229337744802537
2025-03-03,0.8681224592497094,0.22897457758052603,3.1738963788933514
2025-03-04,0.8576480662100778,0.231737286569457,3.1356015072593144
2025-03-05,0.8482536378315093,0.22919890348775676,3.1699479775007147
2025-03-06,0.8634801417297714,0.23331311867268112,3.1130460992369287
2025-03-07,0.8590242159483807,0.232109123478828,3.12911074473585
2025-03-10,0.8814015318245019,0.2381554945559007,3.0475983749489117
2025-03-11,0.8889102578204015,0.24018435914084935,3.0216356549889505
2025-03-12,0.8843912926848234,0.23896333065623043,3.0369967851561235
2025-03-13,0.8960785629453479,0.24212124169723132,2.9968627375891113
2025-03-14,0.9146774575042025,0.2370958034923667,3.0590652456823437
2025-03-17,0.9081274317715005,0.2353979551401966,3.080971280331877
2025-03-18,0.8958832432845718,0.2385718014874561,3.0394308623691595
2025-03-19,0.9055765956606171,0.2359904823745689,3.072317150389855
2025-03-20,0.9076013838575829,0.23651813596632248,3.065447724288017
2025-03-21,0.9078575716153882,0.23658489770998128,3.0645824433473727
2025-03-24,0.8916098512829105,0.2323507916419558,3.1194285778426014
2025-03-25,0.8935269722153831,0.23185119580898866,3.126135908201648
2025-03-26,0.8834160630183411,0.23447476114159196,3.090761401009021
2025-03-27,0.8806332794666577,0.23521336273138008,3.0810254222907725
2025-03-28,0.898412294951855,0.2399620613279846,3.0188229141975405
2025-03-31,0.8923275375066793,0.23833684877531863,3.0392687666263685
2025-04-01,0.88934198837927,0.23753942143952347,3.0494375508818865
2025-04-02,0.88394709277551,0.23609846801869241,3.0679359434599487
2025-04-03,0.8416666124739791,0.24739140252560085,2.9211920870866805
2025-04-04,0.8922536037233473,0.26226045700543316,2.7456186280031454
2025-04-07,0.8944156071066957,0.2628959355207321,2.73896576973689
2025-04-08,0.9078041404648813,0.26683123246153206,2.697966111095338
2025-04-09,0.8214462443124642,0.24144802166086937,2.9546191344285417
2025-04-10,0.7925884769278597,0.2499301967183427,2.8508220664136963
2025-04-11,0.8075060654041832,0.24522617195519925,2.9044783983488025
2025-04-14,0.8143333386983206,0.24315284251961755,2.929035078046954
2025-04-15,0.8123332699691241,0.24375004562260738,2.9218411303256375
2025-04-16,0.7942125977191558,0.24918736408650577,2.8566637856982036
2025-04-17,0.7934156358185723,0.24893731411770137,2.8595303383146136
2025-04-21,0.8118601494962447,0.25472435370684415,2.793054907209266
2025-04-22,0.7914213605353004,0.2483116023088878,2.8633707859233546
2025-04-23,0.7787587822819998,0.24433866797551063,2.9091841268981873
2025-04-24,0.7952215208781429,0.23917341820712468,2.9706834497935675
2025-04-25,0.8009697726629583,0.23744455525259686,2.9921570090397265
2025-04-28,0.8013172571124608,0.23734154476033445,2.99345509551764
2025-04-29,0.8064139313677282,0.23583196471554124,3.012494577550763
2025-04-30,0.8049515273315205,0.23540429152730422,3.0179576332568963
2025-05-01,0.8004071733759728,0.23407531656790342,3.0349955134803572
2025-05-02,0.8121470896649,0.23064203321760476,3.0795110981111717
2025-05-05,0.8076251136174493,0.23192623131794604,3.062364603836024
2025-05-06,0.8010205454976234,0.23002959317769198,3.037321306775602
2025-05-07,0.7978394557589791,0.2309431087954312,3.049383408922991
2025-05-08,0.7928013969473144,0.23240142845593634,3.068639128657801
2025-05-09,0.7921865263434348,0.23258167133543606,3.0662591934036607
2025-05-12,0.8184860832992524,0.22486026392852218,3.16805498974274
2025-05-13,0.824397165603494,0.22323632974789787,3.190934589250708
2025-05-14,0.8248723277805246,0.22310766183774355,3.1927737651836834
2025-05-15,0.8289248103720261,0.22201156504169653,3.2084594169703347
2025-05-16,0.823530768656038,0.22056687472927933,3.229337744802537
2025-05-19,0.8245652857725179,0.22028979921987454,3.2333944301129653
2025-05-20,0.8276274160264733,0.22110787399268889,3.221386800058368
2025-05-21,0.8138699542274457,0.22478329975918057,3.167838421907157
2025-05-22,0.8137448493819225,0.22474874696626015,3.1683253694033224
2025-05-23,0.8189683001627761,0.22619141541292184,3.147987800892286
2025-05-27,0.8021667821157351,0.22155099264272354,3.2125702442396586
2025-05-28,0.7974397327069321,0.22285655965464748,3.193639046124327
2025-05-29,0.8006001391537112,0.22197333641036704,3.2062960495517774
2025-05-30,0.7997492636654707,0.22220924902361514,3.2028884074803057
2025-06-02,0.7951032460920622,0.2209183593375079,3.221495083976159
2025-06-03,0.7906444446584857,0.2196794874021223,3.239560671016951
2025-06-04,0.7904332649220142,0.21973816340569283,3.238695390076307
2025-06-05,0.7867501485108781,0.22076205912429253,3.223604309435821
2025-06-06,0.7946971457514971,0.21853213202734217,3.256166075837038
2025-06-09,0.7954496095282647,0.21832521356250376,3.259249196289031
2025-06-10,0.8000171669799382,0.2170715666386125,3.2779641567026756
2025-06-11,0.7977465618088184,0.2176876581952141,3.268660653387801
2025-06-12,0.8006507867615529,0.21689515847274662,3.280560329658503
2025-06-13,0.8095218665651601,0.21929832136428676,3.2442122576074404
2025-06-16,0.8041636118079426,0.21784677777759426,3.2656858168535994
2025-06-17,0.8108232414521791,0.21965086196877942,3.2386412481174114
2025-06-18,0.8110128451819628,0.2197022253492924,3.2378839209606634
2025-06-20,0.8136682910568569,0.22042158185699104,3.227282331167875
2025-06-23,0.8222187491175814,0.218105274939219,3.2611963260059014
2025-06-24,0.813245545783023,0.21572500450331641,3.2967870709002156
2025-06-25,0.8138459796020786,0.21556573085098427,3.2992211481132516
2025-06-26,0.8202504169860451,0.21386936905776252,3.3251838680732133
2025-06-27,0.8238529384635387,0.21293005957439812,3.3397880012175336
2025-06-30,0.8284428001854687,0.21174378046527523,3.358394677713387
2025-07-01,0.8281358647366662,0.21182223086918203,3.3571504030604733
2025-07-02,0.8318050829858682,0.2108837109617765,3.3720249158653766
2025-07-03,0.8254673423736102,0.2092769327792863,3.3977172561647553
2025-07-07,0.8197642681275457,0.21072280692155942,3.374242755376726
2025-07-08,0.81910722674955,0.21089170133281632,3.371538298503107
2025-07-09,0.8142451045113328,0.209639873492187,3.391551345394665
2025-07-10,0.8118817689658178,0.20903139655810862,3.4013952778968095
2025-07-11,0.8087703539452176,0.20983247801096153,3.388359941024881
2025-07-14,0.8070919943523656,0.20939703382010602,3.3953914628695108
2025-07-15,0.8106276986550982,0.2103143592286566,3.380516950064607
2025-07-16,0.8135589880259243,0.20955384703944585,3.3927411479547875
2025-07-17,0.8087859451925222,0.20832442237258741,3.4126459109285543
2025-07-18,0.8091192503872213,0.2084102740278643,3.4112395405328493
2025-07-21,0.8104791762648793,0.20805998879526771,3.4169729758995655
2025-07-22,0.8104920183126675,0.20805669208340002,3.4170271178584612
2025-07-23,0.8176637538661347,0.20621567756131048,3.4472630909644333
2025-07-24,0.8179844918401594,0.20613478709952784,3.4486153194012426
2025-07-25,0.8211661874848304,0.2053329893137846,3.4620293198515455
2025-07-28,0.8209865554261359,0.2053779063940912,3.461271992694797
2025-07-29,0.8190365217915808,0.20586572659360117,3.4530506682900453
2025-07-30,0.8178946758108121,0.20615273083118357,3.4482366558228685
2025-07-31,0.8212431614663894,0.2069967263754289,3.4341194701747133
2025-08-01,0.8079847867911024,0.21033853825723856,3.378678104265528
2025-08-04,0.795670720777991,0.20713288056721244,3.430170738648181
2025-08-05,0.7994974329387575,0.2081290689303913,3.4136736177458853
2025-08-06,0.8054133275030623,0.20658901442010566,3.4389331525079943
2025-08-07,0.8058566735936837,0.20670273296533068,3.4370401647500195
2025-08-08,0.811956649386315,0.20513808541859463,3.4630570266688765
2025-08-11,0.8103460272804986,0.20554500361474431,3.4561876005670378
2025-08-12,0.8189189829683012,0.20337046564143915,3.4927519103197877
2025-08-13,0.821924579679607,0.20262405529386965,3.505571009490029
2025-08-14,0.8219499681864652,0.2026177964200695,3.5056792934078205
2025-08-15,0.8238015488954825,0.20307422712470563,3.497782160488651
2025-08-18,0.8234193904297605,0.20316843250119432,3.496159552391259
2025-08-19,0.8277761524459961,0.20424340901973045,3.4776611598131972
2025-08-20,0.829990634485606,0.20478980475684658,3.4683576564983225
2025-08-21,0.8332653565459147,0.20559780145403725,3.454673276387437
2025-08-22,0.8204800267097118,0.20244318127867755,3.5076805650835867
2025-08-25,0.8168615828274614,0.2033359870350087,3.4922111509986222
2025-08-26,0.8201763918694496,0.20251085339847236,3.5063824786056728
2025-08-27,0.8182280168301166,0.20202977750325396,3.5147120869282165
2025-08-28,0.8152814554739328,0.2013022380852129,3.5273690903556663
2025-08-29,0.8105058228471126,0.2024813959448662,3.5067070002251515
2025-09-02,0.8043799925860937,0.20401175714352515,3.480203190810129
2025-09-03,0.8000544004027039,0.20291467408557579,3.4989181512237733
2025-09-04,0.7934622912097113,0.20124274316717908,3.5277477539340407
2025-09-05,0.7913453886466861,0.20177964489964997,3.518335966701375
2025-09-08,0.7933527668040689,0.20126779753491245,3.527260806437875
2025-09-09,0.7951776290366588,0.20080484332623477,3.5353741770587317
2025-09-10,0.7974526180129808,0.2002303442605195,3.545488819355354
2025-09-11,0.8040951432709887,0.19856248953269356,3.5750216072634737
2025-09-12,0.8038152805693842,0.19863159856192097,3.57377733261056
2025-09-15,0.808012478555108,0.19759442476647554,3.592438151065309
2025-09-16,0.8045209147570593,0.19844826497132556,3.576914595021449
2025-09-17,0.8036328388984258,0.19866732343217605,3.572966193628812
2025-09-18,0.7998249537661147,0.1977259702288769,3.5898961200683774
2025-09-19,0.8036451005009684,0.19678158581575128,3.60704228420963
2025-09-22,0.8075134983142067,0.19583436488977202,3.624405016186465
2025-09-23,0.8118277772816643,0.19688064347621445,3.6050410125338637
2025-09-24,0.8090993657391208,0.19754232497467536,3.5929250985614747
2025-09-25,0.8128022736985488,0.19844639322444396,3.576481789484179
2025-09-26,0.8082908853626045,0.1973449337764663,3.596332740632946
2025-09-29,0.8060175770325126,0.19678990353923406,3.6064473829295687
2025-09-30,0.8090880475246393,0.19604024545585794,3.6201859049993494
2025-10-01,0.8121585917995483,0.19529625936537262,3.6339247572030264
2025-10-02,0.8113607785727943,0.19510441267381448,3.637494495017289
2025-10-03,0.8112642391998356,0.1951276270787481,3.6370616894800194
2025-10-06,0.8142442940314658,0.1944108556499543,3.650421878105322
2025-10-07,0.8112642391998355,0.19512238045147617,3.6370616894800194
2025-10-08,0.8160901769162536,0.19396166312950125,3.65869734446897
2025-10-09,0.8183824531487728,0.19450647266524604,3.6484206064295557
2025-10-10,0.7961551328297751,0.1997892810336494,3.5493292669640955
2025-10-13,0.7839859609840913,0.1967355167689104,3.603580500179263
2025-10-14,0.784868523294368,0.1969569892962693,3.5995238148688347
2025-10-15,0.7815661396714456,0.19612828038953165,3.614669037468216
2025-10-16,0.7765371512000523,0.1973902680971974,3.591410444247978
2025-10-17,0.7808760920992978,0.1962873399165735,3.611477633098432
2025-10-20,0.7728063829825796,0.19425887246514625,3.6487992700079297
2025-10-21,0.772623048763818,0.19430495683945415,3.64793365893339
2025-10-22,0.7688769335447605,0.1952470575923623,3.6302464053370764
2025-10-23,0.764512222660797,0.19413869171460557,3.650854353508696
2025-10-24,0.7582258983061805,0.19254235518822357,3.680874088912981
2025-10-27,0.7672284724583118,0.19025625966724463,3.724577874294256
2025-10-28,0.7691672132727966,0.18977549339087557,3.733989661526922
2025-10-29,0.7695794566632139,0.18967378118647638,3.735990933202688
2025-10-30,0.7612452989222359,0.19172785266415046,3.695532033882302
2025-10-31,0.7590169268639724,0.1911666130870095,3.7063498613767774
2025-11-03,0.7573996867804585,0.19075929370008718,3.7142469942959466
2025-11-04,0.748708263854755,0.1929483224619073,3.6716247275570026
2025-11-05,0.7463920500677756,0.19235141497973277,3.682983314372643
2025-11-06,0.7544926842850277,0.19443901552931012,3.643011692682318
2025-11-07,0.7535740931381546,0.19420228698045586,3.6474470415711204
2025-11-10,0.7418627287472989,0.1911841713511163,3.704132351999324
2025-11-11,0.7433143082707554,0.19081008728193696,3.711380111545641
2025-11-12,0.7438343352795914,0.19067659543623874,3.7139766146353637
2025-11-13,0.7317122511449491,0.19378400473795704,3.653450856598419
2025-11-14,0.7318639284441569,0.1938241744008571,3.652693529441671
2025-11-17,0.738713205672127,0.1956381120091446,3.618509154943062
2025-11-18,0.7448305691419428,0.19725821224631251,3.5885438916315677
2025-11-19,0.7420239124404672,0.19651490751868836,3.6020661759996617
2025-11-20,0.75336680283079,0.1995189172529808,3.5470034736688505
2025-11-21,0.7608456827695709,0.19753823795832154,3.5822155549847907
2025-11-24,0.749610183735345,0.19462116721445616,3.635114559763149
2025-11-25,0.7425608996405819,0.1927909627584379,3.6692989342617577
2025-11-26,0.7476836620254194,0.19146094081325665,3.6946126109827624
2025-11-28,0.7518650766527498,0.19039019710286142,3.7152747011132776
2025-12-01,0.7483404007377183,0.19128272923798073,3.697857827177547
2025-12-02,0.7470596600342827,0.19095536006620029,3.7041864939582196
